static const uint16_t __in_flash() Blue_Marble_2002_320x160[] = {0x9973,
0x9973,
0x9973,
0x9973,
0x9973,
0x9973,
0x9973,
0x9973,
0x9973,
0x9973,
0x9973,
0x9973,
0x9973,
0x9973,
0x9973,
0x9973,
0x9973,
0x9973,
0x9973,
0x9973,
0x9973,
0x9973,
0x9973,
0x9973,
0x9973,
0x9973,
0x9973,
0x9973,
0x9973,
0x9973,
0x9973,
0x9973,
0x9973,
0x9973,
0x9973,
0x9973,
0x9973,
0x9973,
0x9973,
0x9973,
0x9973,
0x9973,
0x9973,
0x9973,
0x9973,
0x9973,
0x9973,
0x9973,
0x9973,
0x9973,
0x9973,
0x9973,
0x9973,
0x9973,
0x9973,
0x9973,
0x9973,
0x9973,
0x9973,
0x9973,
0x9973,
0x9973,
0x9973,
0x9973,
0x9973,
0x9973,
0x9973,
0x9973,
0x9973,
0x9973,
0x9973,
0x9973,
0x9973,
0x9973,
0x9973,
0x9973,
0x9973,
0x9973,
0x9973,
0x9973,
0x9973,
0x9973,
0x9973,
0x9973,
0x9973,
0x9973,
0x9973,
0x9973,
0x9973,
0x9973,
0x9973,
0x9973,
0x9973,
0x9973,
0x9973,
0x9973,
0x9973,
0x9973,
0x9973,
0x9973,
0x9973,
0x9973,
0x9973,
0x9973,
0x9973,
0x9973,
0x9973,
0x9973,
0x9973,
0x9973,
0x9973,
0x9973,
0x9973,
0x9973,
0x9973,
0x9973,
0x9973,
0x9973,
0x9973,
0x9973,
0x9973,
0x9973,
0x9973,
0x9973,
0x9973,
0x9973,
0x9973,
0x9973,
0x9973,
0x9973,
0x9973,
0x9973,
0x9973,
0x9973,
0x9973,
0x9973,
0x9973,
0x9973,
0x9973,
0x9973,
0x9973,
0x9973,
0x9973,
0x9973,
0x9973,
0x9973,
0x9973,
0x9973,
0x9973,
0x9973,
0x9973,
0x9973,
0x9973,
0x9973,
0x9973,
0x9973,
0x9973,
0x9973,
0x9973,
0x9973,
0x9973,
0x9973,
0x9973,
0x9973,
0x9973,
0x9973,
0x9973,
0x9973,
0x9973,
0x9973,
0x9973,
0x9973,
0x9973,
0x9973,
0x9973,
0x9973,
0x9973,
0x9973,
0x9973,
0x9973,
0x9973,
0x9973,
0x9973,
0x9973,
0x9973,
0x9973,
0x9973,
0x9973,
0x9973,
0x9973,
0x9973,
0x9973,
0x9973,
0x9973,
0x9973,
0x9973,
0x9973,
0x9973,
0x9973,
0x9973,
0x9973,
0x9973,
0x9973,
0x9973,
0x9973,
0x9973,
0x9973,
0x9973,
0x9973,
0x9973,
0x9973,
0x9973,
0x9973,
0x9973,
0x9973,
0x9973,
0x9973,
0x9973,
0x9973,
0x9973,
0x9973,
0x9973,
0x9973,
0x9973,
0x9973,
0x9973,
0x9973,
0x9973,
0x9973,
0x9973,
0x9973,
0x9973,
0x9973,
0x9973,
0x9973,
0x9973,
0x9973,
0x9973,
0x9973,
0x9973,
0x9973,
0x9973,
0x9973,
0x9973,
0x9973,
0x9973,
0x9973,
0x9973,
0x9973,
0x9973,
0x9973,
0x9973,
0x9973,
0x9973,
0x9973,
0x9973,
0x9973,
0x9973,
0x9973,
0x9973,
0x9973,
0x9973,
0x9973,
0x9973,
0x9973,
0x9973,
0x9973,
0x9973,
0x9973,
0x9973,
0x9973,
0x9973,
0x9973,
0x9973,
0x9973,
0x9973,
0x9973,
0x9973,
0x9973,
0x9973,
0x9973,
0x9973,
0x9973,
0x9973,
0x9973,
0x9973,
0x9973,
0x9973,
0x9973,
0x9973,
0x9973,
0x9973,
0x9973,
0x9973,
0x9973,
0x9973,
0x9973,
0x9973,
0x9973,
0x9973,
0x9973,
0x9973,
0x9973,
0x9973,
0x9973,
0x9973,
0x9973,
0x9973,
0x9973,
0x9973,
0x9973,
0x9973,
0x9973,
0x9973,
0x9973,
0x9973,
0x9973,
0x9973,
0x9973,
0x9973,
0x9973,
0x9973,
0x9973,
0x9973,
0x9973,
0x9973,
0x9973,
0x9973,
0x9973,
0x9973,
0x9973,
0x9973,
0x9973,
0x9973,
0x9973,
0x9973,
0x9973,
0x9973,
0x9973,
0x9973,
0x9973,
0x9973,
0x9973,
0x9973,
0x9973,
0x9973,
0x9973,
0x9973,
0x9973,
0x9973,
0x9973,
0x9973,
0x9973,
0x9973,
0x9973,
0x9973,
0x9973,
0x9973,
0x9973,
0x9973,
0x9973,
0x9973,
0x9973,
0x9973,
0x9973,
0x9973,
0x9973,
0x9973,
0x9973,
0x9973,
0x9973,
0x9973,
0x9973,
0x9973,
0x9973,
0x9973,
0x9973,
0x9973,
0x9973,
0x9973,
0x9973,
0x9973,
0x9973,
0x9973,
0x9973,
0x9973,
0x9973,
0x9973,
0x9973,
0x9973,
0x9973,
0x9973,
0x9973,
0x9973,
0x9973,
0x9973,
0x9973,
0x9973,
0x9973,
0x9973,
0x9973,
0x9973,
0x9973,
0x9973,
0x9973,
0x9973,
0x9973,
0x9973,
0x9973,
0x9973,
0x9973,
0x9973,
0x9973,
0x9973,
0x9973,
0x9973,
0x9973,
0x9973,
0x9973,
0x9973,
0x9973,
0x9973,
0x9973,
0x9973,
0x9973,
0x9973,
0x9973,
0x9973,
0x9973,
0x9973,
0x9973,
0x9973,
0x9973,
0x9973,
0x9973,
0x9973,
0x9973,
0x9973,
0x9973,
0x9973,
0x9973,
0x9973,
0x9973,
0x9973,
0x9973,
0x9973,
0x9973,
0x9973,
0x9973,
0x9973,
0x9973,
0x9973,
0x9973,
0x9973,
0x9973,
0x9973,
0x9973,
0x9973,
0x9973,
0x9973,
0x9973,
0x9973,
0x9973,
0x9973,
0x9973,
0x9973,
0x9973,
0x9973,
0x9973,
0x9973,
0x9973,
0x9973,
0x9973,
0x9973,
0x9973,
0x9973,
0x9973,
0x9973,
0x9973,
0x9973,
0x9973,
0x9973,
0x9973,
0x9973,
0x9973,
0x9973,
0x9973,
0x9973,
0x9973,
0x9973,
0x9973,
0x9973,
0x9973,
0x9973,
0x9973,
0x9973,
0x9973,
0x9973,
0x9973,
0x9973,
0x9973,
0x9973,
0x9973,
0x9973,
0x9973,
0x9973,
0x9973,
0x9973,
0x9973,
0x9973,
0x9973,
0x9973,
0x9973,
0x9973,
0x9973,
0x9973,
0x9973,
0x9973,
0x9973,
0x9973,
0x9973,
0x9973,
0x9973,
0x9973,
0x9973,
0x9973,
0x9973,
0x9973,
0x9973,
0x9973,
0x9973,
0x9973,
0x9973,
0x9973,
0x9973,
0x9973,
0x9973,
0x9973,
0x9973,
0x9973,
0x9973,
0x9973,
0x9973,
0x9973,
0x9973,
0x9973,
0x9973,
0x9973,
0x9973,
0x9973,
0x9973,
0x9973,
0x9973,
0x9973,
0x9973,
0x9973,
0x9973,
0x9973,
0x9973,
0x9973,
0x9973,
0x9973,
0x9973,
0x9973,
0x9973,
0x9973,
0x9973,
0x9973,
0x9973,
0x9973,
0x9973,
0x9973,
0x9973,
0x9973,
0x9973,
0x9973,
0x9973,
0x9973,
0x9973,
0x9973,
0x9973,
0x9973,
0x9973,
0x9973,
0x9973,
0x9973,
0x9973,
0x9973,
0x9973,
0x9973,
0x9973,
0x9973,
0x9973,
0x9973,
0x9973,
0x9973,
0x9973,
0x9973,
0x9973,
0x9973,
0x9973,
0x9973,
0x9973,
0x9973,
0x9973,
0x9973,
0x9973,
0x9973,
0x9973,
0x9973,
0x9973,
0x9973,
0x9973,
0x9973,
0x9973,
0x9973,
0x9973,
0x9973,
0x9973,
0x9973,
0x9973,
0x9973,
0x9973,
0x9973,
0x9973,
0x9973,
0x9973,
0x9973,
0x9973,
0x9973,
0x9973,
0x9973,
0x9973,
0x9973,
0x9973,
0x9973,
0x9973,
0x9973,
0x9973,
0x9973,
0x9973,
0x9973,
0x9973,
0x9973,
0x9973,
0x9973,
0x9973,
0x9973,
0x9973,
0x9973,
0x9973,
0x9973,
0x9973,
0x9973,
0x9973,
0x9973,
0x9973,
0x9973,
0x9973,
0x9973,
0x9973,
0x9973,
0x9973,
0x9973,
0x9973,
0x9973,
0x9973,
0x9973,
0x9973,
0x9973,
0x9973,
0x9973,
0x9973,
0x9973,
0x9973,
0x9973,
0x9973,
0x9973,
0x9973,
0x9973,
0x9973,
0x9973,
0x9973,
0x9973,
0x9973,
0x9973,
0x9973,
0x9973,
0x9973,
0x9973,
0x9973,
0x9973,
0x9973,
0x9973,
0x9973,
0x9973,
0x9973,
0x9973,
0x9973,
0x9973,
0x9973,
0x9973,
0x9973,
0x9973,
0x9973,
0x9973,
0x9973,
0x9973,
0x9973,
0x9973,
0x9973,
0x9973,
0x9973,
0x9973,
0x9973,
0x9973,
0x9973,
0x9973,
0x9973,
0x9973,
0x9973,
0x9973,
0x9973,
0x9973,
0x9973,
0x9973,
0x9973,
0x9973,
0x9973,
0x9973,
0x9973,
0x9973,
0x9973,
0x9973,
0x9973,
0x9973,
0x9973,
0x9973,
0x9973,
0x9973,
0x9973,
0x9973,
0x9973,
0x9973,
0x9973,
0x9973,
0x9973,
0x9973,
0x9973,
0x9973,
0x9973,
0x9973,
0x9973,
0x9973,
0x9973,
0x9973,
0x9973,
0x9973,
0x9973,
0x9973,
0x9973,
0x9973,
0x9973,
0x9973,
0x9973,
0x9973,
0x9973,
0x9973,
0x9973,
0x9973,
0x9973,
0x9973,
0x9973,
0x9973,
0x9973,
0x9973,
0x9973,
0x9973,
0x9973,
0x9973,
0x9973,
0x9973,
0x9973,
0x9973,
0x9973,
0x9973,
0x9973,
0x9973,
0x9973,
0x9973,
0x9973,
0x9973,
0x9973,
0x9973,
0x9973,
0x9973,
0x9973,
0x9973,
0x9973,
0x9973,
0x9973,
0x9973,
0x9973,
0x9973,
0x9973,
0x9973,
0x9973,
0x9973,
0x9973,
0x9973,
0x9973,
0x9973,
0x9973,
0x9973,
0x9973,
0x9973,
0x9973,
0x9973,
0x9973,
0x9973,
0x9973,
0x9973,
0x9973,
0x9973,
0x9973,
0x9973,
0x9973,
0x9973,
0x9973,
0x9973,
0x9973,
0x9973,
0x9973,
0x9973,
0x9973,
0x9973,
0x9973,
0x9973,
0x9973,
0x9973,
0x9973,
0x9973,
0x9973,
0x9973,
0x9973,
0x9973,
0x9973,
0x9973,
0x9973,
0x9973,
0x9973,
0x9973,
0x9973,
0x9973,
0x9973,
0x9973,
0x9973,
0x9973,
0x9973,
0x9973,
0x9973,
0x9973,
0x9973,
0x9973,
0x9973,
0x9973,
0x9973,
0x9973,
0x9973,
0x9973,
0x9973,
0x9973,
0x9973,
0x9973,
0x9973,
0x9973,
0x9973,
0x9973,
0x9973,
0x9973,
0x9973,
0x9973,
0x9973,
0x9973,
0x9973,
0x9973,
0x9973,
0x9973,
0x9973,
0x9973,
0x9973,
0x9973,
0x9973,
0x9973,
0x9973,
0x9973,
0x9973,
0x9973,
0x9973,
0x9973,
0x9973,
0x9973,
0x9973,
0x9973,
0x9973,
0x9973,
0x9973,
0x9973,
0x9973,
0x9973,
0x9973,
0x9973,
0x9973,
0x9973,
0x9973,
0x9973,
0x9973,
0x9973,
0x9973,
0x9973,
0x9973,
0x9973,
0x9973,
0x9973,
0x9973,
0x9973,
0x9973,
0x9973,
0x9973,
0x9973,
0x9973,
0x9973,
0x9973,
0x9973,
0x9973,
0x9973,
0x9973,
0x9973,
0x9973,
0x9973,
0x9973,
0x9973,
0x9973,
0x9973,
0x9973,
0x9973,
0x9973,
0x9973,
0x9973,
0x9973,
0x9973,
0x9973,
0x9973,
0x9973,
0x9973,
0x9973,
0x9973,
0x9973,
0x9973,
0x9973,
0x9973,
0x9973,
0x9973,
0x9973,
0x9973,
0x9973,
0x9973,
0x9973,
0x9973,
0x9973,
0x9973,
0x9973,
0x9973,
0x9973,
0x9973,
0x9973,
0x9973,
0x9973,
0x9973,
0x9973,
0x9973,
0x9973,
0x9973,
0x9973,
0x9973,
0x9973,
0x9973,
0x9973,
0x9973,
0x9973,
0x9973,
0x9973,
0x9973,
0x9973,
0x9973,
0x9973,
0x9973,
0x9973,
0x9973,
0x9973,
0x9973,
0x9973,
0x9973,
0x9973,
0x9973,
0x9973,
0x9973,
0x9973,
0x9973,
0x9973,
0x9973,
0x9973,
0x9973,
0x9973,
0x9973,
0x9973,
0x9973,
0x9973,
0x9973,
0x9973,
0x9973,
0x9973,
0x9973,
0x9973,
0x9973,
0x9973,
0x9973,
0x9973,
0x9973,
0x9973,
0x9973,
0x9973,
0x9973,
0x9973,
0x9973,
0x9973,
0x9973,
0x9973,
0x9973,
0x9973,
0x9973,
0x9973,
0x9973,
0x9973,
0x9973,
0x9973,
0x9973,
0x9973,
0x9973,
0x9973,
0x9973,
0x9973,
0x9973,
0x9973,
0x9973,
0x9973,
0x9973,
0x9973,
0x9973,
0x9973,
0x9973,
0x9973,
0x9973,
0x9973,
0x9973,
0x9973,
0x9973,
0x9973,
0x9973,
0x9973,
0x9973,
0x9973,
0x9973,
0x9973,
0x9973,
0x9973,
0x9973,
0x9973,
0x9973,
0x9973,
0x9973,
0x9973,
0x9973,
0x9973,
0x9973,
0x9973,
0x9973,
0x9973,
0x9973,
0x9973,
0x9973,
0x9973,
0x9973,
0x9973,
0x9973,
0x9973,
0x9973,
0x9973,
0x9973,
0x9973,
0x9973,
0x9973,
0x9973,
0x9973,
0x9973,
0x9973,
0x9973,
0x9973,
0x9973,
0x9973,
0x9973,
0x9973,
0x9973,
0x9973,
0x9973,
0x9973,
0x9973,
0x9973,
0x9973,
0x9973,
0xb973,
0xb973,
0xb973,
0xb973,
0xb973,
0xb973,
0x9973,
0x9973,
0x9973,
0x9973,
0x9973,
0x9973,
0x9973,
0x9973,
0x9973,
0x9973,
0x9973,
0x9973,
0x9973,
0x9973,
0x9973,
0x9973,
0x9973,
0x9973,
0x9973,
0x9973,
0x9973,
0x9973,
0x9973,
0x9973,
0x9973,
0x9973,
0x9973,
0x9973,
0x9973,
0x9973,
0x9973,
0x9973,
0x9973,
0x9973,
0x9973,
0x9973,
0x9973,
0x9973,
0x9973,
0x9973,
0x9973,
0x9973,
0x9973,
0x9973,
0x9973,
0x9973,
0x9973,
0x9973,
0x9973,
0x9973,
0x9973,
0x9973,
0x9973,
0x9973,
0x9973,
0x9973,
0x9973,
0x9973,
0x9973,
0x9973,
0x9973,
0x9973,
0x9973,
0x9973,
0x9973,
0x9973,
0x9973,
0x9973,
0x9973,
0x9973,
0x9973,
0x9973,
0x9973,
0x9973,
0x9973,
0x9973,
0x9973,
0x9973,
0x9973,
0x9973,
0x9973,
0x9973,
0x9973,
0x9973,
0x9973,
0x9973,
0x9973,
0x9973,
0x9973,
0x9973,
0x9973,
0x9973,
0x9973,
0x9973,
0x9973,
0x9973,
0x9973,
0x9973,
0x9973,
0x9973,
0x9973,
0x9973,
0x9973,
0x9973,
0x9973,
0x9973,
0x9973,
0x9973,
0x9973,
0x9973,
0x9973,
0x9973,
0x9973,
0x9973,
0x9973,
0x9973,
0x9973,
0x9973,
0x9973,
0x9973,
0x9973,
0x9973,
0x9973,
0x9973,
0x9973,
0x9973,
0x9973,
0x9973,
0x9973,
0x9973,
0x9973,
0x9973,
0x9973,
0x9973,
0x9973,
0x9973,
0x9973,
0x9973,
0x9973,
0x9973,
0x9973,
0x9973,
0x9973,
0x9973,
0x9973,
0x9973,
0x9973,
0x9973,
0x9973,
0x9973,
0x9973,
0x9973,
0x9973,
0x9973,
0x9973,
0x9973,
0x9973,
0x9973,
0x9973,
0x9973,
0x9973,
0x9973,
0x9973,
0x9973,
0x9973,
0x9973,
0x9973,
0x9973,
0x9973,
0x9973,
0x9973,
0x9973,
0x9973,
0x9973,
0x9973,
0x9973,
0x9973,
0x9973,
0x9973,
0x9973,
0x9973,
0x9973,
0x9973,
0x9973,
0x9973,
0x9973,
0x9973,
0x9973,
0x9973,
0x9973,
0x9973,
0x9973,
0x9973,
0x9973,
0x9973,
0x9973,
0x9973,
0x9973,
0x9973,
0x9973,
0x9973,
0x9973,
0x9973,
0x9973,
0x9973,
0x9973,
0x9973,
0x9973,
0x9973,
0x9973,
0x9973,
0x9973,
0x9973,
0x9973,
0x9973,
0x9973,
0x9973,
0x9973,
0x9973,
0x9973,
0x9973,
0x9973,
0x9973,
0x9973,
0x9973,
0x9973,
0x9973,
0x9973,
0x9973,
0x9973,
0x9973,
0x9973,
0x9973,
0x9973,
0x9973,
0x9973,
0x9973,
0x9973,
0x9973,
0x9973,
0x9973,
0x9973,
0x9973,
0x9973,
0x9973,
0x9973,
0x9973,
0x9973,
0x9973,
0x9973,
0x9973,
0x9973,
0x9973,
0x9973,
0x9973,
0x9973,
0x9973,
0x9973,
0x9973,
0x9973,
0x9973,
0x9973,
0x9973,
0x9973,
0x9973,
0x9973,
0x9973,
0x9973,
0x9973,
0x9973,
0x9973,
0x9973,
0x9973,
0x9973,
0x9973,
0x9973,
0x9973,
0x9973,
0x9973,
0x9973,
0xb973,
0x9973,
0x9973,
0xb973,
0xd97b,
0xd97b,
0xd97b,
0xd97b,
0xb973,
0xb973,
0xb973,
0x9973,
0xb973,
0xb973,
0xd97b,
0xd97b,
0xd97b,
0xd97b,
0xd97b,
0xd97b,
0xb973,
0x9973,
0x9973,
0x9973,
0x9973,
0x9973,
0x9973,
0x9973,
0x9973,
0x9973,
0x9973,
0x9973,
0xb973,
0xb973,
0xb973,
0xb973,
0x9973,
0xb973,
0x9973,
0x9973,
0x9973,
0x9973,
0x796b,
0x5a6b,
0x3a63,
0x3a63,
0x1b63,
0x3a63,
0x3a63,
0x3a63,
0x5a6b,
0x7a6b,
0x7a6b,
0x9973,
0xb973,
0xb973,
0xb973,
0xb973,
0x9973,
0x9973,
0x9973,
0x9973,
0x9973,
0x9973,
0x9973,
0x9973,
0x9973,
0x9973,
0x9973,
0x9973,
0x9973,
0x9973,
0x9973,
0x9973,
0x9973,
0x9973,
0x9973,
0x9973,
0x9973,
0x9973,
0x9973,
0x9973,
0x9973,
0x9973,
0x9973,
0x9973,
0x9973,
0x9973,
0x9973,
0x9973,
0x9973,
0x9973,
0x9973,
0x9973,
0x9973,
0x9973,
0x9973,
0x9973,
0x9973,
0x9973,
0x9973,
0x9973,
0x9973,
0x9973,
0x9973,
0x9973,
0x9973,
0x9973,
0x9973,
0x9973,
0x9973,
0x9973,
0x9973,
0x9973,
0x9973,
0x9973,
0x9973,
0x9973,
0x9973,
0x9973,
0x9973,
0x9973,
0x9973,
0x9973,
0x9973,
0x9973,
0x9973,
0x9973,
0x9973,
0x9973,
0x9973,
0x9973,
0x9973,
0x9973,
0x9973,
0x9973,
0x9973,
0x9973,
0x9973,
0x9973,
0x9973,
0x9973,
0x9973,
0x9973,
0x9973,
0x9973,
0x9973,
0x9973,
0x9973,
0x9973,
0x9973,
0x9973,
0x9973,
0x9973,
0x9973,
0x9973,
0x9973,
0x9973,
0x9973,
0x9973,
0x9973,
0x9973,
0x9973,
0x9973,
0x9973,
0x9973,
0x9973,
0x9973,
0x9973,
0x9973,
0x9973,
0x9973,
0x9973,
0x9973,
0x9973,
0x9973,
0x9973,
0x9973,
0x9973,
0x9973,
0x9973,
0x9973,
0x9973,
0x9973,
0x9973,
0x9973,
0x9973,
0x9973,
0x9973,
0x9973,
0x9973,
0x9973,
0x9973,
0x9973,
0x9973,
0x9973,
0x9973,
0x9973,
0x9973,
0x9973,
0x9973,
0x9973,
0x9973,
0x9973,
0x9973,
0x9973,
0x9973,
0x9973,
0x9973,
0x9973,
0x9973,
0x9973,
0x9973,
0x9973,
0x9973,
0x9973,
0x9973,
0x9973,
0x9973,
0x9973,
0x9973,
0x9973,
0x9973,
0x9973,
0x9973,
0x9973,
0x9973,
0x9973,
0x9973,
0x9973,
0x9973,
0x9973,
0x9973,
0x9973,
0x9973,
0x9973,
0x9973,
0x9973,
0x9973,
0x9973,
0x9973,
0x9973,
0x9973,
0x9973,
0x9973,
0x9973,
0x9973,
0x9973,
0x9973,
0x9973,
0x9973,
0x9973,
0x9973,
0x9973,
0x9973,
0x9973,
0x9973,
0x9973,
0x9973,
0x9973,
0x9973,
0x9973,
0x9973,
0x9973,
0x9973,
0x9973,
0x9973,
0x9973,
0x9973,
0x9973,
0x9973,
0x9973,
0x9973,
0x9973,
0x9973,
0x9973,
0x9973,
0x9973,
0x9973,
0x9973,
0x9973,
0x9973,
0x9973,
0x9973,
0x9973,
0x9973,
0x9973,
0x9973,
0x9973,
0x9973,
0x9973,
0x9973,
0x9973,
0x9973,
0x9973,
0x9973,
0x9973,
0x9973,
0x9973,
0x9973,
0x9973,
0x9973,
0x9973,
0x9973,
0x9973,
0x9973,
0x9973,
0x9973,
0x9973,
0x9973,
0x9973,
0x9973,
0x9973,
0x9973,
0x9973,
0x9973,
0x9973,
0x9973,
0x9973,
0x9973,
0x9973,
0x9973,
0x9973,
0x9973,
0xb973,
0xb973,
0xb973,
0xb973,
0xb973,
0x7a6b,
0x3a63,
0x7a6b,
0x796b,
0x9b52,
0x9a52,
0x9a52,
0x9a52,
0x9a52,
0xba52,
0xd95a,
0xd95a,
0xf95a,
0x9a52,
0x9a52,
0x9a52,
0x7a4a,
0x9a52,
0x9a52,
0x9a52,
0x7a4a,
0x9b52,
0x1b63,
0xb973,
0xb973,
0x9973,
0x9973,
0x9973,
0x796b,
0x9973,
0x9973,
0xb973,
0x796b,
0x3a63,
0x3a63,
0x3a63,
0xda5a,
0x1863,
0xf95a,
0x586b,
0x1863,
0x1863,
0x3863,
0x9773,
0xf77b,
0x3684,
0x568c,
0x9694,
0x768c,
0x3684,
0x568c,
0x1684,
0xd77b,
0xd77b,
0x586b,
0xb952,
0x9a52,
0x9a52,
0xfa5a,
0x9973,
0x9973,
0xb973,
0xb973,
0xd97b,
0xd87b,
0xd87b,
0xd97b,
0xb973,
0x9973,
0x9973,
0x9973,
0x9973,
0x9973,
0x9973,
0x9973,
0x9973,
0x9973,
0x9973,
0x9973,
0x9973,
0x9973,
0x9973,
0x9973,
0x9973,
0x9973,
0x9973,
0x9973,
0x9973,
0x9973,
0x9973,
0x9973,
0x9973,
0x9973,
0x9973,
0x9973,
0x9973,
0x9973,
0x9973,
0x9973,
0x9973,
0x9973,
0x9973,
0x9973,
0x9973,
0x9973,
0x9973,
0x9973,
0x9973,
0x9973,
0x9973,
0x9973,
0x9973,
0x9973,
0x9973,
0x9973,
0x9973,
0x9973,
0x9973,
0x9973,
0x9973,
0x9973,
0x9973,
0x9973,
0x9973,
0x9973,
0x9973,
0x9973,
0x9973,
0x9973,
0x9973,
0x9973,
0x9973,
0xb973,
0x9973,
0x9973,
0x9973,
0x9973,
0x9973,
0x9973,
0x9973,
0x9973,
0x9973,
0x9973,
0x9973,
0x9973,
0x9973,
0x9973,
0x9973,
0x9973,
0x9973,
0x9973,
0x9973,
0x9973,
0x9973,
0x9973,
0x9973,
0x9973,
0x9973,
0x9973,
0x9973,
0x9973,
0x9973,
0x9973,
0x9973,
0x9973,
0x9973,
0x9973,
0x9973,
0x9973,
0x9973,
0x9973,
0x9973,
0x9973,
0x9973,
0x9973,
0x9973,
0x9973,
0x9973,
0x9973,
0x9973,
0x9973,
0x9973,
0x9973,
0x9973,
0x9973,
0x9973,
0x9973,
0x9973,
0x9973,
0x9973,
0x9973,
0x9973,
0x9973,
0x9973,
0x9973,
0x9973,
0x9973,
0x9973,
0x9973,
0x9973,
0x9973,
0x9973,
0x9973,
0x9973,
0x9973,
0x9973,
0x9973,
0x9973,
0x9973,
0x9973,
0x9973,
0x9973,
0x9973,
0x9973,
0x9973,
0x9973,
0x9973,
0x9973,
0x9973,
0x9973,
0x9973,
0x9973,
0x9973,
0x9973,
0x9973,
0x9973,
0x9973,
0x9973,
0x9973,
0x9973,
0x9973,
0x9973,
0x9973,
0x9973,
0x9973,
0x9973,
0x9973,
0x9973,
0x9973,
0x9973,
0x9973,
0x9973,
0x9973,
0x9973,
0x9973,
0x9973,
0x9973,
0x9973,
0x9973,
0x9973,
0x9973,
0x9973,
0x9973,
0x9973,
0x9973,
0x9973,
0x9973,
0x9973,
0x9973,
0x9973,
0x9973,
0x9973,
0x9973,
0x9973,
0x9973,
0x9973,
0x9973,
0x9973,
0x9973,
0x9973,
0x9973,
0x9973,
0x9973,
0x9973,
0x9973,
0x9973,
0x9973,
0x9973,
0x9973,
0x9973,
0x9973,
0x9973,
0x9973,
0x9973,
0x9973,
0x9973,
0x9973,
0x9973,
0x9973,
0x9973,
0x9973,
0x9973,
0x9973,
0x9973,
0x9973,
0x9973,
0x9973,
0x9973,
0x9973,
0x9973,
0x9973,
0x9973,
0x9973,
0x9973,
0x9973,
0x9973,
0x9973,
0x9973,
0x9973,
0x9973,
0x9973,
0x9973,
0x9973,
0x9973,
0x9973,
0x9973,
0x9973,
0x9973,
0x9973,
0x9973,
0x9973,
0xb973,
0x9973,
0x7a6b,
0x5a6b,
0x796b,
0x1a63,
0x9a52,
0xb952,
0x9a52,
0xb773,
0x3684,
0xd77b,
0x9673,
0x3384,
0x3384,
0x9394,
0x9394,
0x36a5,
0x97b5,
0xb7b5,
0xd7bd,
0xb7b5,
0x76ad,
0x56ad,
0x15a5,
0x9394,
0x538c,
0x3384,
0x738c,
0x9394,
0x538c,
0x558c,
0xd95a,
0x9a52,
0xf95a,
0x3863,
0x586b,
0xb773,
0x586b,
0x1863,
0x9a52,
0xd77b,
0x768c,
0x568c,
0x758c,
0x3384,
0x738c,
0x76ad,
0xd8bd,
0x76ad,
0x76ad,
0x18c6,
0xdbde,
0x5def,
0xbff7,
0xbef7,
0x9ef7,
0x7eef,
0x5def,
0x3de7,
0x1ce7,
0xbbd6,
0xbad6,
0x59ce,
0x56ad,
0x3284,
0x1284,
0x748c,
0xb873,
0xf95a,
0xba52,
0xbb52,
0x7a4a,
0x7a4a,
0x7a4a,
0x7a4a,
0xba52,
0x796b,
0x9973,
0x9973,
0x9973,
0x9973,
0x9973,
0x9973,
0x9973,
0x9973,
0x9973,
0x9973,
0x9973,
0x9973,
0x9973,
0x9973,
0x9973,
0x9973,
0x9973,
0x9973,
0x9973,
0x9973,
0x9973,
0x9973,
0x9973,
0x9973,
0x9973,
0x9973,
0x9973,
0x9973,
0xb973,
0xb973,
0x9973,
0xb973,
0xb973,
0xb973,
0x9973,
0x9973,
0x9973,
0x9973,
0x9973,
0x9973,
0x9973,
0x9973,
0x9973,
0x9973,
0x9973,
0x9973,
0x9973,
0x9973,
0x9973,
0x9973,
0x9973,
0x9973,
0x9973,
0xb973,
0xb973,
0xb973,
0x9973,
0x9973,
0x9973,
0x9973,
0x9973,
0x7a6b,
0x3a63,
0x1b63,
0x5a6b,
0x9973,
0x9973,
0x9973,
0x5a6b,
0x3a63,
0x7a6b,
0x9973,
0x9973,
0x9973,
0x9973,
0x9973,
0x9973,
0x9973,
0x9973,
0x9973,
0x9973,
0x9973,
0x9973,
0x796b,
0x9973,
0x9973,
0x9973,
0x9973,
0x9973,
0x9973,
0x9973,
0x9973,
0x9973,
0x7a6b,
0x9973,
0xb973,
0xb973,
0x796b,
0x7a6b,
0xb973,
0xb973,
0x9973,
0x9973,
0x9973,
0x9973,
0x9973,
0x9973,
0x9973,
0x9973,
0x9973,
0x9973,
0x9973,
0x9973,
0x9973,
0x9973,
0x9973,
0x9973,
0x9973,
0x9973,
0x9973,
0x9973,
0x9973,
0x9973,
0x9973,
0x9973,
0x9973,
0x9973,
0x9973,
0x9973,
0x9973,
0x9973,
0x9973,
0x9973,
0x9973,
0x9973,
0x9973,
0x9973,
0x9973,
0x9973,
0x9973,
0x9973,
0x9973,
0x9973,
0x9973,
0x9973,
0x9973,
0x9973,
0x9973,
0x9973,
0x9973,
0x9973,
0x9973,
0x9973,
0x9973,
0x9973,
0x9973,
0x9973,
0x9973,
0x9973,
0x9973,
0x9973,
0x9973,
0x9973,
0x9973,
0x9973,
0x9973,
0x9973,
0x9973,
0x9973,
0x9973,
0x9973,
0x9973,
0x9973,
0x9973,
0x9973,
0x9973,
0x9973,
0x9973,
0x9973,
0x9973,
0x9973,
0x9973,
0x9973,
0x9973,
0x9973,
0x9973,
0x9973,
0x9973,
0x9973,
0x9973,
0x9973,
0x9973,
0x9973,
0x9973,
0x9973,
0x9973,
0x9973,
0x9973,
0x9973,
0x9973,
0x9973,
0x9973,
0x9973,
0x9973,
0x9973,
0x9973,
0x9973,
0x9973,
0x9973,
0x9973,
0x9973,
0x9973,
0x9973,
0x9973,
0x9973,
0x9973,
0x9973,
0x9973,
0x9973,
0x9973,
0x9973,
0x9973,
0x9973,
0x9973,
0x9973,
0x9973,
0x9973,
0x9973,
0x9973,
0x9973,
0x9973,
0x9973,
0x9973,
0x9973,
0x9973,
0x9973,
0x9973,
0x9973,
0x9973,
0x9973,
0x9973,
0x9973,
0x9973,
0x9973,
0xb973,
0xb973,
0xb973,
0x9973,
0x9973,
0x5a6b,
0x7a6b,
0x9973,
0xfb5a,
0x1963,
0xd77b,
0xd77b,
0xf67b,
0x748c,
0x15a5,
0xb7b5,
0xb7b5,
0x7ace,
0xfcde,
0xbad6,
0x9ad6,
0x1ce7,
0x7def,
0x7def,
0x3ce7,
0x5def,
0x5cef,
0x7def,
0xbef7,
0x7def,
0x3ce7,
0x3ce7,
0x5def,
0x9ef7,
0x7def,
0x7ace,
0xf8bd,
0xb7b5,
0xb494,
0x3284,
0x35a5,
0x56ad,
0xb7b5,
0x59ce,
0x9ad6,
0xfcde,
0xb7b5,
0xf8bd,
0xd8bd,
0x39c6,
0x7def,
0x3de7,
0xbbd6,
0x9ad6,
0x18c6,
0x9ef7,
0xffff,
0xffff,
0xffff,
0xffff,
0xffff,
0xffff,
0xffff,
0xffff,
0xdfff,
0x3ce7,
0x1ce7,
0xfcde,
0x1ce7,
0x5def,
0x1ce7,
0xdbde,
0xf8bd,
0xb7b5,
0xfcde,
0x76ad,
0x1484,
0x9494,
0x3384,
0x548c,
0xd49c,
0x97b5,
0x97b5,
0xf59c,
0x748c,
0xd77b,
0x796b,
0x9973,
0x9973,
0x9973,
0x9973,
0x9973,
0x9973,
0x9973,
0x9973,
0x9973,
0x9973,
0x9973,
0x9973,
0x9973,
0x9973,
0x9973,
0x9973,
0x9973,
0x9973,
0x9973,
0x9973,
0xb973,
0xb973,
0xb973,
0xb973,
0x9973,
0x9973,
0x9973,
0xfb5a,
0xfb5a,
0x3a63,
0xfb5a,
0x1b63,
0xfb5a,
0x1b63,
0x7a6b,
0x9973,
0x9973,
0x9973,
0x9973,
0x9973,
0x9973,
0x9973,
0x9973,
0x9973,
0x9973,
0x9973,
0x9973,
0x9973,
0x9973,
0x9973,
0x9973,
0x5a6b,
0x1a63,
0xda5a,
0xba52,
0x1963,
0x7973,
0x7a6b,
0x3a63,
0x9973,
0xd77b,
0x3684,
0xd69c,
0x768c,
0x1963,
0x786b,
0xf87b,
0x9794,
0x3784,
0x1884,
0x796b,
0x9973,
0x9973,
0x9973,
0x9973,
0x9973,
0x9973,
0x9973,
0x9973,
0x9973,
0x9973,
0x9973,
0xf87b,
0xb973,
0x9973,
0x9973,
0x9973,
0x9973,
0x9973,
0x9973,
0x9973,
0x9973,
0x3884,
0xb973,
0x9a52,
0x9a52,
0x9773,
0xd77b,
0x9a52,
0x5a6b,
0x9973,
0x9973,
0xb973,
0xb973,
0xb973,
0x9973,
0x9973,
0x9973,
0x9973,
0x9973,
0x9973,
0x9973,
0x9973,
0x9973,
0x9973,
0x9973,
0x9973,
0x9973,
0x9973,
0x9973,
0x9973,
0x9973,
0x9973,
0x9973,
0x9973,
0x9973,
0x9973,
0x9973,
0x9973,
0x9973,
0x9973,
0x9973,
0x9973,
0x9973,
0x9973,
0x9973,
0x9973,
0x9973,
0x9973,
0x9973,
0x9973,
0x9973,
0x9973,
0x9973,
0x9973,
0x9973,
0x9973,
0x9973,
0x9973,
0x9973,
0x9973,
0x9973,
0x9973,
0x9973,
0x9973,
0x9973,
0x9973,
0x9973,
0x9973,
0x9973,
0x9973,
0x9973,
0x9973,
0x9973,
0x9973,
0x9973,
0x9973,
0x9973,
0x9973,
0x9973,
0x9973,
0x9973,
0x9973,
0x9973,
0x9973,
0x9973,
0x9973,
0x9973,
0x9973,
0x9973,
0x9973,
0x9973,
0x9973,
0x9973,
0x9973,
0x9973,
0x9973,
0x9973,
0x9973,
0x9973,
0x9973,
0x9973,
0x9973,
0x9973,
0x9973,
0x9973,
0x9973,
0x9973,
0x9973,
0x9973,
0x9973,
0x9973,
0x9973,
0x9973,
0x9973,
0x9973,
0x9973,
0x9973,
0x9973,
0x9973,
0x9973,
0x9973,
0x9973,
0x9973,
0x9973,
0x9973,
0x9973,
0x9973,
0x9973,
0x9973,
0x9973,
0x9973,
0x9973,
0x9973,
0x9973,
0x9973,
0x9973,
0x9973,
0x9973,
0x9973,
0x9973,
0x9973,
0x9973,
0x9973,
0x9973,
0x9973,
0xb973,
0xb973,
0x9973,
0xb973,
0x9973,
0x9973,
0x9973,
0x3a63,
0x9b52,
0xdb5a,
0x3a63,
0x9973,
0x778c,
0x1884,
0x3a63,
0xd69c,
0x96b5,
0x7ace,
0x3de7,
0x19c6,
0x9394,
0xf49c,
0x76ad,
0x56ad,
0xb494,
0xd7bd,
0xb7bd,
0x96b5,
0x18c6,
0x39c6,
0xf8bd,
0x18c6,
0xbbd6,
0x5def,
0x7eef,
0xbef7,
0x9ef7,
0x5def,
0xfbde,
0x59ce,
0xf49c,
0x1284,
0xb494,
0xd49c,
0x97b5,
0x39c6,
0x19c6,
0xbff7,
0xffff,
0xffff,
0xffff,
0xffff,
0xffff,
0xffff,
0xffff,
0xffff,
0xffff,
0xffff,
0xffff,
0xffff,
0xffff,
0xffff,
0xffff,
0xffff,
0xffff,
0xffff,
0xffff,
0xffff,
0xffff,
0xdfff,
0xffff,
0xffff,
0xbef7,
0xbef7,
0xffff,
0xffff,
0xffff,
0xffff,
0xdfff,
0x9ef7,
0x7def,
0xfcde,
0xbad6,
0x7def,
0xbef7,
0x3ce7,
0x1ce7,
0x5def,
0x5ace,
0xf59c,
0x1284,
0x3584,
0x9973,
0x9973,
0x9973,
0x9973,
0x9973,
0x9973,
0x9973,
0x9973,
0x9973,
0x9973,
0x9973,
0x9973,
0x9973,
0x9973,
0x9973,
0x9973,
0x9973,
0x9973,
0x9973,
0x9973,
0x9973,
0x796b,
0xda5a,
0x7a4a,
0x9a52,
0x9a52,
0x786b,
0x3863,
0x195b,
0xb69c,
0x9694,
0x3684,
0xd69c,
0x9694,
0x768c,
0x768c,
0x3884,
0x796b,
0x9973,
0x9973,
0x9973,
0x9973,
0x9973,
0x9973,
0x9973,
0x9973,
0x9973,
0x9973,
0x9973,
0x9973,
0x9973,
0x9973,
0xb973,
0xb794,
0xf69c,
0xb494,
0x538c,
0xf59c,
0xd69c,
0xf87b,
0xb794,
0xd69c,
0x9494,
0x97b5,
0x97ad,
0x538c,
0xb494,
0x76ad,
0xb694,
0xd69c,
0xf59c,
0x768c,
0x3a63,
0x9973,
0x9973,
0x9973,
0x9973,
0x9973,
0x9973,
0x9973,
0x9973,
0x9973,
0x7a6b,
0xb973,
0x788c,
0xd97b,
0x9973,
0x9973,
0x9973,
0x9973,
0x9973,
0x9973,
0x9973,
0xb973,
0xb794,
0x3684,
0x9494,
0x59ce,
0x9ad6,
0xbbd6,
0x15a5,
0xd673,
0x3863,
0x786b,
0x1a63,
0xbb5a,
0x3a63,
0x3a63,
0x9973,
0x9973,
0x9973,
0x9973,
0x9973,
0x9973,
0x9973,
0x9973,
0x9973,
0x9973,
0x9973,
0x9973,
0x9973,
0x9973,
0x9973,
0x9973,
0x9973,
0x9973,
0x9973,
0x9973,
0x9973,
0x9973,
0x9973,
0x9973,
0x9973,
0x9973,
0x9973,
0x9973,
0x9973,
0x9973,
0x9973,
0x9973,
0x9973,
0x9973,
0x9973,
0x9973,
0x9973,
0x9973,
0x9973,
0x9973,
0x9973,
0x9973,
0x9973,
0x9973,
0x9973,
0x9973,
0x9973,
0x9973,
0x9973,
0x9973,
0x9973,
0x9973,
0x9973,
0x9973,
0x9973,
0x9973,
0x9973,
0x9973,
0x9973,
0x9973,
0x9973,
0x9973,
0x9973,
0x9973,
0x9973,
0x9973,
0x9973,
0x9973,
0x9973,
0x9973,
0x9973,
0x9973,
0x9973,
0x9973,
0x9973,
0x9973,
0x9973,
0x9973,
0x9973,
0x9973,
0x9973,
0x9973,
0x9973,
0x9973,
0x9973,
0x9973,
0x9973,
0x9973,
0x9973,
0x9973,
0x9973,
0x9973,
0x9973,
0x9973,
0x9973,
0x9973,
0x9973,
0x9973,
0x9973,
0x9973,
0x9973,
0x9973,
0x9973,
0x9973,
0x9973,
0x9973,
0x9973,
0x9973,
0x9973,
0x9973,
0x9973,
0x9973,
0x9973,
0x9973,
0x9973,
0x9973,
0x9973,
0x9973,
0x9973,
0x9973,
0x9973,
0x9973,
0x9973,
0x9973,
0xb973,
0xb973,
0xb973,
0xb973,
0x7a6b,
0x5a6b,
0xba52,
0x9a52,
0xb952,
0x1963,
0x9973,
0x9973,
0x9973,
0xb694,
0x9494,
0xb594,
0x1684,
0xb773,
0xd794,
0x9794,
0x586b,
0x9594,
0x35a5,
0x55ad,
0xf7bd,
0x79ce,
0xbad6,
0x17c6,
0x13a5,
0x8b73,
0x8c73,
0x4e8c,
0xcc7b,
0x0e8c,
0xd19c,
0x13a5,
0x9ad6,
0xfbde,
0x79ce,
0x17be,
0xd6b5,
0x54a5,
0x9394,
0x1284,
0x748c,
0x566b,
0x774a,
0xf65a,
0x3384,
0x3284,
0xfcde,
0xffff,
0xffff,
0xdfff,
0xbff7,
0xffff,
0xffff,
0xffff,
0xffff,
0xffff,
0xffff,
0xffff,
0xffff,
0xffff,
0xffff,
0xffff,
0xffff,
0xffff,
0xffff,
0xffff,
0xffff,
0xffff,
0xffff,
0xffff,
0xffff,
0xffff,
0xffff,
0xffff,
0xffff,
0xffff,
0xffff,
0xffff,
0xffff,
0xffff,
0xffff,
0xffff,
0xffff,
0xffff,
0xbef7,
0x3ce7,
0x3ce7,
0xd7b5,
0x3284,
0x9594,
0x7a4a,
0x7a4a,
0x9a52,
0x3a63,
0x9973,
0x9973,
0x9973,
0x9973,
0x9973,
0x9973,
0x9973,
0x9973,
0x9973,
0x9973,
0x9973,
0x9973,
0x9973,
0x9973,
0x9973,
0x9973,
0x9973,
0x9973,
0x9973,
0x9973,
0x5a6b,
0x7784,
0x7284,
0x159d,
0x3184,
0xd07b,
0x5284,
0xf8bd,
0x159d,
0x76a5,
0xb6ad,
0x35a5,
0xf8bd,
0xdbde,
0x7ace,
0x56ad,
0x9694,
0x9973,
0xd97b,
0x9973,
0x9973,
0x9973,
0x9973,
0x9973,
0x9973,
0x9973,
0x9973,
0x9973,
0x9973,
0x9973,
0x9973,
0x9973,
0x9973,
0xd87b,
0x9794,
0xd79c,
0x768c,
0x768c,
0x5884,
0x588c,
0xb794,
0x1884,
0x1784,
0xd69c,
0x768c,
0x3784,
0x768c,
0x1784,
0xf87b,
0xd87b,
0x586b,
0x5a6b,
0xb973,
0xb973,
0xb973,
0x9973,
0x9973,
0x9973,
0x9973,
0x9973,
0x7a6b,
0xf87b,
0x588c,
0x9973,
0x796b,
0x9973,
0x9973,
0x9973,
0x9973,
0x9973,
0x9973,
0x9973,
0x9973,
0x9973,
0x1b63,
0xb694,
0xf49c,
0xb394,
0x55ad,
0xbad6,
0x38ce,
0xf8bd,
0x9ace,
0x5384,
0x157c,
0xb594,
0x758c,
0x3684,
0xd87b,
0x796b,
0x796b,
0x9973,
0x9973,
0x9973,
0x9973,
0x9973,
0x9973,
0x9973,
0x9973,
0x9973,
0x9973,
0x9973,
0x9973,
0x9973,
0x9973,
0x9973,
0x9973,
0x9973,
0x9973,
0x9973,
0x9973,
0x9973,
0x9973,
0x9973,
0x9973,
0x9973,
0x9973,
0x9973,
0x9973,
0x9973,
0x9973,
0x9973,
0x9973,
0x9973,
0x9973,
0x9973,
0x9973,
0x9973,
0x9973,
0x9973,
0x9973,
0x9973,
0x9973,
0x9973,
0x9973,
0x9973,
0x9973,
0x9973,
0x9973,
0x9973,
0x9973,
0x9973,
0x9973,
0x9973,
0x9973,
0x9973,
0x9973,
0x9973,
0x9973,
0x9973,
0x9973,
0x9973,
0x9973,
0x9973,
0x9973,
0x9973,
0x9973,
0x9973,
0x9973,
0x9973,
0x9973,
0x9973,
0x9973,
0x9973,
0x9973,
0x9973,
0x9973,
0x9973,
0x9973,
0x9973,
0x9973,
0x9973,
0x9973,
0x9973,
0x9973,
0x9973,
0x9973,
0x9973,
0x9973,
0x9973,
0x9973,
0x9973,
0x9973,
0x9973,
0x9973,
0x9973,
0x9973,
0x9973,
0x9973,
0x9973,
0x9973,
0x9973,
0x9973,
0x9973,
0x9973,
0x9973,
0x9973,
0x9973,
0x9973,
0x9973,
0x9973,
0x9973,
0x9973,
0x9973,
0x9973,
0x9973,
0x9973,
0x9973,
0x9973,
0xb973,
0x9973,
0x7a6b,
0xfb5a,
0x9a52,
0x9a52,
0xda5a,
0x3884,
0x578c,
0x548c,
0x938c,
0x76ad,
0x9494,
0x1a63,
0xb973,
0xb873,
0x9594,
0x55ad,
0x55ad,
0x508c,
0xee83,
0xb49c,
0x568c,
0xcf7b,
0x0c63,
0x538c,
0xf57b,
0x738c,
0xef7b,
0x13a5,
0x9294,
0x5184,
0x4c63,
0x6b73,
0x0e84,
0x708c,
0x0c84,
0x2d8c,
0xdade,
0x7def,
0xdbde,
0x59c6,
0xb6b5,
0xd394,
0x958c,
0x9a52,
0x9594,
0x9394,
0x718c,
0x33ad,
0xb6bd,
0x17c6,
0x3ce7,
0xdfff,
0xdfff,
0xdfff,
0xffff,
0xffff,
0xffff,
0xffff,
0xffff,
0xffff,
0xffff,
0xffff,
0xffff,
0xffff,
0xffff,
0xffff,
0xffff,
0xffff,
0xffff,
0xffff,
0xffff,
0xffff,
0xffff,
0xffff,
0xffff,
0xffff,
0xffff,
0xffff,
0xffff,
0xffff,
0xffff,
0xffff,
0xffff,
0xffff,
0xffff,
0xffff,
0xffff,
0xffff,
0xffff,
0x9ef7,
0x5def,
0x159d,
0xd173,
0x3384,
0x1784,
0xb973,
0xd87b,
0xb973,
0x9973,
0x9973,
0x9973,
0x9973,
0x9973,
0x9973,
0x9973,
0x9973,
0x9973,
0x9973,
0x9973,
0x9973,
0x9973,
0x9973,
0x9973,
0x9973,
0x9973,
0x9973,
0x9973,
0x9973,
0x9973,
0x7a6b,
0x177c,
0x2d53,
0x35a5,
0xd6b5,
0xee73,
0xed73,
0x17be,
0x5cef,
0x159d,
0x8f63,
0x7184,
0x117c,
0x3484,
0x976b,
0xf95a,
0x796b,
0xf87b,
0x187c,
0xb973,
0x9973,
0x9973,
0x9973,
0x9973,
0x9973,
0x9973,
0x9973,
0x9973,
0x9973,
0x9973,
0x9973,
0x9973,
0x9973,
0x796b,
0x3a63,
0xfb5a,
0x3a63,
0x3a63,
0x7a6b,
0x7a6b,
0x3a63,
0x796b,
0x7a6b,
0xfb5a,
0x3a63,
0x7a6b,
0x5a6b,
0x796b,
0xb973,
0xb973,
0xb973,
0xd97b,
0x7a6b,
0xdb5a,
0xdb5a,
0x7a73,
0x9973,
0x9973,
0x9973,
0x9973,
0x9973,
0xb973,
0xd973,
0x9973,
0x9973,
0x9973,
0x9973,
0x9973,
0x9973,
0x9973,
0x9973,
0x9973,
0x9973,
0x7a73,
0xb973,
0x9973,
0xda52,
0x7a4a,
0xb773,
0x968c,
0x758c,
0x9494,
0x938c,
0xd073,
0xf8bd,
0x19c6,
0x76ad,
0x56ad,
0x9694,
0x1884,
0x588c,
0x796b,
0x7a6b,
0x7a6b,
0x7973,
0x9973,
0x9973,
0x9973,
0x9973,
0x9973,
0x9973,
0x9973,
0x9973,
0x9973,
0x9973,
0x9973,
0x9973,
0x9973,
0x9973,
0x9973,
0x9973,
0x9973,
0x9973,
0x9973,
0x9973,
0x9973,
0x9973,
0x9973,
0x9973,
0x9973,
0x9973,
0xb973,
0x9973,
0x9973,
0x9973,
0x9973,
0x9973,
0x9973,
0x9973,
0x9973,
0x9973,
0x9973,
0x9973,
0x9973,
0x9973,
0x9973,
0x9973,
0x9973,
0x9973,
0x9973,
0x9973,
0x9973,
0x9973,
0x9973,
0x9973,
0x9973,
0x9973,
0x9973,
0x9973,
0x9973,
0x9973,
0x9973,
0x9973,
0x9973,
0x9973,
0x9973,
0x9973,
0x9973,
0x9973,
0x9973,
0x9973,
0x9973,
0x9973,
0x9973,
0x9973,
0x9973,
0x9973,
0x9973,
0x9973,
0x9973,
0x9973,
0x9973,
0x9973,
0x9973,
0x9973,
0x9973,
0x9973,
0x9973,
0x9973,
0x9973,
0x9973,
0x9973,
0x9973,
0x9973,
0x9973,
0x9973,
0x9973,
0x9973,
0x9973,
0x9973,
0x9973,
0x9973,
0x9973,
0x9973,
0x9973,
0x9973,
0x9973,
0x9973,
0x9973,
0x9973,
0x9973,
0x9973,
0x9973,
0x9973,
0x9973,
0x9973,
0x9973,
0x9973,
0x9973,
0x3a63,
0x5963,
0xb67b,
0x7394,
0x3184,
0x6d73,
0x528c,
0x1684,
0x758c,
0xf27b,
0xd49c,
0x738c,
0x1484,
0x3863,
0xbc52,
0xd87b,
0xd69c,
0xf57b,
0x584a,
0x556b,
0x3484,
0xb594,
0x5863,
0xb473,
0x728c,
0x3084,
0x3284,
0x3584,
0xb752,
0xf483,
0xf47b,
0xd37b,
0xae7b,
0xd19c,
0x13a5,
0x12a5,
0x6f94,
0x11a5,
0xdade,
0x5de7,
0xbbd6,
0x948c,
0x3584,
0x177c,
0x5a6b,
0x9973,
0x968c,
0x728c,
0x149d,
0xd6b5,
0x99ce,
0x17be,
0x3ce7,
0xffff,
0xffff,
0xffff,
0xffff,
0xffff,
0xffff,
0xffff,
0xffff,
0xffff,
0xffff,
0xffff,
0xffff,
0xffff,
0xffff,
0xffff,
0xffff,
0xffff,
0xffff,
0xffff,
0xffff,
0xffff,
0xffff,
0xffff,
0xffff,
0xffff,
0xffff,
0xffff,
0xffff,
0xffff,
0xffff,
0xffff,
0xffff,
0xffff,
0xffff,
0xffff,
0xffff,
0xdfff,
0x5de7,
0x5de7,
0x9ad6,
0x0e84,
0x0f7c,
0xf49c,
0x9694,
0x7a6b,
0x9973,
0x9973,
0x9973,
0x9973,
0x9973,
0x9973,
0x9973,
0x9973,
0x9973,
0x9973,
0x9973,
0x9973,
0x9973,
0x9973,
0x9973,
0x9973,
0x9973,
0x9973,
0x9973,
0x9973,
0x9973,
0x9973,
0x9973,
0x9973,
0x7973,
0xfa62,
0x9a52,
0x357c,
0xef73,
0x95ad,
0xf7b5,
0x327c,
0xd85a,
0xf852,
0x7284,
0xcf73,
0x938c,
0xd873,
0x9973,
0x9973,
0x7a73,
0x7a6b,
0x9973,
0x9973,
0x9973,
0x9973,
0x9973,
0x9973,
0x9973,
0x9973,
0x9973,
0x9973,
0x9973,
0x9973,
0x9973,
0x9973,
0x9973,
0x9973,
0xb973,
0x9973,
0x9973,
0x9973,
0x9973,
0x9973,
0x9973,
0x9973,
0xd97b,
0xd97b,
0x7a6b,
0xdb5a,
0x9a52,
0x7a4a,
0x9a52,
0x9a52,
0x9a52,
0xd773,
0xb694,
0xb694,
0xd873,
0x7a73,
0x9973,
0x9973,
0x9973,
0x9973,
0x9973,
0x9973,
0x9973,
0x9973,
0x9973,
0x9973,
0xb973,
0x9973,
0x9973,
0x9973,
0xb973,
0x9973,
0x3884,
0xd973,
0x7a6b,
0x796b,
0x7a6b,
0x3a63,
0xf77b,
0xb773,
0xba52,
0x594a,
0x566b,
0xb57b,
0x528c,
0x4d6b,
0xad73,
0x2d6b,
0xb494,
0x5684,
0x776b,
0x9773,
0xd77b,
0x9873,
0x3963,
0x796b,
0x9973,
0x9973,
0x9973,
0x9973,
0x9973,
0x9973,
0x9973,
0x9973,
0x9973,
0x9973,
0x9973,
0x9973,
0x9973,
0x9973,
0x9973,
0x9973,
0x9973,
0x9973,
0x9973,
0x7a73,
0x7a6b,
0x5a6b,
0x5a6b,
0x7a6b,
0xdb5a,
0x7a6b,
0x7a6b,
0x7a6b,
0x9973,
0x9973,
0x9973,
0x9973,
0x9973,
0x9973,
0x9973,
0x9973,
0x9973,
0x9973,
0x9973,
0x9973,
0x9973,
0x9973,
0x9973,
0x9973,
0x9973,
0x9973,
0x9973,
0x9973,
0x9973,
0x9973,
0x9973,
0x9973,
0x9973,
0x9973,
0x9973,
0x9973,
0x9973,
0x9973,
0x9973,
0x9973,
0x9973,
0x9973,
0x9973,
0x9973,
0x9973,
0x9973,
0x9973,
0x9973,
0x9973,
0x9973,
0x9973,
0x9973,
0x9973,
0x9973,
0x9973,
0x9973,
0x9973,
0x9973,
0x9973,
0x9973,
0x9973,
0x9973,
0x9973,
0x9973,
0x9973,
0x9973,
0x9973,
0x9973,
0x9973,
0x9973,
0x9973,
0x9973,
0x9973,
0x9973,
0x9973,
0x9973,
0x9973,
0x9973,
0x9973,
0x9973,
0x9973,
0x9973,
0x9973,
0x9973,
0x9973,
0x9973,
0x9973,
0x9973,
0x9973,
0x9973,
0x9973,
0x7a6b,
0xd69c,
0x0c63,
0xad7b,
0xcd7b,
0x8d73,
0xad7b,
0xce7b,
0xce83,
0xae7b,
0xed62,
0x6b29,
0xac10,
0x8e73,
0xef83,
0x358c,
0xd59c,
0x1684,
0xd59c,
0xd494,
0x738c,
0x76ad,
0xd7b5,
0x79ce,
0x3284,
0x3384,
0x56ad,
0x35a5,
0xd17b,
0xd7bd,
0x18be,
0x35a5,
0x117c,
0xd07b,
0xf17b,
0x9394,
0xf17b,
0xd07b,
0xaf73,
0x3184,
0x56a5,
0xd494,
0x558c,
0xbb52,
0x7973,
0xb973,
0x9973,
0x796b,
0x1963,
0x357c,
0x117c,
0xb7b5,
0xd8bd,
0xd7b5,
0x39c6,
0xb7b5,
0x97ad,
0x18be,
0xbbce,
0x9eef,
0xffff,
0xffff,
0xffff,
0xffff,
0xffff,
0xffff,
0xffff,
0xffff,
0xffff,
0xffff,
0xffff,
0xffff,
0xffff,
0xffff,
0xffff,
0xffff,
0xffff,
0xffff,
0xffff,
0xffff,
0xffff,
0xffff,
0xffff,
0xffff,
0xffff,
0xffff,
0xffff,
0xffff,
0xffff,
0xffff,
0x5de7,
0xdbd6,
0x3de7,
0xf7b5,
0x908c,
0x2d5b,
0xb594,
0xf87b,
0x7a6b,
0x9973,
0x9973,
0x9973,
0x9973,
0x9973,
0x9973,
0x9973,
0x9973,
0x9973,
0x9973,
0x9973,
0x9973,
0x9973,
0x9973,
0x9973,
0x9973,
0x9973,
0x9973,
0x9973,
0x9973,
0x9973,
0x9973,
0x9973,
0x9973,
0x9973,
0xb973,
0xb973,
0x7973,
0xb773,
0xd694,
0xd694,
0x9a52,
0xb973,
0xb973,
0xda5a,
0xba52,
0xda5a,
0xb973,
0xd973,
0x9973,
0x9973,
0x9973,
0x9973,
0x9973,
0x9973,
0x9973,
0x9973,
0x9973,
0x9973,
0x9973,
0x9973,
0x9973,
0x9973,
0x9973,
0x9973,
0x9973,
0x9973,
0x9973,
0x9973,
0x9973,
0x9973,
0x9973,
0x9973,
0x9973,
0x9973,
0xb973,
0xfa62,
0x9a52,
0xd773,
0x958c,
0x5384,
0xf49c,
0x938c,
0xd494,
0x35a5,
0xf8bd,
0x39c6,
0x76ad,
0x177c,
0x796b,
0x9973,
0x9973,
0x9973,
0x9973,
0x9973,
0x9973,
0x9973,
0x9973,
0x9973,
0xb973,
0x1884,
0xb973,
0x9973,
0x7a6b,
0x5a6b,
0x3a63,
0x796b,
0x9873,
0xd77b,
0x1684,
0x758c,
0x9394,
0x9294,
0x1184,
0x538c,
0x1084,
0xca62,
0x6a73,
0xea8b,
0x4d94,
0x2c8c,
0xaf9c,
0x6f94,
0x308c,
0x508c,
0x0e84,
0xee83,
0x8c73,
0x728c,
0xf77b,
0x7a73,
0x9973,
0x9973,
0x9973,
0x9973,
0x9973,
0x9973,
0x9973,
0x9973,
0x9973,
0x9973,
0x9973,
0x9973,
0x9973,
0x9973,
0x9973,
0x9973,
0x9973,
0x9973,
0xd97b,
0xd87b,
0x758c,
0x758c,
0xf67b,
0xd594,
0xf67b,
0xd77b,
0xf87b,
0x9973,
0x9973,
0x7a6b,
0x5a6b,
0x5a6b,
0x9973,
0x9973,
0x9973,
0x9973,
0x9973,
0x9973,
0x9973,
0x9973,
0x9973,
0x9973,
0x9973,
0x9973,
0x9973,
0x9973,
0x9973,
0x9973,
0x9973,
0x9973,
0x9973,
0x9973,
0x9973,
0x9973,
0x9973,
0x9973,
0x9973,
0x9973,
0x9973,
0x9973,
0x9973,
0x9973,
0x9973,
0x9973,
0x9973,
0x9973,
0x9973,
0x9973,
0x9973,
0x9973,
0x9973,
0x9973,
0x9973,
0x9973,
0x9973,
0x9973,
0x9973,
0x9973,
0x9973,
0x9973,
0x9973,
0x9973,
0x9973,
0x9973,
0x9973,
0x9973,
0x9973,
0x9973,
0x9973,
0x9973,
0x9973,
0x9973,
0x9973,
0x9973,
0x9973,
0x9973,
0x9973,
0x9973,
0x9973,
0x9973,
0x9973,
0x9973,
0x9973,
0x9973,
0x9973,
0x9973,
0x9973,
0x9973,
0x9973,
0x9973,
0x596b,
0xd77b,
0xb57b,
0x566b,
0x3763,
0x1663,
0xd47b,
0x4d6b,
0x508c,
0x4f8c,
0x8f9c,
0xcc83,
0x4c73,
0xcd83,
0xec83,
0xed83,
0x6c73,
0x1684,
0xd69c,
0xb594,
0x3384,
0x3284,
0xd7b5,
0xf8bd,
0xf17b,
0x538c,
0x96b5,
0x76ad,
0x6c29,
0xd49c,
0x7def,
0xfbde,
0x96ad,
0x76ad,
0xf49c,
0x14a5,
0x18c6,
0x39c6,
0xdbde,
0x5ace,
0x738c,
0xd852,
0xdb5a,
0xd97b,
0xb973,
0x9973,
0x9973,
0x9973,
0x9973,
0x3a63,
0xf962,
0x776b,
0x7863,
0x395b,
0xf952,
0x9a52,
0x9a52,
0xba52,
0x9863,
0x567c,
0x9384,
0x3ce7,
0xffff,
0xffff,
0xffff,
0xffff,
0xffff,
0xffff,
0xffff,
0xffff,
0xffff,
0xffff,
0xffff,
0xffff,
0xffff,
0xffff,
0xffff,
0xffff,
0xffff,
0xffff,
0xffff,
0xffff,
0xffff,
0xffff,
0xffff,
0xffff,
0xffff,
0xffff,
0xffff,
0xffff,
0xffff,
0xffff,
0xffff,
0x59c6,
0x75a5,
0x0f7c,
0xb594,
0xf79c,
0xb973,
0x9973,
0x9973,
0x9973,
0x9973,
0x9973,
0x9973,
0x9973,
0x9973,
0x9973,
0x9973,
0x9973,
0x9973,
0x9973,
0x9973,
0x9973,
0x9973,
0x9973,
0x9973,
0x9973,
0x9973,
0x9973,
0x9973,
0x9973,
0x9973,
0x9973,
0x9973,
0x9973,
0x9973,
0x796b,
0xdb5a,
0x1a63,
0xb973,
0x9973,
0x9973,
0xb973,
0xb973,
0xb973,
0x9973,
0x9973,
0x9973,
0x9973,
0x9973,
0x9973,
0x9973,
0x9973,
0x9973,
0x9973,
0x9973,
0x9973,
0x9973,
0x9973,
0x9973,
0x9973,
0x9973,
0x9973,
0x9973,
0x9973,
0x9973,
0x9973,
0x9973,
0x9973,
0x9973,
0x9973,
0xb973,
0x7973,
0xfa52,
0x9384,
0x76ad,
0x9ace,
0x1bdf,
0xd7b5,
0xd49c,
0x1284,
0x748c,
0x9694,
0xf77b,
0x1863,
0xba52,
0x7973,
0x9973,
0x9973,
0x9973,
0x9973,
0x9973,
0x9973,
0x9973,
0x9973,
0xb973,
0x5a6b,
0x3884,
0x5884,
0x3a63,
0x9973,
0xf77b,
0x9594,
0xb49c,
0xca5a,
0x2a6b,
0x4b73,
0xcd83,
0x8f94,
0xec8b,
0xec8b,
0xeb8b,
0xeb8b,
0x0b8c,
0x0b8c,
0xcb83,
0xcb83,
0xec8b,
0xab7b,
0xec83,
0xec83,
0xec83,
0xcb83,
0xab7b,
0xcb7b,
0x8a73,
0x2a6b,
0x1784,
0x5a6b,
0x7a6b,
0x7a6b,
0x9973,
0x9973,
0xb973,
0xb973,
0x9973,
0x5a6b,
0x5a6b,
0x7a6b,
0x9973,
0x9973,
0x9973,
0x9973,
0x9973,
0x9973,
0x9973,
0xb973,
0xf87b,
0x9594,
0x496b,
0x486b,
0x708c,
0x79ce,
0xef7b,
0x2a63,
0xb59c,
0xd97b,
0xd59c,
0x6a52,
0x15a5,
0xd69c,
0xd973,
0x9973,
0x9973,
0x9973,
0x9973,
0x9973,
0x9973,
0x9973,
0x9973,
0x9973,
0x9973,
0x9973,
0x9973,
0x9973,
0x9973,
0x9973,
0x9973,
0x9973,
0x9973,
0x9973,
0x9973,
0x9973,
0x9973,
0x9973,
0x9973,
0x9973,
0x9973,
0x9973,
0x9973,
0x9973,
0x9973,
0x9973,
0x9973,
0x9973,
0x9973,
0x9973,
0x9973,
0x9973,
0x9973,
0x9973,
0x9973,
0x9973,
0x9973,
0x9973,
0x9973,
0x9973,
0x9973,
0x9973,
0x9973,
0x9973,
0x9973,
0x9973,
0x9973,
0x9973,
0x9973,
0x9973,
0x9973,
0x9973,
0x9973,
0x9973,
0x9973,
0x9973,
0x9973,
0x9973,
0x9973,
0x9973,
0x9973,
0x9973,
0x9973,
0x9973,
0x9973,
0x9973,
0x9973,
0x9973,
0x9973,
0x9973,
0x7a6b,
0xb773,
0xca62,
0x0a6b,
0x2a6b,
0xca62,
0xaa5a,
0x2c6b,
0x0b63,
0xb37b,
0x784a,
0xd57b,
0x358c,
0x358c,
0xf67b,
0xf95a,
0x185b,
0xb852,
0xd57b,
0x9694,
0x1884,
0xbb52,
0x794a,
0xd57b,
0x3484,
0x3384,
0x538c,
0xb56b,
0x5284,
0xb7b5,
0xb394,
0x3184,
0xb394,
0x748c,
0x137c,
0x528c,
0x9294,
0xd07b,
0xee5a,
0xee5a,
0x6f6b,
0x906b,
0x1384,
0x558c,
0x3684,
0xda5a,
0x3a63,
0xb973,
0xb973,
0xb973,
0x9973,
0xb973,
0xb973,
0x9973,
0x9973,
0x9973,
0x9973,
0xb973,
0xb973,
0xb973,
0x9973,
0x3a6b,
0xda52,
0x7574,
0x54a5,
0xffff,
0xffff,
0xffff,
0xffff,
0xffff,
0xffff,
0xffff,
0xffff,
0xffff,
0xffff,
0xffff,
0xffff,
0xffff,
0xffff,
0xffff,
0xffff,
0xffff,
0xffff,
0xffff,
0xffff,
0xffff,
0xffff,
0xffff,
0xffff,
0xdff7,
0x7eef,
0x3ce7,
0xdbd6,
0x38c6,
0x17c6,
0x54a5,
0x2e84,
0x728c,
0xb694,
0xf87b,
0x9973,
0x9973,
0x9973,
0x9973,
0x9973,
0x9973,
0x9973,
0x9973,
0x9973,
0x9973,
0x9973,
0x9973,
0x9973,
0x9973,
0x9973,
0x9973,
0x9973,
0x9973,
0x9973,
0x9973,
0x9973,
0x9973,
0x9973,
0x9973,
0x9973,
0x9973,
0x9973,
0x9973,
0x9973,
0x9973,
0xb973,
0xb973,
0x9973,
0x9973,
0x9973,
0x9973,
0x9973,
0x9973,
0x9973,
0x9973,
0x9973,
0x9973,
0x9973,
0x9973,
0x9973,
0x9973,
0x9973,
0x9973,
0x9973,
0x9973,
0x9973,
0x9973,
0x9973,
0x9973,
0x9973,
0x9973,
0x9973,
0x9973,
0x9973,
0x9973,
0x9973,
0x9973,
0x9973,
0x9973,
0x3b63,
0xd673,
0x4d63,
0x95ad,
0xd6b5,
0x5184,
0x1584,
0xf95a,
0x7a4a,
0x9a52,
0x9b52,
0xfb5a,
0x5a6b,
0x9973,
0xb973,
0x5a6b,
0x9873,
0x9a6b,
0x5a6b,
0x9973,
0x7a6b,
0xd87b,
0x9973,
0x7a6b,
0xb973,
0xd87b,
0xd77b,
0xf67b,
0x3684,
0x748c,
0xe952,
0x8a73,
0xa97b,
0x897b,
0x897b,
0x8a83,
0xeb8b,
0x2c94,
0xec8b,
0xcb83,
0xaa83,
0x8a7b,
0xab83,
0xcc83,
0xab7b,
0xab7b,
0x8a7b,
0x6a73,
0x6a7b,
0x6973,
0x486b,
0x486b,
0x486b,
0x0863,
0x285b,
0x694a,
0x776b,
0xd67b,
0xd67b,
0xb773,
0xb76b,
0x5a63,
0x5a6b,
0x3b63,
0x996b,
0x758c,
0x958c,
0xf77b,
0x9873,
0xb873,
0x7a6b,
0x9973,
0x9973,
0x9973,
0x9973,
0xb973,
0xf87b,
0x9973,
0xb773,
0xb773,
0x758c,
0x948c,
0x758c,
0x9873,
0x5a6b,
0x9973,
0xb973,
0x1884,
0x578c,
0x1884,
0x9973,
0x9973,
0x9973,
0x9973,
0x9973,
0x9973,
0x9973,
0x9973,
0x9973,
0x9973,
0x9973,
0x9973,
0x9973,
0x9973,
0x9973,
0x9973,
0x9973,
0x9973,
0x9973,
0x9973,
0x9973,
0x9973,
0x9973,
0x9973,
0x9973,
0x9973,
0x9973,
0x5a6b,
0x7a6b,
0x9973,
0x9973,
0x9973,
0x9973,
0x9973,
0x9973,
0x9973,
0x9973,
0x9973,
0x9973,
0x9973,
0x9973,
0x9973,
0x9973,
0x9973,
0x9973,
0x9973,
0x9973,
0x9973,
0x9973,
0x9973,
0x9973,
0x9973,
0x9973,
0x9973,
0x9973,
0x9973,
0x9973,
0x9973,
0x9973,
0x9973,
0x9973,
0x9973,
0x9973,
0x9973,
0x9973,
0x9973,
0x9973,
0x9973,
0x9973,
0x9973,
0x9973,
0x9973,
0x9973,
0x9973,
0x9973,
0x9973,
0x596b,
0x8b52,
0xca83,
0xaa83,
0xca83,
0xea8b,
0xeb8b,
0xab83,
0xca83,
0xaa7b,
0x8b7b,
0xab5a,
0xb49c,
0x7594,
0x968c,
0xb59c,
0x758c,
0x0e8c,
0x11a5,
0x308c,
0x586b,
0x3684,
0x728c,
0xad73,
0xcfa4,
0xae9c,
0x4f8c,
0xcc4a,
0xb38c,
0x37c6,
0x12ad,
0x53ad,
0x9594,
0x966b,
0x14a5,
0x15c6,
0xd19c,
0xed5a,
0x4c6b,
0x7094,
0xd1a4,
0xce7b,
0x307c,
0xf39c,
0x149d,
0xf49c,
0x1584,
0xd95a,
0x3a63,
0x3a63,
0x7a6b,
0xb973,
0xb973,
0x9973,
0x9973,
0x9973,
0x9973,
0x9973,
0x9973,
0x9973,
0x9973,
0xb973,
0xb973,
0x596b,
0x2932,
0x139d,
0x9df7,
0xffff,
0xffff,
0xffff,
0xffff,
0xffff,
0xffff,
0xffff,
0xffff,
0xffff,
0xffff,
0xffff,
0xffff,
0xffff,
0xffff,
0xffff,
0xffff,
0xffff,
0xffff,
0xffff,
0xffff,
0xffff,
0xdfff,
0xbff7,
0x59c6,
0x55a5,
0x918c,
0x8d63,
0xad73,
0x4c63,
0xf483,
0x786b,
0x1b63,
0x7a6b,
0x9973,
0x9973,
0x9973,
0x9973,
0x9973,
0x9973,
0x9973,
0x9973,
0x9973,
0x9973,
0x9973,
0x9973,
0x9973,
0x9973,
0x9973,
0x9973,
0x9973,
0x9973,
0x9973,
0x9973,
0x9973,
0x9973,
0x9973,
0x9973,
0x9973,
0x9973,
0x9973,
0x9973,
0x9973,
0x9973,
0x9973,
0x9973,
0x9973,
0x9973,
0x9973,
0x9973,
0x9973,
0x9973,
0x9973,
0x9973,
0xb973,
0x9973,
0xb973,
0x9973,
0x9973,
0x9973,
0x9973,
0x9973,
0x9973,
0x9973,
0x9973,
0x9973,
0x9973,
0x9973,
0x9973,
0x9973,
0x9973,
0x9973,
0x9973,
0x9973,
0x9973,
0x9973,
0x9973,
0x7a6b,
0x948c,
0x4f84,
0xd19c,
0x1084,
0x966b,
0x9a52,
0x3a63,
0x9973,
0xd97b,
0xb973,
0xb973,
0xb973,
0x9973,
0x9973,
0x5a6b,
0x7494,
0xe95a,
0x8a52,
0x568c,
0x596b,
0x3584,
0x7484,
0x976b,
0xd67b,
0x1684,
0x1584,
0x4973,
0x8a7b,
0xaa7b,
0xaa7b,
0xaa7b,
0x897b,
0xa97b,
0xa97b,
0x897b,
0x897b,
0x897b,
0x897b,
0x897b,
0x697b,
0x897b,
0x897b,
0xaa83,
0xca83,
0xcb83,
0xaa83,
0x897b,
0x6973,
0x4873,
0x286b,
0x6873,
0x6873,
0x486b,
0x897b,
0xa97b,
0x6873,
0x486b,
0x6973,
0x6973,
0x696b,
0x2863,
0xc852,
0x694a,
0xb494,
0x8952,
0x6873,
0x486b,
0x075b,
0x075b,
0xa752,
0x083a,
0xb873,
0x9973,
0x5a6b,
0x7a6b,
0x7a73,
0x9973,
0x7a6b,
0x5a6b,
0x9973,
0x5584,
0xa952,
0xa952,
0x548c,
0xd67b,
0xb773,
0x786b,
0x596b,
0x3a6b,
0x5a6b,
0x7a6b,
0x9973,
0xb973,
0xb973,
0x9973,
0x9973,
0xb973,
0x9973,
0x9973,
0x9973,
0x9973,
0x9973,
0x9973,
0x9973,
0x9973,
0x9973,
0x9973,
0x9973,
0x9973,
0x9973,
0x9973,
0x9973,
0x9973,
0x9973,
0x9973,
0x9973,
0x7a6b,
0x7694,
0x578c,
0xb973,
0x9973,
0x9973,
0x9973,
0x9973,
0x9973,
0x9973,
0x9973,
0x9973,
0x9973,
0x9973,
0x9973,
0x9973,
0x9973,
0x9973,
0x7a6b,
0x7a6b,
0x5a6b,
0x7a6b,
0x9973,
0x7a6b,
0x5a6b,
0x5a6b,
0x7a6b,
0x7a6b,
0x7a6b,
0x7a6b,
0x7a6b,
0x9973,
0x9973,
0x9973,
0x9973,
0x9973,
0x9973,
0x9973,
0x9973,
0x9973,
0x9973,
0x9973,
0x9973,
0x9973,
0x9973,
0x9973,
0x9973,
0x7a73,
0x7a6b,
0x7a6b,
0xf77b,
0xca62,
0x8a7b,
0xea8b,
0xeb8b,
0x4b73,
0xf383,
0x0a6b,
0x897b,
0x897b,
0xea8b,
0x4b94,
0x2b94,
0xeb8b,
0x2d94,
0x6d9c,
0x6c73,
0x4d94,
0x6b9c,
0x296b,
0x576b,
0x796b,
0x9594,
0x738c,
0xab7b,
0xad9c,
0xeb8b,
0x0c5b,
0x6d63,
0xcc83,
0x546b,
0xba52,
0x7a4a,
0xf39c,
0x19e7,
0x54d6,
0xd0a4,
0xca52,
0xcb83,
0xafa4,
0x52b5,
0xd0a4,
0xac7b,
0xad7b,
0xb194,
0x58ce,
0x96ad,
0x938c,
0x557c,
0x768c,
0xd773,
0x9a52,
0xfa5a,
0x796b,
0x9973,
0x9973,
0x9973,
0x9973,
0x9973,
0x9973,
0x9973,
0x9973,
0x9973,
0x9973,
0x177c,
0xc85a,
0xad73,
0x35a5,
0xdbd6,
0xffff,
0xffff,
0xffff,
0xffff,
0xffff,
0xffff,
0xffff,
0xffff,
0xffff,
0xffff,
0xffff,
0xffff,
0xffff,
0xffff,
0xffff,
0xffff,
0xffff,
0xffff,
0xffff,
0xbef7,
0xdbd6,
0xf7bd,
0xf7bd,
0x559d,
0xb194,
0x2e84,
0xf173,
0x195b,
0x9973,
0xb973,
0x9973,
0x9973,
0x9973,
0x9973,
0x9973,
0x9973,
0x9973,
0x9973,
0x9973,
0xb973,
0x9973,
0x9973,
0x9973,
0x9973,
0x9973,
0x9973,
0x9973,
0x9973,
0x9973,
0x9973,
0x9973,
0x9973,
0x9973,
0x9973,
0x9973,
0x9973,
0x9973,
0x9973,
0x9973,
0x9973,
0x9973,
0x9973,
0x9973,
0x9973,
0x9973,
0x9973,
0x9973,
0x7a73,
0x7a6b,
0x5a6b,
0x5a6b,
0x5a6b,
0x3a6b,
0x3a63,
0x5a6b,
0x9973,
0x9973,
0x9973,
0x9973,
0x9973,
0x9973,
0x9973,
0x9973,
0x9973,
0x9973,
0x9973,
0x9973,
0x9973,
0x9973,
0x9973,
0x9973,
0x9973,
0x9973,
0x9973,
0xf49c,
0xcb7b,
0x8e94,
0x6b73,
0xd75a,
0x5a6b,
0xb973,
0x9973,
0xb973,
0xb973,
0xb973,
0x9973,
0x9973,
0x9973,
0x786b,
0x738c,
0xca7b,
0x897b,
0x897b,
0xa852,
0x738c,
0x2963,
0x4963,
0x4963,
0x896b,
0x6a6b,
0xc95a,
0xa95a,
0xe962,
0x8973,
0x897b,
0xa97b,
0x897b,
0x8873,
0x8873,
0x8873,
0x8873,
0x8873,
0x6873,
0x6973,
0x6973,
0x686b,
0x686b,
0x686b,
0x4863,
0x4763,
0x2763,
0x2763,
0x686b,
0xa973,
0xa97b,
0xa97b,
0xc983,
0xa97b,
0x686b,
0x8973,
0xa97b,
0x8873,
0x6873,
0x6873,
0x686b,
0x676b,
0xa873,
0xa873,
0xa873,
0xa973,
0x8973,
0x8973,
0xaa7b,
0xca7b,
0x6873,
0x4742,
0x3a63,
0x596b,
0x948c,
0x167c,
0xd773,
0x367c,
0x167c,
0x5584,
0x8842,
0x2863,
0x896b,
0x486b,
0x686b,
0x686b,
0x085b,
0x0963,
0xe85a,
0xa852,
0xb394,
0xd77b,
0x3a63,
0x5a6b,
0x3a63,
0x3a63,
0x3a63,
0x3a63,
0x5a6b,
0x7a6b,
0x9973,
0x9973,
0x9973,
0x9973,
0x9973,
0x9973,
0x9973,
0x9973,
0x9973,
0x9973,
0xb973,
0xb973,
0xb973,
0xb973,
0xb973,
0x9973,
0xb973,
0x378c,
0x8952,
0xf5a4,
0xb973,
0x9973,
0x9973,
0x9973,
0x9973,
0x9973,
0x9973,
0x9973,
0x9973,
0x9973,
0x9973,
0xb973,
0x9973,
0x7a6b,
0x786b,
0xb773,
0x558c,
0x948c,
0xb394,
0xa852,
0x8952,
0xb494,
0xb494,
0x558c,
0xf67b,
0x167c,
0xf67b,
0xf67b,
0x9873,
0x796b,
0x3963,
0x796b,
0x3a63,
0x5a6b,
0x5a6b,
0x5a6b,
0x9973,
0x7a6b,
0x5a6b,
0x5a6b,
0x5a6b,
0x7a6b,
0x996b,
0xd973,
0x196c,
0x567c,
0x9873,
0x3a63,
0x1a63,
0xd77b,
0x9594,
0xf67b,
0x586b,
0xfb52,
0x548c,
0x2a6b,
0x8b7b,
0xcb83,
0xcb83,
0xeb83,
0x0b8c,
0x0a8c,
0x0a8c,
0xc983,
0xca83,
0xea83,
0xc983,
0xea5a,
0x5584,
0x786b,
0x9973,
0x9873,
0x358c,
0x794a,
0x518c,
0x0b8c,
0x8a7b,
0x8b73,
0x1584,
0x1a63,
0x1584,
0xed7b,
0x8e94,
0x8d9c,
0xaa7b,
0x6a73,
0xcb83,
0xec8b,
0x0c8c,
0xab83,
0xab7b,
0xcc83,
0x4e94,
0x6f94,
0x33a5,
0x55ad,
0x75ad,
0x55a5,
0x738c,
0x3384,
0x3684,
0xb973,
0x9973,
0x9973,
0x9973,
0x9973,
0x9973,
0x9973,
0x9973,
0x9973,
0x9973,
0x9973,
0x568c,
0xb394,
0x8b4a,
0x8e5b,
0x99ce,
0xffff,
0xffff,
0xffff,
0xffff,
0xffff,
0xffff,
0xffff,
0xffff,
0xffff,
0xffff,
0xffff,
0xffff,
0xffff,
0xffff,
0xffff,
0xffff,
0xdfff,
0xbef7,
0x9eef,
0xb6b5,
0x307c,
0x149d,
0x8f6b,
0x0d63,
0x0d8c,
0xb294,
0x5784,
0x5a6b,
0x9973,
0x9973,
0x9973,
0x9973,
0x9973,
0x9973,
0x9973,
0x9973,
0x9973,
0xd97b,
0x187c,
0x9973,
0x9973,
0x9973,
0x9973,
0x9973,
0x9973,
0x9973,
0x9973,
0x9973,
0x9973,
0x9973,
0x9973,
0x9973,
0x9973,
0x9973,
0x9973,
0x9973,
0x9973,
0x9973,
0x9973,
0x9973,
0x9973,
0x9973,
0x7a6b,
0x9973,
0x7a6b,
0x796b,
0x167c,
0x9584,
0x6942,
0x8942,
0x6a42,
0xa94a,
0xd49c,
0x768c,
0x7a6b,
0x5a6b,
0x7a6b,
0x7a6b,
0x9973,
0x9973,
0x9973,
0x9973,
0x9973,
0x9973,
0x9973,
0x9973,
0x9973,
0x9973,
0x9973,
0x9973,
0x5a6b,
0x7a6b,
0x9973,
0x3784,
0x948c,
0xc95a,
0x096b,
0xca52,
0x778c,
0xf87b,
0x1884,
0x5a6b,
0x3b6b,
0x5a6b,
0x7a6b,
0x5a6b,
0x177c,
0x6963,
0xa973,
0xa973,
0xaa7b,
0x897b,
0xe762,
0x0863,
0xa873,
0xa973,
0xa973,
0x886b,
0x886b,
0xa973,
0x8873,
0xc752,
0x085b,
0xa873,
0x686b,
0x686b,
0x686b,
0x686b,
0x6873,
0x6873,
0x486b,
0x2763,
0x275b,
0x265b,
0x275b,
0x475b,
0x475b,
0x486b,
0x686b,
0x686b,
0x8973,
0xa97b,
0xaa7b,
0xa97b,
0x697b,
0x6973,
0x6873,
0x486b,
0x486b,
0x486b,
0x4763,
0x4763,
0x4763,
0x4763,
0x465b,
0x6763,
0x4763,
0x6663,
0x8873,
0xa97b,
0x8873,
0x6973,
0x6873,
0xa97b,
0x0863,
0x9294,
0x8852,
0x676b,
0x476b,
0x476b,
0x265b,
0x265b,
0x265b,
0x2763,
0x676b,
0x876b,
0x676b,
0x676b,
0x676b,
0x876b,
0x876b,
0x676b,
0x876b,
0x676b,
0x2763,
0x694a,
0xd39c,
0x8952,
0xc95a,
0xa95a,
0x8852,
0xd39c,
0x1784,
0x9a6b,
0x7a6b,
0x5a6b,
0x5a6b,
0x5a6b,
0x7a6b,
0x5a6b,
0x5a6b,
0x9973,
0x7973,
0x3a63,
0x3a63,
0x3a63,
0x3a63,
0x5a6b,
0x3b63,
0xf883,
0x4a4a,
0xbb52,
0xfb5a,
0x7a6b,
0x9973,
0x9973,
0x9973,
0x9973,
0x9973,
0x9973,
0x9973,
0x9973,
0x9973,
0x7a6b,
0x1a5b,
0x195b,
0x4942,
0x085b,
0x286b,
0x8773,
0x676b,
0x8773,
0x876b,
0x676b,
0x476b,
0x676b,
0x476b,
0x686b,
0x8973,
0x6873,
0x496b,
0x2963,
0xe962,
0xe95a,
0x0963,
0x8952,
0x9494,
0x948c,
0x7584,
0x986b,
0xf67b,
0x558c,
0xb48c,
0x493a,
0x683a,
0xa842,
0xa742,
0xe642,
0x475b,
0xe95a,
0x3584,
0xa952,
0x3584,
0x9494,
0x6a52,
0x558c,
0xd67b,
0x3863,
0x3384,
0xab7b,
0x8b7b,
0xaa7b,
0x8973,
0xc97b,
0xc97b,
0xe983,
0x887b,
0x696b,
0x496b,
0x6873,
0xa87b,
0xa873,
0x8a63,
0xf59c,
0xf973,
0x758c,
0xeb5a,
0xea5a,
0x8a73,
0x6a73,
0x6973,
0xea5a,
0x748c,
0x786b,
0x3763,
0xf583,
0x3584,
0xab5a,
0x4a73,
0x2a6b,
0x0a63,
0x9294,
0xc952,
0xe952,
0xeb4a,
0x8c6b,
0x4a6b,
0x6f94,
0xb6b5,
0xd29c,
0x4f8c,
0x74ad,
0xd7b5,
0xce73,
0x167c,
0x9973,
0xb973,
0xb973,
0x9973,
0x9973,
0x9973,
0x9973,
0x9973,
0x9973,
0x7a6b,
0x3684,
0x8c73,
0xcf7b,
0x7384,
0xee73,
0xdfff,
0xffff,
0xffff,
0xffff,
0xffff,
0xffff,
0xffff,
0xffff,
0xffff,
0xffff,
0xffff,
0xffff,
0xffff,
0xffff,
0xdfff,
0xdfff,
0xffff,
0xffff,
0xdfff,
0xfbde,
0x79ce,
0xfbde,
0x7ace,
0x56a5,
0x738c,
0x167c,
0xb973,
0x9973,
0x9973,
0x9973,
0x9973,
0x9973,
0x9973,
0x9973,
0x9973,
0x9973,
0x9973,
0x9973,
0x9973,
0x9973,
0x9973,
0x9973,
0x9973,
0x9973,
0x9973,
0x9973,
0x9973,
0x9973,
0x9973,
0x9973,
0x9973,
0x9973,
0x9973,
0x9973,
0x9973,
0x9973,
0x9973,
0x9973,
0x9973,
0x9973,
0xb973,
0xb973,
0xe931,
0x8742,
0x894a,
0xc852,
0x085b,
0x4763,
0x6763,
0x6763,
0x676b,
0x265b,
0x265b,
0x075b,
0x4842,
0x4942,
0x167c,
0xb773,
0xb873,
0x596b,
0x5a6b,
0x7a6b,
0x9973,
0x9973,
0x9973,
0x9973,
0x7a6b,
0x5a6b,
0x7a6b,
0x9973,
0x968c,
0x778c,
0x5a6b,
0x3b6b,
0x1b63,
0x596b,
0x3963,
0x796b,
0x5a6b,
0x1784,
0xf59c,
0xf494,
0x694a,
0xd494,
0x758c,
0xb773,
0x986b,
0xc94a,
0x6863,
0x686b,
0x686b,
0x676b,
0xa652,
0xc852,
0x4863,
0x075b,
0x486b,
0x6873,
0x686b,
0x6873,
0x686b,
0x6763,
0x275b,
0x4763,
0x475b,
0x4763,
0x4763,
0x686b,
0x486b,
0x286b,
0x4873,
0x4873,
0x276b,
0x476b,
0x276b,
0x6873,
0xa97b,
0xc97b,
0xea83,
0x897b,
0x486b,
0x276b,
0x4873,
0x6973,
0x6973,
0x6973,
0x486b,
0x486b,
0x2763,
0x2663,
0x2663,
0x465b,
0x475b,
0x4763,
0x4763,
0x475b,
0x465b,
0x465b,
0x265b,
0x0663,
0xe65a,
0x265b,
0x4763,
0x2863,
0x486b,
0x8873,
0x8773,
0x6763,
0x676b,
0x476b,
0x676b,
0x686b,
0x8873,
0x8973,
0x8873,
0x8873,
0x8873,
0x876b,
0x876b,
0x676b,
0x2663,
0x476b,
0xa873,
0x8873,
0x6773,
0x676b,
0x476b,
0x6773,
0x6773,
0x6773,
0x676b,
0x666b,
0x674a,
0x167c,
0x7494,
0x294a,
0x949c,
0x5594,
0x358c,
0x494a,
0x894a,
0xb96b,
0x694a,
0xca5a,
0xa952,
0x8952,
0x8952,
0xd39c,
0x558c,
0xf683,
0x586b,
0xca5a,
0x7494,
0xd773,
0x3963,
0x3a63,
0x9973,
0x7a73,
0x9973,
0xb973,
0x9973,
0x9973,
0x7a6b,
0xb594,
0x095b,
0x2863,
0xa873,
0xa873,
0x8873,
0x8873,
0xa873,
0xa873,
0xa873,
0x8873,
0x886b,
0x8873,
0x886b,
0x8873,
0x6873,
0x6873,
0x486b,
0x486b,
0x286b,
0x486b,
0x286b,
0x476b,
0x476b,
0x676b,
0x8873,
0x2863,
0x4863,
0x4763,
0x254b,
0x0653,
0xe652,
0x0663,
0x065b,
0x0663,
0x0663,
0x2663,
0x0763,
0x486b,
0x897b,
0xca83,
0xeb8b,
0x0b8c,
0x6a7b,
0x096b,
0xc95a,
0x6a73,
0x2963,
0x6942,
0xe962,
0xc95a,
0xc95a,
0xa952,
0xa952,
0xa852,
0xa84a,
0xc952,
0xa94a,
0xa94a,
0x8b3a,
0x8c32,
0x6c32,
0x0a53,
0xe97b,
0x696b,
0x6a32,
0xc842,
0x6973,
0x4973,
0x6a6b,
0x2a5b,
0x6a73,
0x7584,
0x1a5b,
0x728c,
0xcc7b,
0xab7b,
0x8a73,
0x6a3a,
0xad2a,
0x6d4b,
0xad3a,
0x4c4b,
0x6b5b,
0x495b,
0x286b,
0x4a6b,
0x4a6b,
0xcc83,
0x12a5,
0xf39c,
0x738c,
0x9952,
0xd95a,
0x5a6b,
0x7a6b,
0x9973,
0x9973,
0x9973,
0x9973,
0x9973,
0x9973,
0x9973,
0xf67b,
0x938c,
0x5384,
0x508c,
0xffff,
0xffff,
0xffff,
0xffff,
0xffff,
0xffff,
0xffff,
0xffff,
0xffff,
0xffff,
0xffff,
0xffff,
0xffff,
0xbef7,
0xbef7,
0xbef7,
0x1cdf,
0x1ce7,
0xdbd6,
0x7ace,
0xd8b5,
0x35a5,
0x3384,
0xb673,
0x596b,
0x796b,
0x9973,
0x9973,
0x9973,
0x9973,
0x9973,
0x9973,
0x9973,
0x9973,
0x9973,
0x9973,
0x9973,
0x9973,
0x9973,
0x9973,
0x9973,
0x9973,
0x9973,
0x9973,
0x9973,
0x9973,
0x9973,
0x9973,
0x9973,
0x9973,
0x9973,
0x9973,
0x9973,
0x9973,
0x9973,
0x9973,
0x9973,
0xb973,
0xd973,
0xe931,
0x663a,
0x8742,
0x475b,
0x475b,
0x6763,
0x676b,
0x455b,
0x265b,
0x265b,
0x0553,
0xe552,
0xa64a,
0xe44a,
0x044b,
0x0553,
0x455b,
0x0553,
0x065b,
0xe75a,
0xa852,
0x9394,
0xd67b,
0x796b,
0x7a6b,
0x9973,
0xd973,
0x968c,
0xd48c,
0x387c,
0x7a6b,
0x4942,
0x4942,
0x367c,
0x948c,
0x6842,
0x874a,
0x874a,
0x884a,
0x684a,
0xa84a,
0x683a,
0xe75a,
0x876b,
0x876b,
0x876b,
0x275b,
0xe85a,
0x6942,
0x4942,
0x2763,
0x4763,
0x4763,
0x075b,
0x548c,
0xa852,
0x2763,
0x8852,
0x0763,
0x476b,
0x2763,
0x476b,
0x676b,
0x6763,
0x675b,
0x2553,
0x465b,
0x4863,
0x265b,
0x075b,
0xe75a,
0x0763,
0x086b,
0x076b,
0x286b,
0x276b,
0x286b,
0x486b,
0x476b,
0x476b,
0x2763,
0x2663,
0x2763,
0x2763,
0x2763,
0x4763,
0x486b,
0x476b,
0x476b,
0x476b,
0x476b,
0x2763,
0x2663,
0x2763,
0x4763,
0x4763,
0x475b,
0x265b,
0x265b,
0x265b,
0x0553,
0x065b,
0x465b,
0x065b,
0x2963,
0x686b,
0x676b,
0x676b,
0x476b,
0x2663,
0x2663,
0x2663,
0x476b,
0x6873,
0x6873,
0x8873,
0x676b,
0x4763,
0x4763,
0x2663,
0x4663,
0x2663,
0x2663,
0x2663,
0x065b,
0xe55a,
0x065b,
0x065b,
0xe65a,
0xe55a,
0x065b,
0x2663,
0x0663,
0x065b,
0x2663,
0x676b,
0x6773,
0x6873,
0x6873,
0x6873,
0x887b,
0x8873,
0xa85a,
0x2763,
0x887b,
0x897b,
0x897b,
0x897b,
0xa97b,
0x0b84,
0xaa7b,
0x296b,
0xa97b,
0xa97b,
0x686b,
0x0863,
0x748c,
0x786b,
0xb773,
0x5863,
0x3a63,
0x9973,
0x9973,
0x7a6b,
0xd87b,
0x758c,
0xa952,
0x4863,
0x4863,
0x686b,
0x4763,
0x486b,
0x686b,
0x686b,
0x486b,
0x2763,
0x2663,
0x265b,
0x0663,
0x0763,
0x0763,
0xe662,
0x065b,
0x065b,
0x055b,
0x055b,
0x265b,
0x265b,
0x055b,
0x055b,
0x2663,
0x2763,
0x275b,
0xe54a,
0xe552,
0xe65a,
0xe65a,
0x065b,
0xe65a,
0xe65a,
0xc652,
0xa652,
0xc65a,
0x0763,
0x486b,
0x6973,
0x6973,
0x486b,
0x6873,
0x686b,
0x686b,
0x4863,
0xc952,
0x694a,
0x894a,
0xa952,
0xa952,
0x6942,
0xe85a,
0x486b,
0x2863,
0x4863,
0x285b,
0x0953,
0x295b,
0x095b,
0x6963,
0x8973,
0x6963,
0x0853,
0x6973,
0x6973,
0x6a73,
0x6a73,
0x8a7b,
0xaa7b,
0x2b53,
0x0b53,
0x8b73,
0x8b73,
0x6b73,
0x4a6b,
0x8c3a,
0x4d2a,
0xcc2a,
0xed2a,
0xec73,
0x896b,
0x6d43,
0x8e3b,
0x6b53,
0x4973,
0x6b73,
0xec8b,
0x11a5,
0x38c6,
0xb7b5,
0x728c,
0x1484,
0xb773,
0xd87b,
0x9973,
0x9973,
0x9973,
0x9973,
0x9973,
0x7a6b,
0x558c,
0xe75a,
0xe65a,
0x8a73,
0x5cef,
0xffff,
0xffff,
0xffff,
0xffff,
0xffff,
0xffff,
0xffff,
0xffff,
0xdfff,
0xffff,
0xffff,
0xffff,
0xffff,
0xdfff,
0x97b5,
0x758c,
0x968c,
0x177c,
0xf95a,
0x9a52,
0x9a52,
0x9a52,
0x796b,
0x7a6b,
0x3a63,
0x9973,
0x9973,
0x7a6b,
0x7a6b,
0x7a6b,
0x5a6b,
0x9973,
0x9973,
0x9973,
0x9973,
0x9973,
0x9973,
0x9973,
0x9973,
0x9973,
0x9973,
0x9973,
0x9973,
0x9973,
0x9973,
0x9973,
0x9973,
0x9973,
0x9973,
0x9973,
0x9973,
0x9973,
0x9973,
0x9973,
0x9973,
0x9973,
0x9973,
0x3774,
0x673a,
0x275b,
0x8a6b,
0x8a6b,
0x265b,
0x0453,
0x2453,
0x0553,
0x0553,
0x054b,
0x054b,
0xe54a,
0x0553,
0x255b,
0x2553,
0x054b,
0xc54a,
0xe552,
0x0553,
0x255b,
0x4563,
0x4563,
0x465b,
0xe752,
0xb594,
0x5a6b,
0x796b,
0xc752,
0x4653,
0x882a,
0x092a,
0xa742,
0xe752,
0x665b,
0x665b,
0x655b,
0x465b,
0x8663,
0x8663,
0x6663,
0x6663,
0x6663,
0x6763,
0x4663,
0x265b,
0x6763,
0x876b,
0x8973,
0x676b,
0x265b,
0x2763,
0x4763,
0x4763,
0xa75a,
0x1384,
0x0763,
0x8773,
0xe75a,
0xe652,
0x4663,
0x2663,
0x465b,
0x465b,
0x665b,
0x665b,
0x4553,
0x054b,
0xe64a,
0x465b,
0x4763,
0x265b,
0x265b,
0x2763,
0x2763,
0x2763,
0x476b,
0x276b,
0x2763,
0x2763,
0x465b,
0x255b,
0x2663,
0x4663,
0x2763,
0x2763,
0x476b,
0x476b,
0x476b,
0x476b,
0x476b,
0x476b,
0x476b,
0x4763,
0x4763,
0x4763,
0x4763,
0x465b,
0x465b,
0x465b,
0x265b,
0x265b,
0x265b,
0x265b,
0xe65a,
0x0863,
0x486b,
0x476b,
0x4663,
0x4763,
0x4763,
0x2663,
0x4663,
0x4763,
0x686b,
0x8973,
0x686b,
0x4763,
0x2663,
0x2663,
0x2663,
0x2663,
0x4663,
0x4663,
0x4763,
0x4763,
0x265b,
0x265b,
0x265b,
0x265b,
0x255b,
0x4663,
0x4663,
0x676b,
0x4763,
0x4663,
0x265b,
0x2763,
0x276b,
0x276b,
0x476b,
0x286b,
0x4873,
0xa97b,
0x897b,
0x897b,
0x897b,
0x4973,
0x697b,
0xcb83,
0x2d8c,
0xaa7b,
0x897b,
0x496b,
0x8973,
0xea8b,
0x2a8c,
0xa973,
0x085b,
0x696b,
0x696b,
0x8a4a,
0xb973,
0x9973,
0x177c,
0x567c,
0xb48c,
0x2942,
0x347c,
0x6842,
0x075b,
0x475b,
0x6763,
0x6763,
0x465b,
0x2653,
0x2553,
0x2553,
0x2553,
0x265b,
0x065b,
0x0553,
0x0553,
0x0553,
0x254b,
0x2553,
0x254b,
0x244b,
0x0553,
0x2663,
0x055b,
0xe44a,
0x055b,
0x4663,
0x055b,
0x065b,
0xe55a,
0xe65a,
0xe55a,
0xe55a,
0xe55a,
0xe65a,
0xc75a,
0xa752,
0x874a,
0x8752,
0x948c,
0x1584,
0x684a,
0x8852,
0x075b,
0x2763,
0x2763,
0x4763,
0x2863,
0x496b,
0x496b,
0x8973,
0x496b,
0x085b,
0x286b,
0x286b,
0x286b,
0x286b,
0x6873,
0x4873,
0x4873,
0x8873,
0x8973,
0x6873,
0x6973,
0x4973,
0x4973,
0x6a73,
0x4a73,
0x2a6b,
0x0963,
0x296b,
0x096b,
0x8952,
0x0a63,
0xca5a,
0x7494,
0x3884,
0xb973,
0xb86c,
0xec1a,
0xec1a,
0xcd1a,
0x0d23,
0x6b53,
0xea83,
0x6a73,
0xaa4a,
0x296b,
0xe862,
0x0b63,
0x13a5,
0x53ad,
0xf29c,
0x908c,
0xd59c,
0x3a6b,
0xb973,
0x9973,
0x9973,
0x9973,
0x7a6b,
0x3584,
0xed7b,
0x708c,
0xcc7b,
0x99d6,
0xffff,
0xffff,
0xffff,
0xffff,
0xffff,
0xffff,
0xdfff,
0xffff,
0xffff,
0xbef7,
0x58c6,
0x9ace,
0xf7bd,
0x738c,
0xd852,
0xdb5a,
0x3a63,
0x7a6b,
0x9973,
0xb973,
0xb973,
0xb973,
0x9973,
0x768c,
0xd59c,
0x596b,
0x5863,
0xf67b,
0xd773,
0x357c,
0x748c,
0x9773,
0x7a6b,
0x9973,
0x9973,
0x9973,
0x9973,
0x9973,
0x9973,
0x9973,
0x9973,
0x9973,
0x9973,
0x9973,
0x9973,
0x9973,
0x9973,
0x9973,
0x9973,
0x9973,
0x9973,
0x9973,
0x9973,
0x9973,
0x9973,
0x9973,
0x957c,
0x0953,
0x896b,
0x896b,
0x475b,
0xe552,
0xe44a,
0x044b,
0x2453,
0x2453,
0x244b,
0x244b,
0x054b,
0xe44a,
0xe44a,
0xe44a,
0xe44a,
0xa542,
0x853a,
0x663a,
0x283a,
0x4742,
0x864a,
0xa64a,
0xe652,
0xc652,
0xd494,
0x758c,
0x5584,
0x4742,
0xe552,
0xc64a,
0x0553,
0x655b,
0x4553,
0x4553,
0x2553,
0x2553,
0x4553,
0x4553,
0x2553,
0x2553,
0x4553,
0x2553,
0x255b,
0x255b,
0x6763,
0x4763,
0x275b,
0x065b,
0xe55a,
0x055b,
0x065b,
0x065b,
0xa552,
0x6652,
0x2763,
0x476b,
0x476b,
0x466b,
0x265b,
0x6663,
0x265b,
0x2553,
0x2653,
0x2553,
0x4553,
0x254b,
0x244b,
0x454b,
0x4553,
0x465b,
0x4553,
0x665b,
0x465b,
0x465b,
0x465b,
0x4663,
0x4763,
0x4663,
0x4663,
0x465b,
0x4763,
0x4763,
0x4663,
0x4763,
0x4763,
0x4763,
0x476b,
0x476b,
0x476b,
0x476b,
0x4763,
0x4763,
0x4663,
0x4763,
0x4663,
0x465b,
0x665b,
0x665b,
0x2763,
0x0663,
0x0553,
0x265b,
0x465b,
0xe65a,
0x0763,
0x676b,
0x676b,
0x4663,
0x4763,
0x4763,
0x4763,
0x2763,
0x2663,
0x476b,
0x6973,
0xaa7b,
0x2763,
0x4663,
0x2663,
0x2763,
0x2763,
0x2663,
0x465b,
0x465b,
0x465b,
0x665b,
0x465b,
0x2663,
0x4763,
0x676b,
0x4663,
0x4663,
0x476b,
0x4663,
0x476b,
0x4763,
0x2663,
0x476b,
0x476b,
0x486b,
0x486b,
0x8873,
0x8873,
0x897b,
0xa97b,
0x6773,
0x887b,
0x897b,
0x8973,
0x897b,
0xaa7b,
0xca83,
0x748c,
0x9494,
0x8a52,
0xaa5a,
0xaa7b,
0xe983,
0xc97b,
0xc95a,
0xd59c,
0xd87b,
0xb973,
0xaa42,
0xa873,
0xc773,
0xc873,
0x686b,
0x4763,
0x6763,
0x676b,
0x465b,
0x0553,
0x2653,
0x255b,
0x265b,
0x265b,
0x265b,
0x265b,
0x054b,
0x044b,
0x0553,
0x0553,
0x055b,
0x265b,
0x265b,
0x0553,
0xe452,
0x4763,
0x476b,
0x4763,
0x2763,
0x2763,
0x4663,
0x4763,
0x686b,
0x4763,
0x2763,
0x2763,
0x2763,
0x265b,
0x065b,
0xe65a,
0xe65a,
0x2842,
0x758c,
0xb58c,
0x4842,
0x6742,
0xe552,
0x065b,
0x065b,
0xe75a,
0xc85a,
0x0863,
0xe85a,
0x0863,
0x2863,
0x486b,
0x286b,
0x286b,
0x286b,
0x086b,
0x086b,
0x086b,
0x086b,
0x286b,
0x0863,
0x286b,
0x296b,
0x4973,
0x4a6b,
0x4a6b,
0x4973,
0x2a6b,
0xe962,
0x296b,
0x528c,
0x8b73,
0x0b63,
0x548c,
0x3963,
0xfb5a,
0x7a73,
0xf96b,
0xca3a,
0x2a53,
0x8c4b,
0xec5b,
0x0a8c,
0x2a94,
0x0963,
0x296b,
0x4973,
0x296b,
0x1184,
0x7842,
0xaa52,
0x0f84,
0xb494,
0xb973,
0x9973,
0x9973,
0x9973,
0x9973,
0x9973,
0x9973,
0x586b,
0x5184,
0x6f8c,
0x708c,
0x5def,
0xffff,
0xffff,
0xffff,
0xffff,
0xffff,
0xdfff,
0xbef7,
0x9eef,
0xd7b5,
0x127c,
0x748c,
0x968c,
0xf95a,
0x9a52,
0x9973,
0xb973,
0xb973,
0x9973,
0x9973,
0x9973,
0x9973,
0x7a6b,
0x1884,
0x694a,
0x486b,
0xe85a,
0x2963,
0xaa73,
0xcb7b,
0xaa73,
0xa97b,
0x696b,
0x768c,
0x5a6b,
0x9973,
0x9973,
0x9973,
0x9973,
0x9973,
0x9973,
0x9973,
0x9973,
0x9973,
0x9973,
0x9973,
0x9973,
0x9973,
0x9973,
0x9973,
0x9973,
0x9973,
0x9973,
0x9973,
0x9973,
0x7a73,
0x5674,
0xe652,
0x6763,
0x675b,
0x0553,
0xe44a,
0xe44a,
0xe44a,
0x0453,
0xc542,
0xe831,
0xf67b,
0xe831,
0xe552,
0xe452,
0xe44a,
0xe44a,
0xc44a,
0xa542,
0xc54a,
0xe44a,
0x4742,
0x5a6b,
0xb973,
0x187c,
0x596b,
0x557c,
0xc54a,
0x0453,
0x0453,
0x055b,
0x0453,
0x055b,
0xe552,
0x044b,
0x044b,
0x244b,
0x244b,
0x244b,
0x244b,
0x244b,
0x244b,
0x244b,
0x244b,
0x2553,
0x465b,
0x465b,
0x465b,
0x2553,
0xe44a,
0x0453,
0x055b,
0x055b,
0x265b,
0x4663,
0x265b,
0x255b,
0x4663,
0x0663,
0x0663,
0xe55a,
0x055b,
0x465b,
0x455b,
0x0553,
0x0553,
0x4553,
0x444b,
0x2553,
0x254b,
0x244b,
0x4553,
0x465b,
0x455b,
0x655b,
0x6553,
0x6553,
0x455b,
0x455b,
0x465b,
0x465b,
0x465b,
0x465b,
0x665b,
0x6763,
0x665b,
0x465b,
0x6763,
0x4663,
0x6663,
0x4763,
0x6763,
0x6763,
0x6763,
0x6763,
0x465b,
0x665b,
0x665b,
0x6553,
0x6553,
0x6553,
0x455b,
0x2763,
0x065b,
0x255b,
0x465b,
0x265b,
0x0763,
0x486b,
0x676b,
0x476b,
0x4763,
0x676b,
0x476b,
0x4763,
0x476b,
0x476b,
0x476b,
0x486b,
0x286b,
0x2763,
0x4763,
0x676b,
0x6973,
0x686b,
0x676b,
0x4663,
0x465b,
0x465b,
0x465b,
0x4663,
0x465b,
0x6763,
0x4663,
0x2663,
0x4663,
0x2663,
0x4763,
0x486b,
0x486b,
0x6873,
0x6873,
0x486b,
0x676b,
0x676b,
0x876b,
0x876b,
0x676b,
0x876b,
0xa873,
0x8873,
0x676b,
0x8773,
0xa97b,
0x6973,
0x9973,
0x5a6b,
0x1b5b,
0x596b,
0x1684,
0xd49c,
0xf49c,
0x996b,
0x9973,
0x9973,
0x9973,
0x596b,
0x4a3a,
0xc942,
0x9384,
0xb38c,
0xf473,
0xc752,
0x8763,
0x2653,
0x0553,
0x0553,
0x0553,
0x0553,
0xe552,
0x0453,
0x044b,
0x2553,
0x0553,
0x275b,
0x275b,
0x0553,
0x065b,
0x075b,
0x065b,
0x0553,
0x055b,
0x2663,
0x2763,
0x265b,
0x265b,
0x075b,
0x0663,
0x4763,
0x8973,
0x8973,
0x6973,
0x6973,
0x486b,
0x055b,
0x055b,
0x2663,
0xe65a,
0xc652,
0xe55a,
0x055b,
0xe55a,
0xe552,
0xc652,
0xe65a,
0xe65a,
0xe662,
0xe75a,
0xe75a,
0xe75a,
0xc75a,
0x0863,
0x2863,
0x276b,
0x276b,
0x076b,
0x276b,
0x276b,
0xe762,
0xc762,
0xe762,
0xe762,
0xc85a,
0x086b,
0x086b,
0x086b,
0x296b,
0x2a6b,
0x0963,
0x9394,
0xb494,
0x4b94,
0x0b8c,
0x2a6b,
0xea5a,
0xf59c,
0xf87b,
0x7a6b,
0xb49c,
0xea62,
0x6952,
0x494a,
0xca5a,
0x8a73,
0x496b,
0xaa7b,
0x6a73,
0x6a7b,
0xab7b,
0x718c,
0x948c,
0xd95a,
0x1b63,
0x9973,
0x9973,
0x9973,
0x9973,
0x9973,
0x9973,
0x9973,
0x9973,
0xda5a,
0x674a,
0x2963,
0x17c6,
0xffff,
0xffff,
0xffff,
0xffff,
0xffff,
0xffff,
0xdfff,
0x18be,
0x1853,
0x9a52,
0x3a63,
0x3a63,
0x9973,
0xb973,
0x9973,
0x9973,
0x9973,
0x9973,
0x9973,
0x9973,
0x9973,
0x9973,
0xb973,
0xd873,
0x273a,
0x876b,
0xea7b,
0xcb7b,
0xd29c,
0x18c6,
0x0f7c,
0x694a,
0xf87b,
0x9973,
0x9973,
0x9973,
0x9973,
0x9973,
0x9973,
0x9973,
0x9973,
0x9973,
0x9973,
0x9973,
0x9973,
0x9973,
0x9973,
0x9973,
0x9973,
0x9973,
0x9973,
0x7a73,
0x9973,
0x996b,
0x083a,
0xc44a,
0x065b,
0x265b,
0x054b,
0xe44a,
0xe44a,
0x044b,
0x034b,
0x044b,
0x367c,
0x1a63,
0x357c,
0xa542,
0x244b,
0xe54a,
0xe44a,
0xe44a,
0xc442,
0xc54a,
0xe54a,
0x044b,
0xc54a,
0x083a,
0xb584,
0x463a,
0x8642,
0xa542,
0x244b,
0x044b,
0x044b,
0x2453,
0x0453,
0xe44a,
0xe442,
0x044b,
0x044b,
0x0443,
0x244b,
0x244b,
0x244b,
0x244b,
0x244b,
0x0443,
0x244b,
0x2653,
0x0553,
0x0553,
0x2453,
0x2553,
0x044b,
0xe44a,
0x2453,
0x0553,
0x255b,
0x055b,
0xe55a,
0xe55a,
0xe55a,
0xe55a,
0xe55a,
0xc552,
0xc552,
0xe552,
0x2553,
0x044b,
0x2453,
0x4453,
0x2553,
0x2453,
0xe44a,
0x044b,
0x4453,
0x4553,
0x4553,
0x4553,
0x4553,
0x444b,
0x4453,
0x4553,
0x4553,
0x455b,
0x455b,
0x4553,
0x6553,
0x665b,
0x665b,
0x6553,
0x655b,
0x655b,
0x6553,
0x655b,
0x655b,
0x665b,
0x665b,
0x665b,
0x6553,
0x4553,
0x4553,
0x4553,
0x4553,
0x6553,
0x665b,
0x465b,
0x265b,
0x065b,
0x2553,
0x465b,
0x4763,
0x275b,
0x265b,
0x265b,
0x2763,
0x2763,
0x4763,
0x2763,
0x676b,
0x676b,
0x6873,
0x476b,
0x4763,
0x2663,
0x476b,
0x476b,
0x676b,
0x8973,
0x6873,
0x676b,
0x4763,
0x465b,
0x465b,
0x465b,
0x465b,
0x465b,
0x2663,
0x4663,
0x476b,
0x476b,
0x4763,
0x686b,
0x686b,
0x676b,
0x676b,
0x8763,
0x8763,
0x876b,
0x8763,
0x6563,
0x876b,
0xa86b,
0x6763,
0x676b,
0x4763,
0x876b,
0xa852,
0x9673,
0x9973,
0x9973,
0xb973,
0x9973,
0x7a6b,
0x3a63,
0x5a6b,
0x3784,
0xb694,
0x1695,
0x3974,
0x7a73,
0x3964,
0x0a3b,
0xe84a,
0xc952,
0xe852,
0x275b,
0x455b,
0x255b,
0x2663,
0x055b,
0x0553,
0x0453,
0x0553,
0x4763,
0x2c7c,
0xcb73,
0x4863,
0x686b,
0xa96b,
0xaa73,
0x6863,
0x0453,
0xe452,
0x0453,
0x0553,
0x054b,
0x044b,
0xe552,
0xe44a,
0xe44a,
0x0453,
0xe44a,
0x0553,
0x4663,
0x476b,
0x6873,
0x6973,
0x486b,
0x2663,
0x055b,
0x055b,
0x065b,
0xc65a,
0xe55a,
0xc652,
0xc552,
0x055b,
0x065b,
0xe65a,
0xe65a,
0xc652,
0xa752,
0xc65a,
0xe65a,
0xe762,
0x0763,
0x076b,
0x276b,
0x276b,
0xa85a,
0x8752,
0xe662,
0xa75a,
0xc65a,
0xe662,
0xe762,
0xe762,
0x0763,
0x0763,
0xa95a,
0x9673,
0x5963,
0xb973,
0x7684,
0xea5a,
0x0b63,
0x5484,
0x14a5,
0x15a5,
0xd87b,
0x7a73,
0x768c,
0x776b,
0xbb52,
0xfb5a,
0xba52,
0x966b,
0xea62,
0x6a73,
0xaa7b,
0x4a6b,
0x0b6b,
0xed83,
0x6d6b,
0x986b,
0xb973,
0x9973,
0x9973,
0x9973,
0x9973,
0x9973,
0x9973,
0x9973,
0x9973,
0x9973,
0xf77b,
0x8c6b,
0x78ce,
0xffff,
0xdfff,
0xffff,
0xffff,
0xdfff,
0x3ce7,
0x55a5,
0x748c,
0x596b,
0xd97b,
0xb973,
0xb973,
0x9973,
0x9973,
0x9973,
0x9973,
0x9973,
0x9973,
0x9973,
0x9973,
0x9973,
0x9973,
0x9973,
0x9973,
0xd87b,
0xd773,
0x7584,
0xb494,
0x3584,
0xb773,
0x3963,
0x3a63,
0x7a6b,
0x9973,
0x9973,
0x9973,
0x9973,
0x9973,
0x7a73,
0x9973,
0x9973,
0x9973,
0x9973,
0x9973,
0x9973,
0x9973,
0x9973,
0x9973,
0x9973,
0x7a6b,
0x796b,
0xf76b,
0x273a,
0xc64a,
0xe54a,
0x2553,
0x265b,
0xe54a,
0xc442,
0xe442,
0x0443,
0xc442,
0x0832,
0xf773,
0xd584,
0xc642,
0x2453,
0x044b,
0xc442,
0xc542,
0xe442,
0xc542,
0xa542,
0xe44a,
0xe44a,
0xa542,
0x853a,
0x044b,
0xe552,
0xc54a,
0x244b,
0x244b,
0x044b,
0x244b,
0x044b,
0xe442,
0xe442,
0xe442,
0xe442,
0x244b,
0x044b,
0x044b,
0x244b,
0x244b,
0x0443,
0x244b,
0x044b,
0xe44a,
0xe442,
0x044b,
0x0343,
0x044b,
0x244b,
0x044b,
0xe44a,
0x044b,
0x244b,
0x0453,
0xe452,
0xa452,
0xa452,
0xa452,
0xc452,
0xc55a,
0xc552,
0xc552,
0xa44a,
0xe452,
0x0453,
0x4453,
0x2453,
0x2453,
0x2553,
0x2453,
0xe44a,
0x0443,
0x244b,
0x244b,
0x244b,
0x444b,
0x4553,
0x4553,
0x4453,
0x244b,
0x4453,
0x4453,
0x6553,
0x4553,
0x6553,
0x6553,
0x6553,
0x6553,
0x6553,
0x6553,
0x6553,
0x655b,
0x254b,
0x2553,
0x6553,
0x6553,
0x6553,
0x644b,
0x644b,
0x4553,
0x6553,
0x4553,
0x465b,
0x455b,
0x255b,
0x4663,
0x455b,
0x4553,
0x4553,
0x6553,
0x4553,
0x4553,
0x4553,
0x4553,
0x4553,
0x4653,
0x2553,
0x065b,
0x486b,
0x686b,
0x4763,
0x6663,
0x6763,
0x476b,
0x4663,
0x4663,
0x476b,
0x676b,
0x6663,
0x665b,
0x465b,
0x465b,
0x6663,
0x4763,
0x4763,
0x6873,
0x886b,
0x6763,
0x6763,
0x686b,
0x676b,
0x4763,
0x4763,
0x4663,
0x6663,
0xa773,
0xa773,
0x876b,
0x876b,
0x876b,
0x876b,
0xa76b,
0x886b,
0x886b,
0x6863,
0x167c,
0x9973,
0x9973,
0x9973,
0x9973,
0x9973,
0xb973,
0x9973,
0x9973,
0x7a6b,
0xb973,
0x9973,
0xb96b,
0xc932,
0x6763,
0x8663,
0x8663,
0xa663,
0x455b,
0x455b,
0x455b,
0x255b,
0x0553,
0x0453,
0x4763,
0x496b,
0xeb73,
0x685b,
0x2653,
0x896b,
0xca7b,
0x6863,
0x0453,
0x6863,
0x0d84,
0xab73,
0x275b,
0xe34a,
0xe352,
0x065b,
0x065b,
0xe552,
0x0553,
0x265b,
0x055b,
0xe552,
0x0553,
0x465b,
0x8973,
0x486b,
0x486b,
0x2763,
0xe552,
0x044b,
0x0553,
0x055b,
0x0663,
0x065b,
0xe552,
0x0553,
0x8742,
0xa642,
0xc652,
0x874a,
0x864a,
0xa652,
0xe75a,
0x0763,
0x0763,
0x076b,
0xe662,
0xe662,
0xc75a,
0xc75a,
0xc65a,
0xc65a,
0xc75a,
0x0663,
0xc65a,
0x0763,
0xa752,
0x367c,
0x9973,
0x7a6b,
0x9973,
0x9973,
0x5a6b,
0x3963,
0xdb52,
0x6a52,
0xd69c,
0xdb5a,
0x15a5,
0x578c,
0x494a,
0x096b,
0x895a,
0xa95a,
0xea62,
0x348c,
0x3863,
0x776b,
0x558c,
0xb39c,
0xec62,
0x348c,
0x3584,
0x9973,
0x9973,
0x9973,
0x9973,
0x9973,
0x9973,
0x9973,
0x9973,
0x9973,
0x9973,
0x9973,
0x7a6b,
0x7763,
0xad6b,
0xbad6,
0xffff,
0xffff,
0xffff,
0xdfff,
0x1cdf,
0x958c,
0x9b52,
0xb973,
0x9973,
0x9973,
0x9973,
0x9973,
0x9973,
0x9973,
0x9973,
0x9973,
0x9973,
0x9973,
0x9973,
0x9973,
0x9973,
0x9973,
0x9973,
0x9973,
0x7a73,
0x5a6b,
0x3b63,
0x7a6b,
0x7a6b,
0x9973,
0x9973,
0x9973,
0x9973,
0x9973,
0x9973,
0x9973,
0x9973,
0x978c,
0xb973,
0x9973,
0x9973,
0x9973,
0x7a73,
0x9973,
0x9973,
0x9973,
0x9973,
0x7a73,
0x5784,
0x8742,
0x6963,
0xa973,
0x676b,
0x6663,
0x4663,
0x055b,
0x0453,
0xe44a,
0xe442,
0xa53a,
0xd773,
0x5a6b,
0x5a6b,
0x463a,
0x4453,
0xc542,
0xc442,
0xa53a,
0xa53a,
0x853a,
0x6632,
0x853a,
0xc442,
0x0443,
0xe442,
0x4632,
0x2832,
0xe542,
0xe442,
0xe442,
0x0443,
0x0443,
0x2443,
0x244b,
0x044b,
0x0443,
0xe442,
0xe442,
0x0443,
0x2443,
0x2443,
0x244b,
0x2443,
0x0443,
0x0443,
0x044b,
0x044b,
0xc43a,
0xe442,
0x044b,
0x244b,
0x244b,
0x244b,
0x244b,
0x244b,
0x0443,
0x0453,
0xc452,
0x844a,
0x454a,
0x254a,
0x654a,
0x6452,
0xa44a,
0xc44a,
0xe452,
0x0453,
0x0453,
0x0453,
0xe452,
0xe452,
0x0453,
0x244b,
0x244b,
0x2443,
0x2443,
0x2443,
0x244b,
0x0443,
0x044b,
0x244b,
0x4453,
0x4453,
0x4453,
0x4553,
0x4553,
0x6453,
0x4553,
0x6553,
0x6553,
0x6553,
0x6553,
0x4553,
0x6553,
0x655b,
0x4553,
0x4553,
0x4553,
0x4553,
0x455b,
0x4553,
0x4453,
0x4553,
0x4553,
0x455b,
0x455b,
0x455b,
0x455b,
0x4553,
0x455b,
0x6553,
0x4553,
0x455b,
0x455b,
0x6453,
0x6553,
0x6553,
0x644b,
0x6553,
0x4553,
0x0553,
0x2663,
0x486b,
0x8973,
0x8973,
0x8973,
0x8873,
0x476b,
0x255b,
0x455b,
0x265b,
0x255b,
0x465b,
0x665b,
0x665b,
0x6763,
0x886b,
0x676b,
0x0863,
0x0753,
0x475b,
0x876b,
0x8763,
0x6842,
0xc84a,
0x6663,
0x4663,
0x676b,
0x876b,
0x686b,
0x686b,
0x876b,
0x8663,
0x275b,
0xc852,
0x938c,
0x3584,
0xd494,
0x768c,
0x9973,
0x9973,
0x9973,
0x9973,
0x9973,
0x9973,
0xd973,
0x9973,
0x9973,
0x9973,
0x9973,
0x2c22,
0x092b,
0x2653,
0x666b,
0x4663,
0x2663,
0x4663,
0x6663,
0x465b,
0x2553,
0x255b,
0x455b,
0x4763,
0x9094,
0x4d7c,
0x0343,
0x2453,
0x4d7c,
0x0f7c,
0xee73,
0x2c7c,
0x0c7c,
0x6f8c,
0xd19c,
0xb5b5,
0x74ad,
0x4f84,
0x2763,
0x055b,
0x0553,
0x044b,
0x2653,
0x0553,
0x255b,
0x0553,
0xe54a,
0x265b,
0x0553,
0xe452,
0x065b,
0x054b,
0x044b,
0xe44a,
0xe44a,
0x0553,
0x2553,
0x2453,
0xa64a,
0x673a,
0x064b,
0x2653,
0x065b,
0xe552,
0xe552,
0x065b,
0xc65a,
0xc65a,
0xc65a,
0xc65a,
0xc65a,
0xe75a,
0x0663,
0xe75a,
0xe662,
0xe65a,
0x0663,
0x0663,
0x8752,
0xb973,
0x7a6b,
0x9973,
0x9973,
0x9973,
0x9973,
0x9973,
0x9973,
0xb973,
0x5a6b,
0x5a6b,
0xb973,
0x1884,
0xb973,
0x284a,
0x877b,
0x4873,
0x6973,
0x8a7b,
0x8a7b,
0xaa5a,
0x9494,
0xd873,
0xb973,
0x596b,
0xd87b,
0x1784,
0x796b,
0x9973,
0x9973,
0x9973,
0x9973,
0x9973,
0x9973,
0x9973,
0x9973,
0x9973,
0x9973,
0x9973,
0x9973,
0xda52,
0x694a,
0x54a5,
0xb294,
0xd19c,
0x9def,
0x76a5,
0xb873,
0xb973,
0x9973,
0x9973,
0x9973,
0x9973,
0x9973,
0x9973,
0x9973,
0x9973,
0x9973,
0x9973,
0x9973,
0x9973,
0x9973,
0x9973,
0x9973,
0x9973,
0x9973,
0x9973,
0x9973,
0xb973,
0x9973,
0x9973,
0x9973,
0x9973,
0x9973,
0x9973,
0x9973,
0x9973,
0x9973,
0x9973,
0xd973,
0x9973,
0x9973,
0x9973,
0x9973,
0xf87b,
0xb973,
0x9973,
0x9973,
0x9973,
0x7a6b,
0x463a,
0x465b,
0xaa6b,
0x896b,
0x054b,
0x054b,
0x044b,
0x0453,
0x0453,
0xc442,
0xe442,
0x463a,
0x596b,
0xb973,
0x9973,
0x2732,
0x4453,
0x044b,
0xe442,
0xc542,
0xc442,
0x653a,
0xa43a,
0x6632,
0x986b,
0x0932,
0x0443,
0xe43a,
0x4832,
0xc53a,
0x0443,
0x0443,
0x0443,
0x2443,
0x0443,
0x2443,
0x2443,
0x2443,
0x244b,
0x2443,
0x2443,
0x2443,
0x2443,
0x2443,
0x0443,
0x0443,
0x0443,
0x0443,
0x0443,
0xe442,
0x0443,
0x2443,
0x2443,
0x244b,
0x2553,
0x0553,
0x0453,
0xe44a,
0xe442,
0xc44a,
0xe44a,
0xe44a,
0xe452,
0xe452,
0xe44a,
0x044b,
0x244b,
0x0453,
0xe452,
0x044b,
0x044b,
0x044b,
0x044b,
0x0453,
0x044b,
0x2443,
0x244b,
0x244b,
0xe442,
0x2443,
0x2443,
0x0443,
0x2443,
0x244b,
0x244b,
0x244b,
0x4453,
0x4553,
0x4553,
0x4553,
0x4553,
0x4553,
0x4553,
0x6553,
0x4553,
0x654b,
0x654b,
0x4553,
0x4553,
0x4453,
0x444b,
0x2553,
0x444b,
0x4553,
0x4553,
0x4553,
0x4553,
0x6553,
0x6553,
0x6553,
0x6453,
0x6553,
0x4553,
0x4453,
0x6553,
0x6453,
0x6453,
0x6453,
0x4553,
0x6553,
0x4453,
0x2553,
0x265b,
0x4763,
0x465b,
0x4763,
0x2763,
0x4763,
0x4763,
0x465b,
0x6663,
0x6663,
0x4663,
0x4663,
0x676b,
0x686b,
0x4763,
0x686b,
0x085b,
0x347c,
0x786b,
0x3963,
0x2942,
0xc84a,
0x682a,
0x873a,
0x876b,
0x8763,
0x6663,
0x465b,
0x275b,
0x6763,
0x4763,
0xc852,
0x5484,
0x976b,
0x596b,
0x5a6b,
0x5a6b,
0x3b63,
0x7a6b,
0x9973,
0x9973,
0x9973,
0x9973,
0x9973,
0x9973,
0xd97b,
0xb973,
0x9973,
0x9973,
0xd96b,
0xab32,
0xe942,
0x8a32,
0xa74a,
0xe652,
0x6663,
0xa76b,
0xc76b,
0x675b,
0x4663,
0x6763,
0x0653,
0x0753,
0x8c6b,
0x8a32,
0x695b,
0xee73,
0x117c,
0x5474,
0x7953,
0x7584,
0xcb4a,
0x117c,
0xf17b,
0xf394,
0x55a5,
0x17be,
0xf19c,
0xcb73,
0x0d84,
0x4863,
0xc44a,
0xe44a,
0x2653,
0x0653,
0xc442,
0xe442,
0xe442,
0xe442,
0xe342,
0x0443,
0x244b,
0x054b,
0x0453,
0x044b,
0xe54a,
0x0453,
0x2553,
0x255b,
0x0453,
0x2453,
0x0553,
0xe552,
0x864a,
0x864a,
0xc552,
0xa54a,
0xa54a,
0xc652,
0xc65a,
0xc752,
0xe65a,
0xa652,
0x0663,
0x2663,
0x266b,
0xe662,
0xb773,
0x5a6b,
0xb973,
0x9973,
0x9973,
0x9973,
0x9973,
0x9973,
0x9973,
0x9973,
0x9973,
0x9973,
0x9973,
0x9973,
0x5a6b,
0x3484,
0x266b,
0x076b,
0xe762,
0x086b,
0x4973,
0x6873,
0x4873,
0xf67b,
0x1884,
0x7a6b,
0x796b,
0xa952,
0x1584,
0x3a63,
0xb973,
0x9973,
0x9973,
0x9973,
0x9973,
0x9973,
0x9973,
0x9973,
0x9973,
0x9973,
0x9973,
0x9973,
0x5a6b,
0x9a52,
0x7a4a,
0x137c,
0xae73,
0x9594,
0xdb5a,
0xb973,
0x9973,
0x9973,
0x9973,
0x9973,
0x9973,
0x9973,
0x9973,
0x9973,
0x9973,
0x9973,
0x9973,
0x9973,
0x9973,
0x9973,
0x9973,
0x9973,
0x9973,
0x9973,
0x9973,
0x9973,
0x9973,
0x9973,
0x9973,
0x9973,
0x9973,
0x9973,
0x9973,
0x9973,
0x9973,
0x9973,
0x7a6b,
0x9973,
0x7a6b,
0x7a6b,
0x9973,
0x5784,
0xd973,
0x9973,
0x9973,
0x9973,
0x7a73,
0xc829,
0x0653,
0x8973,
0x0553,
0x034b,
0x0443,
0xe442,
0xc43a,
0xc442,
0xc442,
0xe442,
0x044b,
0xe442,
0x567c,
0x377c,
0xe829,
0x4632,
0x663a,
0x473a,
0x283a,
0x9584,
0x9684,
0x863a,
0x0543,
0x673a,
0x673a,
0x2443,
0x0443,
0x234b,
0x2443,
0x0543,
0x244b,
0x2443,
0x2443,
0x2443,
0x2443,
0x2443,
0x2443,
0x2443,
0x2443,
0x243b,
0x2443,
0x2443,
0x2443,
0x244b,
0x2443,
0x244b,
0x244b,
0x2443,
0x044b,
0x0443,
0x2443,
0x2443,
0x244b,
0x244b,
0x054b,
0xe552,
0xe452,
0xc452,
0xc442,
0x0443,
0x044b,
0x044b,
0xe44a,
0x044b,
0x044b,
0x044b,
0x244b,
0x0453,
0x0453,
0x2453,
0x044b,
0xe44a,
0xe452,
0x0453,
0x044b,
0x044b,
0x0453,
0xe442,
0xe442,
0x044b,
0x244b,
0x244b,
0x044b,
0x244b,
0x244b,
0x244b,
0x444b,
0x444b,
0x444b,
0x444b,
0x444b,
0x444b,
0x4553,
0x444b,
0x444b,
0x444b,
0x244b,
0x244b,
0x2443,
0x244b,
0x254b,
0x2553,
0x2553,
0x4553,
0x444b,
0x444b,
0x644b,
0x4453,
0x6553,
0x6453,
0x4453,
0x4553,
0x6453,
0x6453,
0x665b,
0x6553,
0x6553,
0x6553,
0x654b,
0x6553,
0x4553,
0x455b,
0x465b,
0x4553,
0x455b,
0x4553,
0x2553,
0x2553,
0x4553,
0x4553,
0x455b,
0x2653,
0xe752,
0x275b,
0x4663,
0x655b,
0xa742,
0x986b,
0x7a6b,
0xb973,
0x7a73,
0x796b,
0x5474,
0x4653,
0x465b,
0x884a,
0x493a,
0x293a,
0x167c,
0xb773,
0xd48c,
0x567c,
0x3963,
0x5a6b,
0x9973,
0x9973,
0x9973,
0x9973,
0xb973,
0x9973,
0x9973,
0x9973,
0x9973,
0x9973,
0x9973,
0x9973,
0x9973,
0x9973,
0x9973,
0x9973,
0x9973,
0x9973,
0xb873,
0x796b,
0x996b,
0xb963,
0xc842,
0x074b,
0xc742,
0x0753,
0x275b,
0x465b,
0x485b,
0x8a6b,
0xf573,
0x5963,
0x768c,
0xb773,
0xba5a,
0x9973,
0x9973,
0x3a6b,
0xfb5a,
0x9a52,
0x9a52,
0x9a52,
0xfa52,
0x757c,
0xf073,
0x339d,
0xed6b,
0xd294,
0x0d7c,
0xc54a,
0x044b,
0x2553,
0x0553,
0x0553,
0xe54a,
0x265b,
0x0653,
0xe442,
0x0443,
0x244b,
0x244b,
0x244b,
0x244b,
0x244b,
0x2553,
0x054b,
0x044b,
0x4553,
0x455b,
0x0553,
0xa752,
0xa752,
0xe65a,
0x0653,
0xe652,
0xe652,
0xc652,
0xe65a,
0xe75a,
0xe65a,
0xc65a,
0xc55a,
0x0663,
0xe562,
0x083a,
0x367c,
0x7a6b,
0x7a73,
0x9973,
0x9973,
0x9973,
0x9973,
0x9973,
0x9973,
0x9973,
0x9973,
0x9973,
0x9973,
0xb873,
0xa75a,
0x466b,
0x0663,
0x0663,
0x276b,
0x276b,
0x276b,
0x276b,
0xa852,
0x1584,
0xf67b,
0x884a,
0xa97b,
0x296b,
0xd673,
0x5a6b,
0x9973,
0x9973,
0x9973,
0x9973,
0x9973,
0x9973,
0x9973,
0x9973,
0x9973,
0x9973,
0x9973,
0xb973,
0xb973,
0xb973,
0x9973,
0x9b52,
0x5a6b,
0xb973,
0x9973,
0x9973,
0x9973,
0x9973,
0x9973,
0x9973,
0x9973,
0x9973,
0x9973,
0x9973,
0x9973,
0x9973,
0x9973,
0x9973,
0x9973,
0x9973,
0x9973,
0x9973,
0x9973,
0x9973,
0x9973,
0x9973,
0x9973,
0x9973,
0x9973,
0x9973,
0x9973,
0x9973,
0x9973,
0x9973,
0x9973,
0xd87b,
0x9973,
0xd67b,
0x958c,
0x1874,
0x5a6b,
0x9973,
0x9973,
0x9973,
0x9973,
0x7a73,
0xf873,
0xc64a,
0x255b,
0xc44a,
0x273a,
0x557c,
0xc442,
0x863a,
0x473a,
0xc542,
0x054b,
0xc542,
0x0832,
0xb973,
0x9973,
0x7a73,
0x587c,
0x473a,
0x054b,
0x454b,
0xc642,
0x863a,
0x4443,
0x444b,
0x244b,
0x234b,
0x2443,
0x244b,
0x244b,
0x444b,
0xc542,
0xe542,
0x444b,
0x2443,
0x244b,
0x4443,
0x2443,
0x2443,
0x2443,
0x4443,
0x444b,
0x444b,
0x444b,
0x444b,
0x4443,
0x454b,
0x454b,
0x0443,
0x2443,
0x2443,
0x2443,
0x2443,
0x4443,
0x2443,
0x2443,
0x244b,
0x444b,
0x0453,
0x044b,
0x2443,
0x044b,
0xe44a,
0xe44a,
0xe44a,
0xe442,
0xe44a,
0x044b,
0x244b,
0x244b,
0x244b,
0x0453,
0x0453,
0xe44a,
0x0453,
0x0453,
0x0453,
0x044b,
0x244b,
0x0443,
0x043b,
0x0443,
0x0443,
0x2443,
0x0443,
0x044b,
0x244b,
0x2443,
0x2443,
0x2443,
0x2443,
0x244b,
0x0443,
0x244b,
0x444b,
0x444b,
0x2443,
0x0443,
0x0443,
0x0443,
0x044b,
0x265b,
0x265b,
0x255b,
0x4553,
0x4553,
0x4553,
0x4553,
0x444b,
0x4553,
0x6553,
0x6453,
0x4453,
0x4453,
0x4453,
0x4453,
0x4553,
0x4553,
0x444b,
0x454b,
0x4553,
0x4553,
0x4553,
0x4553,
0x6663,
0x655b,
0xc642,
0x757c,
0x167c,
0x167c,
0x167c,
0xf67b,
0x167c,
0xb773,
0x596b,
0x367c,
0x283a,
0x0932,
0x5784,
0x9973,
0x9973,
0x3a6b,
0xb773,
0xc642,
0xa763,
0x475b,
0x7474,
0x387c,
0x7a6b,
0x5a6b,
0x7a6b,
0x7a73,
0x5a6b,
0x7a6b,
0x9973,
0x9973,
0x9973,
0x9973,
0x9973,
0x9973,
0x9973,
0x9973,
0x9973,
0x9973,
0x9973,
0x9973,
0x9973,
0x9973,
0x9973,
0x9973,
0x9973,
0x9973,
0x9973,
0x9973,
0x9973,
0x9973,
0x9973,
0x9973,
0x796b,
0x5963,
0xfa5a,
0x3763,
0x074b,
0x4753,
0xc94a,
0xaa4a,
0xc742,
0x9684,
0x1b63,
0x9973,
0xb973,
0x9973,
0x9973,
0xb973,
0xb973,
0xb973,
0xb973,
0xb973,
0x9973,
0x3a6b,
0xda5a,
0x367c,
0xa63a,
0x873a,
0x8c63,
0xf29c,
0x4963,
0x2653,
0x475b,
0x265b,
0x265b,
0x0653,
0x4963,
0x0653,
0xe342,
0x0443,
0x0443,
0x0443,
0x0443,
0x244b,
0x454b,
0x244b,
0x244b,
0x244b,
0x2553,
0x2553,
0x255b,
0x4663,
0x0763,
0xe75a,
0x065b,
0xe552,
0x6642,
0x674a,
0xe55a,
0xe65a,
0xe552,
0xc552,
0xe55a,
0x055b,
0x2563,
0xe65a,
0x367c,
0xd873,
0xb973,
0x5a6b,
0x7a6b,
0x9973,
0x9973,
0x9973,
0x9973,
0x9973,
0x9973,
0x9973,
0x9973,
0x1784,
0xa752,
0x2663,
0x0763,
0x476b,
0x476b,
0x476b,
0x476b,
0x4663,
0x2663,
0x2663,
0x476b,
0x6973,
0x697b,
0x0863,
0x167c,
0x7a73,
0x9973,
0x9973,
0x9973,
0x9973,
0x9973,
0x9973,
0x9973,
0x9973,
0x9973,
0x9973,
0x9973,
0x9973,
0x9973,
0x9973,
0xb973,
0xb973,
0x9973,
0x9973,
0x9973,
0x9973,
0x9973,
0x9973,
0x9973,
0x9973,
0x9973,
0x9973,
0x9973,
0x9973,
0x9973,
0x9973,
0x9973,
0x9973,
0x9973,
0x9973,
0x9973,
0x9973,
0x9973,
0x9973,
0x9973,
0x9973,
0x9973,
0x9973,
0x9973,
0x9973,
0x9973,
0x9973,
0x9973,
0xb973,
0xf594,
0xd394,
0x466b,
0xc752,
0x493a,
0x187c,
0x7a73,
0x9973,
0x9973,
0x9973,
0x9973,
0x9973,
0xf77b,
0x9584,
0xf773,
0xd773,
0x177c,
0x2832,
0x244b,
0xe54a,
0xc542,
0x034b,
0x3674,
0x187c,
0x5784,
0x7a6b,
0xf87b,
0x4732,
0xb76b,
0xc542,
0x644b,
0x444b,
0x254b,
0x444b,
0x444b,
0x054b,
0x0443,
0x0443,
0x244b,
0x444b,
0x644b,
0x254b,
0x0543,
0x8453,
0x6553,
0x444b,
0x244b,
0x2443,
0x444b,
0x444b,
0x6553,
0x6553,
0x6553,
0x6553,
0x6553,
0x654b,
0x6553,
0x4553,
0x454b,
0x644b,
0x4443,
0x4443,
0x444b,
0x444b,
0x644b,
0x444b,
0x444b,
0x444b,
0x444b,
0x444b,
0x444b,
0x244b,
0x244b,
0x044b,
0x044b,
0x044b,
0x044b,
0x244b,
0x244b,
0x244b,
0x244b,
0x244b,
0x244b,
0x244b,
0x244b,
0x244b,
0x2443,
0x2443,
0x4443,
0x2443,
0x2443,
0x444b,
0x2443,
0x2443,
0x0443,
0x2443,
0x244b,
0x2443,
0x2443,
0x2443,
0x2543,
0x0443,
0x2443,
0x244b,
0x444b,
0x244b,
0x0443,
0x054b,
0x044b,
0x2553,
0x2553,
0x2553,
0x2553,
0x255b,
0x465b,
0x465b,
0x4663,
0x465b,
0x455b,
0x455b,
0x4553,
0x455b,
0x455b,
0x2553,
0x455b,
0x255b,
0x2553,
0x2553,
0x4553,
0x4553,
0x454b,
0x444b,
0x4553,
0x655b,
0x265b,
0x483a,
0x796b,
0x5a6b,
0x7a6b,
0x7a6b,
0x7a6b,
0x7a6b,
0x7a6b,
0x9973,
0x9973,
0x9973,
0x7a6b,
0x5a6b,
0x7a6b,
0x5a6b,
0xf673,
0xa742,
0x454b,
0xa65b,
0xa763,
0x0643,
0x177c,
0x9973,
0xb973,
0x9973,
0x9973,
0x9973,
0x9973,
0x9973,
0x9973,
0x9973,
0x9973,
0x9973,
0x9973,
0x9973,
0x9973,
0x9973,
0x9973,
0x9973,
0x9973,
0x9973,
0x9973,
0x9973,
0x9973,
0x9973,
0x9973,
0xb973,
0x9973,
0x9973,
0x9973,
0x9973,
0x7a73,
0x5a6b,
0x7a6b,
0xd973,
0x4a42,
0x0853,
0xc84a,
0x357c,
0xfa5a,
0x0932,
0xd68c,
0x9973,
0x9973,
0x9973,
0x9973,
0x9973,
0x9973,
0x9973,
0x9973,
0x9973,
0x9973,
0x9973,
0x9973,
0xb973,
0xb973,
0x5a6b,
0x577c,
0x4832,
0x6522,
0xec6b,
0x908c,
0x6f84,
0xaa6b,
0x2753,
0x275b,
0x0653,
0xe442,
0xe64a,
0xc442,
0x244b,
0x4553,
0x244b,
0x254b,
0x4553,
0x0443,
0x244b,
0x0443,
0x244b,
0x244b,
0x044b,
0x0553,
0xc54a,
0xe552,
0xc652,
0xe44a,
0xe44a,
0xa542,
0x8642,
0xe552,
0xe54a,
0x0553,
0x0553,
0x0553,
0x255b,
0x055b,
0x255b,
0x0553,
0xe552,
0xa64a,
0x6742,
0x377c,
0x7a6b,
0x7a6b,
0x7a6b,
0x7a6b,
0x7a6b,
0x9973,
0x1884,
0x578c,
0x1b63,
0x1584,
0x2663,
0xe65a,
0x0663,
0x476b,
0x466b,
0x466b,
0x265b,
0xe552,
0x055b,
0x0563,
0x476b,
0x4873,
0x476b,
0x6742,
0x7a6b,
0x7a6b,
0x9973,
0x9973,
0x9973,
0x9973,
0x9973,
0x9973,
0x9973,
0x9973,
0x9973,
0x9973,
0x9973,
0x9973,
0x9973,
0x9973,
0x9973,
0x9973,
0x9973,
0x9973,
0x9973,
0x9973,
0x9973,
0x9973,
0x9973,
0x9973,
0x9973,
0x9973,
0x9973,
0x9973,
0x9973,
0x9973,
0x9973,
0x9973,
0x9973,
0x9973,
0x9973,
0x9973,
0x9973,
0x9973,
0x9973,
0x9973,
0x9973,
0x9973,
0x9973,
0x9973,
0x9973,
0x9973,
0x9973,
0xb973,
0xa74a,
0x666b,
0x4663,
0xe74a,
0x986b,
0x9973,
0x9973,
0x9973,
0x9973,
0x9973,
0x9973,
0x9973,
0x5a6b,
0x293a,
0x665b,
0xc742,
0x5a63,
0x863a,
0x034b,
0xc442,
0xc542,
0x3784,
0x187c,
0xf87b,
0x3a6b,
0xc642,
0x8453,
0xe64a,
0x254b,
0x644b,
0x6453,
0x6453,
0x444b,
0x444b,
0x2443,
0x0443,
0x044b,
0x444b,
0x6453,
0x444b,
0x644b,
0x6453,
0x8553,
0x6553,
0x6553,
0x4553,
0x454b,
0x444b,
0x454b,
0x6553,
0x665b,
0x865b,
0x6553,
0x6553,
0x655b,
0x4553,
0x6553,
0x6553,
0x8553,
0x644b,
0x4443,
0x444b,
0x6553,
0x8553,
0x6553,
0x444b,
0x644b,
0x644b,
0x8553,
0x8553,
0x854b,
0x654b,
0x8553,
0x8553,
0x6553,
0x6553,
0x4453,
0x4453,
0x2453,
0x2453,
0x244b,
0x244b,
0x454b,
0x444b,
0x654b,
0x6553,
0x4443,
0x2443,
0x444b,
0x2443,
0x2443,
0x454b,
0x2443,
0x4553,
0x444b,
0x444b,
0x2443,
0x0443,
0x0443,
0xe542,
0x2443,
0x244b,
0x2443,
0x244b,
0x244b,
0x054b,
0x455b,
0x265b,
0x265b,
0x2763,
0x275b,
0x255b,
0x265b,
0x2763,
0x4763,
0x4663,
0x465b,
0x455b,
0x455b,
0x455b,
0x455b,
0x2553,
0x2553,
0x2553,
0x2553,
0x255b,
0x2553,
0x2553,
0x4553,
0x4553,
0x6553,
0x665b,
0xa742,
0xd773,
0x5a6b,
0x9973,
0x9973,
0x9973,
0x9973,
0x9973,
0x9973,
0x9973,
0x9973,
0x9973,
0x9973,
0x9973,
0xb973,
0x7a6b,
0x167c,
0x464b,
0xc45b,
0x855b,
0x665b,
0x8553,
0xa553,
0x2932,
0x5a6b,
0x9973,
0x7a73,
0x9973,
0x9973,
0x9973,
0x9973,
0x9973,
0x9973,
0x9973,
0x9973,
0x9973,
0x9973,
0x9973,
0x9973,
0x9973,
0x9973,
0x9973,
0x9973,
0x9973,
0x9973,
0x9973,
0x9973,
0x9973,
0x9973,
0x9973,
0x9973,
0x7a6b,
0x9973,
0xd87b,
0x978c,
0x894a,
0x8842,
0xa94a,
0x7584,
0x3a63,
0x7a6b,
0xb973,
0x7a6b,
0x5a6b,
0x9973,
0x9973,
0x9973,
0x9973,
0x9973,
0x9973,
0x9973,
0x9973,
0x9973,
0x9973,
0x9973,
0x9973,
0x9973,
0x9973,
0x9973,
0x7a73,
0x9973,
0x282a,
0x842a,
0xc63a,
0xec73,
0x695b,
0xe542,
0xe64a,
0xc542,
0xc442,
0xa43a,
0xc43a,
0x0443,
0x444b,
0x855b,
0x865b,
0x865b,
0x254b,
0xe542,
0x244b,
0x244b,
0x044b,
0x0443,
0x054b,
0xc542,
0xc542,
0xe442,
0x853a,
0xa542,
0xc542,
0xe54a,
0xe54a,
0x044b,
0x0443,
0x044b,
0x054b,
0xe54a,
0x0453,
0xe44a,
0x0453,
0x0453,
0x045b,
0x0463,
0xe55a,
0x864a,
0xb494,
0xf67b,
0x1684,
0x387c,
0x9973,
0x1884,
0x1784,
0x167c,
0xa752,
0x055b,
0xe65a,
0xc652,
0x055b,
0x0663,
0x0563,
0x2663,
0x055b,
0xe552,
0x055b,
0x2563,
0x2663,
0x476b,
0x065b,
0x2742,
0xd77b,
0x9973,
0x9973,
0x9973,
0x9973,
0x9973,
0x9973,
0x9973,
0x9973,
0x9973,
0x9973,
0x9973,
0x9973,
0x9973,
0x9973,
0x9973,
0x9973,
0x9973,
0x9973,
0x9973,
0x9973,
0x9973,
0x9973,
0x9973,
0x9973,
0x9973,
0x9973,
0x9973,
0x9973,
0x9973,
0x9973,
0x9973,
0x9973,
0x9973,
0x9973,
0x9973,
0x9973,
0x9973,
0x9973,
0x9973,
0x9973,
0x9973,
0x9973,
0x9973,
0x9973,
0x7a73,
0x5a6b,
0xd773,
0x367c,
0x2932,
0x264b,
0xe55b,
0x4653,
0x347c,
0x3a63,
0xb973,
0x9973,
0x9973,
0x9973,
0x9973,
0xb973,
0x596b,
0xc74a,
0xa55b,
0x683a,
0x8742,
0x8842,
0xa742,
0x767c,
0x9973,
0x5a6b,
0x3a6b,
0x3a6b,
0x5763,
0x254b,
0xc55b,
0xc55b,
0xa55b,
0x654b,
0x6553,
0x6553,
0x444b,
0x6453,
0x444b,
0x444b,
0x644b,
0x8453,
0x644b,
0x4453,
0x6553,
0x4553,
0x444b,
0x444b,
0x6553,
0x6553,
0x865b,
0x865b,
0x6653,
0x665b,
0x665b,
0x8663,
0x865b,
0x865b,
0x865b,
0x865b,
0xa65b,
0x8553,
0x444b,
0x8553,
0x4443,
0x454b,
0x8553,
0xa55b,
0x8553,
0x6553,
0x855b,
0x855b,
0x665b,
0x865b,
0x8553,
0x865b,
0x865b,
0x8663,
0xa65b,
0xa663,
0xa663,
0xc65b,
0xa55b,
0xa55b,
0x6553,
0x6553,
0x6553,
0x8553,
0x8553,
0x444b,
0x454b,
0x6553,
0x865b,
0x254b,
0xe43a,
0x254b,
0x4553,
0x4553,
0x0443,
0x2443,
0x444b,
0x444b,
0x2543,
0xc53a,
0x2443,
0x0443,
0x0443,
0x044b,
0x444b,
0x0653,
0xa74a,
0x465b,
0x255b,
0x4663,
0x4763,
0x465b,
0x4553,
0x455b,
0x465b,
0x455b,
0x4553,
0x6453,
0x6453,
0x4553,
0x4453,
0x4553,
0x4453,
0x444b,
0x244b,
0x0553,
0x2553,
0x255b,
0x2553,
0x4553,
0xe74a,
0xb48c,
0xb973,
0x5a6b,
0x9973,
0x9973,
0x9973,
0x9973,
0x9973,
0x9973,
0x9973,
0x9973,
0x9973,
0x9973,
0x9973,
0x9973,
0x9973,
0x5a6b,
0x8842,
0xe55b,
0x665b,
0x2553,
0x6553,
0xa55b,
0x4932,
0xf87b,
0x9973,
0xd973,
0x187c,
0x9973,
0x9973,
0x9973,
0x9973,
0x9973,
0x9973,
0x9973,
0x9973,
0x9973,
0x9973,
0x9973,
0x9973,
0x9973,
0x9973,
0x9973,
0x9973,
0x9973,
0x9973,
0x9973,
0x9973,
0x9973,
0x9973,
0x7a6b,
0xb973,
0x387c,
0x1884,
0xf69c,
0xd694,
0x5784,
0xb973,
0x5a6b,
0x5a6b,
0x9973,
0x9973,
0x9973,
0x9973,
0x9973,
0x9973,
0x9973,
0x9973,
0x9973,
0x9973,
0x9973,
0x9973,
0x9973,
0x9973,
0x9973,
0x9973,
0x9973,
0x9973,
0x9973,
0x9973,
0x9973,
0x7a73,
0xd873,
0xe929,
0x1774,
0xa63a,
0xaa63,
0x074b,
0xc442,
0xa43a,
0xa43a,
0xc442,
0xe43a,
0xc542,
0xe542,
0x0443,
0x044b,
0x244b,
0x244b,
0x2553,
0x6653,
0x6653,
0x4553,
0x254b,
0x254b,
0x254b,
0xe442,
0xe442,
0xc542,
0xe442,
0xe442,
0xc542,
0x054b,
0x254b,
0x244b,
0x054b,
0xe54a,
0xc542,
0x853a,
0xe542,
0xe442,
0xe44a,
0xe44a,
0xe452,
0xe45a,
0x045b,
0x055b,
0x055b,
0x2563,
0x8842,
0x3b6b,
0x9973,
0x4742,
0x065b,
0x055b,
0xe552,
0x055b,
0xe55a,
0xa54a,
0xc552,
0xc552,
0xc552,
0x055b,
0x055b,
0xc552,
0xc552,
0xc65a,
0x265b,
0x055b,
0x055b,
0xe552,
0x8642,
0x177c,
0x5a6b,
0x9973,
0x9973,
0x9973,
0x9973,
0x9973,
0x9973,
0x9973,
0x9973,
0x9973,
0x9973,
0x9973,
0x9973,
0x9973,
0x9973,
0x9973,
0x9973,
0x9973,
0x9973,
0x9973,
0x9973,
0x9973,
0x9973,
0x9973,
0x9973,
0x9973,
0x9973,
0x9973,
0x9973,
0x9973,
0x9973,
0x9973,
0x9973,
0x9973,
0x9973,
0x9973,
0x9973,
0x9973,
0x9973,
0x9973,
0x9973,
0x9973,
0xf87b,
0x5484,
0x2653,
0xe55b,
0xa742,
0x567c,
0x873a,
0xc55b,
0x865b,
0x5484,
0x5a6b,
0x9973,
0x9973,
0x9973,
0x7a6b,
0x5a6b,
0xfa62,
0x2932,
0xa55b,
0x8742,
0x683a,
0x683a,
0x357c,
0x9773,
0x5584,
0x8742,
0xa742,
0x093a,
0x064b,
0x8553,
0xa553,
0x8553,
0x6553,
0x6553,
0x6553,
0x4553,
0x6553,
0xa55b,
0xa55b,
0xa453,
0x644b,
0x644b,
0x6553,
0x8553,
0x855b,
0xa65b,
0x6553,
0x6553,
0x8553,
0x6553,
0x865b,
0xa65b,
0x8553,
0x865b,
0x4753,
0x665b,
0x865b,
0x865b,
0x865b,
0x865b,
0x865b,
0x8553,
0x444b,
0x244b,
0x6553,
0x855b,
0x855b,
0xa65b,
0x8663,
0x8663,
0x8663,
0x8763,
0x8763,
0x8763,
0xa763,
0xa763,
0xa763,
0xa763,
0xa663,
0xa76b,
0xc86b,
0xa763,
0xc65b,
0xa65b,
0x865b,
0x865b,
0x8553,
0x6553,
0x865b,
0x8553,
0x2343,
0x254b,
0x8763,
0x475b,
0x054b,
0xe43a,
0x0443,
0x044b,
0xe54a,
0x044b,
0x244b,
0x654b,
0x6553,
0x444b,
0x0443,
0x2443,
0x2443,
0x644b,
0x444b,
0x0932,
0x6842,
0x665b,
0x455b,
0x655b,
0x6553,
0x6553,
0x6553,
0x6553,
0x4553,
0x4553,
0x4453,
0x6453,
0x6453,
0x6453,
0x444b,
0x444b,
0x254b,
0x054b,
0x6553,
0x4553,
0x244b,
0x254b,
0x244b,
0x054b,
0x473a,
0x767c,
0x3774,
0x167c,
0xb873,
0x7a6b,
0xb973,
0x9973,
0x9973,
0x9973,
0x9973,
0x9973,
0x9973,
0x9973,
0x9973,
0x9973,
0x9973,
0x5a6b,
0x483a,
0xa553,
0x4553,
0x644b,
0x064b,
0x8842,
0x5784,
0x5a6b,
0x9973,
0xd973,
0x387c,
0xd973,
0x9973,
0x9973,
0x9973,
0x9973,
0x7a73,
0x9973,
0x9973,
0x9973,
0x9973,
0x9973,
0x9973,
0x9973,
0x9973,
0x7a6b,
0x7a6b,
0x9973,
0x7a73,
0x9973,
0x9973,
0xb973,
0xd973,
0x7784,
0xd68c,
0xb78c,
0xb973,
0x9973,
0x5a6b,
0x7a6b,
0x9973,
0x9973,
0x9973,
0x9973,
0x9973,
0x9973,
0x9973,
0x9973,
0x9973,
0x9973,
0x9973,
0x9973,
0x9973,
0x9973,
0x9973,
0x9973,
0x9973,
0x9973,
0x9973,
0x9973,
0x9973,
0x9973,
0x9973,
0x9973,
0x9973,
0xb973,
0x4732,
0x387c,
0xd584,
0xc642,
0x8a63,
0x0853,
0xa33a,
0xc442,
0xe442,
0xe43a,
0xc43a,
0x0653,
0x275b,
0xe652,
0xe442,
0x0343,
0x6553,
0xa763,
0xa763,
0xc763,
0xc763,
0xa763,
0x8763,
0x665b,
0x465b,
0x665b,
0x665b,
0x4553,
0x2453,
0x254b,
0x0543,
0x053b,
0x0543,
0xe552,
0xe44a,
0xc442,
0x044b,
0x044b,
0xc54a,
0xc542,
0xe44a,
0xe44a,
0xe452,
0xe452,
0x0553,
0x0453,
0xc64a,
0xb684,
0x9973,
0x4742,
0x255b,
0x864a,
0xc54a,
0xe552,
0x0553,
0xe552,
0xc54a,
0xe552,
0xc552,
0xc452,
0xe55a,
0xc552,
0x854a,
0xa54a,
0xe44a,
0xe44a,
0xc542,
0xa542,
0x044b,
0xc542,
0x0832,
0x9973,
0x9973,
0x9973,
0x9973,
0x9973,
0x9973,
0x9973,
0x9973,
0x9973,
0x9973,
0x9973,
0x9973,
0x9973,
0x9973,
0x9973,
0x9973,
0x9973,
0x9973,
0x9973,
0x9973,
0x9973,
0x9973,
0x9973,
0x9973,
0x9973,
0x9973,
0x9973,
0x9973,
0x9973,
0x9973,
0x9973,
0x9973,
0x9973,
0x9973,
0x9973,
0x9973,
0x9973,
0x9973,
0x9973,
0x9973,
0x7a6b,
0x167c,
0x855b,
0xe55b,
0x055c,
0x493a,
0x996b,
0x493a,
0x865b,
0xc663,
0xc76b,
0x747c,
0xb973,
0xb973,
0x7a6b,
0x557c,
0xa842,
0xe74a,
0x4653,
0xa55b,
0x865b,
0x465b,
0xa65b,
0x6653,
0x2653,
0x6553,
0x855b,
0xa563,
0xc563,
0xa55b,
0x855b,
0x855b,
0x655b,
0x655b,
0x855b,
0x865b,
0x6553,
0x4553,
0x855b,
0x855b,
0x855b,
0x6553,
0x4453,
0x855b,
0xa65b,
0xa65b,
0xa65b,
0xa65b,
0xa65b,
0x8553,
0x865b,
0x865b,
0x865b,
0x665b,
0x6663,
0x4753,
0x665b,
0x8763,
0x8663,
0x8763,
0x8763,
0x8763,
0x6553,
0x2343,
0x665b,
0xa76b,
0xa76b,
0xa76b,
0x876b,
0xa86b,
0xa86b,
0xa86b,
0xa76b,
0x8763,
0x886b,
0xa86b,
0xa873,
0xc973,
0xc873,
0xa86b,
0xa873,
0xc973,
0xc96b,
0xc863,
0xc763,
0x865b,
0x6653,
0x665b,
0x865b,
0x8653,
0x6553,
0x2443,
0x0443,
0x665b,
0x6863,
0x4653,
0x2443,
0xe43a,
0xe442,
0x2553,
0x2553,
0x2553,
0x2553,
0x244b,
0x6553,
0x665b,
0x444b,
0x8553,
0x4553,
0x283a,
0x0832,
0x2553,
0x655b,
0x855b,
0x8453,
0x8553,
0x6553,
0x6453,
0x6553,
0x4553,
0x644b,
0x644b,
0x644b,
0x644b,
0x644b,
0x644b,
0x644b,
0x654b,
0x4553,
0x654b,
0x454b,
0x2443,
0x2443,
0x2443,
0x0553,
0x644b,
0xe542,
0xa642,
0x4553,
0xc642,
0x9484,
0x8742,
0x177c,
0x7a6b,
0x9973,
0x9973,
0x9973,
0x9973,
0x9973,
0x9973,
0x9973,
0x9973,
0x5a6b,
0x557c,
0x8553,
0x6553,
0x454b,
0x0932,
0x1b63,
0x9973,
0x9973,
0x9973,
0x9973,
0x7a6b,
0x9973,
0x9973,
0x9973,
0x9973,
0xb973,
0xf87b,
0x9973,
0x9973,
0x9973,
0x9973,
0x9973,
0x9973,
0x9973,
0xd97b,
0x187c,
0x187c,
0x1884,
0x778c,
0xd97b,
0x9973,
0xd973,
0xf97b,
0xd97b,
0x9973,
0x7a6b,
0x9973,
0x9973,
0x9973,
0x9973,
0x9973,
0x9973,
0x9973,
0x9973,
0x9973,
0x9973,
0x9973,
0x9973,
0x9973,
0x9973,
0x9973,
0x9973,
0x9973,
0x9973,
0x9973,
0x9973,
0x9973,
0x9973,
0x9973,
0x9973,
0x9973,
0x9973,
0x9973,
0x9973,
0x9973,
0x7a73,
0xd973,
0x777c,
0x7a6b,
0xf773,
0xa642,
0x495b,
0x295b,
0xe552,
0xe452,
0x044b,
0xe442,
0xe64a,
0x275b,
0x4863,
0x6a6b,
0xe652,
0x244b,
0xc65b,
0xc763,
0xe973,
0xe97b,
0x2a84,
0x0a7c,
0xea7b,
0x0a84,
0x097c,
0xc86b,
0x665b,
0x4553,
0x254b,
0x2543,
0x2443,
0x054b,
0x0453,
0x0553,
0xe44a,
0xe44a,
0xe442,
0xc442,
0xe44a,
0xc442,
0xc442,
0xe44a,
0xe452,
0x0453,
0xe452,
0x245b,
0xa64a,
0x996b,
0x3484,
0x255b,
0x0553,
0x0553,
0xe452,
0x0453,
0x0453,
0xe552,
0x055b,
0x0553,
0xe552,
0xe452,
0xa54a,
0xc552,
0xe452,
0xe44a,
0xc442,
0xc43a,
0xe442,
0xe44a,
0x4453,
0x8642,
0x9973,
0x9973,
0x9973,
0x9973,
0x9973,
0x9973,
0x9973,
0x9973,
0x9973,
0x9973,
0x9973,
0x9973,
0x9973,
0x9973,
0x9973,
0x9973,
0x9973,
0x9973,
0x9973,
0x9973,
0x9973,
0x9973,
0x9973,
0x9973,
0x9973,
0x9973,
0x9973,
0x9973,
0x9973,
0x9973,
0x9973,
0x9973,
0x9973,
0x9973,
0x9973,
0x9973,
0x9973,
0x9973,
0x9973,
0x9973,
0x7a6b,
0x7584,
0xc55b,
0xa653,
0x274b,
0x567c,
0xb67c,
0xa553,
0xc663,
0xc663,
0xc76b,
0xc76b,
0x493a,
0xdc5a,
0xf573,
0x6653,
0xc55b,
0xa663,
0xa763,
0x865b,
0x665b,
0x865b,
0x665b,
0x665b,
0x4553,
0x4553,
0xa663,
0xc66b,
0xc663,
0xa663,
0x8663,
0xa663,
0x865b,
0x855b,
0x655b,
0x855b,
0x6553,
0x6553,
0x855b,
0x855b,
0x855b,
0x855b,
0x855b,
0xa663,
0xa663,
0xa763,
0x865b,
0x865b,
0x865b,
0x865b,
0xa65b,
0x865b,
0x875b,
0x8763,
0x8763,
0x886b,
0xa86b,
0xa86b,
0xc86b,
0xa86b,
0xa973,
0xa96b,
0x8663,
0x6553,
0xa973,
0xc973,
0xc873,
0xc973,
0xa973,
0xa973,
0xa973,
0xa973,
0xa86b,
0x886b,
0x876b,
0x876b,
0xa973,
0xc97b,
0xc97b,
0xca83,
0xca7b,
0xaa7b,
0xca7b,
0xc973,
0xc86b,
0xa763,
0xc86b,
0xa65b,
0x8653,
0xa65b,
0x2443,
0x0443,
0x0443,
0x254b,
0xe54a,
0xc442,
0x054b,
0x2653,
0x054b,
0x044b,
0x2553,
0x4763,
0x676b,
0x4663,
0x254b,
0x454b,
0x254b,
0xc642,
0x673a,
0xa642,
0x2553,
0x465b,
0x665b,
0x8553,
0x855b,
0x6553,
0x6553,
0x665b,
0x6553,
0x644b,
0x644b,
0x4443,
0x644b,
0x644b,
0x644b,
0x444b,
0x6453,
0x8553,
0x844b,
0x6553,
0x6553,
0x444b,
0x2443,
0x244b,
0x244b,
0x654b,
0x644b,
0x444b,
0x2553,
0x4553,
0x0443,
0x6553,
0x367c,
0x7a6b,
0x9973,
0x9973,
0x9973,
0x9973,
0x9973,
0x9973,
0x9973,
0x9973,
0x9973,
0x586b,
0x6653,
0xa553,
0xd66b,
0x7a6b,
0xb973,
0x9973,
0x9973,
0x9973,
0x9973,
0x9973,
0x9973,
0x9973,
0x9973,
0x9973,
0x9973,
0x387c,
0xb973,
0x9973,
0x9973,
0xd973,
0xd973,
0xb973,
0xd973,
0xf87b,
0x187c,
0x387c,
0xd97b,
0xd97b,
0xb973,
0x9973,
0x9973,
0x7a73,
0x7a73,
0x9973,
0x9973,
0x9973,
0x9973,
0x9973,
0x9973,
0x9973,
0x9973,
0x9973,
0x9973,
0x9973,
0x9973,
0x9973,
0x9973,
0x9973,
0x9973,
0x9973,
0x9973,
0x9973,
0x9973,
0x9973,
0x9973,
0x9973,
0x9973,
0x9973,
0x9973,
0x9973,
0x9973,
0x9973,
0x9973,
0x9973,
0x9973,
0x9973,
0x9973,
0xb973,
0x7a73,
0x9674,
0xe642,
0xcc73,
0xac73,
0xaa73,
0xe652,
0xe552,
0xc442,
0xc43a,
0xe74a,
0x2863,
0x2863,
0x0653,
0xc76b,
0x0a84,
0x2c94,
0x4c94,
0x6d9c,
0x6c9c,
0x2b8c,
0x0b84,
0x0a7c,
0xe973,
0xc86b,
0xa763,
0x8553,
0x6553,
0x6553,
0x6553,
0x0553,
0x044b,
0xc442,
0xc542,
0xa43a,
0xa43a,
0xa43a,
0xc442,
0xc442,
0xe442,
0xe44a,
0x0453,
0x0453,
0x0453,
0xe452,
0x864a,
0xe552,
0x0453,
0xe54a,
0xe54a,
0xe44a,
0xa542,
0xc44a,
0xe44a,
0xe44a,
0xc44a,
0xa542,
0xe44a,
0x034b,
0x044b,
0xe44a,
0xc442,
0xe342,
0xe44a,
0xe442,
0x2732,
0x483a,
0x673a,
0x9973,
0x9973,
0x9973,
0x9973,
0x9973,
0x9973,
0x9973,
0x9973,
0x9973,
0x9973,
0x9973,
0x9973,
0x9973,
0x9973,
0x9973,
0x9973,
0x9973,
0x9973,
0x9973,
0x9973,
0x9973,
0x9973,
0x9973,
0x9973,
0x9973,
0x9973,
0x9973,
0x9973,
0x9973,
0x9973,
0x9973,
0x9973,
0x9973,
0x9973,
0x9973,
0x9973,
0x9973,
0x9973,
0x9973,
0x9973,
0x7a73,
0x377c,
0x293a,
0xf673,
0x1963,
0x7a6b,
0x4932,
0x8653,
0xc663,
0xa663,
0x8663,
0x475b,
0x2932,
0x6942,
0x675b,
0xa663,
0x8763,
0x665b,
0x6553,
0x6553,
0x6653,
0x875b,
0xa763,
0x665b,
0x2553,
0x6553,
0xa65b,
0x865b,
0xa663,
0x865b,
0x8663,
0xa663,
0x865b,
0x855b,
0x855b,
0x655b,
0x4453,
0x655b,
0x4553,
0xa65b,
0xc65b,
0xa65b,
0xa65b,
0xa65b,
0xa763,
0xa763,
0x8763,
0x865b,
0xa763,
0x8763,
0xa763,
0xa763,
0xa763,
0xa96b,
0xc97b,
0xc973,
0xc873,
0xc86b,
0xe973,
0xc973,
0xc973,
0xca73,
0xc973,
0xc873,
0xe97b,
0xea7b,
0xe97b,
0xea7b,
0x0b84,
0x0b84,
0xeb83,
0xeb83,
0xca7b,
0xca7b,
0xc97b,
0xc973,
0xc873,
0xc773,
0xc97b,
0xca7b,
0xeb83,
0xea83,
0xea83,
0xaa7b,
0x8973,
0xc86b,
0xa65b,
0x8553,
0x8553,
0x4553,
0x044b,
0xe54a,
0x2663,
0x486b,
0x686b,
0x4863,
0x6763,
0xa973,
0x2553,
0x044b,
0x2553,
0x6663,
0x475b,
0x275b,
0x465b,
0x2553,
0xc64a,
0xa64a,
0x465b,
0x6663,
0x4553,
0x4553,
0x454b,
0x4553,
0x4653,
0x675b,
0x896b,
0x6763,
0x8553,
0x8553,
0x8553,
0x644b,
0x644b,
0x644b,
0x444b,
0x644b,
0x8453,
0x8553,
0xa553,
0x6553,
0x444b,
0x244b,
0x244b,
0x244b,
0x244b,
0x454b,
0x454b,
0x254b,
0x4553,
0xc642,
0x166c,
0x054b,
0xb484,
0x5a6b,
0x9973,
0x9973,
0x9973,
0x9973,
0x9973,
0x9973,
0x9973,
0x9973,
0x9973,
0xb973,
0x883a,
0x9584,
0x7a6b,
0x9973,
0x9973,
0x9973,
0x9973,
0x9973,
0x9973,
0x9973,
0x9973,
0x9973,
0x9973,
0x9973,
0x9973,
0x7a73,
0x9973,
0x9973,
0x9973,
0xd973,
0x187c,
0xf87b,
0x9973,
0x7a73,
0x7a6b,
0x7a6b,
0x9973,
0x9973,
0x9973,
0x9973,
0x9973,
0x9973,
0x9973,
0x9973,
0x9973,
0x9973,
0x9973,
0x9973,
0x9973,
0x9973,
0x9973,
0x9973,
0x9973,
0x9973,
0x9973,
0x9973,
0x9973,
0x9973,
0x9973,
0x9973,
0x9973,
0x9973,
0x9973,
0x9973,
0x9973,
0x9973,
0x9973,
0x9973,
0x9973,
0x9973,
0x9973,
0x9973,
0x9973,
0x9973,
0x9973,
0x9973,
0x9973,
0x9973,
0x9973,
0x387c,
0x652a,
0xc332,
0x8742,
0x6b63,
0x0853,
0xc54a,
0xe552,
0xc542,
0xc442,
0xc64a,
0xe652,
0xe652,
0xa973,
0x4c94,
0x4c94,
0x4d9c,
0x4c94,
0x4c94,
0x2c8c,
0x2b84,
0x097c,
0xe86b,
0xc76b,
0xa763,
0xc65b,
0xa65b,
0x865b,
0xa65b,
0x855b,
0x044b,
0xe44a,
0xe44a,
0xc542,
0xa542,
0xa442,
0x663a,
0xc542,
0x244b,
0x0443,
0x0443,
0x0443,
0x244b,
0x244b,
0x2453,
0x2453,
0x044b,
0xe44a,
0x044b,
0xe44a,
0xe54a,
0x044b,
0xe442,
0xc442,
0xe44a,
0xe33a,
0x6632,
0x9584,
0xb584,
0x463a,
0x2732,
0x2832,
0x0832,
0x167c,
0x796b,
0xa63a,
0x2732,
0x596b,
0x9973,
0x9973,
0x9973,
0x9973,
0x9973,
0x9973,
0x9973,
0x9973,
0x9973,
0x9973,
0x9973,
0x9973,
0x9973,
0x9973,
0x9973,
0x9973,
0x9973,
0x9973,
0x9973,
0x9973,
0x9973,
0x9973,
0x9973,
0x9973,
0x9973,
0x9973,
0x9973,
0x9973,
0x9973,
0x9973,
0x9973,
0x9973,
0x9973,
0x9973,
0x9973,
0x9973,
0x9973,
0x9973,
0x9973,
0x9973,
0x7a6b,
0x5a6b,
0x7a6b,
0x9973,
0xf973,
0xf68c,
0xb58c,
0x167c,
0x357c,
0x766b,
0xd36b,
0x6863,
0x287c,
0xc763,
0x6653,
0x855b,
0x8553,
0x665b,
0x6553,
0x6553,
0x4553,
0x454b,
0x6553,
0x865b,
0x8553,
0x8553,
0x855b,
0x855b,
0xa65b,
0xa55b,
0x855b,
0xa55b,
0xa65b,
0xa663,
0xa65b,
0xa55b,
0xa65b,
0x865b,
0x865b,
0xa65b,
0xc65b,
0xa65b,
0xa75b,
0x875b,
0xa75b,
0xa763,
0xa763,
0xa763,
0xa86b,
0xc86b,
0xc873,
0xc973,
0xeb7b,
0x0a84,
0xe97b,
0xa86b,
0xa86b,
0xa873,
0xe97b,
0xea7b,
0xea7b,
0xea7b,
0xe97b,
0xea7b,
0xeb83,
0xeb83,
0x2c94,
0x4d94,
0x2c8c,
0x2c94,
0x2c8c,
0x2c94,
0x4c94,
0x0b84,
0xea83,
0xea83,
0xc97b,
0xc97b,
0xc97b,
0xc97b,
0xeb83,
0x2c94,
0x0b8c,
0x0b84,
0xe973,
0x865b,
0x454b,
0x6553,
0x4553,
0x265b,
0x686b,
0xa97b,
0xeb83,
0x0b8c,
0xeb7b,
0x4d8c,
0x6c94,
0xa973,
0x6763,
0x6763,
0xa873,
0x886b,
0x665b,
0x665b,
0x665b,
0x6553,
0xa763,
0xa86b,
0x4553,
0x244b,
0x244b,
0x244b,
0x2553,
0x675b,
0xc97b,
0x2c84,
0x0b84,
0x8973,
0xaa73,
0xc96b,
0x865b,
0x844b,
0x644b,
0x8553,
0xa553,
0xa553,
0xa553,
0xc75b,
0xa653,
0x444b,
0x2443,
0x4443,
0x2443,
0x244b,
0x4553,
0x6553,
0x454b,
0x444b,
0x673a,
0x1a63,
0x0543,
0xc542,
0x796b,
0x9973,
0x9973,
0x9973,
0x9973,
0x9973,
0x9973,
0x9973,
0x9973,
0xb973,
0xb784,
0xb973,
0x5a6b,
0x9973,
0x9973,
0x9973,
0x9973,
0x9973,
0x9973,
0x9973,
0x9973,
0x9973,
0x9973,
0x9973,
0x9973,
0x9973,
0x9973,
0x9973,
0x9973,
0x9973,
0x9973,
0x7a73,
0x9973,
0x9973,
0x9973,
0x9973,
0x9973,
0x9973,
0x9973,
0x9973,
0x9973,
0x9973,
0x9973,
0x9973,
0x9973,
0x9973,
0x9973,
0x9973,
0x9973,
0x9973,
0x9973,
0x9973,
0x9973,
0x9973,
0x9973,
0x9973,
0x9973,
0x9973,
0x9973,
0x9973,
0x9973,
0x9973,
0x9973,
0x9973,
0x9973,
0x9973,
0x9973,
0x9973,
0x9973,
0x9973,
0x9973,
0x9973,
0x9973,
0x9973,
0x9973,
0x9973,
0x9973,
0x9973,
0x9973,
0x9973,
0x7a73,
0x9973,
0xe829,
0x452a,
0x262a,
0xc642,
0xe442,
0xa54a,
0xe652,
0xe44a,
0xc442,
0xe54a,
0xe44a,
0x275b,
0x4b8c,
0x8e9c,
0x8e9c,
0x6d9c,
0x4d94,
0x2c8c,
0x0a84,
0xea7b,
0xe973,
0xc76b,
0xc763,
0xc763,
0xa763,
0xc763,
0xc75b,
0x865b,
0x054b,
0xc542,
0x044b,
0xe442,
0x044b,
0x234b,
0xe542,
0x863a,
0xc542,
0x244b,
0x044b,
0x244b,
0x244b,
0x244b,
0x244b,
0x444b,
0x444b,
0x244b,
0x044b,
0xe442,
0x244b,
0x244b,
0x0443,
0xe442,
0xc542,
0x4732,
0x2832,
0x4732,
0x2832,
0x577c,
0xd68c,
0xb973,
0x7a6b,
0x7a6b,
0x673a,
0x4453,
0x054b,
0xc542,
0x663a,
0x9973,
0x9973,
0x9973,
0x9973,
0x9973,
0x9973,
0x9973,
0x9973,
0x9973,
0x9973,
0x9973,
0x9973,
0x9973,
0x9973,
0x9973,
0x9973,
0x9973,
0x9973,
0x9973,
0x9973,
0x9973,
0x9973,
0x9973,
0x9973,
0x9973,
0x9973,
0x9973,
0x9973,
0x9973,
0x9973,
0x9973,
0x9973,
0x9973,
0x9973,
0x9973,
0x9973,
0x9973,
0x9973,
0x9973,
0x9973,
0xb973,
0x9973,
0x9973,
0x9973,
0xf87b,
0x5584,
0xf67b,
0xc84a,
0x285b,
0xa763,
0xe86b,
0xa86b,
0x0874,
0xc763,
0xa65b,
0x855b,
0x6763,
0x865b,
0x8663,
0x665b,
0x4553,
0x454b,
0x855b,
0xa663,
0xa663,
0x6553,
0x444b,
0x4453,
0x8553,
0x6553,
0x654b,
0xa65b,
0xc763,
0xc65b,
0xc663,
0xc663,
0xc763,
0xa65b,
0x675b,
0x875b,
0xa763,
0xa75b,
0x875b,
0x8763,
0xa763,
0xa763,
0xa86b,
0xa86b,
0xc973,
0xc973,
0xa973,
0xea83,
0x2c8c,
0x2c94,
0xeb83,
0xea83,
0xca83,
0xeb83,
0x0b84,
0x0b8c,
0x0a84,
0x0b8c,
0x0b8c,
0x2c8c,
0x4d94,
0x6e9c,
0xafa4,
0x6d9c,
0x6d9c,
0x6d9c,
0x4d9c,
0x6d9c,
0x2c9c,
0x2c9c,
0x2c94,
0x0b8c,
0x0b84,
0xeb83,
0xeb83,
0x0b8c,
0x0c8c,
0x2c8c,
0x2c8c,
0xea7b,
0xc973,
0x8863,
0xa763,
0x665b,
0x6763,
0xaa7b,
0x4d94,
0xaf9c,
0xafa4,
0xd0a4,
0xf0a4,
0xd0ac,
0x8ea4,
0x0c8c,
0xca7b,
0xca7b,
0xca7b,
0xa873,
0xa86b,
0x8763,
0x8763,
0xaa73,
0x886b,
0x244b,
0x244b,
0x2553,
0x665b,
0x8763,
0xca7b,
0x2c94,
0x4d94,
0x6e9c,
0x6d94,
0x4d94,
0x0b84,
0xa763,
0x844b,
0x844b,
0xa65b,
0xc65b,
0xa553,
0x8553,
0x8553,
0x8553,
0x644b,
0x2443,
0x4443,
0x644b,
0x6553,
0x855b,
0x2443,
0xe442,
0x644b,
0x483a,
0xd873,
0xc53a,
0x2932,
0xd973,
0x9973,
0x9973,
0x9973,
0x9973,
0x9973,
0x9973,
0x9973,
0xb973,
0xf973,
0x9973,
0x9973,
0x9973,
0x9973,
0x9973,
0x9973,
0x9973,
0x9973,
0x9973,
0x9973,
0x9973,
0x9973,
0x9973,
0x9973,
0x9973,
0x9973,
0x9973,
0x9973,
0x9973,
0x9973,
0x9973,
0x9973,
0x9973,
0x9973,
0x9973,
0x9973,
0x9973,
0x9973,
0x9973,
0x9973,
0x9973,
0x9973,
0x9973,
0x9973,
0x9973,
0x9973,
0x9973,
0x9973,
0x9973,
0x9973,
0x9973,
0x9973,
0x9973,
0x9973,
0x9973,
0x9973,
0x9973,
0x9973,
0x9973,
0x9973,
0x9973,
0x9973,
0x9973,
0x9973,
0x9973,
0x9973,
0x9973,
0x9973,
0x9973,
0x9973,
0x9973,
0x9973,
0x9973,
0x9973,
0x9973,
0x9973,
0x9973,
0x9973,
0x9973,
0x9973,
0x9973,
0x9973,
0x5a6b,
0x777c,
0x6532,
0xa53a,
0xe442,
0xe75a,
0xca83,
0x686b,
0x265b,
0xc442,
0x0553,
0xe54a,
0x8873,
0xaea4,
0xafa4,
0x2c94,
0x2b8c,
0x2c8c,
0x0b84,
0xea7b,
0xe97b,
0xc973,
0xc763,
0xc763,
0xc763,
0xa763,
0xa863,
0xa763,
0x6553,
0x454b,
0x444b,
0x044b,
0xc542,
0x673a,
0x9684,
0x9973,
0x796b,
0x283a,
0xe442,
0x2443,
0x0443,
0x244b,
0x4453,
0x444b,
0x244b,
0x0443,
0x0443,
0xe442,
0x0443,
0x0443,
0x0443,
0x2443,
0xc63a,
0x0543,
0x4443,
0x0443,
0x4732,
0x7a6b,
0x7a6b,
0xb973,
0x5a6b,
0x9684,
0x054b,
0xc64a,
0xe54a,
0x2553,
0xe54a,
0xb684,
0x7a73,
0x9973,
0x9973,
0x9973,
0x9973,
0x9973,
0x9973,
0x9973,
0x9973,
0x9973,
0x9973,
0x9973,
0x9973,
0x9973,
0x9973,
0x9973,
0x9973,
0x9973,
0x9973,
0x9973,
0x9973,
0x9973,
0x9973,
0x9973,
0x9973,
0x9973,
0x9973,
0x9973,
0x9973,
0x9973,
0x9973,
0x9973,
0x9973,
0x9973,
0x9973,
0x9973,
0x9973,
0x9973,
0x9973,
0x9973,
0x9973,
0x9973,
0x7a6b,
0x5684,
0x475b,
0x8763,
0xe76b,
0xe66b,
0xc76b,
0xc86b,
0xa763,
0xc763,
0xc65b,
0xa55b,
0x6553,
0x6553,
0x855b,
0x6553,
0x665b,
0x4553,
0x4553,
0x4553,
0x665b,
0xc86b,
0xc86b,
0x865b,
0x865b,
0xa763,
0xa663,
0x6553,
0x0443,
0x6653,
0xc763,
0xc763,
0xc663,
0xa65b,
0xc763,
0xa763,
0xa763,
0x685b,
0x8863,
0xc76b,
0xc663,
0xa763,
0xa763,
0xc86b,
0xa86b,
0xa86b,
0xe973,
0xa873,
0xaa7b,
0x6e9c,
0x8fa4,
0x4d9c,
0x8ea4,
0x8ea4,
0xafa4,
0x6d9c,
0x6d9c,
0x8d9c,
0x8e9c,
0x8e9c,
0xafa4,
0x10ad,
0x10ad,
0x72bd,
0x10ad,
0xafa4,
0x8e9c,
0x8ea4,
0x8ea4,
0x6d9c,
0x8d9c,
0x6d9c,
0x6d9c,
0x4d9c,
0x4c9c,
0x6d9c,
0x6d9c,
0x4d9c,
0x2c8c,
0x2b84,
0x0b84,
0x0b8c,
0xea7b,
0x0a84,
0x8d94,
0x4c8c,
0xea7b,
0xca7b,
0x0b84,
0xafa4,
0xcea4,
0x72bd,
0x14de,
0x72c5,
0x2c94,
0xa97b,
0xa97b,
0x8973,
0xa86b,
0x0b7c,
0x2c8c,
0x2c8c,
0x0c8c,
0xca7b,
0x886b,
0xa973,
0xca7b,
0x0c8c,
0x0b84,
0x2c8c,
0x4d94,
0x6e9c,
0x8fa4,
0x4d94,
0x2c8c,
0xc86b,
0x844b,
0x6553,
0xa863,
0xc763,
0xa65b,
0xa65b,
0xa553,
0x444b,
0x4443,
0x644b,
0x854b,
0xa55b,
0x865b,
0x8553,
0x644b,
0xe43a,
0x033b,
0xa63a,
0x9973,
0x1874,
0x6832,
0x3a6b,
0x9973,
0x9973,
0x9973,
0x9973,
0x9973,
0x9973,
0x9973,
0xb973,
0xb973,
0x9973,
0x9973,
0x9973,
0x9973,
0x9973,
0x9973,
0x9973,
0x9973,
0x9973,
0x9973,
0x9973,
0x9973,
0x9973,
0x9973,
0x9973,
0x9973,
0x9973,
0x9973,
0x9973,
0x9973,
0x9973,
0x9973,
0x9973,
0x9973,
0x9973,
0x9973,
0x9973,
0x9973,
0x9973,
0x9973,
0x9973,
0x9973,
0x9973,
0x9973,
0x9973,
0x9973,
0x9973,
0x9973,
0x9973,
0x9973,
0x9973,
0x9973,
0x9973,
0x9973,
0x9973,
0x9973,
0x9973,
0x9973,
0x9973,
0x9973,
0x9973,
0x9973,
0x9973,
0x9973,
0x9973,
0x9973,
0x9973,
0x9973,
0x9973,
0x9973,
0x9973,
0x9973,
0x9973,
0x9973,
0x9973,
0x9973,
0x9973,
0x9973,
0x9973,
0x9973,
0x9973,
0x9973,
0x9973,
0x9973,
0x9973,
0xa532,
0x2443,
0xc442,
0x6973,
0x2b8c,
0x4c94,
0xc873,
0x044b,
0x054b,
0x265b,
0x265b,
0xa973,
0xa97b,
0x0b84,
0x2c8c,
0x8d9c,
0x8e9c,
0x4c8c,
0x0a84,
0xc873,
0xa86b,
0xc86b,
0xc763,
0xc663,
0xa75b,
0xa65b,
0x655b,
0x254b,
0x6453,
0x254b,
0x473a,
0x757c,
0x873a,
0x2832,
0x577c,
0x7684,
0xa63a,
0x2343,
0x0343,
0x234b,
0x0443,
0x2443,
0x2443,
0x0443,
0x2443,
0x2443,
0x2443,
0x244b,
0x444b,
0x654b,
0x6443,
0x844b,
0x444b,
0x4443,
0x673a,
0xf77b,
0xd87b,
0xf873,
0xf68c,
0xb973,
0x9873,
0x986b,
0x567c,
0x367c,
0x283a,
0x0932,
0x7a6b,
0x9973,
0x9973,
0x9973,
0x9973,
0x9973,
0x9973,
0x9973,
0x9973,
0x9973,
0x9973,
0x9973,
0x9973,
0x9973,
0x9973,
0x9973,
0x9973,
0x9973,
0x9973,
0x9973,
0x9973,
0x9973,
0x9973,
0x9973,
0x9973,
0x9973,
0x9973,
0x9973,
0x9973,
0x9973,
0x9973,
0x9973,
0x9973,
0x9973,
0x9973,
0x9973,
0x9973,
0x9973,
0x9973,
0x9973,
0x9973,
0x9973,
0x9973,
0x7973,
0x1963,
0x547c,
0xc76b,
0xe873,
0xc76b,
0xc65b,
0xc65b,
0xc553,
0xa65b,
0x6553,
0x6553,
0x4653,
0x2653,
0x075b,
0xe64a,
0x0553,
0x044b,
0x044b,
0x655b,
0xa763,
0xa763,
0xa86b,
0xc86b,
0xc763,
0x865b,
0xa65b,
0x6553,
0x044b,
0xa763,
0xc86b,
0xc86b,
0xc86b,
0x685b,
0xc96b,
0xc96b,
0x8963,
0x6863,
0xe852,
0x274b,
0xc75b,
0xa763,
0xc863,
0xc86b,
0xe873,
0x0a7c,
0x2c8c,
0x2d94,
0x2d94,
0x4d9c,
0x2c8c,
0x4b74,
0x0b64,
0xcd94,
0x51bd,
0x10ad,
0x10ad,
0x31b5,
0x31b5,
0x31b5,
0x10ad,
0xf3cd,
0xd3cd,
0xb2c5,
0xb2c5,
0xcfac,
0xcfac,
0xf0ac,
0xd0ac,
0xafa4,
0xaea4,
0x6d9c,
0xafa4,
0x31a5,
0xd09c,
0xaf9c,
0x8e94,
0x8e94,
0x8c94,
0x0a7c,
0x2b84,
0x2b8c,
0xca7b,
0x6d9c,
0xefa4,
0x71b5,
0xd0a4,
0x0b84,
0x4d94,
0xafa4,
0xcfa4,
0x92c5,
0x72bd,
0xf0ac,
0xafa4,
0x8ea4,
0x2c8c,
0x8973,
0xca73,
0x8e9c,
0x8f9c,
0x8f9c,
0xafa4,
0xafa4,
0x8f9c,
0x8fa4,
0x8f9c,
0x8e9c,
0x6e9c,
0x6e9c,
0x8e9c,
0x8e9c,
0x2c8c,
0xea7b,
0xa65b,
0x8553,
0xa96b,
0xea7b,
0xe973,
0xe873,
0xa75b,
0xa653,
0x644b,
0x644b,
0xa653,
0xa653,
0x8553,
0x6553,
0x4443,
0x043b,
0x233b,
0xe53a,
0x986b,
0x5a6b,
0x387c,
0xa63a,
0x387c,
0x9973,
0x9973,
0x9973,
0x7a73,
0x9973,
0xb973,
0xb973,
0xf973,
0x9973,
0x9973,
0x9973,
0x9973,
0x9973,
0x9973,
0x9973,
0x9973,
0x9973,
0x9973,
0x9973,
0x9973,
0x9973,
0x9973,
0x9973,
0x9973,
0x9973,
0x9973,
0x9973,
0x9973,
0x9973,
0x9973,
0x9973,
0x9973,
0x9973,
0x9973,
0x9973,
0x9973,
0x9973,
0x9973,
0x9973,
0x9973,
0x9973,
0x9973,
0x9973,
0x9973,
0x9973,
0x9973,
0x9973,
0x9973,
0x9973,
0x9973,
0x9973,
0x9973,
0x9973,
0x9973,
0x9973,
0x9973,
0x9973,
0x9973,
0x9973,
0x9973,
0x9973,
0x9973,
0x9973,
0x9973,
0x9973,
0x9973,
0x9973,
0x9973,
0x9973,
0x9973,
0x9973,
0x9973,
0x9973,
0x9973,
0x9973,
0x9973,
0x9973,
0x9973,
0x9973,
0x9973,
0x9973,
0x9973,
0x9973,
0x7a6b,
0x863a,
0x444b,
0xc54a,
0xeb8b,
0x0b8c,
0x886b,
0x4663,
0x265b,
0xe54a,
0x065b,
0x686b,
0xa973,
0x886b,
0x0b8c,
0x6d94,
0x4c94,
0x4c94,
0x4c94,
0x2b84,
0xe97b,
0xe97b,
0xc973,
0xc76b,
0xa763,
0xa763,
0x875b,
0x865b,
0x875b,
0x6553,
0x6553,
0x844b,
0x8453,
0x644b,
0x444b,
0x673a,
0x673a,
0xe642,
0x4832,
0x4732,
0x4832,
0xe542,
0x2443,
0x2443,
0x644b,
0x6553,
0x6553,
0x8553,
0x8553,
0x6453,
0x444b,
0x4443,
0x644b,
0x644b,
0x2543,
0x2543,
0x064b,
0xa642,
0x673a,
0x6732,
0x9973,
0x9973,
0x9973,
0x9973,
0x7a6b,
0x7a6b,
0x7a73,
0x9973,
0x9973,
0x9973,
0x9973,
0x9973,
0x9973,
0x9973,
0x9973,
0x9973,
0x9973,
0x9973,
0x9973,
0x9973,
0x9973,
0x9973,
0x9973,
0x9973,
0x9973,
0x9973,
0x9973,
0x9973,
0x9973,
0x9973,
0x9973,
0x9973,
0x9973,
0x9973,
0x9973,
0x9973,
0x9973,
0x9973,
0x9973,
0x9973,
0x9973,
0x9973,
0x9973,
0x9973,
0x9973,
0x9973,
0x9973,
0x9973,
0x9973,
0x9973,
0xb973,
0xb973,
0x1b63,
0x2a3a,
0x0874,
0xa663,
0xa553,
0xa55b,
0xa55b,
0x865b,
0x254b,
0x485b,
0x475b,
0x465b,
0x265b,
0x4553,
0x0653,
0x254b,
0x6453,
0x855b,
0x8553,
0xa65b,
0xa763,
0xc86b,
0xc763,
0x6453,
0x4553,
0x8553,
0x6453,
0x865b,
0xe973,
0xe973,
0xc94a,
0xd65a,
0xce52,
0x896b,
0xe86b,
0x883a,
0x4b21,
0xc842,
0xc763,
0xa863,
0xc963,
0xe863,
0xea73,
0x2c84,
0x4d94,
0x8f9c,
0xaa73,
0x273a,
0xe632,
0xca23,
0xaf4c,
0x0e8d,
0xb2c5,
0xd3c5,
0xd3cd,
0x14d6,
0x31ad,
0xee8c,
0x51ad,
0x92bd,
0x13d6,
0x14d6,
0x55de,
0x14d6,
0xb2c5,
0xd3cd,
0xb3cd,
0x51bd,
0x10b5,
0xf0ac,
0x3195,
0x319d,
0xb2c5,
0x72b5,
0xaf9c,
0x4c8c,
0x2a84,
0xa963,
0x0b84,
0x2c8c,
0x4d94,
0x72bd,
0x34d6,
0x54de,
0xd3cd,
0xd0a4,
0xafa4,
0x31b5,
0x10ad,
0x31b5,
0x31b5,
0xf0ac,
0x51bd,
0x72bd,
0xb3c5,
0x72bd,
0x31b5,
0x31b5,
0x31b5,
0x31b5,
0x31b5,
0x51bd,
0x72c5,
0x31bd,
0x11b5,
0x31bd,
0xf0ac,
0x4d94,
0x2c8c,
0x6e94,
0x6d94,
0x2c8c,
0xe973,
0xa863,
0x0b84,
0x6d94,
0x6b8c,
0x2b7c,
0xa863,
0x865b,
0x8553,
0x654b,
0x855b,
0x8553,
0xc65b,
0xa453,
0x2443,
0x2343,
0xe542,
0x1774,
0x7a73,
0x9973,
0x777c,
0x1874,
0x9973,
0x9973,
0x9973,
0x9973,
0x187c,
0x187c,
0x387c,
0x9973,
0x9973,
0x9973,
0x9973,
0x9973,
0x9973,
0x9973,
0x9973,
0x9973,
0x9973,
0x9973,
0x9973,
0x9973,
0x9973,
0x9973,
0x9973,
0x9973,
0x9973,
0x9973,
0x9973,
0x9973,
0x9973,
0x9973,
0x9973,
0x9973,
0x9973,
0x9973,
0x9973,
0x9973,
0x9973,
0x9973,
0x9973,
0x9973,
0x9973,
0x9973,
0x9973,
0x9973,
0x9973,
0x9973,
0x9973,
0x9973,
0x9973,
0x9973,
0x9973,
0x9973,
0x9973,
0x9973,
0x9973,
0x9973,
0x9973,
0x9973,
0x9973,
0x9973,
0x9973,
0x9973,
0x9973,
0x9973,
0x9973,
0x9973,
0x9973,
0x9973,
0x9973,
0x9973,
0x9973,
0x9973,
0x9973,
0x9973,
0x9973,
0x9973,
0x9973,
0x9973,
0x9973,
0x9973,
0x9973,
0x9973,
0x9973,
0x9973,
0x596b,
0xa642,
0x244b,
0x2763,
0xcb8b,
0x4973,
0x4763,
0x8973,
0x2663,
0xe65a,
0x4873,
0xea83,
0x8873,
0x065b,
0x8973,
0xefa4,
0xea83,
0x4c94,
0x4c94,
0xc97b,
0xea83,
0xea83,
0xc973,
0xc973,
0xc86b,
0xa763,
0xa75b,
0x865b,
0x865b,
0x8763,
0x865b,
0x8553,
0x8553,
0x855b,
0xe74a,
0xb773,
0xc742,
0x845b,
0x483a,
0x1a63,
0x2932,
0xa742,
0x6553,
0x6453,
0x6553,
0x865b,
0x6553,
0x4553,
0x644b,
0x4443,
0x844b,
0x644b,
0xe542,
0x2832,
0x4732,
0x2443,
0xc642,
0x473a,
0x7784,
0x7a6b,
0x9973,
0x9973,
0x9973,
0x9973,
0x9973,
0x9973,
0x9973,
0x9973,
0x9973,
0x9973,
0x9973,
0x9973,
0x9973,
0x9973,
0x9973,
0x9973,
0x9973,
0x9973,
0x9973,
0x9973,
0x9973,
0x9973,
0x9973,
0x9973,
0x9973,
0x9973,
0x9973,
0x9973,
0x9973,
0x9973,
0x9973,
0x9973,
0x9973,
0x9973,
0x9973,
0x9973,
0x9973,
0x9973,
0x9973,
0x9973,
0x9973,
0x9973,
0x9973,
0x9973,
0x9973,
0x9973,
0x7a6b,
0x5a6b,
0x5a6b,
0x5a6b,
0x7a6b,
0x7a6b,
0x3b6b,
0x167c,
0xa663,
0xa663,
0xa55b,
0x8553,
0x655b,
0xa663,
0x465b,
0x6663,
0x865b,
0x675b,
0xc763,
0x0774,
0x137c,
0x976b,
0xc74a,
0xa55b,
0x8553,
0x6553,
0x865b,
0xa763,
0x865b,
0x6553,
0x8663,
0x8663,
0xa763,
0xc973,
0x2a84,
0xe852,
0x185b,
0x7973,
0xf85a,
0x6942,
0xe84a,
0xad4a,
0x6d42,
0xa842,
0x6653,
0xa65b,
0xc75b,
0x065c,
0xe86b,
0x0b84,
0x4d94,
0x8d94,
0x683a,
0x5752,
0xea21,
0x8d7c,
0x54d6,
0xd3c5,
0xf4c5,
0x96e6,
0x96e6,
0xd7ee,
0xf19c,
0x2d7d,
0xd3bd,
0x35d6,
0x96de,
0x34d6,
0x72b5,
0xf3cd,
0xb3c5,
0xd3cd,
0xb2cd,
0x51bd,
0x31b5,
0x10ad,
0x31b5,
0xf0ac,
0x31b5,
0xf0ac,
0x8c9c,
0x0a84,
0x0b84,
0xea83,
0x4c8c,
0x6d94,
0xae9c,
0xefa4,
0x92bd,
0x34de,
0x72bd,
0xf0ac,
0xafa4,
0x8ea4,
0x8fa4,
0xd0ac,
0x11ad,
0x32b5,
0x32b5,
0x93bd,
0x93c5,
0x14d6,
0xf4d5,
0xf4d5,
0xf4d5,
0xf4d5,
0xf4d5,
0xf4d5,
0xd3cd,
0x34de,
0x14de,
0xb3cd,
0x52bd,
0xcfa4,
0xf0ac,
0xf0ac,
0x6c8c,
0xe973,
0xc86b,
0xea7b,
0x6c94,
0x8c94,
0x6b8c,
0xa863,
0x865b,
0x6553,
0x444b,
0x654b,
0x6553,
0xa65b,
0xe763,
0x644b,
0x4343,
0xc53a,
0xd773,
0x7a73,
0xb973,
0x5a6b,
0xd684,
0xc63a,
0x976b,
0x596b,
0xd973,
0x187c,
0x787c,
0xd973,
0x9973,
0x9973,
0x9973,
0x9973,
0x9973,
0x9973,
0x9973,
0x9973,
0x9973,
0x9973,
0x9973,
0x9973,
0x9973,
0x9973,
0x9973,
0x9973,
0x9973,
0x9973,
0x9973,
0x9973,
0x9973,
0x9973,
0x9973,
0x9973,
0x9973,
0x9973,
0x9973,
0x9973,
0x9973,
0x9973,
0x9973,
0x9973,
0x9973,
0x9973,
0x9973,
0x9973,
0x9973,
0x9973,
0x9973,
0x9973,
0x9973,
0x9973,
0x9973,
0x9973,
0x9973,
0x9973,
0x9973,
0x9973,
0x9973,
0x9973,
0x9973,
0x9973,
0x9973,
0x9973,
0x9973,
0x9973,
0x9973,
0x9973,
0x9973,
0x9973,
0x9973,
0x9973,
0x9973,
0x9973,
0x9973,
0x9973,
0x9973,
0x9973,
0x9973,
0x9973,
0x9973,
0x9973,
0x9973,
0x9973,
0x9973,
0x9973,
0x9973,
0x9973,
0xb873,
0xe53a,
0xe33a,
0x0863,
0xec8b,
0xaa83,
0xcb83,
0x2c94,
0xea83,
0x6973,
0xaa83,
0x0b8c,
0xc97b,
0x2763,
0x4973,
0xf0ac,
0x8e9c,
0x6d9c,
0x6d9c,
0xc97b,
0xe97b,
0x2a84,
0xe973,
0xc86b,
0xc86b,
0xa863,
0x875b,
0x8653,
0x6653,
0x865b,
0x865b,
0x8553,
0x6653,
0xc663,
0x8842,
0x557c,
0xa55b,
0x865b,
0x675b,
0x4942,
0xa763,
0xc763,
0xc84a,
0x6842,
0x683a,
0x454b,
0x444b,
0x444b,
0x444b,
0x644b,
0xa642,
0x3674,
0x786b,
0x3a6b,
0x2832,
0x0932,
0x3a6b,
0x5a6b,
0x7a6b,
0xb973,
0x9973,
0x9973,
0x9973,
0x9973,
0x9973,
0x9973,
0x9973,
0x9973,
0x9973,
0x9973,
0x9973,
0x9973,
0x9973,
0x9973,
0x9973,
0x9973,
0x9973,
0x9973,
0x9973,
0x9973,
0x9973,
0x9973,
0x9973,
0x9973,
0x9973,
0x9973,
0x9973,
0x9973,
0x9973,
0x9973,
0x9973,
0x9973,
0x9973,
0x9973,
0x9973,
0x9973,
0x9973,
0x9973,
0x9973,
0x9973,
0x9973,
0x9973,
0x9973,
0x9973,
0x9973,
0x9973,
0xf87b,
0x283a,
0x283a,
0x293a,
0x557c,
0x7584,
0x167c,
0x673a,
0x855b,
0xc76b,
0xe76b,
0x8763,
0x085b,
0x4963,
0x4763,
0x6842,
0xf673,
0x1763,
0x0753,
0xe66b,
0x6863,
0x3484,
0x3963,
0xc952,
0x675b,
0x655b,
0x4553,
0x6553,
0x855b,
0x865b,
0xc86b,
0xe86b,
0xc76b,
0xe86b,
0xaa73,
0x9573,
0x796b,
0xb973,
0x9973,
0x3963,
0x1963,
0x1963,
0x3863,
0x1963,
0xb66b,
0x863a,
0x6553,
0xa65b,
0xa763,
0xc763,
0xc973,
0x297c,
0x894a,
0x1863,
0xd85a,
0x0d6b,
0xb7e6,
0xf8ee,
0x96e6,
0xf8ee,
0x79f7,
0xbbff,
0xf4c5,
0x10a5,
0x96de,
0xf8f6,
0xb6ee,
0x75e6,
0xd4cd,
0x52bd,
0x31b5,
0x10b5,
0x30b5,
0xf0ac,
0xf0ac,
0xd0a4,
0xaea4,
0x8e9c,
0x6d9c,
0x4c8c,
0x2b84,
0x6d9c,
0x6b94,
0x2a84,
0xc973,
0xc86b,
0xeb83,
0xcb83,
0x0b8c,
0x4d94,
0x4d94,
0xafa4,
0xf0ac,
0xd0a4,
0x6e9c,
0x8f9c,
0x12ad,
0x32b5,
0x12ad,
0x32b5,
0x93c5,
0x93c5,
0x73bd,
0x32b5,
0x52bd,
0x52bd,
0x93c5,
0xf4d5,
0x35de,
0x55e6,
0x35de,
0x55e6,
0x55e6,
0xf4d5,
0x92c5,
0xafa4,
0x0b7c,
0x2a84,
0xad9c,
0xae9c,
0x6c8c,
0x4b84,
0xc86b,
0x8663,
0x855b,
0x444b,
0x444b,
0x644b,
0x644b,
0x844b,
0x644b,
0x644b,
0xc63a,
0xb873,
0x7a6b,
0xb973,
0x9973,
0xb973,
0xa73a,
0xa353,
0x454b,
0xe642,
0xb77c,
0xb973,
0x7a73,
0x9973,
0x9973,
0x9973,
0x9973,
0x9973,
0x9973,
0x9973,
0x9973,
0x9973,
0x9973,
0x9973,
0x9973,
0x9973,
0x9973,
0x9973,
0x9973,
0x9973,
0x9973,
0x9973,
0x9973,
0x9973,
0x9973,
0x9973,
0x9973,
0x9973,
0x9973,
0x9973,
0x9973,
0x9973,
0x9973,
0x9973,
0x9973,
0x9973,
0x9973,
0x9973,
0x9973,
0x9973,
0x9973,
0x9973,
0x9973,
0x9973,
0x9973,
0x9973,
0x9973,
0x9973,
0x9973,
0x9973,
0x9973,
0x9973,
0x9973,
0x9973,
0x9973,
0x9973,
0x9973,
0x9973,
0x9973,
0x9973,
0x9973,
0x9973,
0x9973,
0x9973,
0x9973,
0x9973,
0x9973,
0x9973,
0x9973,
0x9973,
0x9973,
0x9973,
0x9973,
0x9973,
0x9973,
0x9973,
0x9973,
0x9973,
0x9973,
0x9973,
0x9973,
0x7a73,
0xf873,
0xc43a,
0xe552,
0x486b,
0xab83,
0x2c94,
0x2c94,
0x0c94,
0x4d9c,
0x4c94,
0x0b8c,
0x0b8c,
0xa973,
0xca7b,
0x6e9c,
0xcfa4,
0x10ad,
0x6d9c,
0x2b8c,
0x4b94,
0x0a84,
0x2b84,
0x0b84,
0xea7b,
0xc96b,
0xa763,
0x865b,
0x865b,
0x8653,
0x865b,
0x865b,
0x865b,
0x865b,
0xc563,
0x4942,
0xb56b,
0xa55b,
0x865b,
0xa763,
0x2853,
0x8942,
0x8842,
0x064b,
0x8553,
0x6553,
0x8553,
0x6453,
0x644b,
0x644b,
0x6453,
0xf673,
0x5a6b,
0x9973,
0x9973,
0x7a6b,
0x7a6b,
0x9973,
0x9973,
0x9973,
0x9973,
0x9973,
0x9973,
0x9973,
0x9973,
0x9973,
0x9973,
0x9973,
0x9973,
0x9973,
0x9973,
0x9973,
0x9973,
0x9973,
0x9973,
0x9973,
0x9973,
0x9973,
0x9973,
0x9973,
0x9973,
0x9973,
0x9973,
0x9973,
0x9973,
0x9973,
0x9973,
0x9973,
0x9973,
0x9973,
0x9973,
0x9973,
0x9973,
0x9973,
0x9973,
0x9973,
0x9973,
0x9973,
0x9973,
0x9973,
0x9973,
0x9973,
0x9973,
0x9973,
0x9973,
0x9973,
0x5a6b,
0x093a,
0xa563,
0x4563,
0xa873,
0x2a8c,
0x097c,
0xa76b,
0x097c,
0xa76b,
0x6663,
0x6563,
0x085b,
0x1863,
0x5863,
0xd77b,
0x3a6b,
0x187c,
0xb58c,
0xd673,
0x485b,
0x077c,
0x886b,
0xb573,
0xf95a,
0x976b,
0x8942,
0x2753,
0x665b,
0x8663,
0x665b,
0x6553,
0x865b,
0xa663,
0xe66b,
0x493a,
0xb852,
0x386b,
0x3863,
0x3863,
0x976b,
0xb76b,
0x3863,
0x3963,
0x9973,
0x5a73,
0xf862,
0x6d42,
0x2653,
0x4653,
0x4653,
0x254b,
0x865b,
0x285b,
0x3763,
0x796b,
0x994a,
0x9073,
0x35ce,
0xf8ee,
0x79f7,
0x9af7,
0xb8de,
0xb3c5,
0xcfa4,
0x55de,
0x96ee,
0x55e6,
0x35de,
0xf4d5,
0x93c5,
0x72bd,
0x31b5,
0xada4,
0x4b8c,
0x2b8c,
0xea83,
0xe97b,
0xe97b,
0xc97b,
0x2a63,
0x6a6b,
0xc97b,
0x0c7c,
0xca73,
0x0b84,
0xea7b,
0xc97b,
0x2c8c,
0xeb83,
0xb09c,
0x73b5,
0x32b5,
0x53b5,
0x94bd,
0xb4c5,
0x52b5,
0x94bd,
0x93bd,
0x93bd,
0x52b5,
0x73bd,
0x53bd,
0x73bd,
0x93c5,
0x52bd,
0x52bd,
0xf4d5,
0x76e6,
0x55e6,
0xf4d5,
0x35de,
0x76e6,
0x14de,
0x93c5,
0x11ad,
0xaf9c,
0xea73,
0x4b8c,
0xae9c,
0x6c94,
0x4b84,
0xe973,
0x865b,
0x855b,
0x6553,
0x444b,
0x444b,
0x644b,
0xe642,
0x1674,
0x757c,
0x767c,
0x796b,
0x7a73,
0x9973,
0x9973,
0xd973,
0x873a,
0x873a,
0xc642,
0x873a,
0x777c,
0xd973,
0x9973,
0x9973,
0x9973,
0x9973,
0x9973,
0x9973,
0x9973,
0x9973,
0x9973,
0x9973,
0x9973,
0x9973,
0x9973,
0x9973,
0x9973,
0x9973,
0x9973,
0x9973,
0x9973,
0x9973,
0x9973,
0x9973,
0x9973,
0x9973,
0x9973,
0x9973,
0x9973,
0x9973,
0x9973,
0x9973,
0x9973,
0x9973,
0x9973,
0x9973,
0x9973,
0x9973,
0x9973,
0x9973,
0x9973,
0x9973,
0x9973,
0x9973,
0x9973,
0x9973,
0x9973,
0x9973,
0x9973,
0x9973,
0x9973,
0x9973,
0x9973,
0x9973,
0x9973,
0x9973,
0x9973,
0x9973,
0x9973,
0x9973,
0x9973,
0x9973,
0x9973,
0x9973,
0x9973,
0x9973,
0x9973,
0x9973,
0x9973,
0x9973,
0x9973,
0x9973,
0x9973,
0x9973,
0x9973,
0x9973,
0x9973,
0x9973,
0x9973,
0x9973,
0x9973,
0x9973,
0x9973,
0x9973,
0x8532,
0x065b,
0x4873,
0xaa83,
0x4e9c,
0x8fa4,
0x4d9c,
0x0c8c,
0x0c94,
0xf1a4,
0xcf9c,
0xa973,
0x4d94,
0xf0ac,
0x31b5,
0x8d9c,
0xea83,
0x2c8c,
0x4c8c,
0x2c8c,
0x2c8c,
0x0b84,
0xc973,
0xc96b,
0x875b,
0x8763,
0x875b,
0x875b,
0x865b,
0x865b,
0x865b,
0x8553,
0x855b,
0x675b,
0x264b,
0x865b,
0xa663,
0x875b,
0xa842,
0xc742,
0x454b,
0x644b,
0x644b,
0x644b,
0x644b,
0x444b,
0x4553,
0x054b,
0x673a,
0xe929,
0x9973,
0x9973,
0x9973,
0x9973,
0x9973,
0x9973,
0x9973,
0x9973,
0x9973,
0x9973,
0x9973,
0x9973,
0x9973,
0x9973,
0x9973,
0x9973,
0x9973,
0x9973,
0x9973,
0x9973,
0x9973,
0x9973,
0x9973,
0x9973,
0x9973,
0x9973,
0x9973,
0x9973,
0x9973,
0x9973,
0x9973,
0x9973,
0x9973,
0x9973,
0x9973,
0x9973,
0x9973,
0x9973,
0x9973,
0x9973,
0x9973,
0x9973,
0x9973,
0x9973,
0x9973,
0x9973,
0x9973,
0x9973,
0x9973,
0x9973,
0x9973,
0x9973,
0x9973,
0x9973,
0x7a6b,
0xf67b,
0x6763,
0xa973,
0x2b8c,
0xad9c,
0x0a84,
0xea83,
0x8da4,
0xcda4,
0x0a84,
0xe85a,
0x5584,
0x7973,
0x9973,
0x7a6b,
0x7a6b,
0x5784,
0xd494,
0x3a63,
0x786b,
0x8952,
0x4863,
0xe97b,
0x4b6b,
0x1584,
0xbb5a,
0x938c,
0x8763,
0x8763,
0xa76b,
0x8763,
0x475b,
0xa76b,
0x2984,
0xe952,
0xcf52,
0x8e4a,
0x8d42,
0xa642,
0x265b,
0x275b,
0xe852,
0x093a,
0xb66b,
0xd773,
0x7663,
0x4d42,
0x254b,
0x865b,
0x865b,
0xc763,
0xc86b,
0xa663,
0x0853,
0x766b,
0x796b,
0x5673,
0xf063,
0xb5ad,
0x39f7,
0x5af7,
0x15c6,
0x96e6,
0xd3cd,
0x51bd,
0x34de,
0x54e6,
0x35de,
0xf4d5,
0x52bd,
0xafa4,
0xcfac,
0x6b9c,
0xea83,
0xea7b,
0xa873,
0xa86b,
0x0b8c,
0xea83,
0xeb83,
0x4e94,
0x4e94,
0xd0a4,
0x52bd,
0x10ad,
0x51b5,
0x35d6,
0xd3c5,
0x72b5,
0xd4c5,
0x16d6,
0xf5cd,
0xf5cd,
0xd5c5,
0x16ce,
0xf5cd,
0xb4c5,
0x93c5,
0x15d6,
0xf5d5,
0xd4cd,
0x35d6,
0xf4d5,
0xf4d5,
0xf4d5,
0x15de,
0x35de,
0x92c5,
0x51bd,
0x31b5,
0xf0ac,
0xafa4,
0xafa4,
0x6d94,
0x0b84,
0xc973,
0x865b,
0x8763,
0xc86b,
0xc76b,
0xa65b,
0x865b,
0x6553,
0x644b,
0x644b,
0x2443,
0x644b,
0xe642,
0x586b,
0x7a6b,
0x7a6b,
0x7a6b,
0x9973,
0x9973,
0x9973,
0x9973,
0xb973,
0x4932,
0x1874,
0x796b,
0x9973,
0x5a6b,
0x9973,
0x9973,
0x9973,
0x9973,
0x9973,
0x9973,
0x9973,
0x9973,
0x9973,
0x9973,
0x9973,
0x9973,
0x9973,
0x9973,
0x9973,
0x9973,
0x9973,
0x9973,
0x9973,
0x9973,
0x9973,
0x9973,
0x9973,
0x9973,
0x9973,
0x9973,
0x9973,
0x9973,
0x9973,
0x9973,
0x9973,
0x9973,
0x9973,
0x9973,
0x9973,
0x9973,
0x9973,
0x9973,
0x9973,
0x9973,
0x9973,
0x9973,
0x9973,
0x9973,
0x9973,
0x9973,
0x9973,
0x9973,
0x9973,
0x9973,
0x9973,
0x9973,
0x9973,
0x9973,
0x9973,
0x9973,
0x9973,
0x9973,
0x9973,
0x9973,
0x9973,
0x9973,
0x9973,
0x9973,
0x9973,
0x9973,
0x9973,
0x9973,
0x9973,
0x9973,
0x9973,
0x9973,
0x9973,
0x9973,
0x9973,
0x9973,
0x9973,
0x9973,
0x9973,
0x9973,
0x9973,
0x9973,
0xb973,
0xa542,
0x276b,
0x2763,
0x697b,
0xf0ac,
0xf0ac,
0x6e9c,
0x6d9c,
0x4c94,
0xf5c5,
0x73b5,
0xa973,
0x6973,
0x4d94,
0x4d94,
0x886b,
0x065b,
0xa973,
0x4c8c,
0x2c84,
0x0b84,
0x0a7c,
0xc873,
0xa86b,
0x8863,
0xa763,
0x865b,
0xa75b,
0xa65b,
0xa65b,
0x855b,
0x855b,
0x8553,
0xa553,
0xa55b,
0xa55b,
0xa65b,
0x865b,
0xa55b,
0xa55b,
0x8553,
0x6553,
0x454b,
0x6553,
0x855b,
0x6553,
0x7384,
0x986b,
0x7a6b,
0x9973,
0x9973,
0x9973,
0x9973,
0x9973,
0x9973,
0x9973,
0x9973,
0x9973,
0x9973,
0x9973,
0x9973,
0x9973,
0x9973,
0x9973,
0x9973,
0x9973,
0x9973,
0x9973,
0x9973,
0x9973,
0x9973,
0x9973,
0x9973,
0x9973,
0x9973,
0x9973,
0x9973,
0x9973,
0x9973,
0x9973,
0x9973,
0x9973,
0x9973,
0x9973,
0x9973,
0x9973,
0x9973,
0x9973,
0x9973,
0x9973,
0x9973,
0x9973,
0x9973,
0x9973,
0x9973,
0x9973,
0x9973,
0x9973,
0x9973,
0x9973,
0x9973,
0x9973,
0x9973,
0x9973,
0x7a6b,
0xf57b,
0x676b,
0xc97b,
0xc87b,
0x0a84,
0x4b94,
0x0a8c,
0xea83,
0x0b8c,
0x9394,
0x3963,
0xf883,
0xd87b,
0x9973,
0xb973,
0x1b63,
0x8a52,
0x6973,
0x5963,
0x9973,
0x3a63,
0x9873,
0x884a,
0xc87b,
0x2b6b,
0xb59c,
0x958c,
0xa86b,
0x886b,
0x6963,
0xa952,
0x1584,
0x738c,
0x6863,
0xe852,
0x275b,
0xa76b,
0xa86b,
0xe97b,
0x2a8c,
0x2a8c,
0x2984,
0xc773,
0x876b,
0x686b,
0xa873,
0xc87b,
0xc87b,
0x097c,
0xe97b,
0x8763,
0x097c,
0x0984,
0x8b94,
0x4c6b,
0x5963,
0xf95a,
0x508c,
0x56d6,
0x76de,
0x97e6,
0xd7ee,
0x96ee,
0x55e6,
0x34de,
0x34e6,
0x55e6,
0xf4cd,
0x92bd,
0x10ad,
0x8e9c,
0xac9c,
0x8d9c,
0x4c94,
0x2b8c,
0x2a84,
0xa86b,
0x2c94,
0x6d9c,
0x6e9c,
0xb0a4,
0x31b5,
0x71b5,
0x14ce,
0x76de,
0x76de,
0xb7e6,
0x96e6,
0x76e6,
0x96e6,
0xd8ee,
0xb7e6,
0x77de,
0xf5cd,
0xf5cd,
0x15ce,
0xf4cd,
0xb4c5,
0x15d6,
0xd4cd,
0xd4cd,
0xd4cd,
0x92cd,
0xf4dd,
0x55e6,
0x55e6,
0xd3cd,
0x51bd,
0x51b5,
0x8e9c,
0x4c94,
0x4d94,
0x2c94,
0x2c94,
0xc973,
0x865b,
0x855b,
0xa55b,
0x865b,
0x0743,
0x674b,
0xa65b,
0x8553,
0x8553,
0x444b,
0x244b,
0xc642,
0x567c,
0x796b,
0x9973,
0x9973,
0x9973,
0x9973,
0x9973,
0x9973,
0x9973,
0x786b,
0xe642,
0xc642,
0x796b,
0x9973,
0x9973,
0x9973,
0x9973,
0x9973,
0x9973,
0x9973,
0x9973,
0x9973,
0x9973,
0x9973,
0x9973,
0x9973,
0x9973,
0x9973,
0x9973,
0x9973,
0x9973,
0x9973,
0x9973,
0x9973,
0x9973,
0x9973,
0x9973,
0x9973,
0x9973,
0x9973,
0x9973,
0x9973,
0x9973,
0x9973,
0x9973,
0x9973,
0x9973,
0x9973,
0x9973,
0x9973,
0x9973,
0x9973,
0x9973,
0x9973,
0x9973,
0x9973,
0x9973,
0x9973,
0x9973,
0x9973,
0x9973,
0x9973,
0x9973,
0x9973,
0x9973,
0x9973,
0x9973,
0x9973,
0x9973,
0x9973,
0x9973,
0x9973,
0x9973,
0x9973,
0x9973,
0x9973,
0x9973,
0x9973,
0x9973,
0x9973,
0x9973,
0x9973,
0x9973,
0x9973,
0x9973,
0x9973,
0x9973,
0x9973,
0x9973,
0x9973,
0x9973,
0x9973,
0x9973,
0x9973,
0x9973,
0x9973,
0x9973,
0x7a6b,
0x0832,
0x8773,
0xa87b,
0x065b,
0x6e9c,
0x11ad,
0x4d9c,
0x8e9c,
0x4d94,
0xf0ac,
0x51b5,
0x0b8c,
0xafa4,
0xafa4,
0xeb83,
0x4763,
0x2763,
0x686b,
0x2c8c,
0x2c8c,
0x4c8c,
0x2b84,
0x2a84,
0x097c,
0xe973,
0xa86b,
0x875b,
0xa65b,
0xa65b,
0xa65b,
0x865b,
0x865b,
0x865b,
0x8553,
0x855b,
0x8553,
0xa553,
0x8553,
0x6453,
0x644b,
0x644b,
0x644b,
0x6553,
0x6553,
0x6553,
0x873a,
0x5a6b,
0x9973,
0x9973,
0x9973,
0x9973,
0x9973,
0x9973,
0x9973,
0x9973,
0x9973,
0x9973,
0x9973,
0x9973,
0x9973,
0x9973,
0x9973,
0x9973,
0x9973,
0x9973,
0x9973,
0x9973,
0x9973,
0x9973,
0x9973,
0x9973,
0x9973,
0x9973,
0x9973,
0x9973,
0x9973,
0x9973,
0x9973,
0x9973,
0x9973,
0x9973,
0x9973,
0x9973,
0x9973,
0x9973,
0xb973,
0x9973,
0xb973,
0xb973,
0x9973,
0x9973,
0x9973,
0x9973,
0x9973,
0x9973,
0x9973,
0x9973,
0x9973,
0x9973,
0x9973,
0x9973,
0x9973,
0x9973,
0xb973,
0x3a63,
0xe95a,
0xc87b,
0xe983,
0xea8b,
0xc97b,
0x6da4,
0x6da4,
0x6c9c,
0x6a73,
0x3863,
0xd87b,
0xb69c,
0x1884,
0x9973,
0xb973,
0x3b63,
0xf4a4,
0xca5a,
0x3963,
0xb973,
0x7a6b,
0x1b63,
0xdc5a,
0x6842,
0x4942,
0x9973,
0x9973,
0x4942,
0x676b,
0x496b,
0xd573,
0x596b,
0x1684,
0x2963,
0x097c,
0xe97b,
0x0a84,
0xcfa4,
0x51b5,
0xcfa4,
0xcea4,
0x8d9c,
0x8da4,
0x8c9c,
0x2b94,
0x0984,
0x0984,
0x2984,
0x0b84,
0x8d9c,
0x8d9c,
0xa873,
0x6c9c,
0x2b84,
0x0f53,
0x586b,
0xf962,
0x2c4b,
0x55ce,
0x96e6,
0x35d6,
0x35d6,
0x55e6,
0x14de,
0x34de,
0x55e6,
0x14d6,
0x71bd,
0xb2c5,
0x92c5,
0x8d9c,
0xeb8b,
0xca7b,
0xa973,
0xec83,
0x6f94,
0x6e94,
0x8f9c,
0xd0a4,
0xf0ac,
0x92bd,
0x76e6,
0xd7ee,
0xb7ee,
0x96e6,
0x76e6,
0x96e6,
0x96e6,
0xb7ee,
0xd7ee,
0xd8e6,
0xb7e6,
0x35d6,
0x56de,
0x56d6,
0xf4cd,
0xf4cd,
0x52bd,
0xafa4,
0xd0a4,
0x72bd,
0x55de,
0x35de,
0x14d6,
0xf4dd,
0x14de,
0x93c5,
0xd3d5,
0x72bd,
0xf0ac,
0xafa4,
0x4c94,
0x0b84,
0xc973,
0xa663,
0xe76b,
0xe763,
0x8653,
0x492a,
0xea19,
0x084b,
0x493a,
0xd673,
0xe742,
0xa55b,
0x254b,
0x966b,
0x3a6b,
0x9973,
0x9973,
0x9973,
0x9973,
0x9973,
0x9973,
0xb973,
0x7a73,
0x986b,
0x454b,
0x2543,
0x986b,
0x9973,
0x9973,
0x9973,
0x9973,
0x9973,
0x9973,
0x9973,
0x9973,
0x9973,
0x9973,
0x9973,
0x9973,
0x9973,
0x9973,
0x9973,
0x9973,
0x9973,
0x9973,
0x9973,
0x9973,
0x9973,
0x9973,
0x9973,
0x9973,
0x9973,
0x9973,
0x9973,
0x9973,
0x9973,
0x9973,
0x9973,
0x9973,
0x9973,
0x9973,
0x9973,
0x9973,
0x9973,
0x9973,
0x9973,
0x9973,
0x9973,
0x9973,
0x9973,
0x9973,
0x9973,
0x9973,
0x9973,
0x9973,
0x9973,
0x9973,
0x9973,
0x9973,
0x9973,
0x9973,
0x9973,
0x9973,
0x9973,
0x9973,
0x9973,
0x9973,
0x9973,
0x9973,
0x9973,
0x9973,
0x9973,
0x9973,
0x9973,
0x9973,
0x9973,
0x9973,
0x9973,
0x9973,
0x9973,
0x9973,
0x9973,
0x9973,
0x9973,
0x9973,
0x9973,
0x9973,
0x9973,
0x9973,
0x9973,
0x9973,
0x9973,
0x786b,
0x085b,
0x2a94,
0x476b,
0x8a7b,
0xb0a4,
0xd0a4,
0xd0a4,
0x6e9c,
0x6d9c,
0x2c94,
0xcb83,
0x52c5,
0x8fa4,
0x8973,
0x2763,
0x4973,
0xca7b,
0x6d94,
0x6c94,
0x2b8c,
0x0a84,
0x2b8c,
0x0a84,
0xe97b,
0xc86b,
0xa763,
0xa65b,
0x855b,
0x855b,
0x6553,
0x855b,
0xa65b,
0xa65b,
0x8553,
0x8553,
0xc55b,
0x8453,
0x644b,
0x8453,
0x644b,
0x444b,
0x8453,
0x2543,
0xe53a,
0xf873,
0x7a73,
0x9973,
0x9973,
0x9973,
0x9973,
0x9973,
0x9973,
0x9973,
0x9973,
0x9973,
0x9973,
0x9973,
0x9973,
0x9973,
0x9973,
0x9973,
0x9973,
0x9973,
0x9973,
0x9973,
0x9973,
0x9973,
0x9973,
0x9973,
0x9973,
0x9973,
0x9973,
0x9973,
0x9973,
0x9973,
0x9973,
0x9973,
0x9973,
0x9973,
0x9973,
0x9973,
0x9973,
0x9973,
0x9973,
0x9973,
0x9973,
0xd973,
0xd973,
0x9973,
0xd973,
0x9973,
0x9973,
0x9973,
0x9973,
0x9973,
0x9973,
0x9973,
0x9973,
0x9973,
0x9973,
0x9973,
0x9973,
0x9973,
0x5a6b,
0x9494,
0x4a94,
0x0a8c,
0x0a8c,
0x0a8c,
0x2b94,
0x4b94,
0xcfac,
0x0b6b,
0x5863,
0xb97b,
0x5a6b,
0x3b63,
0x7a6b,
0x5a6b,
0x3b63,
0x3a63,
0xba52,
0x3a63,
0x7a6b,
0xb69c,
0x6a52,
0xd49c,
0xf59c,
0x3784,
0x7a6b,
0x7a73,
0xd873,
0xe852,
0x486b,
0x0a63,
0x1684,
0x9873,
0xca5a,
0x0a84,
0x6c94,
0x4c94,
0x4b8c,
0x10ad,
0x13d6,
0x10ad,
0x4b94,
0x4c94,
0x8d9c,
0x0b84,
0x097c,
0x4a84,
0xca7b,
0xeb83,
0x4d94,
0x8e9c,
0x8ea4,
0x8d9c,
0x4963,
0x5742,
0x586b,
0x186b,
0x902a,
0x76c6,
0xf7ee,
0x31ad,
0x51b5,
0xd3cd,
0x14d6,
0x14d6,
0xf3cd,
0xf4cd,
0xd3cd,
0xd3cd,
0xd3cd,
0xcfa4,
0x8e9c,
0x2a8c,
0xa97b,
0xcc83,
0x4e94,
0x8fa4,
0xf1ac,
0x6e9c,
0x31b5,
0x55de,
0xd7ee,
0xb6e6,
0x76e6,
0x76e6,
0x96e6,
0x96e6,
0xb7e6,
0x56d6,
0x15ce,
0xf5cd,
0x15d6,
0x77de,
0x19f7,
0x97de,
0x14ce,
0x92c5,
0x31b5,
0x8e9c,
0xca83,
0x8973,
0x6c94,
0x11ad,
0xd3cd,
0xf3dd,
0x51c5,
0xefa4,
0x72c5,
0x51bd,
0x11ad,
0x2c8c,
0xa973,
0xa86b,
0xa663,
0xc663,
0xc663,
0x086c,
0xc853,
0xe822,
0x492a,
0x9773,
0x5a6b,
0x3a63,
0xa742,
0xc65b,
0x8553,
0xa642,
0x9973,
0x9973,
0x9973,
0x9973,
0x9973,
0x9973,
0x9973,
0x7a6b,
0xb973,
0x683a,
0x8453,
0x0932,
0x5a6b,
0x9973,
0x9973,
0x9973,
0x9973,
0x9973,
0x9973,
0x9973,
0x9973,
0x9973,
0x9973,
0x9973,
0x9973,
0x9973,
0x9973,
0x9973,
0x9973,
0x9973,
0x9973,
0x9973,
0x9973,
0x9973,
0x9973,
0x9973,
0x9973,
0x9973,
0x9973,
0x9973,
0x9973,
0x9973,
0x9973,
0x9973,
0x9973,
0x9973,
0x9973,
0x9973,
0x9973,
0x9973,
0x9973,
0x9973,
0x9973,
0x9973,
0x9973,
0x9973,
0x9973,
0x9973,
0x9973,
0x9973,
0x9973,
0x9973,
0x9973,
0x9973,
0x9973,
0x9973,
0x9973,
0x9973,
0x9973,
0x9973,
0x9973,
0x9973,
0x9973,
0x9973,
0x9973,
0x9973,
0x9973,
0x9973,
0x9973,
0x9973,
0x9973,
0x9973,
0x9973,
0x9973,
0x9973,
0x9973,
0x9973,
0x9973,
0x9973,
0x9973,
0x9973,
0x9973,
0x9973,
0x9973,
0x9973,
0x9973,
0x9973,
0x9973,
0x7a6b,
0xd673,
0xa97b,
0x2b94,
0x6973,
0x2c8c,
0xd0a4,
0xd0a4,
0xb0a4,
0x6ea4,
0x0c94,
0xafac,
0xf1bc,
0x11bd,
0x8e9c,
0x486b,
0x686b,
0x8a73,
0x0b84,
0x4b94,
0x2a8c,
0x0a84,
0x2a8c,
0x0984,
0x0984,
0xe86b,
0xc76b,
0xa763,
0x865b,
0x855b,
0x6453,
0xa55b,
0xa55b,
0x855b,
0xa55b,
0xa553,
0xa453,
0xa453,
0x8453,
0x644b,
0x6453,
0x6453,
0x644b,
0x8453,
0x2932,
0x7a73,
0x9973,
0x9973,
0x9973,
0x9973,
0x9973,
0x9973,
0x9973,
0x9973,
0x9973,
0x9973,
0x9973,
0x9973,
0x9973,
0x9973,
0x9973,
0x9973,
0x9973,
0x9973,
0x9973,
0x9973,
0x9973,
0x9973,
0x9973,
0x9973,
0x9973,
0x9973,
0x9973,
0x9973,
0x9973,
0x9973,
0x9973,
0x9973,
0x9973,
0x9973,
0x9973,
0x9973,
0x9973,
0x9973,
0x9973,
0x9973,
0x9973,
0x9973,
0x9973,
0x9973,
0xd973,
0x9973,
0x9973,
0x9973,
0x9973,
0x9973,
0x9973,
0x9973,
0x9973,
0x9973,
0x9973,
0x9973,
0x9973,
0x9973,
0x7a6b,
0xd77b,
0xca62,
0xea62,
0x0a8c,
0x0b8c,
0xaa7b,
0xcb83,
0x8b5a,
0xb952,
0xf95a,
0x776b,
0xf67b,
0x748c,
0x157c,
0x948c,
0xb494,
0x3484,
0x2b6b,
0xb49c,
0x796b,
0x368c,
0x0a63,
0x4a6b,
0x786b,
0x7a6b,
0x9973,
0x9973,
0x7a6b,
0x758c,
0x0863,
0xd67b,
0xf883,
0xf87b,
0x1684,
0xe95a,
0xaa7b,
0x0b8c,
0x095b,
0x4c94,
0x71bd,
0x0c8c,
0x4963,
0xca7b,
0x8da4,
0x8da4,
0x8da4,
0x8d9c,
0x6c9c,
0x0a8c,
0xa97b,
0x8d8c,
0x10ad,
0xf0ac,
0x0b8c,
0x0753,
0xee52,
0x155b,
0x4a2a,
0xcf94,
0xf0ac,
0x52bd,
0x72bd,
0x51bd,
0x92c5,
0xb3c5,
0x92c5,
0xb2cd,
0xd3d5,
0x75e6,
0x75de,
0x34d6,
0xd3cd,
0x10b5,
0x4d9c,
0xec8b,
0x4e94,
0x6e9c,
0x8f9c,
0x4e94,
0xd0a4,
0xb3c5,
0xb3c5,
0x34d6,
0x96e6,
0x76de,
0x56de,
0xf4cd,
0xb3c5,
0x53bd,
0x32b5,
0xb3c5,
0xb3c5,
0xf4cd,
0x76de,
0x14d6,
0x14d6,
0xb3c5,
0x93c5,
0xb2c5,
0xaea4,
0xca6b,
0x8763,
0x6763,
0x8e9c,
0x72bd,
0x51bd,
0x51b5,
0x6d9c,
0x2c8c,
0x2c8c,
0x2b8c,
0xa86b,
0xa86b,
0xa763,
0xc763,
0xa65b,
0xa663,
0xe873,
0xa863,
0xc763,
0x084b,
0x577c,
0x7a73,
0xb96b,
0x883a,
0xa65b,
0x6453,
0x2932,
0x7a6b,
0xb973,
0x9973,
0x7a73,
0x5a6b,
0xb973,
0x2932,
0x873a,
0x6453,
0x254b,
0xd773,
0x7a73,
0x9973,
0x9973,
0x9973,
0x9973,
0x9973,
0x9973,
0x9973,
0x9973,
0x9973,
0x9973,
0x9973,
0x9973,
0x9973,
0x9973,
0x9973,
0x9973,
0x9973,
0x9973,
0x9973,
0x9973,
0x9973,
0x9973,
0x9973,
0x9973,
0x9973,
0x9973,
0x9973,
0x9973,
0x9973,
0x9973,
0x9973,
0x9973,
0x9973,
0x9973,
0x9973,
0x9973,
0x9973,
0x9973,
0x9973,
0x9973,
0x9973,
0x9973,
0x9973,
0x9973,
0x9973,
0x9973,
0x9973,
0x9973,
0x9973,
0x9973,
0x9973,
0x9973,
0x9973,
0x9973,
0x9973,
0x9973,
0x9973,
0x9973,
0x9973,
0x9973,
0x9973,
0x9973,
0x9973,
0x9973,
0x9973,
0x9973,
0x9973,
0x9973,
0x9973,
0x9973,
0x9973,
0x9973,
0x9973,
0x9973,
0x9973,
0x9973,
0x9973,
0x9973,
0x9973,
0x9973,
0x9973,
0x9973,
0x9973,
0x9973,
0x9973,
0xb973,
0x3a63,
0x494a,
0x4c9c,
0x4c94,
0x0c8c,
0x11b5,
0xf1ac,
0xd0ac,
0x8fa4,
0x2d9c,
0x8fa4,
0x93cd,
0x8fa4,
0x31b5,
0xd0a4,
0x8a7b,
0x496b,
0x2d8c,
0x6c94,
0x2b8c,
0x2b8c,
0x0984,
0x0884,
0x087c,
0xc76b,
0xc763,
0x865b,
0x6553,
0x655b,
0xa663,
0xc763,
0x865b,
0x8453,
0xa55b,
0xa453,
0x8453,
0x8453,
0x8453,
0x8553,
0x8553,
0x6553,
0xa553,
0xa453,
0x4832,
0x7a6b,
0x9973,
0x9973,
0x9973,
0x9973,
0x9973,
0x9973,
0x9973,
0x9973,
0x9973,
0x9973,
0x9973,
0x9973,
0x9973,
0x9973,
0x9973,
0x9973,
0x9973,
0x9973,
0x9973,
0x9973,
0x9973,
0x9973,
0x9973,
0x9973,
0x9973,
0x9973,
0x9973,
0x9973,
0x9973,
0x9973,
0x9973,
0x9973,
0x9973,
0x9973,
0x9973,
0x9973,
0x9973,
0x9973,
0x9973,
0x9973,
0x9973,
0x9973,
0x9973,
0x9973,
0x9973,
0x9973,
0x9973,
0x9973,
0x9973,
0x9973,
0x9973,
0x9973,
0x9973,
0x9973,
0x9973,
0x9973,
0x9973,
0x9973,
0x9973,
0x9973,
0x1a63,
0xf95a,
0xa952,
0xf37b,
0x784a,
0x984a,
0xf85a,
0x9494,
0xcd8b,
0x2c94,
0xcfa4,
0x51bd,
0x30b5,
0x10b5,
0x30b5,
0x30b5,
0xb1cd,
0xb0a4,
0x786b,
0x5a63,
0x1963,
0x9873,
0x9973,
0x9973,
0x9973,
0x9973,
0x9973,
0x796b,
0x9873,
0x1884,
0x1884,
0xd97b,
0xd97b,
0xf77b,
0x1584,
0x7594,
0x586b,
0x548c,
0xaa5a,
0xb673,
0x5384,
0x6d9c,
0x71c5,
0x14d6,
0x55de,
0x34de,
0x34de,
0xf3d5,
0x31bd,
0x2c94,
0x8ea4,
0x72c5,
0x31bd,
0xf0ac,
0x6d9c,
0xaa7b,
0x0a84,
0xd0a4,
0x52bd,
0xb4cd,
0x93c5,
0x72bd,
0x51bd,
0xf4d5,
0x13de,
0xd3d5,
0xb3cd,
0xd3cd,
0xb3cd,
0xb2c5,
0x72bd,
0x8e9c,
0xcb83,
0x8b7b,
0x6b73,
0x6a73,
0xed83,
0x13a5,
0x33ad,
0x12ad,
0xf1a4,
0x93bd,
0xb4bd,
0x73bd,
0x93c5,
0x73bd,
0x52bd,
0x73bd,
0x32bd,
0x10b5,
0x11ad,
0xf1ac,
0x11b5,
0x92c5,
0x52bd,
0x72bd,
0x72bd,
0x92c5,
0x10ad,
0x6d94,
0x4c8c,
0xca7b,
0x4d94,
0xd0a4,
0xf0ac,
0x8e9c,
0x2c8c,
0x675b,
0x886b,
0x0a84,
0xa973,
0x6663,
0xa65b,
0xc65b,
0xc663,
0xc76b,
0xc76b,
0xa763,
0x6942,
0xd873,
0xb973,
0x9973,
0x5a6b,
0x0932,
0xa55b,
0xa453,
0x673a,
0x7a6b,
0x7a6b,
0xb873,
0x167c,
0xf773,
0x4932,
0x8453,
0x6453,
0x8663,
0x2753,
0x596b,
0x9973,
0x9973,
0x9973,
0x9973,
0x9973,
0x9973,
0x9973,
0x9973,
0x9973,
0x9973,
0x9973,
0x9973,
0x9973,
0x9973,
0x9973,
0x9973,
0x9973,
0x9973,
0x9973,
0x9973,
0x9973,
0x9973,
0x9973,
0x9973,
0x9973,
0x9973,
0x9973,
0x9973,
0x9973,
0x9973,
0x9973,
0x9973,
0x9973,
0x9973,
0x9973,
0x9973,
0x9973,
0x9973,
0x9973,
0x9973,
0x9973,
0x9973,
0x9973,
0x9973,
0x9973,
0x9973,
0x9973,
0x9973,
0x9973,
0x9973,
0x9973,
0x9973,
0x9973,
0x9973,
0x9973,
0x9973,
0x9973,
0x9973,
0x9973,
0x9973,
0x9973,
0x9973,
0x9973,
0x9973,
0x9973,
0x9973,
0x9973,
0x9973,
0x9973,
0x9973,
0x9973,
0x9973,
0x9973,
0x9973,
0x9973,
0x9973,
0x9973,
0x9973,
0x9973,
0x9973,
0x9973,
0x9973,
0x9973,
0x9973,
0x9973,
0x9973,
0x9973,
0x9973,
0x5963,
0xca62,
0x0b8c,
0xaea4,
0xd3cd,
0xd3cd,
0x52bd,
0xafa4,
0x0c94,
0x8a7b,
0xb0ac,
0xf1b4,
0x2d94,
0x8fa4,
0x6e9c,
0x2d94,
0x4e9c,
0x4c94,
0x2a84,
0x0a84,
0x0a8c,
0x098c,
0xe87b,
0xa763,
0x8663,
0x855b,
0x6553,
0x865b,
0xc763,
0xa663,
0x655b,
0x8553,
0xa55b,
0x8553,
0x8453,
0x644b,
0x6553,
0x855b,
0x855b,
0xa55b,
0xa55b,
0xc63a,
0xb77c,
0x7a73,
0x9973,
0x9973,
0x9973,
0x9973,
0x9973,
0x9973,
0x9973,
0x9973,
0x9973,
0x9973,
0x9973,
0x9973,
0x9973,
0x9973,
0x9973,
0x9973,
0x9973,
0x9973,
0x9973,
0x9973,
0x9973,
0x9973,
0x9973,
0x9973,
0x9973,
0x9973,
0x9973,
0x9973,
0x9973,
0x9973,
0x9973,
0x9973,
0x9973,
0x9973,
0x9973,
0x9973,
0x9973,
0x9973,
0x9973,
0x9973,
0x9973,
0x9973,
0x9973,
0x9973,
0x9973,
0x9973,
0x9973,
0x9973,
0x9973,
0x9973,
0x9973,
0x9973,
0x9973,
0x9973,
0x9973,
0x9973,
0x9973,
0x9973,
0x9973,
0xb973,
0x5a6b,
0x1763,
0xaa7b,
0x6a73,
0x0d94,
0x0e94,
0x0e94,
0x11bd,
0x72c5,
0xf3dd,
0x55ee,
0x55e6,
0xd6ee,
0x34d6,
0x75e6,
0x96e6,
0xb6ee,
0x32bd,
0xd67b,
0xb973,
0xd87b,
0xb973,
0x9973,
0x9973,
0x9973,
0x9973,
0xb973,
0xb97b,
0xb973,
0xf883,
0xd69c,
0x9694,
0x9973,
0x9973,
0x7a6b,
0x7a6b,
0x5a6b,
0x568c,
0xcb62,
0x7873,
0x1484,
0x10b5,
0xf7f6,
0x18f7,
0xb6ee,
0xb6ee,
0xf7f6,
0xb6ee,
0x75e6,
0x31bd,
0x2c94,
0xd0ac,
0x31b5,
0x31bd,
0x92c5,
0x55de,
0x35de,
0x35de,
0x56de,
0x76e6,
0xf5d5,
0xd4cd,
0xb3cd,
0xb3cd,
0x14de,
0xd3cd,
0x92c5,
0x72bd,
0xf0ac,
0xf0ac,
0x6e9c,
0x6e9c,
0xec8b,
0x8973,
0x465b,
0x075b,
0x8973,
0xec83,
0xf2a4,
0x53b5,
0x32b5,
0x73bd,
0x53b5,
0xf1ac,
0x31b5,
0x92c5,
0x72bd,
0x92c5,
0x72c5,
0xf0b4,
0xafa4,
0x8fa4,
0x8fa4,
0xafac,
0x8c9c,
0x6b94,
0x6c9c,
0x4c9c,
0x4b94,
0xa873,
0xe873,
0xa763,
0x8763,
0x0b84,
0x2c8c,
0x896b,
0xc973,
0xc973,
0xe97b,
0x0a7c,
0xa86b,
0xa65b,
0xe65b,
0xe663,
0xc55b,
0xc663,
0xe663,
0xc842,
0xf95a,
0x3a6b,
0x9973,
0x9973,
0x796b,
0xe842,
0x654b,
0xa63a,
0x377c,
0x3b6b,
0x967c,
0xe542,
0x254b,
0x264b,
0x6553,
0xe74a,
0x873a,
0x493a,
0x7584,
0x9973,
0x9973,
0x9973,
0x9973,
0x9973,
0x9973,
0x9973,
0x9973,
0x9973,
0x9973,
0x9973,
0x9973,
0x9973,
0x9973,
0x9973,
0x9973,
0x9973,
0x9973,
0x9973,
0x9973,
0x9973,
0x9973,
0x9973,
0x9973,
0x9973,
0x9973,
0x9973,
0x9973,
0x9973,
0x9973,
0x9973,
0x9973,
0x9973,
0x9973,
0x9973,
0x9973,
0x9973,
0x9973,
0x9973,
0x9973,
0x9973,
0x9973,
0x9973,
0x9973,
0x9973,
0x9973,
0x9973,
0x9973,
0x9973,
0x9973,
0x9973,
0x9973,
0x9973,
0x9973,
0x9973,
0x9973,
0x9973,
0x9973,
0x9973,
0x9973,
0x9973,
0x9973,
0x9973,
0x9973,
0x9973,
0x9973,
0x9973,
0x9973,
0x9973,
0x9973,
0x9973,
0x9973,
0x9973,
0x9973,
0x9973,
0x9973,
0x9973,
0x9973,
0x9973,
0x9973,
0x9973,
0x9973,
0x9973,
0x9973,
0x9973,
0x9973,
0x9973,
0x9973,
0x9973,
0x9973,
0x9873,
0xf57b,
0xea5a,
0x0b8c,
0x32b5,
0xb3c5,
0x11b5,
0xd0ac,
0x0c94,
0x697b,
0x897b,
0xaa7b,
0x4d9c,
0x8fa4,
0x4e9c,
0xafa4,
0x4d9c,
0x4d9c,
0x2c94,
0x2c94,
0x2b94,
0xe97b,
0xc76b,
0xa663,
0x855b,
0x4453,
0x4553,
0xc65b,
0xa55b,
0x8553,
0x8553,
0xa55b,
0x8453,
0x855b,
0x6553,
0x6453,
0x655b,
0xa55b,
0x464b,
0x4932,
0x796b,
0x7a73,
0x9973,
0x9973,
0x9973,
0x9973,
0x9973,
0x9973,
0x9973,
0x9973,
0x9973,
0x9973,
0x9973,
0x9973,
0x9973,
0x9973,
0x9973,
0x9973,
0x9973,
0x9973,
0x9973,
0x9973,
0x9973,
0x9973,
0x9973,
0x9973,
0x9973,
0x9973,
0x9973,
0x9973,
0x9973,
0x9973,
0x9973,
0x9973,
0x9973,
0x9973,
0x9973,
0x9973,
0x9973,
0x9973,
0x9973,
0x9973,
0x9973,
0x9973,
0x9973,
0x9973,
0x9973,
0x9973,
0x9973,
0x9973,
0x9973,
0x9973,
0x9973,
0x9973,
0x9973,
0x9973,
0x9973,
0x9973,
0x9973,
0x9973,
0x9973,
0x9973,
0x3a63,
0xd57b,
0x4c7b,
0xafac,
0x8ea4,
0xb2c5,
0x75ee,
0x14ee,
0xf4e5,
0x35ee,
0x14e6,
0x14e6,
0x75ee,
0xd7f6,
0x7af7,
0xbbf7,
0x39ef,
0x38f7,
0x4f94,
0x5663,
0x9a52,
0x9a52,
0xfb5a,
0xb973,
0xb973,
0x9973,
0x9973,
0x3a63,
0x9a52,
0x9a52,
0x3a63,
0x9973,
0xb973,
0xb973,
0xb973,
0x9973,
0xb973,
0x9973,
0xb873,
0xb873,
0x195b,
0xeb6a,
0x34de,
0x38f7,
0xf7f6,
0xd7f6,
0x55ee,
0xb6ee,
0x55d6,
0xd3cd,
0x55e6,
0xf0ac,
0x6e9c,
0x6e9c,
0x10b5,
0x52bd,
0x73bd,
0x93c5,
0xf5d5,
0x56de,
0x15d6,
0x35de,
0xd4cd,
0xf4d5,
0x56de,
0x15d6,
0x11b5,
0x11b5,
0x31bd,
0xb0a4,
0xb0a4,
0x51bd,
0xd0a4,
0x6d94,
0xae9c,
0x6a8c,
0x655b,
0x2553,
0xcb7b,
0x6e94,
0x909c,
0x6f9c,
0xb0a4,
0x31b5,
0xd0a4,
0x11b5,
0x31b5,
0x31b5,
0x51bd,
0x51bd,
0x31b5,
0xaea4,
0xafa4,
0x8ea4,
0x6c9c,
0x0a84,
0xc97b,
0xa773,
0xc87b,
0xe983,
0xa76b,
0x8663,
0xc663,
0x4553,
0x465b,
0x6763,
0x244b,
0x454b,
0x665b,
0x665b,
0x665b,
0x665b,
0xe663,
0xe65b,
0xc65b,
0xc763,
0xc65b,
0xc65b,
0xc55b,
0xa95b,
0x4c2a,
0x796b,
0x9973,
0x7973,
0xb684,
0x7774,
0x3a6b,
0x187c,
0x8842,
0xa63a,
0xc63a,
0xc642,
0x493a,
0x673a,
0x986b,
0x9973,
0x7a6b,
0x7a6b,
0x9973,
0x9973,
0x9973,
0x9973,
0x9973,
0x9973,
0x9973,
0x9973,
0x9973,
0x9973,
0x9973,
0x9973,
0x9973,
0x9973,
0x9973,
0x9973,
0x9973,
0x9973,
0x9973,
0x9973,
0x9973,
0x9973,
0x9973,
0x9973,
0x9973,
0x9973,
0x9973,
0x9973,
0x9973,
0x9973,
0x9973,
0x9973,
0x9973,
0x9973,
0x9973,
0x9973,
0x9973,
0x9973,
0x9973,
0x9973,
0x9973,
0x9973,
0x9973,
0x9973,
0x9973,
0x9973,
0x9973,
0x9973,
0x9973,
0x9973,
0x9973,
0x9973,
0x9973,
0x9973,
0x9973,
0x9973,
0x9973,
0x9973,
0x9973,
0x9973,
0x9973,
0x9973,
0x9973,
0x9973,
0x9973,
0x9973,
0x9973,
0x9973,
0x9973,
0x9973,
0x9973,
0x9973,
0x9973,
0x9973,
0x9973,
0x9973,
0x9973,
0x9973,
0x9973,
0x9973,
0x9973,
0x9973,
0x9973,
0x9973,
0x9973,
0x9973,
0x9973,
0x9973,
0x9973,
0x9973,
0x9973,
0x9973,
0xfa5a,
0x8a52,
0xf0a4,
0xb3c5,
0x14d6,
0x72c5,
0x31b5,
0x4d9c,
0x0c94,
0x0c94,
0x8fa4,
0x11b5,
0x8e9c,
0x11b5,
0x8fa4,
0x6fa4,
0x4e9c,
0x2c94,
0x0a84,
0x0984,
0x097c,
0x8663,
0x655b,
0x454b,
0x6553,
0xa65b,
0x8553,
0x6453,
0x6553,
0x8553,
0x8453,
0x655b,
0x855b,
0x855b,
0x855b,
0xe642,
0xf76b,
0x5a6b,
0x9973,
0x9973,
0x9973,
0x9973,
0x9973,
0x9973,
0x9973,
0x9973,
0x9973,
0x9973,
0x9973,
0xb973,
0x9973,
0x9973,
0x9973,
0x9973,
0x9973,
0x9973,
0x9973,
0x9973,
0x9973,
0x9973,
0x9973,
0x9973,
0x9973,
0x9973,
0x9973,
0x9973,
0x9973,
0x9973,
0x9973,
0x9973,
0x9973,
0x9973,
0x9973,
0x9973,
0x9973,
0x9973,
0x9973,
0x9973,
0x9973,
0x9973,
0x9973,
0x9973,
0x9973,
0x9973,
0x9973,
0x9973,
0x9973,
0x9973,
0x9973,
0x9973,
0x9973,
0x9973,
0x9973,
0xd973,
0x9973,
0x9973,
0x9973,
0x9973,
0xb973,
0xfb5a,
0x6b52,
0xf1b4,
0x31c5,
0x6ea4,
0x11b5,
0xf4d5,
0x15e6,
0x14e6,
0xf4e5,
0x55ee,
0x75ee,
0x96f6,
0x96ee,
0xf7f6,
0x99f7,
0xbaf7,
0x99f7,
0x37f7,
0x17f7,
0x14ce,
0x509c,
0xee93,
0x7394,
0xba52,
0x5a63,
0xb97b,
0xb973,
0x3594,
0xae83,
0x2f8c,
0x1584,
0x9a52,
0x9a52,
0x9a52,
0x3a63,
0x9973,
0x7a6b,
0x5a6b,
0x7a6b,
0xfb62,
0x766b,
0x4d9c,
0x92c5,
0x35de,
0x96f6,
0x96ee,
0x96ee,
0xd7f6,
0xd7e6,
0xb2c5,
0x34d6,
0x55de,
0x92c5,
0x8fa4,
0x4d9c,
0x31b5,
0x93c5,
0x53bd,
0xb4c5,
0xb4c5,
0x15d6,
0x16d6,
0xf5cd,
0x93c5,
0xd4cd,
0xf5d5,
0xd4cd,
0x32b5,
0x72bd,
0x11b5,
0x72bd,
0x55d6,
0xaf9c,
0x71b5,
0x91b5,
0xeea4,
0x6984,
0xc663,
0x665b,
0x4e94,
0xaf9c,
0xd0a4,
0xd0a4,
0x11b5,
0x11b5,
0x31bd,
0x51bd,
0x30bd,
0x10b5,
0xf0b4,
0x10b5,
0xcfac,
0x8da4,
0x4b94,
0x0a8c,
0xea83,
0xc97b,
0xa76b,
0x876b,
0x876b,
0x876b,
0x6663,
0x865b,
0x655b,
0xe54a,
0x2553,
0x4453,
0x444b,
0x444b,
0x6453,
0x865b,
0xc663,
0x0764,
0x0874,
0x286c,
0x076c,
0x076c,
0xe663,
0xc55b,
0x4874,
0x2a53,
0xfa5a,
0xb973,
0x9973,
0xb973,
0x9973,
0x9973,
0x967c,
0x6553,
0xa63a,
0x977c,
0xf873,
0x7a6b,
0x7a6b,
0x9973,
0x9973,
0x9973,
0x9973,
0x9973,
0x9973,
0x9973,
0x9973,
0x9973,
0x9973,
0x9973,
0x9973,
0x9973,
0x9973,
0x9973,
0x9973,
0x9973,
0x9973,
0x9973,
0x9973,
0x9973,
0x9973,
0x9973,
0x9973,
0x9973,
0x9973,
0x9973,
0x9973,
0x9973,
0x9973,
0x9973,
0x9973,
0x9973,
0x9973,
0x9973,
0x9973,
0x9973,
0x9973,
0x9973,
0x9973,
0x9973,
0x9973,
0x9973,
0x9973,
0x9973,
0x9973,
0x9973,
0x9973,
0x9973,
0x9973,
0x9973,
0x9973,
0x9973,
0x9973,
0x9973,
0x9973,
0x9973,
0x9973,
0x9973,
0x9973,
0x9973,
0x9973,
0x9973,
0x9973,
0x9973,
0x9973,
0x9973,
0x9973,
0x9973,
0x9973,
0x9973,
0x9973,
0x9973,
0x9973,
0x9973,
0x9973,
0x9973,
0x9973,
0x9973,
0x9973,
0x9973,
0x9973,
0x9973,
0x9973,
0x9973,
0x9973,
0x9973,
0x9973,
0x9973,
0x9973,
0x9973,
0x9973,
0x9973,
0x9973,
0x9973,
0xb973,
0x9973,
0x9773,
0x0d94,
0x11ad,
0x12ad,
0x92c5,
0x8fa4,
0x2c8c,
0x6e9c,
0xf0ac,
0xb3cd,
0xd3d5,
0x72c5,
0x92c5,
0x72c5,
0x31bd,
0x6e9c,
0x2b8c,
0x0a84,
0x0984,
0xc773,
0x655b,
0x254b,
0x244b,
0x6553,
0x454b,
0x444b,
0x444b,
0x644b,
0xa45b,
0x855b,
0xa663,
0xa663,
0x855b,
0xa642,
0x796b,
0x7973,
0x9973,
0x9973,
0x9973,
0x9973,
0x9973,
0x9973,
0x9973,
0x9973,
0x9973,
0x9973,
0x9973,
0x9973,
0xb973,
0x9973,
0x9973,
0x9973,
0x9973,
0x9973,
0x9973,
0x9973,
0x9973,
0x9973,
0x9973,
0x9973,
0x9973,
0x9973,
0x9973,
0x9973,
0x9973,
0x9973,
0x9973,
0x9973,
0x9973,
0x9973,
0x9973,
0x9973,
0x9973,
0x9973,
0x9973,
0x9973,
0x9973,
0x9973,
0x9973,
0x9973,
0x9973,
0x9973,
0x9973,
0x9973,
0x9973,
0x9973,
0x9973,
0x9973,
0x9973,
0x9973,
0x9973,
0x9973,
0x9973,
0x9973,
0x9973,
0x9973,
0x9973,
0x7a6b,
0xb77b,
0xf1ac,
0x72c5,
0xb0ac,
0x8fa4,
0x72c5,
0x14e6,
0x14de,
0x35e6,
0x75ee,
0x75f6,
0xd6f6,
0xb6ee,
0x96ee,
0xf7f6,
0x57f7,
0x57f7,
0x16f7,
0x16f7,
0xd6ee,
0xf6f6,
0xf6f6,
0xf7f6,
0x96e6,
0x0d6b,
0xb57b,
0xb95a,
0x794a,
0x32b5,
0x99f7,
0x79f7,
0x96de,
0x94bd,
0xcf83,
0xf183,
0x1584,
0xf95a,
0x167c,
0x2932,
0x757c,
0xf57b,
0x8d7b,
0x13ce,
0x96e6,
0x56e6,
0x55ee,
0x76ee,
0xf7f6,
0xf7f6,
0x38f7,
0xd7e6,
0x35d6,
0x55de,
0xf3cd,
0x34de,
0x51bd,
0x6e9c,
0x93c5,
0x15d6,
0xb4c5,
0xf5cd,
0xd4cd,
0xf5d5,
0xb5c5,
0xb4c5,
0xd4c5,
0xb8e6,
0xf8ee,
0xb7e6,
0x96e6,
0x75de,
0x14d6,
0xb3c5,
0x11ad,
0xd3c5,
0x54d6,
0x10a5,
0xac94,
0x697c,
0xe55b,
0x4653,
0x8a73,
0xd0a4,
0x31b5,
0xafa4,
0xf0ac,
0x11ad,
0xf0ac,
0xf0ac,
0xafa4,
0x8e9c,
0xaf9c,
0xcfac,
0x4a8c,
0xe87b,
0xc97b,
0xa973,
0xa973,
0x6763,
0x6763,
0x4763,
0x6763,
0x465b,
0x2653,
0x0553,
0x4553,
0x8663,
0x855b,
0x6453,
0x4453,
0x4553,
0x4453,
0xa55b,
0xc663,
0xe76b,
0xc663,
0xc65b,
0x0764,
0xc663,
0xc65b,
0xe76b,
0x896b,
0xb76b,
0x7a73,
0x9973,
0x9973,
0x9973,
0x9973,
0x996b,
0xc73a,
0x0932,
0x3b6b,
0x9973,
0x9973,
0x9973,
0x9973,
0x9973,
0x9973,
0x9973,
0x9973,
0x9973,
0x9973,
0x9973,
0x9973,
0x9973,
0x9973,
0x9973,
0x9973,
0x9973,
0x9973,
0x9973,
0x9973,
0x9973,
0x9973,
0x9973,
0x9973,
0x9973,
0x9973,
0x9973,
0x9973,
0x9973,
0x9973,
0x9973,
0x9973,
0x9973,
0x9973,
0x9973,
0x9973,
0x9973,
0x9973,
0x9973,
0x9973,
0x9973,
0x9973,
0x9973,
0x9973,
0x9973,
0x9973,
0x9973,
0x9973,
0x9973,
0x9973,
0x9973,
0x9973,
0x9973,
0x9973,
0x9973,
0x9973,
0x9973,
0x9973,
0x9973,
0x9973,
0x9973,
0x9973,
0x9973,
0x9973,
0x9973,
0x9973,
0x9973,
0x9973,
0x9973,
0x9973,
0x9973,
0x9973,
0x9973,
0x9973,
0x9973,
0x9973,
0x9973,
0x9973,
0x9973,
0x9973,
0x9973,
0x9973,
0x9973,
0x9973,
0x9973,
0x9973,
0x9973,
0x9973,
0x9973,
0x9973,
0x9973,
0x9973,
0x9973,
0x9973,
0x9973,
0x9973,
0x9973,
0x9973,
0x9973,
0xb973,
0xdb52,
0xab5a,
0x4e9c,
0xad10,
0xee8b,
0xcfa4,
0xc97b,
0xc97b,
0xeb8b,
0x11b5,
0x52bd,
0xf0ac,
0xb0a4,
0x31bd,
0xf0ac,
0x4c94,
0x0b84,
0xc97b,
0xe87b,
0xc76b,
0x655b,
0x6453,
0x6553,
0xc563,
0x8453,
0x4553,
0x054b,
0xe642,
0xc74a,
0x665b,
0x8553,
0x855b,
0x845b,
0x9484,
0x5a6b,
0xb973,
0x9973,
0x9973,
0x9973,
0x9973,
0x9973,
0x9973,
0x9973,
0x9973,
0x9973,
0x9973,
0x9973,
0x9973,
0x9973,
0x9973,
0x9973,
0x9973,
0x9973,
0x9973,
0x9973,
0x9973,
0x9973,
0x9973,
0x9973,
0x9973,
0x9973,
0x9973,
0x9973,
0x9973,
0x9973,
0x9973,
0x9973,
0x9973,
0x9973,
0x9973,
0x9973,
0x9973,
0x9973,
0x9973,
0x9973,
0x9973,
0x9973,
0x9973,
0x9973,
0x9973,
0x9973,
0x9973,
0x9973,
0x9973,
0x9973,
0x9973,
0x9973,
0x9973,
0x9973,
0x9973,
0x9973,
0x9973,
0x9973,
0x9973,
0x9973,
0x9a6b,
0xd97b,
0x796b,
0xd57b,
0xb0ac,
0xb0ac,
0xf1b4,
0x32bd,
0xd4d5,
0x55ee,
0x55ee,
0xd6ee,
0xf6f6,
0xf6f6,
0x16f7,
0xf6f6,
0xf7f6,
0x58f7,
0x57f7,
0x16f7,
0xb5ee,
0x16f7,
0x17f7,
0x96ee,
0x96ee,
0xb6ee,
0xf7f6,
0xf7ee,
0x96e6,
0x33ad,
0xd07b,
0xb7de,
0xbaff,
0x38f7,
0x59f7,
0x9af7,
0x9af7,
0xbbff,
0xd7e6,
0x55ce,
0xd2bd,
0x6b8c,
0xf3c5,
0x38e7,
0x38ef,
0xb7e6,
0x96e6,
0x96ee,
0x96ee,
0xd7ee,
0x38f7,
0x38f7,
0x38f7,
0x79f7,
0x7af7,
0xf8ee,
0x96de,
0xb6de,
0x75d6,
0x10b5,
0xafa4,
0x52bd,
0xd4cd,
0xb4c5,
0x52bd,
0x93c5,
0xf6d5,
0x53bd,
0x16ce,
0xf8ee,
0x76e6,
0x76e6,
0x55e6,
0xb7ee,
0x93bd,
0x72bd,
0x72bd,
0x71b5,
0x71b5,
0xcd9c,
0xcd94,
0x4a7c,
0x086c,
0xa55b,
0x4653,
0xab73,
0x2d94,
0x6e9c,
0x10ad,
0xefa4,
0xaea4,
0x8d9c,
0x8d9c,
0x4b94,
0x4b94,
0x4d8c,
0xeb7b,
0x0a84,
0x2d84,
0xed7b,
0xaa73,
0x8973,
0x676b,
0x4763,
0x6763,
0x465b,
0x0653,
0x6553,
0xc663,
0xa763,
0xa663,
0x855b,
0x855b,
0x6453,
0x4453,
0xc55b,
0xe55b,
0x0664,
0xc55b,
0x8553,
0xa553,
0x8453,
0xa553,
0x076c,
0x4a84,
0x967c,
0x5a6b,
0x9973,
0x9973,
0x9973,
0x9973,
0x9973,
0x3874,
0xb973,
0x9973,
0x9973,
0x9973,
0x9973,
0x9973,
0x9973,
0x9973,
0x9973,
0x9973,
0x9973,
0x9973,
0x9973,
0x9973,
0x9973,
0x9973,
0x9973,
0x9973,
0x9973,
0x9973,
0x9973,
0x9973,
0x9973,
0x9973,
0x9973,
0x9973,
0x9973,
0x9973,
0x9973,
0x9973,
0x9973,
0x9973,
0x9973,
0x9973,
0x9973,
0x9973,
0x9973,
0x9973,
0x9973,
0x9973,
0x9973,
0x9973,
0x9973,
0x9973,
0x9973,
0x9973,
0x9973,
0x9973,
0x9973,
0x9973,
0x9973,
0x9973,
0x9973,
0x9973,
0x9973,
0x9973,
0x9973,
0x9973,
0x9973,
0x9973,
0x9973,
0x9973,
0x9973,
0x9973,
0x9973,
0x9973,
0x9973,
0x9973,
0x9973,
0x9973,
0x9973,
0x9973,
0x9973,
0x9973,
0x9973,
0x9973,
0x9973,
0x9973,
0x9973,
0x9973,
0x9973,
0x9973,
0x9973,
0x9973,
0x9973,
0x9973,
0x9973,
0x9973,
0x9973,
0x9973,
0x9973,
0x9973,
0x9973,
0x9973,
0x9973,
0x9973,
0x9973,
0x9973,
0x9973,
0x9973,
0x9973,
0xb973,
0x9973,
0x776b,
0x6c7b,
0xec6a,
0xb27b,
0x31b5,
0x6c94,
0xa763,
0x4763,
0xcb83,
0x6e9c,
0xf0ac,
0xafa4,
0x8ea4,
0x6d9c,
0x4c94,
0xc97b,
0xe97b,
0xe87b,
0xe773,
0xa663,
0x6842,
0x093a,
0xc74a,
0x264b,
0xa642,
0x7674,
0x596b,
0x396b,
0x367c,
0x1674,
0x483a,
0xa663,
0x8742,
0x7a6b,
0xb973,
0xb973,
0x9973,
0x9973,
0x9973,
0x9973,
0x9973,
0x9973,
0x9973,
0x9973,
0x9973,
0x9973,
0x9973,
0x9973,
0x9973,
0x9973,
0x9973,
0x9973,
0x9973,
0x9973,
0x9973,
0x9973,
0x9973,
0x9973,
0x9973,
0x9973,
0x9973,
0x9973,
0x9973,
0x9973,
0x9973,
0x9973,
0x9973,
0x9973,
0x9973,
0x9973,
0x9973,
0x9973,
0x9973,
0x9973,
0x9973,
0x9973,
0x9973,
0x9973,
0x9973,
0x9973,
0x9973,
0x9973,
0x9973,
0x9973,
0x9973,
0x9973,
0x9973,
0x9973,
0x9973,
0x9973,
0x9973,
0x9973,
0x7a6b,
0x9973,
0xf87b,
0x1b5b,
0x794a,
0xec6a,
0x52c5,
0x73cd,
0x93cd,
0xf4dd,
0x76ee,
0x55ee,
0x14e6,
0x95ee,
0x16f7,
0x17f7,
0xb6ee,
0x76ee,
0xb6f6,
0xd5ee,
0xf6ee,
0xf6ee,
0xf6ee,
0x18f7,
0xf7f6,
0x96f6,
0x76f6,
0xb6f6,
0xb6ee,
0xb6ee,
0x79f7,
0xdbff,
0xbbff,
0xbaf7,
0xbbf7,
0xbbf7,
0xbaf7,
0xbbf7,
0x7af7,
0x59f7,
0x58f7,
0x98f7,
0x37ef,
0x75de,
0x35ce,
0xb7de,
0x55de,
0xf4d5,
0x75ee,
0xd3e5,
0x75ee,
0xb5ee,
0xb6ee,
0xd6f6,
0x18f7,
0x38f7,
0x38f7,
0x79f7,
0xf8e6,
0xce5b,
0x1474,
0x72b5,
0x71bd,
0xf0ac,
0x72bd,
0xb3c5,
0xf1ac,
0xb0a4,
0x94c5,
0xd5c5,
0xf5cd,
0x15ce,
0xf5d5,
0xb4c5,
0x56de,
0x56de,
0xd4cd,
0x76de,
0x35d6,
0x50ad,
0x30a5,
0xb2bd,
0x92b5,
0x0fa5,
0x8b84,
0x487c,
0x066c,
0x8553,
0x675b,
0x8963,
0x2c84,
0xcfa4,
0xae9c,
0x6c9c,
0x0b94,
0xea83,
0xea83,
0x0a8c,
0xc87b,
0xea7b,
0x0d84,
0xab6b,
0xec73,
0xd19c,
0xaa7b,
0x276b,
0x676b,
0x2663,
0x275b,
0x6453,
0xa55b,
0xa55b,
0xa563,
0x855b,
0x8453,
0x844b,
0x644b,
0xc55b,
0xc55b,
0x8553,
0xa55b,
0xc65b,
0x644b,
0x454b,
0x6553,
0xa55b,
0x4753,
0xb86b,
0x7a73,
0x9973,
0x9973,
0x9973,
0x9973,
0x9973,
0x9973,
0x9973,
0x9973,
0x9973,
0x9973,
0x9973,
0x9973,
0x9973,
0x9973,
0x9973,
0x9973,
0x9973,
0x9973,
0x9973,
0x9973,
0x9973,
0x9973,
0x9973,
0x9973,
0x9973,
0x9973,
0x9973,
0x9973,
0x9973,
0x9973,
0x9973,
0x9973,
0x9973,
0x9973,
0x9973,
0x9973,
0x9973,
0x9973,
0x9973,
0x9973,
0x9973,
0x9973,
0x9973,
0x9973,
0x9973,
0x9973,
0x9973,
0x9973,
0x9973,
0x9973,
0x9973,
0x9973,
0x9973,
0x9973,
0xb973,
0x9973,
0x9973,
0x9973,
0x9973,
0x9973,
0x9973,
0x9973,
0x9973,
0x9973,
0x9973,
0x9973,
0x9973,
0x9973,
0x9973,
0x9973,
0x9973,
0x9973,
0x9973,
0x9973,
0x9973,
0x9973,
0x9973,
0x9973,
0x9973,
0x9973,
0x9973,
0x9973,
0x9973,
0x9973,
0x9973,
0x9973,
0x9973,
0x9973,
0x9973,
0x9973,
0x9973,
0x9973,
0x9973,
0x9973,
0x9973,
0x9973,
0x9973,
0x9973,
0x9973,
0x9973,
0x9973,
0x9973,
0x9973,
0x9973,
0x9973,
0x9973,
0x9973,
0x9973,
0x9973,
0x796b,
0x7763,
0x6f9c,
0xcc62,
0xac5a,
0x8e9c,
0xc763,
0x4663,
0x6973,
0x0c94,
0xafa4,
0xafa4,
0xd0a4,
0xeb83,
0x6d9c,
0x6d9c,
0x2b8c,
0x097c,
0x0853,
0xf673,
0x3a6b,
0x5a6b,
0x3a63,
0x786b,
0xb973,
0xb973,
0x9973,
0x9973,
0x7a73,
0x5a6b,
0xd76b,
0xa763,
0x8663,
0xf773,
0x5a6b,
0x3a73,
0x9973,
0x9973,
0x9973,
0x9973,
0x9973,
0x9973,
0x9973,
0x9973,
0x9973,
0x9973,
0x9973,
0x9973,
0x9973,
0x9973,
0x9973,
0x9973,
0x9973,
0x9973,
0x9973,
0x9973,
0x9973,
0x9973,
0x9973,
0x9973,
0x9973,
0x9973,
0x9973,
0x9973,
0x9973,
0x9973,
0x9973,
0x9973,
0x9973,
0x9973,
0x9973,
0x9973,
0x9973,
0x9973,
0x9973,
0x9973,
0x9973,
0x9973,
0x9973,
0x9973,
0x9973,
0x9973,
0x9973,
0x9973,
0x9973,
0x9973,
0x9973,
0x9973,
0x9973,
0x9973,
0xd87b,
0x3784,
0x1884,
0x1784,
0x1684,
0x748c,
0x509c,
0xf4d5,
0xf4dd,
0x76ee,
0xd7ee,
0xd6ee,
0xb6f6,
0x75ee,
0x95ee,
0xf6f6,
0x17f7,
0x76ee,
0xd4dd,
0x15e6,
0x76ee,
0xf7f6,
0x17f7,
0xf7f6,
0xd6f6,
0x75ee,
0x75ee,
0x95ee,
0x96ee,
0xb6ee,
0x96ee,
0x96e6,
0x96e6,
0x18ef,
0xbaf7,
0x9af7,
0x38f7,
0xbaf7,
0xbaf7,
0xbaf7,
0xbaf7,
0xbaf7,
0x9af7,
0x58f7,
0xd7e6,
0xf7e6,
0x76de,
0x909c,
0x0e94,
0x32bd,
0x14de,
0x14de,
0xb6ee,
0x16ef,
0xb5ee,
0x75ee,
0x95ee,
0xd7f6,
0xf7f6,
0xf7f6,
0x59f7,
0xce73,
0x584a,
0xb394,
0xf3cd,
0xd3cd,
0xf3cd,
0x92c5,
0x31b5,
0xd0a4,
0x73bd,
0x94c5,
0xb4c5,
0xd5c5,
0x36d6,
0x15d6,
0x56d6,
0xf5cd,
0xf4cd,
0xf3c5,
0xb2bd,
0xf3c5,
0x95de,
0x96e6,
0x14d6,
0x72bd,
0xee9c,
0xcc94,
0x8984,
0x697c,
0x0664,
0xc563,
0x875b,
0xca73,
0xeb7b,
0x8f94,
0xd09c,
0xcfa4,
0x8d9c,
0x8f94,
0x2d8c,
0x6d94,
0x0d7c,
0x485b,
0xa863,
0x8f8c,
0x2d84,
0x6963,
0x2763,
0x0653,
0x465b,
0x665b,
0x8553,
0xa55b,
0x8553,
0xa55b,
0x8553,
0x8453,
0x644b,
0xa553,
0xa553,
0x644b,
0xa55b,
0xc65b,
0x6553,
0x654b,
0x644b,
0xa55b,
0x893a,
0x3a6b,
0x9973,
0x9973,
0x9973,
0x9973,
0x9973,
0x1974,
0x9973,
0x9973,
0x9973,
0x9973,
0x9973,
0x9973,
0x9973,
0x9973,
0x9973,
0x9973,
0x9973,
0x9973,
0x9973,
0x9973,
0x9973,
0x9973,
0x9973,
0x9973,
0x9973,
0x9973,
0x9973,
0x9973,
0x9973,
0x9973,
0x9973,
0x9973,
0x9973,
0x9973,
0x9973,
0x9973,
0x9973,
0x9973,
0x9973,
0x9973,
0x9973,
0x9973,
0x9973,
0x9973,
0x9973,
0x9973,
0x9973,
0x9973,
0x9973,
0x9973,
0x9973,
0x9973,
0x9973,
0x9973,
0x9973,
0x9973,
0x9973,
0x9973,
0x9973,
0x9973,
0x9973,
0x9973,
0x9973,
0x9973,
0x9973,
0x9973,
0x9973,
0x9973,
0x9973,
0x9973,
0x9973,
0x9973,
0x9973,
0x9973,
0x9973,
0x9973,
0x9973,
0x9973,
0x9973,
0x9973,
0x9973,
0x9973,
0x9973,
0x9973,
0x9973,
0x9973,
0x9973,
0x9973,
0x9973,
0x9973,
0x9973,
0x9973,
0x9973,
0x9973,
0x9973,
0x9973,
0x9973,
0x9973,
0x9973,
0x9973,
0x9973,
0x9973,
0x9973,
0x9973,
0x9973,
0x9973,
0x9973,
0x9973,
0x9973,
0x9973,
0x7a73,
0xf67b,
0xd1a4,
0xb0a4,
0x1663,
0x7494,
0x097c,
0x6553,
0x286b,
0xeb83,
0x8ea4,
0x10b5,
0x10b5,
0x6d9c,
0xaea4,
0xafa4,
0x8e9c,
0xaa73,
0x185b,
0x7a6b,
0xb973,
0x9973,
0x9973,
0x9973,
0x9973,
0x9973,
0x9973,
0x9973,
0x9973,
0x9973,
0x986b,
0x485b,
0xe66b,
0xb38c,
0xba74,
0x6c2a,
0xb973,
0x9973,
0x9973,
0x9973,
0x9973,
0x9973,
0x9973,
0x9973,
0x9973,
0x9973,
0x9973,
0x9973,
0x9973,
0x9973,
0x9973,
0x9973,
0x9973,
0x9973,
0x9973,
0x9973,
0x9973,
0x9973,
0x9973,
0x9973,
0x9973,
0x9973,
0x9973,
0x9973,
0x9973,
0x9973,
0x9973,
0x9973,
0x9973,
0x9973,
0x9973,
0x9973,
0x9973,
0x9973,
0x9973,
0x9973,
0x9973,
0x9973,
0x9973,
0x9973,
0x9973,
0x9973,
0x9973,
0x9973,
0x9973,
0x9973,
0x9973,
0x9973,
0x9973,
0x9973,
0x9973,
0xb973,
0x1884,
0x7a4a,
0xed6a,
0x18f7,
0x55de,
0xd3d5,
0x75ee,
0xf7f6,
0x17f7,
0xb6ee,
0x55e6,
0x55ee,
0xb5ee,
0x58f7,
0x38f7,
0x76ee,
0x76ee,
0xb6ee,
0xd7f6,
0xd7ee,
0x75e6,
0x94ee,
0x75ee,
0x34ee,
0x54ee,
0x54ee,
0x74ee,
0xd6ee,
0x37f7,
0x59f7,
0x12bd,
0xb3c5,
0xbaf7,
0xbaf7,
0x38f7,
0x9af7,
0x99f7,
0x58f7,
0xbaf7,
0x99f7,
0x99f7,
0x99f7,
0x78f7,
0xd7de,
0xd7ee,
0xf1ac,
0x145b,
0x2d73,
0x52bd,
0xd4cd,
0x79f7,
0x17ef,
0x55e6,
0x35de,
0xb6ee,
0x95ee,
0x96f6,
0x18f7,
0x9af7,
0x38e7,
0x2d5b,
0x794a,
0x5484,
0xb19c,
0x35d6,
0x35ce,
0xf1a4,
0x31ad,
0x15ce,
0xf5cd,
0x53b5,
0x53b5,
0xf5c5,
0x36d6,
0xd4c5,
0x53b5,
0x52b5,
0x71b5,
0x54d6,
0x95e6,
0x14ce,
0xf4cd,
0x51b5,
0xef9c,
0x8c94,
0xcd9c,
0xee9c,
0xab94,
0x697c,
0x6974,
0x4974,
0x086c,
0xa55b,
0xc86b,
0x2c7c,
0x0b7c,
0x0b74,
0xaa6b,
0xa963,
0x0c7c,
0xa963,
0xc663,
0xc65b,
0x875b,
0xc963,
0x675b,
0x455b,
0x6763,
0x6763,
0x6663,
0x855b,
0xa55b,
0xc65b,
0xa55b,
0x8553,
0x8453,
0xa553,
0xa55b,
0x8453,
0x8453,
0xa55b,
0x644b,
0x444b,
0x644b,
0x844b,
0xe842,
0x9873,
0x9973,
0x9973,
0x9973,
0x9973,
0xb973,
0xf973,
0xb973,
0x9973,
0x9973,
0x9973,
0x9973,
0x9973,
0x9973,
0x9973,
0x9973,
0x9973,
0x9973,
0x9973,
0x9973,
0x9973,
0x9973,
0x9973,
0x9973,
0x9973,
0x9973,
0x9973,
0x9973,
0x9973,
0x9973,
0x9973,
0x9973,
0x9973,
0x9973,
0x9973,
0x9973,
0x9973,
0x9973,
0x9973,
0x9973,
0x9973,
0x9973,
0x9973,
0x9973,
0x9973,
0x9973,
0x9973,
0x9973,
0x9973,
0x9973,
0x9973,
0x9973,
0x9973,
0x9973,
0x9973,
0x9973,
0x9973,
0x9973,
0x9973,
0x9973,
0x9973,
0x9973,
0x9973,
0x9973,
0x9973,
0x9973,
0x9973,
0x9973,
0x9973,
0x9973,
0x9973,
0x9973,
0x9973,
0x9973,
0x9973,
0x9973,
0x9973,
0x9973,
0x9973,
0x9973,
0x9973,
0x9973,
0x9973,
0x9973,
0x9973,
0x9973,
0x9973,
0x9973,
0x9973,
0x9973,
0x9973,
0x9973,
0x9973,
0x9973,
0x9973,
0x9973,
0x9973,
0x9973,
0x9973,
0x9973,
0x9973,
0x9973,
0x9973,
0x9973,
0x9973,
0x9973,
0x9973,
0x9973,
0x9973,
0x9973,
0x9973,
0x9973,
0x9973,
0x796b,
0x3863,
0xac5a,
0x6b7b,
0x9952,
0x939c,
0xe773,
0x4553,
0x486b,
0x4c94,
0x72bd,
0x92bd,
0x11ad,
0xae9c,
0x8d9c,
0xefac,
0x0b84,
0x786b,
0x9973,
0x9973,
0x9973,
0x9973,
0x9973,
0x9973,
0x9973,
0x9973,
0x9973,
0x9973,
0x9973,
0x5a6b,
0x1574,
0x8563,
0xa852,
0x986c,
0xec2a,
0x987c,
0x5a6b,
0x9973,
0x9973,
0x9973,
0x9973,
0x9973,
0x9973,
0x9973,
0x9973,
0x9973,
0x9973,
0x9973,
0x9973,
0x9973,
0x9973,
0x9973,
0x9973,
0x9973,
0x9973,
0x9973,
0x9973,
0x9973,
0x9973,
0x9973,
0x9973,
0x9973,
0x9973,
0x9973,
0x9973,
0x9973,
0x9973,
0x9973,
0x9973,
0x9973,
0x9973,
0x9973,
0x9973,
0x9973,
0x9973,
0x9973,
0x9973,
0x9973,
0x9973,
0x9973,
0x9973,
0x9973,
0x9973,
0x9973,
0x9973,
0x9973,
0x9973,
0x9973,
0x9973,
0x9973,
0xb973,
0xbb52,
0x528c,
0xd7e6,
0x18f7,
0x15de,
0x35e6,
0x76ee,
0x59f7,
0x17f7,
0x76ee,
0xf5dd,
0x56e6,
0xb6f6,
0x57f7,
0x78f7,
0xd6f6,
0x96ee,
0x55ee,
0xd4d5,
0xf4d5,
0xf4d5,
0x72cd,
0x73cd,
0xf4dd,
0x75ee,
0x14e6,
0x55e6,
0x17f7,
0x17f7,
0x38f7,
0x55e6,
0xb7e6,
0xbaf7,
0xbaf7,
0xbaf7,
0xbaf7,
0x38f7,
0xd7ee,
0xbaf7,
0x98f7,
0x78f7,
0x99f7,
0xbaf7,
0x59ef,
0x75de,
0xd3cd,
0x6f73,
0x584a,
0x919c,
0x52bd,
0x73c5,
0x32bd,
0xd4d5,
0x76e6,
0xb7ee,
0xb6ee,
0x95ee,
0x95ee,
0xf7f6,
0xdbff,
0x96ce,
0x4c53,
0xf67b,
0xba5a,
0x758c,
0xb48c,
0x137c,
0x708c,
0xf5c5,
0xf5c5,
0xf5c5,
0x16ce,
0x15ce,
0xf5c5,
0xf5c5,
0xd4c5,
0x56d6,
0x14ce,
0x55d6,
0x34ce,
0xf3c5,
0x91b5,
0x0f9d,
0xee9c,
0xef9c,
0xad94,
0xac94,
0xab94,
0xaa8c,
0x697c,
0xcd8c,
0xee94,
0xac8c,
0x6984,
0x487c,
0x487c,
0x066c,
0xc563,
0xc55b,
0xc65b,
0xe663,
0xe863,
0x885b,
0x865b,
0xa763,
0x875b,
0x8663,
0x8763,
0x8763,
0x6663,
0x8563,
0xa65b,
0xe663,
0xa55b,
0x8453,
0x8453,
0x8553,
0xa55b,
0x6553,
0x644b,
0xa553,
0x844b,
0x644b,
0x8453,
0x474b,
0x5863,
0x5a6b,
0x9973,
0x9973,
0x9973,
0x9973,
0x197c,
0x187c,
0x7a73,
0x9973,
0x9973,
0x9973,
0x9973,
0x9973,
0x9973,
0x9973,
0x9973,
0x9973,
0x9973,
0x9973,
0x9973,
0x9973,
0x9973,
0x9973,
0x9973,
0x9973,
0x9973,
0x9973,
0x9973,
0x9973,
0x9973,
0x9973,
0x9973,
0x9973,
0x9973,
0x9973,
0x9973,
0x9973,
0x9973,
0x9973,
0x9973,
0x9973,
0x9973,
0x9973,
0x9973,
0x9973,
0x9973,
0x9973,
0x9973,
0x9973,
0x9973,
0x9973,
0x9973,
0x9973,
0x9973,
0x9973,
0x9973,
0x9973,
0x9973,
0x9973,
0x9973,
0x9973,
0x9973,
0x9973,
0x9973,
0x9973,
0xb973,
0x9973,
0x9973,
0x9973,
0x9973,
0x9973,
0x9973,
0x9973,
0x9973,
0x9973,
0x9973,
0x9973,
0x9973,
0x9973,
0x9973,
0x9973,
0x9973,
0x9973,
0x9973,
0x9973,
0x9973,
0x9973,
0x9973,
0x9973,
0x9973,
0x9973,
0x9973,
0x9973,
0x9973,
0x9973,
0x9973,
0x9973,
0x9973,
0x9973,
0x9973,
0x9973,
0x9973,
0x9973,
0x9973,
0x9973,
0x9973,
0x9973,
0x9973,
0x9973,
0x9973,
0x9973,
0x9973,
0x9973,
0x9973,
0x796b,
0xf952,
0x4e9c,
0x8b5a,
0xba52,
0xa952,
0xa563,
0x255b,
0xca7b,
0x2c94,
0x31b5,
0xf0ac,
0x2c94,
0xea7b,
0x8d9c,
0x8b6b,
0x3963,
0x9973,
0x9973,
0x9973,
0x9973,
0x9973,
0x9973,
0x9973,
0x9973,
0x9973,
0x9973,
0x9973,
0x9973,
0x5964,
0x493b,
0xf383,
0xd12b,
0x6d3b,
0x6d22,
0x3974,
0x7a73,
0x9973,
0x9973,
0x9973,
0x9973,
0x9973,
0x9973,
0x9973,
0x9973,
0x9973,
0x9973,
0x9973,
0x9973,
0x9973,
0x9973,
0x9973,
0x9973,
0x9973,
0x9973,
0x9973,
0x9973,
0x9973,
0x9973,
0x9973,
0x9973,
0x9973,
0x9973,
0x9973,
0x9973,
0x9973,
0x9973,
0x9973,
0x9973,
0x9973,
0x9973,
0x9973,
0x9973,
0x9973,
0x9973,
0x9973,
0x9973,
0x9973,
0x9973,
0x9973,
0x9973,
0x9973,
0x9973,
0x9973,
0x9973,
0x9973,
0x9973,
0x9973,
0x9973,
0xb873,
0x594a,
0xb5b5,
0xbaf7,
0xb7ee,
0xb8f6,
0x59f7,
0x18f7,
0x38f7,
0x58f7,
0x56e6,
0x35e6,
0x35e6,
0xd6f6,
0x98f7,
0x78f7,
0xb6ee,
0xf4dd,
0x14de,
0x35de,
0xb7e6,
0xb7e6,
0x96e6,
0xd4cd,
0xf4d5,
0x14de,
0x34e6,
0xb5e6,
0x77f7,
0x37f7,
0x75ee,
0x38f7,
0x79f7,
0xbaf7,
0xbaf7,
0xbaf7,
0x99f7,
0x75ee,
0x34ee,
0x17f7,
0x77f7,
0x37f7,
0xf7ee,
0x38f7,
0x9af7,
0x18ef,
0x35de,
0xb1a4,
0xd752,
0xf37b,
0x52b5,
0xd1a4,
0xd1a4,
0xb4cd,
0x56e6,
0xb7ee,
0xd7f6,
0xb6ee,
0xd7ee,
0xb6ee,
0x79f7,
0x59ef,
0xb7d6,
0x4d53,
0x794a,
0x394b,
0xb19c,
0x8d83,
0xb94a,
0x958c,
0x528c,
0x528c,
0xb294,
0x518c,
0x107c,
0xf07b,
0xd07b,
0x34ce,
0xf2c5,
0xb1bd,
0x33ce,
0x34ce,
0x71b5,
0xcd94,
0xee94,
0xcd9c,
0x8b94,
0x6a8c,
0xac94,
0x8b8c,
0xaa84,
0xcb8c,
0xee9c,
0xf0a4,
0xcd9c,
0xcc94,
0x8a8c,
0x698c,
0x0774,
0xa65b,
0xc663,
0xc65b,
0xa863,
0xc863,
0xe863,
0xc763,
0x8763,
0xa763,
0x8663,
0x6663,
0x8763,
0x8663,
0xa65b,
0xa55b,
0xa55b,
0xa553,
0x8453,
0x8553,
0x8553,
0x6453,
0x644b,
0xa553,
0x844b,
0x8453,
0xa65b,
0x4b32,
0x767c,
0x2932,
0x7a6b,
0xb973,
0xb973,
0x9973,
0x9973,
0x9973,
0x9973,
0x9973,
0x9973,
0x9973,
0x9973,
0x9973,
0x9973,
0x9973,
0x9973,
0x9973,
0x9973,
0x9973,
0x9973,
0x9973,
0x9973,
0x9973,
0x9973,
0x9973,
0x9973,
0x9973,
0x9973,
0x9973,
0x9973,
0x9973,
0x9973,
0x9973,
0x9973,
0x9973,
0x9973,
0x9973,
0x9973,
0x9973,
0x9973,
0x9973,
0x9973,
0x9973,
0x9973,
0x9973,
0x9973,
0x9973,
0x9973,
0x9973,
0x9973,
0x9973,
0x9973,
0x9973,
0x9973,
0x9973,
0x9973,
0x9973,
0x9973,
0x9973,
0x9973,
0x9973,
0x9973,
0x9973,
0x9973,
0x9973,
0x9973,
0xb973,
0x9973,
0x9973,
0x9973,
0x9973,
0x9973,
0x9973,
0x9973,
0x9973,
0x9973,
0x9973,
0x9973,
0x9973,
0x9973,
0x9973,
0x9973,
0x9973,
0x9973,
0x9973,
0x9973,
0x9973,
0x9973,
0x9973,
0x9973,
0x9973,
0x9973,
0x9973,
0x9973,
0x9973,
0x9973,
0x9973,
0x9973,
0x9973,
0x9973,
0x9973,
0x9973,
0x9973,
0x9973,
0x9973,
0x9973,
0x9973,
0x9973,
0x9973,
0x9973,
0x9973,
0x9973,
0x9973,
0x9973,
0xb973,
0x796b,
0x5594,
0x6c7b,
0xb594,
0xbb52,
0x6942,
0x6553,
0x476b,
0xeb8b,
0x6fa4,
0xd0ac,
0xd0a4,
0xaa7b,
0xe973,
0x6a42,
0xfb62,
0xb973,
0x9973,
0x9973,
0x9973,
0x9973,
0x9973,
0x9973,
0xb973,
0x9973,
0x9973,
0x7a6b,
0x3b6b,
0xd873,
0xd863,
0xf952,
0xb223,
0x134d,
0x6c2a,
0x8e2a,
0xb973,
0x5a6b,
0xb973,
0x9973,
0x9973,
0x9973,
0x9973,
0x9973,
0x9973,
0x9973,
0x9973,
0x9973,
0x9973,
0x9973,
0x9973,
0x9973,
0x9973,
0x9973,
0x9973,
0x9973,
0x9973,
0x9973,
0x9973,
0x9973,
0x9973,
0x9973,
0x9973,
0x9973,
0x9973,
0x9973,
0x9973,
0x9973,
0x9973,
0x9973,
0x9973,
0x9973,
0x9973,
0x9973,
0x9973,
0x9973,
0x9973,
0x9973,
0x9973,
0x9973,
0x9973,
0x9973,
0x9973,
0x9973,
0x9973,
0x9973,
0x9973,
0x9973,
0xb97b,
0x9a52,
0x728c,
0x79f7,
0xf7f6,
0x59f7,
0x59f7,
0x59f7,
0x39f7,
0xb7f6,
0x56e6,
0x14de,
0x95ee,
0xd6f6,
0x58f7,
0x79f7,
0x37f7,
0xf7f6,
0xb6ee,
0x76e6,
0xf7f6,
0xd7ee,
0x76e6,
0x56e6,
0xf7ee,
0x38ef,
0x55de,
0x74e6,
0x98f7,
0x57f7,
0x95ee,
0x38f7,
0xdaf7,
0x79f7,
0xd7ee,
0xb5ee,
0x58f7,
0x58f7,
0xf6f6,
0x75ee,
0x75ee,
0xf6ee,
0x58f7,
0x57f7,
0x17ef,
0xbaf7,
0x18ef,
0xd4d5,
0xf4d5,
0xb07b,
0x584a,
0x2e6b,
0x32b5,
0xf1ac,
0x94c5,
0x76e6,
0x97e6,
0xb7e6,
0xb7ee,
0x17ef,
0x17f7,
0x39f7,
0xdbff,
0x9af7,
0x53a5,
0x529d,
0x55c6,
0x58f7,
0xd0ac,
0x5294,
0xd67b,
0x9a52,
0x9a52,
0x9a52,
0x9a52,
0x9a52,
0xba52,
0x794a,
0x2c5b,
0x91bd,
0xf3cd,
0x75de,
0xd3c5,
0xf0a4,
0xed94,
0xad94,
0x8c9c,
0x6c94,
0x6c94,
0x8b8c,
0xab94,
0xac9c,
0x8c94,
0xae9c,
0xae9c,
0xefa4,
0xcea4,
0x8a8c,
0x6984,
0x487c,
0xc66b,
0xc55b,
0xa75b,
0xc763,
0xe76b,
0xe763,
0xc75b,
0xa763,
0xa763,
0x675b,
0x8763,
0xa763,
0xc86b,
0xa65b,
0xc65b,
0xc55b,
0xc65b,
0xc65b,
0xa553,
0x654b,
0x8553,
0x844b,
0xc45b,
0xc55b,
0x6753,
0x3574,
0x186c,
0x8753,
0x283a,
0x7a6b,
0x1974,
0xb973,
0x9973,
0x9973,
0x9973,
0x9973,
0x9973,
0x9973,
0x9973,
0x9973,
0x9973,
0x9973,
0x9973,
0x9973,
0x9973,
0x9973,
0x9973,
0x9973,
0x9973,
0x9973,
0x9973,
0x9973,
0x9973,
0x9973,
0x9973,
0x9973,
0x9973,
0x9973,
0x9973,
0x9973,
0x9973,
0x9973,
0x9973,
0x9973,
0x9973,
0x9973,
0x9973,
0x9973,
0x9973,
0x9973,
0x9973,
0x9973,
0x9973,
0x9973,
0x9973,
0x9973,
0x9973,
0x9973,
0x9973,
0x9973,
0x9973,
0x9973,
0x9973,
0x9973,
0x9973,
0x9973,
0x9973,
0x9973,
0x9973,
0x9973,
0x9973,
0x9973,
0x9973,
0x9973,
0xb973,
0x9973,
0x9973,
0x9973,
0x9973,
0x9973,
0xb973,
0x9973,
0x7a6b,
0x9973,
0x9973,
0x9973,
0x9973,
0x9973,
0x9973,
0x9973,
0x9973,
0x9973,
0x9973,
0x9973,
0x9973,
0x9973,
0x9973,
0x9973,
0x9973,
0x9973,
0x9973,
0x9973,
0x9973,
0x9973,
0x9973,
0x9973,
0x9973,
0x9973,
0x9973,
0x9973,
0x9973,
0x9973,
0x9973,
0x9973,
0x9973,
0x9973,
0x9973,
0x9973,
0x9973,
0x9973,
0x9973,
0x9973,
0x9973,
0x9973,
0xdb5a,
0xf783,
0xf6a4,
0x7a6b,
0x3a63,
0x693a,
0x655b,
0x6973,
0x2d9c,
0xf0b4,
0x4d9c,
0xa973,
0xe86b,
0xb494,
0x3b6b,
0xb973,
0x9973,
0x9973,
0x9973,
0x9973,
0x9973,
0x7a6b,
0x5a6b,
0x7a73,
0x9973,
0x387c,
0x893a,
0xc942,
0x074b,
0xe84a,
0x6b2a,
0x902b,
0x9023,
0x2f2b,
0x777c,
0x597c,
0x5a73,
0x5a73,
0x9973,
0x9973,
0x9973,
0x9973,
0x9973,
0x9973,
0x9973,
0x9973,
0x9973,
0x9973,
0x9973,
0x9973,
0x9973,
0x9973,
0x9973,
0x9973,
0x9973,
0x9973,
0x9973,
0x9973,
0x9973,
0x9973,
0x9973,
0x9973,
0x9973,
0x9973,
0x9973,
0x9973,
0x9973,
0x9973,
0x9973,
0x9973,
0x9973,
0x9973,
0x9973,
0x9973,
0x9973,
0x9973,
0x9973,
0x9973,
0x9973,
0x9973,
0x9973,
0x9973,
0x9973,
0x9973,
0x9973,
0xb973,
0x3a6b,
0xd57b,
0xd7de,
0x38f7,
0xb7ee,
0xf7f6,
0x38f7,
0x18f7,
0xf7f6,
0x96ee,
0x75ee,
0x54ee,
0x14ee,
0x96ee,
0xf7f6,
0x37f7,
0x58f7,
0x58f7,
0x17f7,
0x17f7,
0x38f7,
0x76e6,
0xd4d5,
0x76e6,
0xd7ee,
0x99f7,
0x38f7,
0xb5ee,
0xf6f6,
0x95ee,
0xb6ee,
0xbaf7,
0xb9f7,
0xd7ee,
0x15d6,
0xb5ee,
0xd6ee,
0xf6f6,
0x16f7,
0x37f7,
0xd6ee,
0xf6ee,
0x99f7,
0x99f7,
0xf7ee,
0xf6e6,
0xf4cd,
0x15d6,
0x97e6,
0xd2a4,
0x9573,
0x584a,
0xae7b,
0xf1ac,
0x94c5,
0xb7ee,
0xf8f6,
0x97e6,
0x76e6,
0x18ef,
0x38f7,
0x7af7,
0xbaf7,
0xb9f7,
0xdbff,
0x58f7,
0xd7f6,
0xb6ee,
0x76e6,
0x72bd,
0xd1ac,
0x5394,
0x596b,
0xd87b,
0xb973,
0xb973,
0xb973,
0xb873,
0x9a52,
0x0c5b,
0x91b5,
0x31ad,
0x10ad,
0xee9c,
0x10a5,
0xaea4,
0x6c9c,
0x6c94,
0x6c94,
0x4b8c,
0x2a84,
0x2b8c,
0x8c8c,
0x8e9c,
0x8e9c,
0x8d94,
0x8b8c,
0x6984,
0x487c,
0x2774,
0x2774,
0xc55b,
0x875b,
0x0974,
0x6a8c,
0x096c,
0xe863,
0xe863,
0xa763,
0x875b,
0xa863,
0xe96b,
0xc86b,
0xa75b,
0xc75b,
0xc663,
0xe663,
0xe663,
0xc663,
0xe65b,
0x476c,
0xe663,
0x264b,
0xc84a,
0xd76b,
0xfb62,
0x767c,
0x464b,
0xd76b,
0x7a73,
0x9973,
0x9973,
0x9973,
0x9973,
0x9973,
0x9973,
0x9973,
0x9973,
0x9973,
0x9973,
0x9973,
0x9973,
0x9973,
0x9973,
0x9973,
0x9973,
0x9973,
0x9973,
0x9973,
0x9973,
0x9973,
0x9973,
0x9973,
0x9973,
0x9973,
0x9973,
0x9973,
0x9973,
0x9973,
0x9973,
0x9973,
0x9973,
0x9973,
0x9973,
0x9973,
0x9973,
0x9973,
0x9973,
0x9973,
0x9973,
0x9973,
0x9973,
0x9973,
0x9973,
0x9973,
0x9973,
0x9973,
0x9973,
0x9973,
0x9973,
0x9973,
0x9973,
0x9973,
0x9973,
0x9973,
0x9973,
0x9973,
0x9973,
0x9973,
0x9973,
0x9973,
0x9973,
0x9973,
0x9973,
0x9973,
0x9973,
0x9973,
0x9973,
0x9973,
0x9973,
0x187c,
0xf87b,
0xf87b,
0x9973,
0x9973,
0x9973,
0x9973,
0x9973,
0x9973,
0x9973,
0x9973,
0x9973,
0x9973,
0x9973,
0x9973,
0x9973,
0x9973,
0x9973,
0x9973,
0x9973,
0x9973,
0x9973,
0x9973,
0x9973,
0x9973,
0x9973,
0x9973,
0x9973,
0x9973,
0x9973,
0x9973,
0x9973,
0x9973,
0x9973,
0x9973,
0x9973,
0x9973,
0x9973,
0x9973,
0x9973,
0x9973,
0x9973,
0x9973,
0x9973,
0xb973,
0x7a6b,
0x3a63,
0x9973,
0x9973,
0x786b,
0x064b,
0x665b,
0xa873,
0x6c94,
0x2c94,
0x886b,
0xe66b,
0xa94a,
0x1a63,
0xb973,
0x9973,
0x9973,
0x9973,
0x7973,
0xb873,
0x567c,
0x2a32,
0x387c,
0x7a6b,
0xd68c,
0xa93a,
0x8c33,
0xeb3a,
0xc74a,
0xa753,
0x675b,
0x4b2a,
0x5863,
0xb973,
0xf97b,
0xf984,
0x1885,
0x5a73,
0xb973,
0x9973,
0x9973,
0x9973,
0x9973,
0x9973,
0x9973,
0x9973,
0x9973,
0x9973,
0x9973,
0x9973,
0x9973,
0x9973,
0x9973,
0x9973,
0x9973,
0x9973,
0x9973,
0x9973,
0x9973,
0x9973,
0x9973,
0x9973,
0x9973,
0x9973,
0x9973,
0x9973,
0x9973,
0x9973,
0x9973,
0x9973,
0x9973,
0x9973,
0x9973,
0x9973,
0x9973,
0x9973,
0x9973,
0x9973,
0x9973,
0x9973,
0x9973,
0x9973,
0x9973,
0x9973,
0xd97b,
0x9a52,
0x13a5,
0x58f7,
0xf8ee,
0xd7f6,
0xd6ee,
0xf6ee,
0x16f7,
0x16f7,
0xd6f6,
0xb6f6,
0xf3ed,
0xb2ed,
0xf3e5,
0xb6f6,
0x58f7,
0x99f7,
0x58f7,
0x17f7,
0x17f7,
0x58f7,
0x38f7,
0xf7ee,
0x17f7,
0x17f7,
0x57f7,
0x57f7,
0xf7ee,
0x34e6,
0x95ee,
0xf7ee,
0xb7e6,
0x55de,
0xb3cd,
0xd3cd,
0xd6ee,
0x95ee,
0xb5f6,
0x16f7,
0xd6ee,
0xd6ee,
0x57f7,
0xb9f7,
0x98f7,
0x37f7,
0xb6e6,
0x75e6,
0x55e6,
0xf5cd,
0xf5cd,
0x5094,
0x594a,
0x0d6b,
0xb3c5,
0x76de,
0x36de,
0xb7ee,
0xd8e6,
0x96ee,
0x38f7,
0x38f7,
0x79f7,
0xb9f7,
0x99f7,
0x99f7,
0xb6ee,
0x14e6,
0x96ee,
0x38f7,
0xb8ee,
0x18f7,
0x0f8c,
0x9b52,
0xb973,
0x9973,
0x9973,
0x9973,
0x9973,
0x9973,
0x3863,
0x6c63,
0xcc94,
0xad9c,
0x8d9c,
0x8c94,
0x6d9c,
0x4c9c,
0x4c94,
0x4c94,
0x297c,
0x2a7c,
0x097c,
0x6c8c,
0xcf9c,
0x6c94,
0x4a84,
0x287c,
0x6a7c,
0xc963,
0x4953,
0x4a53,
0xc65b,
0x8653,
0x2a84,
0xcca4,
0xe86b,
0xe76b,
0xe96b,
0xc763,
0xc75b,
0xc75b,
0xe963,
0x096c,
0xc763,
0xc65b,
0xa65b,
0x875b,
0x076c,
0xc763,
0x6753,
0x084b,
0x557c,
0x5963,
0x3a63,
0x7973,
0x9973,
0x9973,
0x3774,
0xb973,
0x9973,
0x9973,
0x9973,
0x9973,
0x9973,
0x9973,
0x9973,
0x9973,
0x9973,
0x9973,
0x9973,
0x9973,
0x9973,
0x9973,
0x9973,
0x9973,
0x9973,
0x9973,
0x9973,
0x9973,
0x9973,
0x9973,
0x9973,
0x9973,
0x9973,
0x9973,
0x9973,
0x9973,
0x9973,
0x9973,
0x9973,
0x9973,
0x9973,
0x9973,
0x9973,
0x9973,
0x9973,
0x9973,
0x9973,
0x9973,
0x9973,
0x9973,
0x9973,
0x9973,
0x9973,
0x9973,
0x9973,
0x9973,
0x9973,
0x9973,
0x9973,
0x9973,
0x9973,
0x9973,
0x9973,
0x9973,
0x9973,
0x9973,
0x9973,
0x9973,
0x9973,
0x9973,
0x9973,
0x9973,
0x9973,
0x9973,
0x9973,
0x9973,
0x9973,
0x9973,
0x9973,
0x7a73,
0xb973,
0xf87b,
0x778c,
0xd973,
0x9973,
0x9973,
0x9973,
0x9973,
0x9973,
0x9973,
0x9973,
0x9973,
0x9973,
0x9973,
0x9973,
0x9973,
0x9973,
0x9973,
0x9973,
0x9973,
0x9973,
0x9973,
0x9973,
0x9973,
0x9973,
0x9973,
0x9973,
0x9973,
0x9973,
0x9973,
0x9973,
0x9973,
0x9973,
0x9973,
0x9973,
0x9973,
0x9973,
0x9973,
0x9973,
0x9973,
0x9973,
0x9973,
0x9973,
0x9973,
0x9973,
0x9973,
0x9973,
0x9973,
0x796b,
0xa742,
0xa55b,
0xa663,
0xc663,
0xe97b,
0xaa7b,
0xa663,
0x6653,
0x976b,
0x9973,
0xb973,
0xb973,
0x7973,
0x176c,
0x264b,
0xa453,
0xa553,
0xb67c,
0x5a6b,
0x7a6b,
0x5a6b,
0x9873,
0x596b,
0x1a63,
0x576c,
0x2843,
0xc663,
0x0753,
0x7684,
0x1784,
0x5974,
0x1974,
0x3a6b,
0x7a6b,
0x9973,
0x9973,
0x9973,
0x9973,
0x9973,
0x9973,
0x9973,
0x9973,
0x9973,
0x9973,
0x9973,
0x9973,
0x9973,
0x9973,
0x9973,
0x9973,
0x9973,
0x9973,
0x9973,
0x9973,
0x9973,
0x9973,
0x9973,
0x9973,
0x9973,
0x9973,
0x9973,
0x9973,
0x9973,
0x9973,
0x9973,
0x9973,
0x9973,
0x9973,
0x9973,
0x9973,
0x9973,
0x9973,
0x9973,
0x9973,
0x9973,
0x9973,
0x9973,
0x9973,
0x9973,
0xb973,
0x9a52,
0x908c,
0x79f7,
0x58f7,
0xd6ee,
0x96e6,
0x17ef,
0x58f7,
0x37f7,
0xd6f6,
0xd6f6,
0x17f7,
0x38f7,
0x57f7,
0x57f7,
0x78f7,
0x59f7,
0x17f7,
0xd7ee,
0xf7ee,
0x58f7,
0x58f7,
0x17f7,
0xd6f6,
0x17f7,
0x78f7,
0x78f7,
0x37f7,
0xd6ee,
0x17ef,
0xf7f6,
0x76e6,
0x52bd,
0xf1b4,
0x93cd,
0x16f7,
0x95ee,
0xd6f6,
0x17f7,
0xd6f6,
0xf6f6,
0x78f7,
0x99f7,
0x78f7,
0x17ef,
0x38ef,
0x38f7,
0x96e6,
0x35d6,
0x56de,
0x53b5,
0xb773,
0x1584,
0x52b5,
0x52bd,
0x73bd,
0xb7ee,
0xb7ee,
0xf8f6,
0x38f7,
0x38f7,
0x58f7,
0x99f7,
0xb9f7,
0x99f7,
0xb6ee,
0x96ee,
0xf7ee,
0x7af7,
0x39f7,
0x73ad,
0x7763,
0x796b,
0x9973,
0x9973,
0x9973,
0x9973,
0x9973,
0x9973,
0x9973,
0x1963,
0xb394,
0xab6b,
0x6c8c,
0x6c94,
0x4c9c,
0x2b94,
0x0b8c,
0x0a84,
0x4a84,
0x4b8c,
0x6c94,
0x8c94,
0x6c94,
0x6b94,
0xcb9c,
0x8a63,
0x5764,
0xf773,
0x3863,
0xb952,
0xc94a,
0xc763,
0x4b84,
0xeda4,
0x0874,
0xe763,
0xc763,
0xe863,
0xe863,
0xc75b,
0xe763,
0xc85b,
0xe663,
0xc763,
0x3574,
0x185b,
0x8a53,
0x8a42,
0x1963,
0x1963,
0x5a6b,
0x9973,
0xb973,
0xb973,
0x9973,
0x9973,
0x7a73,
0xb973,
0x9973,
0x9973,
0x9973,
0x9973,
0x9973,
0x9973,
0x9973,
0x9973,
0x9973,
0x9973,
0x9973,
0x9973,
0x9973,
0x9973,
0x9973,
0x9973,
0x9973,
0x9973,
0x9973,
0x9973,
0x9973,
0x9973,
0x9973,
0x9973,
0x9973,
0x9973,
0x9973,
0x9973,
0x9973,
0x9973,
0x9973,
0x9973,
0x9973,
0x9973,
0x9973,
0x9973,
0x9973,
0x9973,
0x9973,
0x9973,
0x9973,
0x9973,
0x9973,
0x9973,
0x9973,
0x9973,
0x9973,
0x9973,
0x9973,
0x9973,
0x9973,
0x9973,
0x9973,
0x9973,
0x9973,
0x9973,
0x9973,
0x9973,
0x9973,
0x9973,
0x9973,
0x9973,
0x9973,
0x9973,
0x9973,
0x9973,
0x9973,
0x9973,
0x9973,
0x9973,
0x9973,
0x9973,
0x9973,
0x7a6b,
0xf883,
0x694a,
0xb973,
0x9973,
0x9973,
0x9973,
0x9973,
0x9973,
0x9973,
0x9973,
0x9973,
0x9973,
0x9973,
0x9973,
0x9973,
0x9973,
0x9973,
0x9973,
0x9973,
0x9973,
0x9973,
0x9973,
0x9973,
0x9973,
0x9973,
0x9973,
0x9973,
0x9973,
0x9973,
0x9973,
0x9973,
0x9973,
0x9973,
0x9973,
0x9973,
0x9973,
0x9973,
0x9973,
0x9973,
0x9973,
0x9973,
0x9973,
0x9973,
0x9973,
0x9973,
0x9973,
0x7a6b,
0x6842,
0xa55b,
0xa55b,
0x855b,
0x855b,
0xa76b,
0xc973,
0xa76b,
0xa842,
0x1a63,
0x5a6b,
0x5a6b,
0x1a63,
0xab2a,
0xa453,
0xa453,
0x2643,
0x586b,
0x9973,
0x9973,
0x9973,
0x9973,
0xb973,
0xb973,
0x5a73,
0xb963,
0x967c,
0x293a,
0x9784,
0xd87b,
0xa84a,
0xc752,
0xa842,
0x177c,
0x9973,
0x5a6b,
0x5a6b,
0x9973,
0x9973,
0x9973,
0x9973,
0x9973,
0x9973,
0x9973,
0x9973,
0x9973,
0x9973,
0x9973,
0x9973,
0x9973,
0x9973,
0x9973,
0x9973,
0x9973,
0x9973,
0x9973,
0x9973,
0x9973,
0x9973,
0x9973,
0x9973,
0x9973,
0x9973,
0x9973,
0x9973,
0x9973,
0x9973,
0x9973,
0x9973,
0x9973,
0x9973,
0x9973,
0x9973,
0x9973,
0x9973,
0x9973,
0x9973,
0x9973,
0x9973,
0xb973,
0xbb5a,
0xeb42,
0x17ef,
0xb5ee,
0x75e6,
0xb6ee,
0x99f7,
0xb9f7,
0x57f7,
0x57f7,
0x98f7,
0xb9f7,
0xbaf7,
0xdaf7,
0xb9f7,
0xf6f6,
0xd6f6,
0xb6ee,
0x76e6,
0xd7ee,
0x17f7,
0x17f7,
0x17f7,
0x96ee,
0x76e6,
0x78f7,
0xb9f7,
0x58f7,
0x79f7,
0x99f7,
0x57f7,
0x58f7,
0xd7e6,
0xb3cd,
0xd3d5,
0x17f7,
0xf6f6,
0xb5ee,
0x74ee,
0x17f7,
0x78f7,
0x57f7,
0x37f7,
0x17f7,
0xd7ee,
0x38f7,
0x38f7,
0xd7ee,
0xd7ee,
0x35de,
0x32b5,
0xd57b,
0xbb52,
0xf57b,
0xaf9c,
0x93c5,
0x56de,
0x96ee,
0xd6ee,
0xf7f6,
0x78f7,
0x99f7,
0x99f7,
0x58f7,
0xf6ee,
0x96ee,
0x38ef,
0xbcf7,
0xddff,
0x76d6,
0x575b,
0x796b,
0x9973,
0x9973,
0x9973,
0x9973,
0x9973,
0x9973,
0x9973,
0x9973,
0x9973,
0x1a63,
0x994a,
0x4a6b,
0xac9c,
0x4c9c,
0x4b94,
0x0984,
0x097c,
0x4b8c,
0x2b8c,
0x2b8c,
0x6c94,
0x097c,
0x0a7c,
0xeb5a,
0xd673,
0x1b6b,
0x7a73,
0x9973,
0x9973,
0x586b,
0x094b,
0x4874,
0x8a8c,
0x0874,
0xc763,
0xc663,
0x0764,
0x0864,
0xc75b,
0xc75b,
0xa653,
0x8653,
0x1574,
0xfb62,
0x9584,
0xc65b,
0x6942,
0x3b6b,
0xb973,
0x9973,
0x9973,
0x9973,
0x9973,
0x9973,
0x9973,
0x7a6b,
0x7a6b,
0x9973,
0x9973,
0x9973,
0x9973,
0x9973,
0x9973,
0x9973,
0x9973,
0x9973,
0x9973,
0x9973,
0x9973,
0x9973,
0x9973,
0x9973,
0x9973,
0x9973,
0x9973,
0x9973,
0x9973,
0x9973,
0x9973,
0x9973,
0x9973,
0x9973,
0x9973,
0x9973,
0x9973,
0x9973,
0x9973,
0x9973,
0x9973,
0x9973,
0x9973,
0x9973,
0x9973,
0x9973,
0x9973,
0x9973,
0x9973,
0x9973,
0x9973,
0x9973,
0x9973,
0x9973,
0x9973,
0x9973,
0x9973,
0x9973,
0x9973,
0x9973,
0x9973,
0x9973,
0x9973,
0x9973,
0x9973,
0x9973,
0x9973,
0x9973,
0x9973,
0x9973,
0x9973,
0x9973,
0x9973,
0x9973,
0x9973,
0x9973,
0x9973,
0x9973,
0x9973,
0x9973,
0x9973,
0x9973,
0x9973,
0xb973,
0xd87b,
0x9973,
0x9973,
0x9973,
0x9973,
0x9973,
0x9973,
0x9973,
0x9973,
0x9973,
0x9973,
0x9973,
0x9973,
0x9973,
0x9973,
0x9973,
0x9973,
0x9973,
0x9973,
0x9973,
0x9973,
0x9973,
0x9973,
0x9973,
0x9973,
0x9973,
0x9973,
0x9973,
0x9973,
0x9973,
0x9973,
0x9973,
0x9973,
0x9973,
0x9973,
0x9973,
0x9973,
0x9973,
0x9973,
0x9973,
0x9973,
0x9973,
0x9973,
0x9973,
0x9973,
0x9973,
0x796b,
0x747c,
0x264b,
0x855b,
0xa55b,
0x8553,
0xa663,
0xc97b,
0xa553,
0xe742,
0x757c,
0x493a,
0x0843,
0xa64b,
0x844b,
0xe553,
0xe93a,
0x596b,
0x9973,
0x9973,
0x9973,
0x9973,
0xb973,
0x9973,
0x9973,
0xd68c,
0xb68c,
0x3b6b,
0xd87b,
0xd68c,
0x0853,
0xa76b,
0x2653,
0x084b,
0x177c,
0xd68c,
0x1695,
0xb973,
0xb973,
0x9973,
0x9973,
0x9973,
0x9973,
0x9973,
0x9973,
0x9973,
0x9973,
0x9973,
0x9973,
0x9973,
0x9973,
0x9973,
0x9973,
0x9973,
0x9973,
0x9973,
0x9973,
0x9973,
0x9973,
0x9973,
0x9973,
0x9973,
0x9973,
0x9973,
0x9973,
0x9973,
0x9973,
0x9973,
0x9973,
0x9973,
0x9973,
0x9973,
0x9973,
0x9973,
0x9973,
0x9973,
0x9973,
0x9973,
0x9973,
0x9973,
0x7a6b,
0xd67b,
0x55d6,
0xf6f6,
0x16f7,
0xf6f6,
0x95ee,
0x58f7,
0x78f7,
0x99f7,
0xbbf7,
0xbaf7,
0xbaf7,
0xb9f7,
0x78f7,
0x17f7,
0x17f7,
0xb6ee,
0x75e6,
0x17f7,
0x58f7,
0x38f7,
0xf7f6,
0x75ee,
0xd4d5,
0x55de,
0xb9f7,
0xbaf7,
0xb9f7,
0xbaf7,
0xdbff,
0x99f7,
0x99f7,
0x37f7,
0xd6ee,
0xb5ee,
0x95ee,
0x54ee,
0x95ee,
0x78f7,
0x99f7,
0xf6f6,
0x17f7,
0x37f7,
0xd6ee,
0xb5ee,
0xb7e6,
0xf7ee,
0xd7ee,
0x35de,
0xd4cd,
0x2f8c,
0x966b,
0x9a52,
0xec62,
0x30b5,
0x93c5,
0x35de,
0xf6f6,
0x17ef,
0x58f7,
0x17f7,
0xf7f6,
0x17ef,
0xf7ee,
0xf7ee,
0xbbf7,
0xdcff,
0x97de,
0x9494,
0x396b,
0xb973,
0x9973,
0x9973,
0x9973,
0x9973,
0x9973,
0x9973,
0x9973,
0x9973,
0x9973,
0xd97b,
0x3a63,
0x9394,
0x6b9c,
0x4c9c,
0x2b94,
0xe983,
0x6b8c,
0x8b94,
0x4b8c,
0x2b84,
0x4b94,
0x0a84,
0x548c,
0xbb52,
0x7973,
0xb973,
0x9973,
0x9973,
0xb973,
0x7a6b,
0xd66b,
0x885b,
0x4874,
0x076c,
0xe76b,
0x076c,
0xe663,
0x0864,
0xe763,
0xe763,
0xc763,
0x675b,
0x966b,
0x1a63,
0xa942,
0x4753,
0xd773,
0x7a73,
0x9973,
0x9973,
0x9973,
0x9973,
0x9973,
0x9973,
0x7973,
0x0932,
0x2932,
0x796b,
0x9973,
0x9973,
0x9973,
0x9973,
0x9973,
0x9973,
0x9973,
0x9973,
0x9973,
0x9973,
0x9973,
0x9973,
0x9973,
0x9973,
0x9973,
0x9973,
0x9973,
0x9973,
0x9973,
0x9973,
0x9973,
0x9973,
0x9973,
0x9973,
0x9973,
0x9973,
0x9973,
0x9973,
0x9973,
0x9973,
0x9973,
0x9973,
0x9973,
0x9973,
0x9973,
0x9973,
0x9973,
0x9973,
0x9973,
0x9973,
0x9973,
0x9973,
0x9973,
0x9973,
0x9973,
0x9973,
0x9973,
0x9973,
0x9973,
0x9973,
0x9973,
0x9973,
0x9973,
0x9973,
0x9973,
0x9973,
0x9973,
0x9973,
0x9973,
0x9973,
0x9973,
0x9973,
0x9973,
0x9973,
0x9973,
0x9973,
0x9973,
0x9973,
0x9973,
0x9973,
0x9973,
0x9973,
0x9973,
0x9973,
0x7a6b,
0x9973,
0x9973,
0x9973,
0x9973,
0x9973,
0x9973,
0x9973,
0x9973,
0x9973,
0x9973,
0x9973,
0x9973,
0x9973,
0x9973,
0x9973,
0x9973,
0x9973,
0x9973,
0x9973,
0x9973,
0x9973,
0x9973,
0x9973,
0x9973,
0x9973,
0x9973,
0x9973,
0x9973,
0x9973,
0x9973,
0x9973,
0x9973,
0x9973,
0x9973,
0x9973,
0x9973,
0x9973,
0x9973,
0x9973,
0x9973,
0x9973,
0x9973,
0x9973,
0x9973,
0x9973,
0x9973,
0x7a6b,
0x786b,
0x557c,
0xe64a,
0x6553,
0xa563,
0xc773,
0x665b,
0xe55b,
0xe55b,
0xc55b,
0xc453,
0xc453,
0xa453,
0xc553,
0x4b2a,
0x3a6b,
0x9973,
0x9973,
0x9973,
0x9973,
0x9973,
0x9973,
0x9973,
0xb884,
0xd68c,
0xb973,
0xb973,
0x387c,
0xb773,
0x167c,
0x586b,
0x796b,
0x9973,
0x5784,
0x7784,
0xb973,
0x9973,
0xb973,
0xd973,
0x9973,
0x9973,
0x9973,
0x9973,
0x9973,
0x9973,
0x9973,
0x9973,
0x9973,
0x9973,
0x9973,
0x9973,
0x9973,
0x9973,
0x9973,
0x9973,
0x9973,
0x9973,
0x9973,
0x9973,
0x9973,
0x9973,
0x9973,
0x9973,
0x9973,
0x9973,
0x9973,
0x9973,
0x9973,
0x9973,
0x9973,
0x9973,
0xd97b,
0xb973,
0x9973,
0x9973,
0x9973,
0x9973,
0x9973,
0x7a73,
0x9773,
0x72c5,
0x95f6,
0x54e6,
0x34e6,
0x75e6,
0xd6ee,
0x38f7,
0x17f7,
0xf7f6,
0x99f7,
0x99f7,
0x57f7,
0x17f7,
0x16f7,
0x16f7,
0x95ee,
0x95ee,
0xd6f6,
0x17f7,
0xd7f6,
0x55ee,
0x93d5,
0xf4d5,
0xd7ee,
0xbaf7,
0xdcff,
0xdcff,
0xbbf7,
0x99f7,
0x99f7,
0x18ef,
0x96de,
0x58f7,
0x57f7,
0xb6ee,
0x55e6,
0xf6ee,
0x98f7,
0x37f7,
0xf6f6,
0x37f7,
0x37f7,
0xb6ee,
0x54ee,
0x75ee,
0x55e6,
0x76e6,
0x76e6,
0xb4cd,
0xb3c5,
0xae83,
0x9a52,
0x185b,
0xcd7b,
0xf0ac,
0x93c5,
0xd6ee,
0xf6ee,
0xd6f6,
0x76ee,
0x18f7,
0x39ef,
0x59f7,
0x59f7,
0xd7e6,
0x919c,
0xd57b,
0xdb5a,
0xb973,
0x9973,
0x9973,
0x9973,
0x9973,
0x9973,
0x9973,
0x9973,
0x9973,
0x9973,
0x9973,
0x9973,
0x7a6b,
0x1584,
0xea83,
0x6da4,
0x2c9c,
0x0b94,
0xaea4,
0xcea4,
0x6c94,
0x4a84,
0x6863,
0x1584,
0x3a63,
0xb973,
0x9973,
0x9973,
0x9973,
0x9973,
0x9973,
0xb973,
0xfa62,
0xc94a,
0xca8c,
0x6a84,
0xc76b,
0xe763,
0x076c,
0x086c,
0x076c,
0x497c,
0x0974,
0x086c,
0x084b,
0x3863,
0x796b,
0x786b,
0x796b,
0xb973,
0x9973,
0x9973,
0x9973,
0x9973,
0x9973,
0x9973,
0x596b,
0x2653,
0xa55b,
0x986b,
0x9973,
0x9973,
0x9973,
0x9973,
0x9973,
0x9973,
0x9973,
0x9973,
0x9973,
0x9973,
0x9973,
0x9973,
0x9973,
0x9973,
0x9973,
0x9973,
0x9973,
0x9973,
0x9973,
0x9973,
0x9973,
0x9973,
0x9973,
0x9973,
0x9973,
0x9973,
0x9973,
0x9973,
0x9973,
0x9973,
0x9973,
0x9973,
0x9973,
0x9973,
0x9973,
0x9973,
0x9973,
0x9973,
0x9973,
0x9973,
0x9973,
0x9973,
0x9973,
0x9973,
0x9973,
0x9973,
0x9973,
0x9973,
0x9973,
0x9973,
0x9973,
0x9973,
0x9973,
0x9973,
0x9973,
0x9973,
0x9973,
0x9973,
0x9973,
0x9973,
0x9973,
0x9973,
0x9973,
0x9973,
0x9973,
0x9973,
0x9973,
0x9973,
0x9973,
0x9973,
0x9973,
0x9973,
0x9973,
0x9973,
0x9973,
0x9973,
0x9973,
0x9973,
0x9973,
0x9973,
0x9973,
0x9973,
0x9973,
0x9973,
0x9973,
0x9973,
0x9973,
0x9973,
0x9973,
0x9973,
0x9973,
0x9973,
0x9973,
0x9973,
0x9973,
0x9973,
0x9973,
0x9973,
0x9973,
0x9973,
0x9973,
0x9973,
0x9973,
0x9973,
0x9973,
0x9973,
0x9973,
0x9973,
0x9973,
0x9973,
0x9973,
0x9973,
0x9973,
0x9973,
0x9973,
0x9973,
0x9973,
0x9973,
0x9973,
0x9973,
0x9973,
0x9973,
0x9973,
0x5a6b,
0x796b,
0x367c,
0x8842,
0x4653,
0x6663,
0x064b,
0x074b,
0x855b,
0x4553,
0x644b,
0xc45b,
0x2643,
0xf66b,
0x786b,
0xf773,
0xb86b,
0x5a6b,
0x7973,
0xb973,
0xd973,
0xb973,
0x9a6b,
0x5a6b,
0x9973,
0x9973,
0x7a6b,
0x7a73,
0x7a6b,
0x9973,
0x9973,
0x9973,
0x7a6b,
0x5a6b,
0x9973,
0x9973,
0xb973,
0x3884,
0x9973,
0x9973,
0x9973,
0x9973,
0x9973,
0x9973,
0x9973,
0x9973,
0x9973,
0x9973,
0x9973,
0x9973,
0x9973,
0x9973,
0x9973,
0x9973,
0x9973,
0x9973,
0x9973,
0x9973,
0x9973,
0x9973,
0x9973,
0x9973,
0x9973,
0x9973,
0x9973,
0x9973,
0x9973,
0x9973,
0x9973,
0x9973,
0xb973,
0xd87b,
0xd87b,
0xf87b,
0x7a6b,
0x9973,
0xb973,
0xfb5a,
0x548c,
0x92c5,
0xd3d5,
0xf4dd,
0xb3cd,
0x92c5,
0x51bd,
0xd3cd,
0xf3d5,
0x14de,
0x95ee,
0x75e6,
0x95e6,
0x95e6,
0x54ee,
0x54e6,
0xd3cd,
0xf3dd,
0x54e6,
0x75e6,
0x55e6,
0x54e6,
0x35e6,
0xf7ee,
0x99f7,
0xbaf7,
0x9af7,
0xdbf7,
0xbaf7,
0xdbff,
0xdbff,
0x5aef,
0x19e7,
0x78f7,
0x17f7,
0xb6ee,
0x75ee,
0xf6f6,
0x16f7,
0xb5f6,
0xf6f6,
0x57f7,
0x37f7,
0xb6ee,
0x54ee,
0x54ee,
0x34e6,
0xf4d5,
0xf4d5,
0x35de,
0x93c5,
0xb0a4,
0x3574,
0x595b,
0xab42,
0xf0ac,
0x93c5,
0xb6ee,
0x18f7,
0xb7ee,
0x15de,
0xb7e6,
0x38f7,
0x35d6,
0xed62,
0xd57b,
0x3863,
0x3a63,
0xb973,
0x9973,
0x9973,
0x9973,
0x9973,
0x9973,
0x9973,
0x9973,
0x9973,
0x9973,
0x9973,
0x9973,
0x9973,
0x9973,
0x786b,
0x8973,
0x0b94,
0x2d9c,
0xafa4,
0xefac,
0x8ea4,
0x4b94,
0x6863,
0xf573,
0x1b63,
0xb973,
0x9973,
0x9973,
0x9973,
0x9973,
0x9973,
0x9973,
0x9973,
0x3963,
0x8a63,
0x6b8c,
0x538c,
0x6863,
0xe663,
0xe66b,
0xe76b,
0xe873,
0x4984,
0x287c,
0x4a7c,
0xe763,
0xc742,
0xb873,
0x9973,
0xb973,
0xd973,
0x9973,
0x9973,
0x9973,
0x9973,
0x9973,
0x7a6b,
0x367c,
0x8653,
0x064b,
0x986b,
0x9973,
0x9973,
0x9973,
0x9973,
0x9973,
0x9973,
0x9973,
0x9973,
0x9973,
0x9973,
0x9973,
0x9973,
0x9973,
0x9973,
0x9973,
0x9973,
0x9973,
0x9973,
0x9973,
0x9973,
0x9973,
0x9973,
0x9973,
0x9973,
0x9973,
0x9973,
0x9973,
0x9973,
0x9973,
0x9973,
0x9973,
0x9973,
0x9973,
0x9973,
0x9973,
0x9973,
0x9973,
0x9973,
0x9973,
0x9973,
0x9973,
0x9973,
0x9973,
0x9973,
0x9973,
0x9973,
0x9973,
0x9973,
0x9973,
0x9973,
0x9973,
0x9973,
0x9973,
0x9973,
0x9973,
0x9973,
0x9973,
0x9973,
0x9973,
0x9973,
0x9973,
0x9973,
0x9973,
0x9973,
0x9973,
0x9973,
0x9973,
0x9973,
0x9973,
0x9973,
0x9973,
0x9973,
0x9973,
0x9973,
0x9973,
0x9973,
0x9973,
0x9973,
0x9973,
0x9973,
0x9973,
0x9973,
0x9973,
0x9973,
0x9973,
0x9973,
0x9973,
0x9973,
0x9973,
0x9973,
0x9973,
0x9973,
0x9973,
0x9973,
0x9973,
0x9973,
0x9973,
0x9973,
0x9973,
0x9973,
0x9973,
0x9973,
0x9973,
0x9973,
0x9973,
0x9973,
0x9973,
0x9973,
0x9973,
0x9973,
0x9973,
0x9973,
0x9973,
0x9973,
0x9973,
0x9973,
0x9973,
0x9973,
0x9973,
0x9973,
0x9973,
0x9973,
0x9973,
0x9973,
0x9973,
0x7a6b,
0x5a6b,
0xb773,
0x167c,
0x9873,
0x596b,
0x4832,
0x6553,
0x655b,
0x8553,
0x6553,
0x4553,
0x4653,
0x654b,
0x2553,
0x8a3a,
0xfa73,
0x9973,
0xb973,
0x9973,
0x9973,
0x9973,
0x9973,
0x9973,
0x9973,
0x9973,
0x9973,
0x9973,
0x9973,
0x9973,
0x9973,
0x9973,
0x9973,
0x9973,
0x9973,
0x187c,
0xb973,
0x9973,
0x9973,
0x9973,
0x9973,
0x9973,
0x9973,
0x9973,
0x9973,
0x9973,
0x9973,
0x9973,
0x9973,
0x9973,
0x9973,
0x9973,
0x9973,
0x9973,
0x9973,
0x9973,
0x9973,
0x9973,
0x9973,
0x9973,
0x9973,
0x9973,
0x9973,
0x9973,
0x9973,
0x9973,
0x9973,
0x9973,
0x9a6b,
0xd87b,
0x3784,
0xb973,
0x9973,
0x9973,
0xb973,
0xda52,
0xed83,
0x91bd,
0x0fad,
0x50b5,
0x92bd,
0xefa4,
0xcd9c,
0x30ad,
0x50b5,
0x51b5,
0x92c5,
0xb2bd,
0xd2c5,
0x92c5,
0xd2cd,
0xd3cd,
0xd2cd,
0x34de,
0x75e6,
0x34de,
0xf3d5,
0xd3cd,
0x54de,
0xd6ee,
0xf6ee,
0x16ef,
0x57f7,
0xb9f7,
0xdaf7,
0xbaf7,
0x99f7,
0xbaf7,
0xbaf7,
0x17f7,
0x34d6,
0xf3cd,
0x54de,
0xb5ee,
0x95ee,
0x34e6,
0x14de,
0xf6f6,
0xb6ee,
0x75ee,
0x34ee,
0xd3dd,
0x51bd,
0x10ad,
0xefa4,
0x30ad,
0x30ad,
0xae9c,
0x0c7c,
0xd573,
0x9573,
0x8d9c,
0xafa4,
0xf4d5,
0xf7ee,
0xb6e6,
0x55e6,
0x93c5,
0xb0a4,
0xcc62,
0x7a4a,
0x796b,
0x9973,
0xb973,
0x9973,
0x9973,
0x9973,
0x9973,
0x9973,
0x9973,
0x9973,
0x9973,
0x9973,
0x9973,
0x9973,
0x9973,
0x9973,
0x9973,
0x3a6b,
0x8942,
0x0a84,
0x6ea4,
0xcfac,
0x6d9c,
0x6e9c,
0xeb62,
0xf952,
0x7973,
0xb973,
0x9973,
0x9973,
0x9973,
0x9973,
0x9973,
0x9973,
0x9973,
0x9973,
0x9973,
0x1684,
0xd77b,
0xbb52,
0xc94a,
0xe66b,
0xe76b,
0xe773,
0x2984,
0x2884,
0x488c,
0x287c,
0xa65b,
0xa553,
0x883a,
0x5a6b,
0x9973,
0x9973,
0x9973,
0x9973,
0x9973,
0x9973,
0x9973,
0x5a6b,
0x9584,
0x076c,
0x0932,
0xfb62,
0x7a73,
0x9973,
0x9973,
0x9973,
0x9973,
0x9973,
0x9973,
0x9973,
0x9973,
0x9973,
0x9973,
0x9973,
0x9973,
0x9973,
0x9973,
0x9973,
0x9973,
0x9973,
0x9973,
0x9973,
0xb973,
0x9973,
0x9973,
0x9973,
0x9973,
0x9973,
0x9973,
0x9973,
0x9973,
0x9973,
0x9973,
0x9973,
0x9973,
0x9973,
0x9973,
0x9973,
0x9973,
0x9973,
0x9973,
0x9973,
0x9973,
0x9973,
0x9973,
0x9973,
0x9973,
0x9973,
0x9973,
0x9973,
0x9973,
0x9973,
0x9973,
0x9973,
0x9973,
0x9973,
0x9973,
0x9973,
0x9973,
0x9973,
0x9973,
0x9973,
0x9973,
0x9973,
0x9973,
0x9973,
0x9973,
0x9973,
0x9973,
0x9973,
0x9973,
0x9973,
0x9973,
0x9973,
0x9973,
0x9973,
0x9973,
0x9973,
0x9973,
0x9973,
0x9973,
0x9973,
0x9973,
0x9973,
0x9973,
0x9973,
0x9973,
0x9973,
0x9973,
0x9973,
0x9973,
0x9973,
0x9973,
0x9973,
0x9973,
0x9973,
0x9973,
0x9973,
0x9973,
0x9973,
0x9973,
0x9973,
0x9973,
0x9973,
0x9973,
0x9973,
0x9973,
0x9973,
0x9973,
0x9973,
0x9973,
0x9973,
0x9973,
0x9973,
0x9973,
0x9973,
0x9973,
0x9973,
0x9973,
0x9973,
0x9973,
0x9973,
0x9973,
0x9973,
0x9973,
0x9973,
0x9973,
0x9973,
0x9973,
0x7a73,
0x7a6b,
0x9973,
0x9973,
0x3a6b,
0x2932,
0x064b,
0x6653,
0xa55b,
0x8563,
0xa663,
0xa55b,
0xc55b,
0x294b,
0xf96b,
0x9973,
0xb973,
0x9973,
0x9973,
0x9973,
0x9973,
0x9973,
0x9973,
0x9973,
0x9973,
0x9973,
0x9973,
0x9973,
0x9973,
0x9973,
0x9973,
0x9973,
0x7a73,
0xd87b,
0xf973,
0x9973,
0x9973,
0x9973,
0x9973,
0x9973,
0x9973,
0x9973,
0x9973,
0x9973,
0x9973,
0x9973,
0x9973,
0x9973,
0x9973,
0x9973,
0x9973,
0x9973,
0x9973,
0x9973,
0x9973,
0x9973,
0x9973,
0x9973,
0x9973,
0x9973,
0x9973,
0x9973,
0x9973,
0x9973,
0x9973,
0x9973,
0x9973,
0xb973,
0xb973,
0x9973,
0x9973,
0x9973,
0xb973,
0xf95a,
0xab73,
0x0ca5,
0xeb94,
0xcb8c,
0xcc8c,
0x6a84,
0x497c,
0xab8c,
0xeb94,
0xcd9c,
0x51b5,
0x30ad,
0x30b5,
0x71bd,
0x71bd,
0x91c5,
0xd2cd,
0x34e6,
0x34e6,
0x75e6,
0x13d6,
0x71c5,
0xb6ee,
0xd6ee,
0x34de,
0xd3cd,
0x75e6,
0xb6e6,
0xf3c5,
0x95e6,
0x95e6,
0x95de,
0x34d6,
0xb2c5,
0x50ad,
0x2fad,
0x71b5,
0xd3cd,
0xb2cd,
0x34e6,
0x75ee,
0x14de,
0x14de,
0x34e6,
0xf3dd,
0x51b5,
0x8d9c,
0x4c94,
0x0a84,
0x286c,
0x487c,
0x4a84,
0xf0a4,
0xafa4,
0x3463,
0x6b73,
0x6c9c,
0xd0ac,
0x52bd,
0x52b5,
0xad83,
0xf583,
0xf95a,
0xfa5a,
0xb973,
0x7a6b,
0x9973,
0x9973,
0x9973,
0x9973,
0x9973,
0x9973,
0x9973,
0x9973,
0x9973,
0x9973,
0x9973,
0x9973,
0x9973,
0x9973,
0x9973,
0x9973,
0x7a73,
0x986b,
0xa86b,
0x6c9c,
0x11bd,
0xd0ac,
0xaea4,
0x7394,
0xfb5a,
0xb973,
0x9973,
0x9973,
0x9973,
0x9973,
0x9973,
0x9973,
0x9973,
0x9973,
0x9973,
0x9973,
0x5a6b,
0x9973,
0x5a6b,
0x4a3a,
0xe86b,
0xe873,
0xe66b,
0xc76b,
0xc773,
0xc663,
0xc663,
0xc65b,
0xc763,
0x6753,
0x986b,
0x9973,
0x9973,
0x9973,
0x9973,
0x9973,
0x9973,
0x9973,
0x9973,
0x596b,
0xe84a,
0xc842,
0x4932,
0x587c,
0x7a73,
0x9973,
0x9973,
0x9973,
0x9973,
0x9973,
0x9973,
0x9973,
0x9973,
0x9973,
0x9973,
0x9973,
0x9973,
0x9973,
0x9973,
0x9973,
0x9973,
0x9973,
0x9973,
0x9973,
0x9973,
0x9973,
0x9973,
0x9973,
0x9973,
0x9973,
0x9973,
0x9973,
0x9973,
0x9973,
0x9973,
0x9973,
0x9973,
0x9973,
0x9973,
0x9973,
0x9973,
0x9973,
0x9973,
0x9973,
0x9973,
0x9973,
0x9973,
0x9973,
0x9973,
0x9973,
0x9973,
0x9973,
0x9973,
0x9973,
0x9973,
0x9973,
0x9973,
0x9973,
0x9973,
0x9973,
0x9973,
0x9973,
0x9973,
0x9973,
0x9973,
0x9973,
0x9973,
0x9973,
0x9973,
0x9973,
0x9973,
0x9973,
0x9973,
0x9973,
0x9973,
0x9973,
0x9973,
0x9973,
0x9973,
0x9973,
0x9973,
0x9973,
0x9973,
0x9973,
0x9973,
0x9973,
0x9973,
0x9973,
0x9973,
0x9973,
0x9973,
0x9973,
0x9973,
0x9973,
0x9973,
0x9973,
0x9973,
0x9973,
0x9973,
0x9973,
0x9973,
0x9973,
0x9973,
0x9973,
0x9973,
0x9973,
0x9973,
0x9973,
0x9973,
0x9973,
0x9973,
0x9973,
0x9973,
0x9973,
0x9973,
0x9973,
0x9973,
0x9973,
0x9973,
0x9973,
0x9973,
0x9973,
0x9973,
0x9973,
0x9973,
0x9973,
0x9973,
0x9973,
0x9973,
0x9973,
0x9973,
0x9973,
0x9973,
0x9973,
0x9973,
0x7a6b,
0x786b,
0xf773,
0x4932,
0xc742,
0xa663,
0x0764,
0x466c,
0x493a,
0x3a6b,
0xb973,
0x9973,
0x9973,
0x9973,
0x9973,
0x9973,
0xb973,
0x9973,
0x3a63,
0x7873,
0x5a6b,
0x7a6b,
0xb973,
0x9973,
0x9973,
0x9973,
0x9973,
0x9973,
0xd973,
0xb973,
0xb973,
0x9973,
0x9973,
0x9973,
0x9973,
0x9973,
0x9973,
0x9973,
0x9973,
0x9973,
0x9973,
0x9973,
0x9973,
0x9973,
0x9973,
0x9973,
0x9973,
0x9973,
0x9973,
0x9973,
0x9973,
0x9973,
0x9973,
0x9973,
0x9973,
0x9973,
0x9973,
0x9973,
0x9973,
0x9973,
0x9973,
0x9973,
0x9973,
0x9973,
0x9973,
0x9973,
0x9973,
0xb973,
0xfa62,
0xa842,
0x476c,
0x697c,
0x8a7c,
0x697c,
0x0764,
0x0764,
0x286c,
0x697c,
0x8b8c,
0xcc9c,
0xcd9c,
0x8c94,
0xac9c,
0xefa4,
0x30b5,
0xefac,
0x30bd,
0xb2cd,
0xb2c5,
0x70bd,
0x70bd,
0xb1c5,
0xf2cd,
0x14d6,
0xb2c5,
0xb2c5,
0xd2c5,
0xcb94,
0xed9c,
0xb1b5,
0x50b5,
0x0ea5,
0x0c9d,
0x0c9d,
0xeda4,
0xeea4,
0xcc94,
0xefa4,
0xf3d5,
0xd3cd,
0x92c5,
0x72c5,
0x71c5,
0x92c5,
0x30b5,
0x4b8c,
0x097c,
0xe76b,
0xe55b,
0xe663,
0x097c,
0x6d94,
0xcfac,
0xec8b,
0x6c73,
0x8f9c,
0x6c7b,
0x7494,
0xf67b,
0xfa52,
0x1b63,
0x1b63,
0xb973,
0xd87b,
0x578c,
0x9973,
0x9973,
0x9973,
0x9973,
0x9973,
0x9973,
0x9973,
0x9973,
0x9973,
0x9973,
0x9973,
0x9973,
0x9973,
0x9973,
0x9973,
0x9973,
0xb973,
0x196b,
0x0853,
0x2b8c,
0x8ea4,
0xafa4,
0x8c9c,
0xea5a,
0xfa5a,
0xb973,
0x9973,
0x9973,
0x9973,
0x9973,
0x9973,
0x9973,
0x9973,
0x7a6b,
0x7884,
0x387c,
0x7a73,
0xb973,
0x5a73,
0x7774,
0xe863,
0x2853,
0x2953,
0xe763,
0xc773,
0xc76b,
0xc55b,
0xe663,
0x0764,
0xa763,
0xd773,
0x7a73,
0x9973,
0x9973,
0x9973,
0x9973,
0x9973,
0x9973,
0x9973,
0x7a6b,
0x683a,
0x293a,
0x493a,
0x683a,
0x796b,
0x9973,
0x9973,
0x9973,
0x9973,
0x9973,
0x9973,
0x9973,
0x9973,
0x9973,
0x9973,
0x9973,
0x9973,
0x9973,
0x9973,
0x9973,
0x9973,
0x9973,
0xd87b,
0x9973,
0x9973,
0x9973,
0x9973,
0x9973,
0x9973,
0x9973,
0x9973,
0x9973,
0x9973,
0x9973,
0x9973,
0x9973,
0x9973,
0x9973,
0x9973,
0x9973,
0x9973,
0x9973,
0x9973,
0x9973,
0x9973,
0x9973,
0x9973,
0x9973,
0x9973,
0x9973,
0x9973,
0x9973,
0x9973,
0x9973,
0x9973,
0x9973,
0x9973,
0x9973,
0x9973,
0x9973,
0x9973,
0x9973,
0x9973,
0x9973,
0x9973,
0x9973,
0x9973,
0x9973,
0x9973,
0x9973,
0x9973,
0x9973,
0x9973,
0x9973,
0x9973,
0x9973,
0x9973,
0x9973,
0x9973,
0x9973,
0x9973,
0x9973,
0x9973,
0x9973,
0x9973,
0x9973,
0x9973,
0x9973,
0x9973,
0x9973,
0x9973,
0x9973,
0x9973,
0x9973,
0x9973,
0x9973,
0x9973,
0x9973,
0x9973,
0x9973,
0x9973,
0x9973,
0x9973,
0x9973,
0x9973,
0x9973,
0x9973,
0x9973,
0x9973,
0x9973,
0x9973,
0x9973,
0x9973,
0x9973,
0x9973,
0x9973,
0x9973,
0x9973,
0x9973,
0x9973,
0x9973,
0x9973,
0x9973,
0x9973,
0x9973,
0x9973,
0x9973,
0x9973,
0x9973,
0x9973,
0x9973,
0x9973,
0x9973,
0x9973,
0x9973,
0x9973,
0x9973,
0x7a73,
0x5a6b,
0x3963,
0xc84a,
0xc75b,
0x486c,
0x4a3a,
0x5a6b,
0xb973,
0x9973,
0x9973,
0x9973,
0x9973,
0x7a73,
0x3a6b,
0x395b,
0xcb52,
0x4c63,
0x5484,
0x558c,
0x9973,
0x9a6b,
0x9973,
0x9973,
0x7a73,
0x7a6b,
0x9973,
0x9973,
0x9973,
0x9973,
0x9973,
0x9973,
0x9973,
0x9973,
0x9973,
0x9973,
0x9973,
0x9973,
0x9973,
0x9973,
0x9973,
0x9973,
0x9973,
0x9973,
0x9973,
0x9973,
0x9973,
0x9973,
0x9973,
0x9973,
0x9973,
0x9973,
0x9973,
0x9973,
0x9973,
0x9973,
0x9973,
0x9973,
0x9973,
0x9973,
0x9973,
0x9973,
0x9973,
0x9973,
0x9973,
0xb973,
0x1a63,
0xea42,
0x286c,
0xe873,
0x0974,
0x0664,
0xe663,
0xe663,
0x076c,
0x0874,
0x0874,
0x287c,
0x297c,
0x297c,
0x6a84,
0xcc9c,
0xcc9c,
0x8b8c,
0x8a8c,
0x8a8c,
0xcda4,
0xcda4,
0x0ea5,
0xeb9c,
0xca9c,
0x0dad,
0x50ad,
0x2ea5,
0x0c9d,
0x0b95,
0xa984,
0xcb8c,
0xcb94,
0x8a8c,
0x497c,
0x497c,
0x697c,
0x6a84,
0x8a8c,
0x10ad,
0x31b5,
0x51b5,
0x51bd,
0xcea4,
0x4a84,
0x4a84,
0x8b94,
0x2a84,
0x0764,
0xe553,
0x0664,
0x0774,
0xa663,
0xea7b,
0xb0a4,
0x6da4,
0xeb6a,
0x3663,
0xf95a,
0x9a52,
0x9a52,
0xf95a,
0xd67b,
0x6c5a,
0x796b,
0x1884,
0xb79c,
0x7a6b,
0x9973,
0x9973,
0x9973,
0x9973,
0x9973,
0x9973,
0x9973,
0x9973,
0x9973,
0x9973,
0x9973,
0x9973,
0x9973,
0x9973,
0x9973,
0xb973,
0x5a6b,
0x757c,
0xe873,
0x0a84,
0x0a84,
0x2a84,
0x548c,
0x5a6b,
0x9973,
0x9973,
0x9973,
0x9973,
0x9973,
0x9973,
0x9973,
0x9973,
0x5a6b,
0x9784,
0x587c,
0x7a6b,
0xb973,
0x3a6b,
0xd77c,
0x095c,
0x6842,
0x1963,
0x6a3a,
0x6553,
0xa66b,
0x077c,
0xe663,
0xe563,
0x665b,
0xb773,
0x7a73,
0x9973,
0x9973,
0x9973,
0x9973,
0x9973,
0x9973,
0x9973,
0xf973,
0x5884,
0x9784,
0x577c,
0x4932,
0xc742,
0x9973,
0x9973,
0x9973,
0x9973,
0x9973,
0x9973,
0x9973,
0x9973,
0x9973,
0x9973,
0x9973,
0x9973,
0x9973,
0x9973,
0x9973,
0x9973,
0x9973,
0x9973,
0x9973,
0x9973,
0x9973,
0x9973,
0x9973,
0x9973,
0x9973,
0x9973,
0x9973,
0x9973,
0x9973,
0x9973,
0x9973,
0x9973,
0x9973,
0xb973,
0x9973,
0x9973,
0xb973,
0x9973,
0x9973,
0x9973,
0x9973,
0x9973,
0x9973,
0x9973,
0x9973,
0x9973,
0x9973,
0x9973,
0x9973,
0x9973,
0x9973,
0x9973,
0x9973,
0x9973,
0x9973,
0x9973,
0x9973,
0x9973,
0x9973,
0x9973,
0x9973,
0x9973,
0x9973,
0x9973,
0x9973,
0x9973,
0x9973,
0x9973,
0x9973,
0x9973,
0x9973,
0x9973,
0x9973,
0x9973,
0x9973,
0x9973,
0x9973,
0x9973,
0x9973,
0x9973,
0x9973,
0x9973,
0x9973,
0x9973,
0x9973,
0x9973,
0x9973,
0x9973,
0x9973,
0x9973,
0x9973,
0x9973,
0x9973,
0x9973,
0x9973,
0x9973,
0x9973,
0x9973,
0x9973,
0x9973,
0x9973,
0x9973,
0x9973,
0x9973,
0x9973,
0x9973,
0x9973,
0x9973,
0x9973,
0x9973,
0x9973,
0x9973,
0x9973,
0x9973,
0x9973,
0x9973,
0x9973,
0x9973,
0x9973,
0x9973,
0x9973,
0x9973,
0x9973,
0x9973,
0x9973,
0x9973,
0x9973,
0x9973,
0x9973,
0x9973,
0x9973,
0x9973,
0x9973,
0xb973,
0x9973,
0x3963,
0xe742,
0x276c,
0x7484,
0xfb62,
0xb973,
0x7a6b,
0x5a6b,
0x9973,
0x9973,
0xf87b,
0xa842,
0x064b,
0xe873,
0xea6b,
0xeb83,
0xe873,
0x293a,
0x167c,
0xd773,
0x776b,
0x9584,
0x367c,
0x177c,
0xd873,
0x9973,
0x9973,
0x9973,
0x9973,
0x9973,
0x9973,
0x9973,
0x9973,
0x9973,
0x9973,
0x9973,
0x9973,
0x9973,
0x9973,
0x9973,
0x9973,
0x9973,
0x9973,
0x9973,
0x9973,
0x9973,
0x9973,
0x9973,
0x9973,
0x9973,
0x9973,
0x9973,
0x9973,
0x9973,
0x9973,
0x9973,
0x9973,
0x9973,
0x9973,
0x9973,
0x9973,
0x9973,
0x9973,
0x7973,
0xf873,
0xea3a,
0xa863,
0xe76b,
0xc663,
0xc663,
0xc663,
0xe873,
0xe76b,
0x0874,
0x0984,
0x097c,
0x4a84,
0x6a8c,
0x4a7c,
0x8a8c,
0x8b8c,
0x497c,
0x2874,
0x6a84,
0xcc9c,
0xcc9c,
0xab9c,
0x698c,
0x277c,
0x8b94,
0xaa8c,
0x687c,
0x8984,
0x687c,
0x4874,
0x4874,
0x2764,
0x2664,
0x0764,
0x065c,
0x4874,
0x6a84,
0xac9c,
0xcc94,
0xcc9c,
0xcea4,
0x497c,
0x276c,
0x276c,
0x286c,
0x286c,
0x065c,
0xa553,
0xc563,
0xc66b,
0x876b,
0xc76b,
0xad9c,
0xb0ac,
0xd1ac,
0x3484,
0x7494,
0x0c6b,
0x0e94,
0xd1ac,
0x92c5,
0x32b5,
0x5863,
0x7a6b,
0x7a6b,
0x9973,
0x9973,
0x9973,
0x9973,
0x9973,
0x9973,
0x9973,
0x9973,
0x9973,
0x9973,
0x9973,
0x9973,
0x9973,
0x9973,
0x9973,
0x9973,
0xb973,
0xb973,
0x3a63,
0xc742,
0x2a84,
0x2c94,
0x2b8c,
0xf67b,
0x5a6b,
0x9973,
0x9973,
0x9973,
0x9973,
0x9973,
0x9973,
0x9973,
0x9973,
0x9973,
0xf973,
0xb973,
0x9973,
0x9973,
0x5a6b,
0x7774,
0x8953,
0xb67b,
0x7a6b,
0x3a6b,
0x6832,
0xc76b,
0xe77b,
0xe66b,
0x675b,
0x5484,
0x796b,
0x9973,
0x9973,
0x9973,
0xb973,
0x9973,
0x9973,
0x7a73,
0xd973,
0xd784,
0x5a6b,
0xd58c,
0x074b,
0x2932,
0x873a,
0xb973,
0x9973,
0x9973,
0x9973,
0x9973,
0x9973,
0x9973,
0x9973,
0x9973,
0x9973,
0x9973,
0x9973,
0x9973,
0x9973,
0x9973,
0x9973,
0x9973,
0x9973,
0x9973,
0x9973,
0x9973,
0x9973,
0x9973,
0x9973,
0x9973,
0x9973,
0x9973,
0x9973,
0x9973,
0x9973,
0x9973,
0x9973,
0x9973,
0xb973,
0x9973,
0x9973,
0x9973,
0xb973,
0xb973,
0x9973,
0xb973,
0x9973,
0x9973,
0x9973,
0x9973,
0x9973,
0x9973,
0x9973,
0x9973,
0x9973,
0x9973,
0x9973,
0x9973,
0x9973,
0x9973,
0x9973,
0x9973,
0x9973,
0x9973,
0x9973,
0x9973,
0x9973,
0x9973,
0x9973,
0x9973,
0x9973,
0x9973,
0x9973,
0x9973,
0x9973,
0x9973,
0x9973,
0x9973,
0x9973,
0x9973,
0x9973,
0x9973,
0x9973,
0x9973,
0x9973,
0x9973,
0x9973,
0x9973,
0x9973,
0x9973,
0x9973,
0x9973,
0x9973,
0x9973,
0x9973,
0x9973,
0x9973,
0x9973,
0x9973,
0x9973,
0x9973,
0x9973,
0x9973,
0x9973,
0x9973,
0x9973,
0x9973,
0x9973,
0x9973,
0x9973,
0x9973,
0x9973,
0x9973,
0x9973,
0x9973,
0x9973,
0x9973,
0x9973,
0x9973,
0x9973,
0x9973,
0x9973,
0x9973,
0x9973,
0x9973,
0x9973,
0x9973,
0x9973,
0x9973,
0x9973,
0x9973,
0x9973,
0x9973,
0x9973,
0x9973,
0x9973,
0x9973,
0x9973,
0x9973,
0x9973,
0x7a6b,
0x293a,
0x6753,
0x4653,
0xb66b,
0xfa62,
0xf77b,
0xb68c,
0x786b,
0xdb62,
0x8942,
0x266c,
0xa663,
0x665b,
0xc84a,
0xc873,
0xc66b,
0xc663,
0xc663,
0xa653,
0x4753,
0xc66b,
0x655b,
0xe74a,
0xd67b,
0x3a6b,
0xb973,
0x9973,
0x9973,
0x9973,
0x9973,
0x9973,
0x9973,
0x9973,
0x9973,
0x9973,
0x9973,
0x9973,
0x9973,
0x9973,
0x9973,
0x9973,
0x9973,
0x9973,
0x9973,
0x9973,
0x9973,
0x9973,
0x9973,
0x9973,
0x9973,
0x9973,
0x9973,
0x9973,
0x9973,
0x9973,
0x9973,
0x9973,
0x9973,
0x9973,
0x9973,
0x9973,
0x9973,
0x9973,
0x7a73,
0x3963,
0x757c,
0x8863,
0xc76b,
0xc663,
0xc663,
0xa663,
0xa55b,
0xe76b,
0x097c,
0x297c,
0x297c,
0x297c,
0x0974,
0x6a8c,
0xab94,
0x6a84,
0x297c,
0x297c,
0x8b8c,
0xab8c,
0x8984,
0x487c,
0x287c,
0x4984,
0x8b8c,
0x6984,
0x4984,
0x6984,
0xe76b,
0xe76b,
0x086c,
0x0664,
0x0664,
0x0664,
0xe663,
0xe55b,
0x0664,
0x076c,
0xe763,
0x076c,
0xe663,
0x0764,
0x276c,
0x276c,
0x2664,
0xe65b,
0xa55b,
0xc563,
0xa66b,
0xa76b,
0xc873,
0x6b94,
0xd0ac,
0x52bd,
0xd3cd,
0xd3d5,
0x34e6,
0x95ee,
0x75ee,
0xd6f6,
0x2f94,
0x9a52,
0xb97b,
0x9973,
0x9973,
0x9973,
0x9973,
0x9973,
0x9973,
0x9973,
0x9973,
0x9973,
0x9973,
0x9973,
0x9973,
0x9973,
0x9973,
0x9973,
0x9973,
0x9973,
0x9973,
0xb973,
0x5a6b,
0x9484,
0xe86b,
0x4c9c,
0x0c64,
0xab32,
0x3a6b,
0x9973,
0x9973,
0x9973,
0x9973,
0x9973,
0x9973,
0x9973,
0x9973,
0x9973,
0xb973,
0x9973,
0x9973,
0x9973,
0x5a6b,
0x777c,
0x484b,
0x176c,
0x9973,
0xb973,
0x996b,
0x6a32,
0xe66b,
0x2853,
0x5763,
0x5a6b,
0x9973,
0x9973,
0x9973,
0x9973,
0xb973,
0xb973,
0x9973,
0xb973,
0xb784,
0x387c,
0x7a73,
0xd873,
0xa842,
0x693a,
0x777c,
0x587c,
0x7a73,
0x9973,
0x9973,
0x9973,
0x9973,
0x9973,
0x9973,
0x9973,
0x9973,
0x9973,
0xb973,
0xb973,
0xb973,
0x9973,
0x9973,
0x9973,
0x9973,
0x9973,
0x9973,
0x9973,
0x9973,
0x9973,
0x9973,
0x9973,
0x9973,
0x9973,
0x9973,
0x9973,
0x9973,
0x9973,
0x9973,
0x9973,
0x9973,
0x9973,
0x9973,
0x9973,
0x9973,
0x9973,
0xb973,
0xb973,
0x9973,
0x9973,
0x9973,
0x9973,
0x9973,
0x9973,
0x9973,
0x9973,
0x9973,
0x9973,
0x9973,
0x9973,
0x9973,
0x9973,
0x9973,
0x9973,
0x9973,
0x9973,
0x9973,
0x9973,
0x9973,
0x9973,
0x9973,
0x9973,
0x9973,
0x9973,
0x9973,
0x9973,
0x9973,
0x9973,
0x9973,
0x9973,
0x9973,
0x9973,
0x9973,
0x9973,
0x9973,
0x9973,
0x9973,
0x9973,
0x9973,
0x9973,
0x9973,
0x9973,
0x9973,
0x9973,
0x9973,
0x9973,
0x9973,
0x9973,
0x9973,
0x9973,
0x9973,
0x9973,
0x9973,
0x9973,
0x9973,
0x9973,
0x9973,
0x9973,
0x9973,
0x9973,
0x9973,
0x9973,
0x9973,
0x9973,
0x9973,
0x9973,
0x9973,
0x9973,
0x9973,
0x9973,
0x9973,
0x9973,
0x9973,
0x9973,
0x9973,
0x9973,
0x9973,
0x9973,
0x9973,
0x9973,
0x9973,
0x9973,
0x9973,
0x9973,
0x9973,
0x9973,
0x9973,
0x9973,
0x9973,
0x9973,
0x9973,
0x9973,
0x9973,
0x5a6b,
0x3863,
0xe742,
0x6653,
0xe742,
0x084b,
0xc842,
0x084b,
0x6a3a,
0x496c,
0x0664,
0x8553,
0x6553,
0x675b,
0xa65b,
0xe55b,
0x055c,
0x0774,
0x277c,
0x487c,
0x298c,
0xa773,
0xa453,
0x275b,
0xf673,
0x7a6b,
0xb973,
0x9973,
0x9973,
0x9973,
0x9973,
0x9973,
0x9973,
0x9973,
0x9973,
0x9973,
0x9973,
0x9973,
0x9973,
0x9973,
0x9973,
0x9973,
0x9973,
0x9973,
0x9973,
0x9973,
0x9973,
0x9973,
0x9973,
0x9973,
0x9973,
0x9973,
0x9973,
0x9973,
0x9973,
0x9973,
0x9973,
0x9973,
0x9973,
0x9973,
0x9973,
0x9973,
0x9973,
0x9973,
0xb973,
0xfb62,
0x493a,
0x066c,
0xe763,
0xc763,
0xa65b,
0xe563,
0xe563,
0xe76b,
0x076c,
0x076c,
0xe66b,
0xe76b,
0x8984,
0x8984,
0x2974,
0x497c,
0x4a7c,
0x2974,
0x2874,
0x697c,
0x497c,
0x8a8c,
0x8a8c,
0x497c,
0x076c,
0x0664,
0x076c,
0x0874,
0xe86b,
0xc76b,
0xe663,
0xa55b,
0x8553,
0x854b,
0xa553,
0xa453,
0xc55b,
0xe663,
0xe663,
0xc663,
0xa663,
0xc55b,
0x0664,
0x055c,
0xc55b,
0xa55b,
0xc55b,
0xc66b,
0xa773,
0xe97b,
0xc97b,
0xc97b,
0x8ea4,
0x72d5,
0x11d5,
0x72d5,
0x54e6,
0x75e6,
0x14e6,
0x7494,
0xfb5a,
0xb973,
0x9973,
0x9973,
0x9973,
0x9973,
0x9973,
0x9973,
0x9973,
0x9973,
0x9973,
0x9973,
0x9973,
0x9973,
0x9973,
0x9973,
0x9973,
0x9973,
0x9973,
0x9973,
0x9973,
0x9973,
0x7863,
0x6863,
0x4b73,
0x3564,
0x8753,
0x5484,
0x5a6b,
0x9973,
0x9973,
0x9973,
0x9973,
0x9973,
0x9973,
0x9973,
0x9973,
0xb973,
0xd973,
0x9973,
0x9973,
0x7a6b,
0x377c,
0xe65b,
0xe842,
0x3963,
0xb973,
0x7a6b,
0x3784,
0xa94a,
0xb773,
0x7a6b,
0xb973,
0x9973,
0x9973,
0x9973,
0x9973,
0x9973,
0x9973,
0x9973,
0xb784,
0x387c,
0x7a6b,
0x9973,
0x7a6b,
0x0932,
0x9584,
0xa642,
0x873a,
0x5a6b,
0x9973,
0x9973,
0x9973,
0x9973,
0x9973,
0x9973,
0x9973,
0x9973,
0x9973,
0xb973,
0x9973,
0x9973,
0x9973,
0x9973,
0x9973,
0x9973,
0x9973,
0x9973,
0xb973,
0xb973,
0xd973,
0x9973,
0xb973,
0x9973,
0x9973,
0x9973,
0x9973,
0x9973,
0x9973,
0x9973,
0x9973,
0x9973,
0x9973,
0x9973,
0x9973,
0xb973,
0xb973,
0x9973,
0x9973,
0xb973,
0x9973,
0x9973,
0x9973,
0x9973,
0x9973,
0x9973,
0x9973,
0x9973,
0x9973,
0x9973,
0x9973,
0x9973,
0x9973,
0x9973,
0x9973,
0x9973,
0x9973,
0x9973,
0x9973,
0x9973,
0x9973,
0x9973,
0x9973,
0x9973,
0x9973,
0x9973,
0x9973,
0x9973,
0x9973,
0x9973,
0x9973,
0x9973,
0x9973,
0x9973,
0x9973,
0x9973,
0x9973,
0x9973,
0x9973,
0x9973,
0x9973,
0x9973,
0x9973,
0x9973,
0x9973,
0x9973,
0x9973,
0x9973,
0x9973,
0x9973,
0x9973,
0x9973,
0x9973,
0x9973,
0x9973,
0x9973,
0x9973,
0x9973,
0x9973,
0x9973,
0x9973,
0x9973,
0x9973,
0x9973,
0x9973,
0x9973,
0x9973,
0x9973,
0x9973,
0x9973,
0x9973,
0x9973,
0x9973,
0x9973,
0x9973,
0x9973,
0x9973,
0x9973,
0x9973,
0x9973,
0x9973,
0x9973,
0x9973,
0x9973,
0x9973,
0x9973,
0x9973,
0x9973,
0x9973,
0x9973,
0x9973,
0x9973,
0x9973,
0x9973,
0x9973,
0x9973,
0x786b,
0xf673,
0x474b,
0x8942,
0x9a5a,
0x284b,
0x286c,
0xe663,
0x844b,
0x8553,
0x8763,
0xa55b,
0xc55b,
0xe55b,
0xe563,
0xc663,
0xc773,
0xe77b,
0xe87b,
0x876b,
0x6553,
0x644b,
0x454b,
0x147c,
0x3a6b,
0x9973,
0x5a6b,
0x7a73,
0x9973,
0x9973,
0x9973,
0x9973,
0x9973,
0x9973,
0x9973,
0x9973,
0x9973,
0x9973,
0x9973,
0x9973,
0x9973,
0x9973,
0x9973,
0x9973,
0x9973,
0x9973,
0x9973,
0x9973,
0x9973,
0x9973,
0x9973,
0x9973,
0x9973,
0x9973,
0x9973,
0x9973,
0x9973,
0x9973,
0x9973,
0x9973,
0x9973,
0x9973,
0x9973,
0x9973,
0x186c,
0x474b,
0xc65b,
0x865b,
0xa75b,
0xa65b,
0x0664,
0x276c,
0x286c,
0x0764,
0x2764,
0x0664,
0x076c,
0xe863,
0x2874,
0xaa84,
0xab84,
0xe863,
0x076c,
0x2874,
0x6a7c,
0x8a8c,
0x076c,
0xc55b,
0xc55b,
0xc453,
0xa553,
0xe663,
0xa55b,
0x8553,
0xa553,
0x844b,
0x4443,
0x8453,
0xa453,
0xa453,
0x8453,
0xa44b,
0xc553,
0xc55b,
0x865b,
0xa55b,
0xc55b,
0x055c,
0xe453,
0xa55b,
0xc55b,
0xc76b,
0x0874,
0xa76b,
0xc983,
0x6d9c,
0xd0b4,
0x8fb4,
0x4fb4,
0x8fbc,
0x11c5,
0xb3dd,
0xce8b,
0x9a52,
0xb97b,
0x9973,
0x9973,
0x9973,
0x9973,
0x9973,
0x9973,
0x9973,
0x9973,
0x9973,
0x9973,
0x9973,
0x9973,
0x9973,
0x9973,
0x9973,
0x9973,
0x9973,
0x9973,
0x9973,
0x9973,
0x9973,
0x796b,
0xd773,
0x786b,
0xb673,
0xa663,
0x0753,
0x796b,
0x9973,
0x9973,
0x9973,
0x9973,
0x9973,
0x9973,
0x9973,
0x9973,
0x9973,
0x187c,
0xb973,
0x9973,
0x9973,
0xb973,
0x893a,
0xa75b,
0xb66b,
0x3a6b,
0x9973,
0xb973,
0x5a6b,
0x796b,
0x9973,
0x9973,
0x9973,
0x9973,
0x9973,
0x9973,
0xb973,
0x9973,
0xb973,
0x1974,
0x7a73,
0xb973,
0x7a73,
0x587c,
0x873a,
0xe642,
0xc45b,
0x0543,
0x596b,
0x9973,
0x9973,
0x9973,
0x9973,
0x9973,
0xd973,
0xf973,
0x7a73,
0x9973,
0x9973,
0x9973,
0x9973,
0x9973,
0x9973,
0x9973,
0x9973,
0xb973,
0x9973,
0xb973,
0xd973,
0x9973,
0xb973,
0xb973,
0x9973,
0x9973,
0x9973,
0x9973,
0x9973,
0x9973,
0x9973,
0x9973,
0x9973,
0x9973,
0x9973,
0x9973,
0x9973,
0x9973,
0xb973,
0x9973,
0xb973,
0xb973,
0x9973,
0x9973,
0x9973,
0x9973,
0x9973,
0x9973,
0x9973,
0x9973,
0x9973,
0x9973,
0x9973,
0x9973,
0x9973,
0x9973,
0x9973,
0x9973,
0x9973,
0x9973,
0x9973,
0x9973,
0x9973,
0x9973,
0x9973,
0x9973,
0x9973,
0x9973,
0x9973,
0x9973,
0x9973,
0x9973,
0x9973,
0x9973,
0x9973,
0x9973,
0x9973,
0x9973,
0x9973,
0x9973,
0x9973,
0x9973,
0x9973,
0x9973,
0x9973,
0x9973,
0x9973,
0x9973,
0x9973,
0x9973,
0x9973,
0x9973,
0x9973,
0x9973,
0x9973,
0x9973,
0x9973,
0x9973,
0x9973,
0x9973,
0x9973,
0x9973,
0x9973,
0x9973,
0x9973,
0x9973,
0x9973,
0x9973,
0x9973,
0x9973,
0x9973,
0x9973,
0x9973,
0x9973,
0x9973,
0x9973,
0x9973,
0x9973,
0x9973,
0x9973,
0x9973,
0x9973,
0x9973,
0x9973,
0x9973,
0x9973,
0x9973,
0x9973,
0x9973,
0x9973,
0x9973,
0x9973,
0x9973,
0x9973,
0x9973,
0x9973,
0x9973,
0x9973,
0x5a6b,
0x596b,
0xd873,
0x5a6b,
0x157c,
0xea6b,
0x4653,
0x644b,
0x6553,
0x886b,
0xc55b,
0x855b,
0xa66b,
0xe87b,
0x866b,
0x6553,
0x6553,
0x855b,
0x4553,
0x444b,
0x2443,
0x444b,
0x4653,
0x547c,
0xd773,
0x967c,
0xd873,
0x5a6b,
0x9973,
0x9973,
0x9973,
0x9973,
0x9973,
0x9973,
0x9973,
0x9973,
0x9973,
0x9973,
0x9973,
0x9973,
0x9973,
0x9973,
0x9973,
0x9973,
0x9973,
0x9973,
0x9973,
0x9973,
0x9973,
0x9973,
0x9973,
0x9973,
0x9973,
0x9973,
0x9973,
0x9973,
0x9973,
0x9973,
0x9973,
0x9973,
0x9973,
0x9973,
0x9973,
0x9973,
0x586b,
0x493a,
0xc763,
0xe763,
0x875b,
0xc763,
0x276c,
0x6874,
0x486c,
0xe663,
0x0664,
0xe663,
0x2874,
0xea73,
0xaa6b,
0x495b,
0xe863,
0x4974,
0x697c,
0xcb8c,
0x276c,
0xa453,
0xa553,
0xa55b,
0x855b,
0x855b,
0x8453,
0x8453,
0xa453,
0x8453,
0x844b,
0x8453,
0xa453,
0xa453,
0xa453,
0x844b,
0xa44b,
0xc44b,
0xc553,
0xc55b,
0xc55b,
0xc55b,
0xe65b,
0xe55b,
0xc55b,
0xc55b,
0xe66b,
0xc663,
0x8663,
0xc983,
0xf0b4,
0x31bd,
0x8fac,
0x4eac,
0xf0c4,
0x93dd,
0x72cd,
0xf57b,
0x5a6b,
0x9973,
0x9973,
0x9973,
0x9973,
0x9973,
0x9973,
0x9973,
0x9973,
0x9973,
0x9973,
0x9973,
0x9973,
0x9973,
0x9973,
0x9973,
0x9973,
0x9973,
0x9973,
0x9973,
0x1974,
0xb973,
0x9973,
0x9973,
0x9973,
0x9973,
0x986b,
0x2653,
0xe74a,
0x796b,
0x9973,
0x9973,
0x9973,
0x9973,
0x9973,
0x9973,
0x9973,
0x9973,
0x9973,
0xd973,
0xd973,
0x5a6b,
0x5a6b,
0x7a73,
0x5963,
0x0843,
0x464b,
0x157c,
0x7a6b,
0x9973,
0x9973,
0x9973,
0x9973,
0x9973,
0x9973,
0x9973,
0x9973,
0x9973,
0x9973,
0x5a6b,
0x2932,
0x8832,
0x796b,
0x7a73,
0x9973,
0x7784,
0x5a6b,
0x493a,
0x8553,
0x557c,
0x9973,
0x9973,
0x9973,
0x9973,
0x9973,
0x9973,
0xb973,
0xb973,
0x9973,
0x9973,
0x9973,
0x9973,
0x9973,
0x9973,
0x9973,
0x9973,
0x9973,
0x9973,
0x9973,
0x9973,
0x9973,
0x9973,
0x9973,
0x9973,
0x9973,
0x9973,
0x9973,
0x9973,
0xd973,
0xb973,
0x9973,
0x9973,
0x9973,
0x9973,
0x9973,
0x9973,
0x9973,
0x9973,
0x9973,
0x9973,
0xb973,
0xd973,
0x9973,
0x9973,
0x9973,
0x9973,
0x9973,
0x9973,
0x9973,
0x9973,
0x9973,
0x9973,
0x9973,
0x9973,
0x9973,
0x9973,
0x9973,
0x9973,
0x9973,
0x9973,
0x9973,
0x9973,
0x9973,
0x9973,
0x9973,
0x9973,
0x9973,
0x9973,
0x9973,
0x9973,
0x9973,
0x9973,
0x9973,
0x9973,
0x9973,
0x9973,
0x9973,
0x9973,
0x9973,
0x9973,
0x9973,
0x9973,
0x9973,
0x9973,
0x9973,
0x9973,
0x9973,
0x9973,
0x9973,
0x9973,
0x9973,
0x9973,
0x9973,
0x9973,
0x9973,
0x9973,
0x9973,
0x9973,
0x9973,
0x9973,
0x9973,
0x9973,
0x9973,
0x9973,
0x9973,
0x9973,
0x9973,
0x9973,
0x9973,
0x9973,
0x9973,
0x9973,
0x9973,
0x9973,
0x9973,
0x9973,
0x9973,
0x9973,
0x9973,
0x9973,
0x9973,
0x9973,
0x9973,
0x9973,
0x9973,
0x9973,
0x9973,
0x9973,
0x9973,
0x9973,
0x9973,
0x9973,
0x9973,
0x9973,
0x9973,
0x9973,
0x9973,
0x9973,
0x9973,
0x9973,
0x9973,
0x7a6b,
0xf773,
0xe963,
0x865b,
0x655b,
0xa76b,
0xa763,
0xc663,
0xa76b,
0xe873,
0xc773,
0x4453,
0x244b,
0x6553,
0x6553,
0x244b,
0x255b,
0x2553,
0x254b,
0x6553,
0x444b,
0x2543,
0x454b,
0x0543,
0x293a,
0x796b,
0x9973,
0x9973,
0x9973,
0x9973,
0x9973,
0x9973,
0x9973,
0x9973,
0x9973,
0x9973,
0x9973,
0x9973,
0x9973,
0x9973,
0x9973,
0x9973,
0x9973,
0x9973,
0x9973,
0x9973,
0x9973,
0x9973,
0x9973,
0x9973,
0x9973,
0x9973,
0x9973,
0x9973,
0x9973,
0x9973,
0x9973,
0x9973,
0x9973,
0x9973,
0x9973,
0x9973,
0x3a6b,
0x157c,
0x685b,
0xc763,
0xe763,
0xe863,
0xa85b,
0x885b,
0xa763,
0xc65b,
0x0853,
0x748c,
0x776b,
0x3863,
0xba5a,
0xa942,
0x897c,
0xca84,
0x476c,
0xa55b,
0x855b,
0xc55b,
0xa55b,
0xc663,
0xa55b,
0x8453,
0x8453,
0x8453,
0xa453,
0xa453,
0xc453,
0x8453,
0x644b,
0x8453,
0xa44b,
0x644b,
0x844b,
0xa44b,
0xc453,
0xc55b,
0xe563,
0xe76b,
0xc873,
0xe97b,
0xe873,
0xc773,
0xc86b,
0xe873,
0x0a8c,
0x4da4,
0x52cd,
0x92cd,
0xafb4,
0xd0c4,
0xf3e5,
0xce8b,
0x9a52,
0xb973,
0x9973,
0x9973,
0x9973,
0x9973,
0x9973,
0x9973,
0x9973,
0x9973,
0x9973,
0x9973,
0x9973,
0x9973,
0x9973,
0x9973,
0x9973,
0x9973,
0x9973,
0x9973,
0x9973,
0x1974,
0xd973,
0x9973,
0x9973,
0x9973,
0x9973,
0x9973,
0xd773,
0x9873,
0x7973,
0x9973,
0x9973,
0x9973,
0x9973,
0x9973,
0x9973,
0x9973,
0x9973,
0x9973,
0x7a73,
0xb973,
0x493a,
0xb584,
0xf873,
0x1b6b,
0x2a32,
0x844b,
0x244b,
0x767c,
0x7a6b,
0x9973,
0x9973,
0x9973,
0x9973,
0x9973,
0x9973,
0x9973,
0x9973,
0x7a6b,
0x757c,
0x2443,
0x634b,
0x873a,
0x1974,
0x3874,
0xb973,
0x9973,
0xb973,
0x7684,
0x9973,
0x9973,
0x9973,
0x9973,
0x9973,
0x9973,
0x9973,
0x9973,
0x9973,
0x9973,
0x9973,
0x9973,
0x9973,
0x9973,
0x9973,
0x9973,
0x9973,
0x9973,
0x9973,
0x9973,
0x9973,
0x9973,
0x9973,
0x9973,
0x9973,
0x9973,
0x9973,
0x9973,
0x9973,
0x9973,
0x9973,
0x9973,
0x9973,
0x9973,
0x9973,
0x9973,
0x9973,
0x9973,
0x9973,
0x9973,
0xb973,
0x9973,
0xb973,
0x9973,
0x9973,
0x9973,
0x9973,
0x9973,
0x9973,
0x9973,
0x9973,
0x9973,
0x9973,
0x9973,
0x9973,
0x9973,
0x9973,
0x9973,
0x9973,
0x9973,
0x9973,
0x9973,
0x9973,
0x9973,
0x9973,
0x9973,
0x9973,
0x9973,
0x9973,
0x9973,
0x9973,
0x9973,
0x9973,
0x9973,
0x9973,
0x9973,
0x9973,
0x9973,
0x9973,
0x9973,
0x9973,
0x9973,
0x9973,
0x9973,
0x9973,
0x9973,
0x9973,
0x9973,
0x9973,
0x9973,
0x9973,
0x9973,
0x9973,
0x9973,
0x9973,
0x9973,
0x9973,
0x9973,
0x9973,
0x9973,
0x9973,
0x9973,
0x9973,
0x9973,
0x9973,
0x9973,
0x9973,
0x9973,
0x9973,
0x9973,
0x9973,
0x9973,
0x9973,
0x9973,
0x9973,
0x9973,
0x9973,
0x9973,
0x9973,
0x9973,
0x9973,
0x9973,
0x9973,
0x9973,
0x9973,
0x9973,
0x9973,
0x9973,
0x9973,
0x9973,
0x9973,
0x9973,
0x9973,
0x9973,
0x9973,
0x9973,
0x9973,
0x9973,
0x9973,
0x9973,
0x9973,
0x9973,
0x7a6b,
0xf67b,
0xe963,
0xa663,
0xa76b,
0xc86b,
0xc66b,
0xc66b,
0xc76b,
0xa763,
0x655b,
0x244b,
0x244b,
0x4553,
0x244b,
0x044b,
0x455b,
0xa77b,
0x865b,
0x454b,
0x2443,
0x244b,
0x0443,
0x444b,
0x444b,
0xc74a,
0xb873,
0x9973,
0x9973,
0x9973,
0x9973,
0x9973,
0x9973,
0x9973,
0x9973,
0x9973,
0x9973,
0x9973,
0x9973,
0x9973,
0x9973,
0x9973,
0x9973,
0x9973,
0x9973,
0x9973,
0x9973,
0x9973,
0x9973,
0x9973,
0x9973,
0x9973,
0x9973,
0x9973,
0x9973,
0x9973,
0x9973,
0x9973,
0x9973,
0x9973,
0x9973,
0x9973,
0xb973,
0x5a6b,
0x986b,
0x8942,
0x6942,
0xd773,
0x586b,
0x586b,
0xf673,
0xf67b,
0x1963,
0x3a63,
0x9973,
0xb973,
0x9973,
0xb873,
0x0953,
0x0a53,
0x6942,
0x675b,
0xc65b,
0xc65b,
0x855b,
0xc663,
0xc55b,
0x6453,
0x444b,
0x8453,
0xc453,
0xc45b,
0xa453,
0x6453,
0x444b,
0x444b,
0x844b,
0x6443,
0x6443,
0xa44b,
0xa44b,
0xc553,
0xe55b,
0xc76b,
0x0b94,
0x6d9c,
0x6c9c,
0xea8b,
0xca8b,
0xa983,
0x0b9c,
0xf1c4,
0xd0b4,
0x8fac,
0xafac,
0x10bd,
0x90a4,
0x5763,
0x7973,
0x9973,
0x9973,
0x9973,
0x9973,
0x9973,
0x9973,
0x9973,
0x9973,
0x9973,
0x9973,
0x9973,
0x9973,
0x9973,
0x9973,
0x9973,
0x9973,
0x9973,
0x9973,
0x9973,
0x9973,
0xf973,
0xf973,
0x9973,
0x9973,
0x9973,
0x9973,
0x9973,
0x7a73,
0x9973,
0x9973,
0x9973,
0x9973,
0x9973,
0x9973,
0x9973,
0x9973,
0x9973,
0x9973,
0x9973,
0x9973,
0x7a6b,
0x4932,
0x444b,
0xe542,
0x976b,
0xd773,
0x254b,
0x634b,
0x863a,
0x7a73,
0x9973,
0x7a73,
0xd973,
0xb973,
0x9973,
0x9973,
0x7a6b,
0x9973,
0x6832,
0x043b,
0x0443,
0x2443,
0x6932,
0x1974,
0x9973,
0x9973,
0x9973,
0x9973,
0x7a6b,
0xb973,
0xd973,
0x9973,
0x9973,
0x9973,
0x9973,
0x9973,
0x9973,
0x9973,
0x9973,
0x9973,
0x9973,
0x9973,
0x9973,
0x9973,
0x9973,
0x9973,
0x9973,
0x9973,
0x9973,
0x9973,
0x9973,
0x9973,
0x9973,
0x9973,
0x9973,
0x9973,
0x9973,
0x9973,
0x9973,
0x9973,
0x9973,
0x9973,
0x9973,
0x9973,
0x9973,
0x9973,
0x9973,
0x9973,
0x9973,
0x9973,
0x9973,
0x9973,
0x9973,
0x9973,
0x9973,
0x9973,
0x9973,
0x9973,
0x9973,
0x9973,
0x9973,
0x9973,
0x9973,
0x9973,
0x9973,
0x9973,
0x9973,
0x9973,
0x9973,
0x9973,
0x9973,
0x9973,
0x9973,
0x9973,
0x9973,
0x9973,
0x9973,
0x9973,
0x9973,
0x9973,
0x9973,
0x9973,
0x9973,
0x9973,
0x9973,
0x9973,
0x9973,
0x9973,
0x9973,
0x9973,
0x9973,
0x9973,
0x9973,
0x9973,
0x9973,
0x9973,
0x9973,
0x9973,
0x9973,
0x9973,
0x9973,
0x9973,
0x9973,
0x9973,
0x9973,
0x9973,
0x9973,
0x9973,
0x9973,
0x9973,
0x9973,
0x9973,
0x9973,
0x9973,
0x9973,
0x9973,
0x9973,
0x9973,
0x9973,
0x9973,
0x9973,
0x9973,
0x9973,
0x9973,
0x9973,
0x9973,
0x9973,
0x9973,
0x9973,
0x9973,
0x9973,
0x9973,
0x9973,
0x9973,
0x9973,
0x9973,
0x9973,
0x9973,
0x9973,
0x9973,
0x9973,
0x9973,
0x9973,
0x9973,
0x9973,
0x9973,
0x9973,
0x9973,
0x9973,
0x9973,
0xb973,
0x7a6b,
0xf573,
0xa763,
0x876b,
0x876b,
0xa663,
0xc66b,
0x855b,
0x6453,
0x4553,
0x4553,
0x4453,
0x244b,
0x244b,
0x2553,
0x444b,
0xa563,
0xe983,
0x8663,
0x6553,
0x244b,
0x044b,
0x244b,
0x244b,
0x244b,
0x6453,
0x5484,
0xfb5a,
0xb973,
0x9973,
0x9973,
0x9973,
0x9973,
0x9973,
0x9973,
0x9973,
0x9973,
0x9973,
0x9973,
0x9973,
0x9973,
0x9973,
0x9973,
0x9973,
0x9973,
0x9973,
0x9973,
0x9973,
0x9973,
0x9973,
0x9973,
0x9973,
0x9973,
0x9973,
0x9973,
0x9973,
0x9973,
0x9973,
0x9973,
0x9973,
0x9973,
0x9973,
0x9973,
0x9973,
0x9973,
0x3b6b,
0x5a6b,
0x7a6b,
0x9973,
0x9973,
0x7a6b,
0x7a6b,
0x9973,
0xb973,
0x9973,
0x9973,
0x9973,
0x9973,
0x3963,
0xfa5a,
0x796b,
0x5484,
0xc763,
0x865b,
0xa65b,
0x8663,
0x855b,
0x4453,
0x0443,
0x244b,
0x8453,
0xa453,
0x444b,
0x6453,
0x444b,
0x244b,
0x244b,
0x4443,
0x4443,
0x844b,
0xa453,
0xc55b,
0xa553,
0xa55b,
0x0b8c,
0xf0ac,
0x6d9c,
0x4ca4,
0xc98b,
0xcb93,
0xeda3,
0x6fac,
0xeb9b,
0xc98b,
0xadac,
0x6c9c,
0x1584,
0x3a63,
0xb973,
0x9973,
0x9973,
0x9973,
0x9973,
0x9973,
0x9973,
0x9973,
0x9973,
0x9973,
0x9973,
0x9973,
0x9973,
0x9973,
0x9973,
0x9973,
0x9973,
0x9973,
0x9973,
0x9973,
0x9973,
0x1974,
0xf973,
0x9973,
0x9973,
0x9973,
0x9973,
0x9973,
0x9973,
0x9973,
0x9973,
0x9973,
0x9973,
0x9973,
0x9973,
0x9973,
0x9973,
0x9973,
0x9973,
0x9973,
0x9973,
0x9973,
0x9973,
0x3574,
0x244b,
0x4653,
0x156c,
0x893a,
0x845b,
0xa63a,
0x7a6b,
0xb973,
0xd973,
0xb973,
0xf973,
0x7a73,
0x9973,
0x1774,
0x673a,
0x4343,
0xe43a,
0x043b,
0xc642,
0x596b,
0x7a73,
0x9973,
0x9973,
0x9973,
0x9973,
0xb973,
0xb973,
0x9973,
0x9973,
0x9973,
0x9973,
0x9973,
0x9973,
0x9973,
0x9973,
0x9973,
0x9973,
0x9973,
0x9973,
0x9973,
0x9973,
0x9973,
0x9973,
0x9973,
0x9973,
0x9973,
0x9973,
0x9973,
0x9973,
0x9973,
0x9973,
0x9973,
0x9973,
0x9973,
0x9973,
0x9973,
0x9973,
0x9973,
0x9973,
0x9973,
0x9973,
0x9973,
0x9973,
0x9973,
0x9973,
0x9973,
0x9973,
0x9973,
0x9973,
0xb973,
0x9973,
0x9973,
0x9973,
0x9973,
0x9973,
0x9973,
0x9973,
0x9973,
0x9973,
0x9973,
0x9973,
0x9973,
0x9973,
0x9973,
0x9973,
0x9973,
0x9973,
0x9973,
0x9973,
0x9973,
0x9973,
0x9973,
0x9973,
0x9973,
0x9973,
0x9973,
0xd97b,
0x9973,
0x9973,
0x9973,
0x9973,
0x9973,
0x9973,
0x9973,
0x9973,
0x9973,
0x9973,
0x9973,
0x9973,
0x9973,
0x9973,
0x9973,
0x9973,
0x9973,
0x9973,
0x9973,
0x9973,
0x9973,
0x9973,
0x9973,
0x9973,
0x9973,
0x9973,
0x9973,
0x9973,
0x9973,
0x9973,
0x9973,
0x9973,
0x9973,
0x9973,
0x9973,
0x9973,
0x9973,
0x9973,
0x9973,
0x9973,
0x9973,
0x9973,
0x9973,
0x9973,
0x9973,
0x9973,
0x9973,
0x9973,
0x9973,
0x9973,
0x9973,
0x9973,
0x9973,
0x9973,
0x9973,
0x9973,
0x9973,
0x9973,
0x9973,
0x9973,
0x9973,
0x9973,
0x9973,
0x9973,
0x9973,
0x9973,
0x9973,
0x9973,
0x9973,
0xb973,
0xfb62,
0xf57b,
0xc963,
0x8763,
0x886b,
0x865b,
0x6453,
0x8453,
0x6453,
0x4453,
0x244b,
0x4553,
0x444b,
0x2443,
0x244b,
0x4553,
0x644b,
0x8453,
0x8563,
0x8663,
0x4553,
0x244b,
0x2453,
0x244b,
0x444b,
0x454b,
0x444b,
0x465b,
0x9394,
0x7a6b,
0x9973,
0x9973,
0x9973,
0x9973,
0x9973,
0x9973,
0x9973,
0x9973,
0x9973,
0x9973,
0x9973,
0x9973,
0x9973,
0x9973,
0x9973,
0x9973,
0x9973,
0x9973,
0x9973,
0x9973,
0x9973,
0x9973,
0x9973,
0x9973,
0x9973,
0x9973,
0x9973,
0x9973,
0x9973,
0x9973,
0x9973,
0x9973,
0x9973,
0x9973,
0x9973,
0x9973,
0xb973,
0xb973,
0x9973,
0x9973,
0x9973,
0x9973,
0x9973,
0x9973,
0x9973,
0x9973,
0x9973,
0x9973,
0x9973,
0x9973,
0xb973,
0x7a73,
0x167c,
0x865b,
0xa563,
0x855b,
0x865b,
0x4553,
0x0443,
0x0443,
0x244b,
0x444b,
0x444b,
0x6453,
0x6453,
0x444b,
0x044b,
0xe442,
0x0443,
0xe43a,
0xe442,
0x454b,
0x665b,
0xa55b,
0x855b,
0xc873,
0xafa4,
0x6e9c,
0x8ea4,
0x4da4,
0x6eac,
0xeb9b,
0xca8b,
0xe98b,
0x0884,
0x8a7b,
0xf57b,
0x1b63,
0xb973,
0x9973,
0x9973,
0x9973,
0x9973,
0x9973,
0x9973,
0x9973,
0x9973,
0x9973,
0x9973,
0x9973,
0x9973,
0x9973,
0x9973,
0x9973,
0x9973,
0x9973,
0x9973,
0x9973,
0x9973,
0x9973,
0xd973,
0xb973,
0x9973,
0x9973,
0x9973,
0x9973,
0x9973,
0x9973,
0x9973,
0x9973,
0x9973,
0x9973,
0x9973,
0x9973,
0x9973,
0x9973,
0x9973,
0x9973,
0x9973,
0x9973,
0x9973,
0xf973,
0xf973,
0x2932,
0x254b,
0x654b,
0xe73a,
0xe742,
0x454b,
0x967c,
0x7a6b,
0xb973,
0x7a73,
0xf973,
0xf76b,
0x747c,
0x4443,
0x4343,
0x0443,
0xe43a,
0x0443,
0x053b,
0x5774,
0x7a73,
0x7a73,
0x7a6b,
0x7a6b,
0x7a6b,
0xb973,
0x9973,
0xd973,
0xb77c,
0x9973,
0x9973,
0x9973,
0x9973,
0x9973,
0x9973,
0x9973,
0x9973,
0x9973,
0x9973,
0x9973,
0x9973,
0x9973,
0x9973,
0x9973,
0x9973,
0x9973,
0x9973,
0x9973,
0x9973,
0x9973,
0x9973,
0x9973,
0x9973,
0x9973,
0x9973,
0x9973,
0x9973,
0x9973,
0x9973,
0x9973,
0x9973,
0x9973,
0x9973,
0x9973,
0x9973,
0x9973,
0x9973,
0x9973,
0x9973,
0xd973,
0x9973,
0x9973,
0x9973,
0x9973,
0x9973,
0x9973,
0x9973,
0x9973,
0x9973,
0x9973,
0x9973,
0x9973,
0x9973,
0x9973,
0x9973,
0x9973,
0x9973,
0x9973,
0x9973,
0x9973,
0x9973,
0x9973,
0x9973,
0x9973,
0x9973,
0x9973,
0xb973,
0x9973,
0x9973,
0x9973,
0x9973,
0x9973,
0x9973,
0x9973,
0x9973,
0x9973,
0x9973,
0x9973,
0x9973,
0x9973,
0x9973,
0x9973,
0x9973,
0x9973,
0x9973,
0x9973,
0x9973,
0x9973,
0x9973,
0x9973,
0x9973,
0x9973,
0x9973,
0x9973,
0x9973,
0x9973,
0x9973,
0x9973,
0x9973,
0x9973,
0x9973,
0x9973,
0x9973,
0x9973,
0x9973,
0x9973,
0x9973,
0x9973,
0x9973,
0x9973,
0x9973,
0x9973,
0x9973,
0x9973,
0x9973,
0x9973,
0x9973,
0x9973,
0x9973,
0x9973,
0x9973,
0x9973,
0x9973,
0x9973,
0x9973,
0x9973,
0x9973,
0x7a6b,
0x9973,
0x9973,
0x9973,
0x9973,
0x9973,
0x9973,
0x9973,
0x9973,
0x796b,
0xf67b,
0x695b,
0x0974,
0x886b,
0x665b,
0x855b,
0x4453,
0x6453,
0x6453,
0x244b,
0x244b,
0x244b,
0x244b,
0x0443,
0x244b,
0x2443,
0x244b,
0x244b,
0x444b,
0x244b,
0x244b,
0x244b,
0x4453,
0x444b,
0x244b,
0x244b,
0x244b,
0x655b,
0x2994,
0x348c,
0x3a63,
0xb973,
0xb973,
0x9973,
0x9973,
0x9973,
0x9973,
0x9973,
0x9973,
0x9973,
0x9973,
0x9973,
0x9973,
0x9973,
0x9973,
0x9973,
0x9973,
0x9973,
0x9973,
0x9973,
0x9973,
0x9973,
0x9973,
0x9973,
0x9973,
0x9973,
0x9973,
0x9973,
0x9973,
0x9973,
0x9973,
0x9973,
0x9973,
0x9973,
0x9973,
0x9973,
0x9973,
0x9973,
0x9973,
0x9973,
0x9973,
0x9973,
0x9973,
0x9973,
0x9973,
0x9973,
0x9973,
0x9973,
0x9973,
0x9973,
0xb973,
0x5a6b,
0x493a,
0x855b,
0x655b,
0x8563,
0x855b,
0x244b,
0x0443,
0x244b,
0x244b,
0x244b,
0x244b,
0x6453,
0x4453,
0x444b,
0x244b,
0xe442,
0xe442,
0xe43a,
0x0443,
0x454b,
0x454b,
0x845b,
0xa563,
0xc563,
0x876b,
0x0c94,
0x6ea4,
0x31bd,
0xd0b4,
0x4b9c,
0x0884,
0xe773,
0xb394,
0xfa5a,
0x796b,
0xb973,
0x9973,
0x9973,
0x9973,
0x9973,
0x9973,
0x9973,
0x9973,
0x9973,
0x9973,
0x9973,
0x9973,
0x9973,
0x9973,
0x9973,
0x9973,
0x9973,
0x9973,
0x9973,
0x9973,
0x9973,
0x9973,
0x9973,
0x9973,
0xb973,
0x9973,
0x9973,
0x9973,
0x9973,
0x9973,
0x9973,
0x9973,
0x9973,
0x9973,
0x9973,
0x9973,
0x9973,
0x9973,
0x9973,
0x9973,
0x9973,
0x9973,
0x9973,
0x9973,
0x7a73,
0x187c,
0x777c,
0x4832,
0x8453,
0x8453,
0x2543,
0x8653,
0xa83a,
0x5a6b,
0xb973,
0x7a6b,
0xb584,
0x4443,
0x454b,
0x2443,
0xe43a,
0x0443,
0x2443,
0x444b,
0x654b,
0x6832,
0x9973,
0x0932,
0x2832,
0xb784,
0x0932,
0xd784,
0x5a6b,
0xd784,
0x6732,
0x9973,
0x9973,
0x9973,
0x9973,
0x9973,
0x9973,
0x9973,
0x9973,
0x9973,
0x9973,
0x9973,
0x9973,
0x9973,
0x9973,
0x9973,
0x9973,
0x9973,
0x9973,
0x9973,
0x9973,
0x9973,
0x9973,
0x9973,
0x9973,
0x9973,
0x9973,
0x9973,
0x9973,
0x9973,
0x9973,
0x9973,
0x9973,
0x9973,
0x9973,
0x9973,
0x9973,
0x9973,
0x9973,
0x9973,
0xb973,
0xf973,
0x9973,
0x9973,
0x9973,
0x9973,
0x9973,
0x9973,
0x9973,
0x9973,
0x9973,
0x9973,
0x9973,
0x9973,
0x9973,
0x9973,
0x9973,
0x9973,
0x9973,
0x9973,
0x9973,
0x9973,
0x9973,
0x9973,
0x9973,
0x9973,
0x9973,
0x9973,
0x9973,
0x9973,
0x9973,
0x9973,
0x9973,
0x9973,
0x9973,
0x9973,
0x9973,
0x9973,
0x9973,
0x9973,
0x9973,
0x9973,
0x9973,
0x9973,
0x9973,
0x9973,
0x9973,
0x9973,
0x9973,
0x9973,
0x9973,
0x9973,
0x9973,
0x9973,
0x9973,
0x9973,
0x9973,
0x9973,
0x9973,
0x9973,
0x9973,
0x9973,
0x9973,
0x9973,
0x9973,
0x9973,
0x9973,
0x9973,
0x9973,
0x9973,
0x9973,
0x9973,
0x9973,
0x9973,
0x9973,
0x9973,
0x9973,
0x9973,
0x9973,
0x9973,
0x9973,
0x9973,
0x9973,
0x9973,
0x9973,
0x9973,
0x9973,
0x9973,
0xb973,
0x3784,
0xb973,
0x9973,
0x9973,
0x9973,
0x9973,
0x9973,
0x9973,
0xb973,
0xba5a,
0xad63,
0x4a74,
0x476b,
0x865b,
0x4453,
0x4553,
0x244b,
0x244b,
0x244b,
0x0443,
0x043b,
0x043b,
0x0443,
0xe43a,
0x043b,
0xe442,
0x044b,
0x244b,
0x2443,
0x244b,
0x0443,
0x0443,
0x0443,
0x244b,
0x244b,
0x0443,
0x4453,
0x6563,
0xe683,
0x286b,
0x385b,
0x796b,
0x3a6b,
0x9973,
0xb973,
0x9973,
0x9973,
0x9973,
0x9973,
0x9973,
0x9973,
0x9973,
0x9973,
0x9973,
0x9973,
0x9973,
0x9973,
0x9973,
0x9973,
0x9973,
0x9973,
0x9973,
0x9973,
0x9973,
0x9973,
0x9973,
0x9973,
0x9973,
0x9973,
0x9973,
0x9973,
0x9973,
0x9973,
0x9973,
0x9973,
0x9973,
0x9973,
0x9973,
0x9973,
0x9973,
0x9973,
0x9973,
0x9973,
0x9973,
0x9973,
0x9973,
0x9973,
0x9973,
0x9973,
0xb973,
0xb973,
0x7a6b,
0x8842,
0x655b,
0x4553,
0xa663,
0x655b,
0x244b,
0x244b,
0x2443,
0x0443,
0x044b,
0x244b,
0x444b,
0x244b,
0x244b,
0x4453,
0x244b,
0x0443,
0xc432,
0x0543,
0x6653,
0xa55b,
0xc64a,
0x493a,
0x4653,
0x865b,
0xa873,
0xa97b,
0x6ea4,
0x8fac,
0x2a94,
0xe77b,
0x938c,
0x1b63,
0xb973,
0xb973,
0x9973,
0x9973,
0x9973,
0x9973,
0x9973,
0x9973,
0x9973,
0x9973,
0x9973,
0x9973,
0x9973,
0x9973,
0x9973,
0x9973,
0x9973,
0x9973,
0x9973,
0x9973,
0x9973,
0x9973,
0x9973,
0x9973,
0x9973,
0xb973,
0xb973,
0x9973,
0x9973,
0x9973,
0x9973,
0x9973,
0x9973,
0x9973,
0x9973,
0x9973,
0x9973,
0x9973,
0x9973,
0x9973,
0x9973,
0x9973,
0x9973,
0x9973,
0x9973,
0x9973,
0x9973,
0x9973,
0xf973,
0x3774,
0x0543,
0x6453,
0x444b,
0x465b,
0x8a2a,
0x3974,
0x7a73,
0x7a6b,
0x767c,
0x644b,
0x644b,
0x644b,
0x0443,
0x244b,
0x2443,
0xc453,
0x074b,
0x596b,
0x7784,
0x9784,
0x777c,
0xb784,
0x9784,
0x9973,
0x7a73,
0xb77c,
0xe929,
0x9973,
0x387c,
0xf873,
0xb873,
0x9973,
0x9973,
0x9973,
0x9973,
0x9973,
0x9973,
0x9973,
0x9973,
0x9973,
0x9973,
0x9973,
0x9973,
0x9973,
0x9973,
0x9973,
0x9973,
0x9973,
0x9973,
0x9973,
0x9973,
0x9973,
0x9973,
0x9973,
0x9973,
0x9973,
0x9973,
0x9973,
0x9973,
0x9973,
0x9973,
0x9973,
0x9973,
0x9973,
0x9973,
0x9973,
0x9973,
0xb973,
0xb973,
0x9973,
0x9973,
0x9973,
0x9973,
0x9973,
0x9973,
0x9973,
0x9973,
0x9973,
0x9973,
0x9973,
0x9973,
0x9973,
0x9973,
0x9973,
0x9973,
0x9973,
0x9973,
0x9973,
0x9973,
0x9973,
0x9973,
0x9973,
0x9973,
0x9973,
0x9973,
0x9973,
0x9973,
0x9973,
0x9973,
0x9973,
0x9973,
0x9973,
0x9973,
0x9973,
0x9973,
0x9973,
0x9973,
0x9973,
0x9973,
0x9973,
0x9973,
0x9973,
0x9973,
0x9973,
0x9973,
0x9973,
0x9973,
0x9973,
0x9973,
0x9973,
0x9973,
0x9973,
0x9973,
0x9973,
0x9973,
0x9973,
0x9973,
0x9973,
0x9973,
0x9973,
0x9973,
0x9973,
0x9973,
0x9973,
0x9973,
0x9973,
0x9973,
0x9973,
0x9973,
0x9973,
0x9973,
0x9973,
0x9973,
0x9973,
0x9973,
0x9973,
0x9973,
0x9973,
0x9973,
0x9973,
0x9973,
0x9973,
0x9973,
0x9973,
0x9973,
0x568c,
0x187c,
0x9973,
0x9973,
0x9973,
0x9973,
0x9973,
0x9973,
0x7a6b,
0xb673,
0x2c7c,
0x2c7c,
0x255b,
0x444b,
0x4453,
0x444b,
0x444b,
0x244b,
0x244b,
0x2443,
0x2443,
0x043b,
0xe43a,
0x043b,
0x0443,
0x0443,
0x0443,
0x244b,
0x2443,
0xe442,
0x0443,
0x0443,
0x0443,
0x244b,
0x444b,
0x444b,
0x6453,
0x444b,
0x644b,
0x855b,
0x8553,
0xe642,
0x2a32,
0x796b,
0x5a6b,
0x7a73,
0x7a73,
0x9973,
0x9973,
0x9973,
0x9973,
0x9973,
0x9973,
0x9973,
0x9973,
0x9973,
0x9973,
0x9973,
0x9973,
0x9973,
0x9973,
0x9973,
0x9973,
0x9973,
0x9973,
0x9973,
0x9973,
0x9973,
0x9973,
0x9973,
0x9973,
0x9973,
0x9973,
0x9973,
0x9973,
0x9973,
0x9973,
0x9973,
0x9973,
0x9973,
0x9973,
0x9973,
0x9973,
0x9973,
0x9973,
0x9973,
0x9973,
0x9973,
0x9973,
0x9973,
0x9973,
0xb873,
0x0653,
0x455b,
0x2453,
0x4453,
0x6663,
0x876b,
0x4453,
0x244b,
0x044b,
0x0443,
0x0443,
0x244b,
0x244b,
0x0443,
0x0443,
0x0443,
0xe442,
0xc43a,
0x0543,
0x8663,
0x8663,
0x0b21,
0xec18,
0x675b,
0xa76b,
0xa773,
0xa87b,
0x0b9c,
0x4ca4,
0xe673,
0x683a,
0x3a6b,
0xb973,
0x9973,
0x9973,
0x9973,
0x9973,
0x9973,
0x9973,
0x9973,
0x9973,
0x9973,
0x9973,
0x9973,
0x9973,
0x9973,
0x9973,
0x9973,
0x9973,
0x9973,
0x9973,
0x9973,
0x9973,
0x9973,
0x9973,
0x9973,
0x9973,
0x9973,
0x9973,
0x9973,
0x9973,
0x9973,
0x9973,
0x9973,
0x9973,
0x9973,
0x9973,
0x9973,
0x9973,
0x9973,
0x9973,
0x9973,
0x9973,
0x9973,
0x9973,
0x9973,
0x9973,
0x9973,
0x9973,
0x9973,
0x9973,
0xb973,
0x587c,
0x3674,
0x444b,
0x6553,
0x6553,
0x0833,
0x6d22,
0xf973,
0x7a6b,
0xb873,
0xe53a,
0x4443,
0x454b,
0x4553,
0x444b,
0x4443,
0x454b,
0x493a,
0x3a6b,
0x4732,
0xe931,
0x2932,
0x2932,
0xb973,
0xb973,
0x9973,
0x777c,
0x5874,
0xb973,
0xd77c,
0xa63a,
0xe43a,
0x0832,
0xb973,
0x587c,
0x996b,
0xb86b,
0x5a6b,
0x7a6b,
0x9973,
0x9973,
0xb973,
0xb973,
0x9973,
0x9973,
0x9973,
0x9973,
0x9973,
0x9973,
0x9973,
0x9973,
0x9973,
0x9973,
0x9973,
0x9973,
0x9973,
0x9973,
0x9973,
0x9973,
0x9973,
0x9973,
0x9973,
0x9973,
0x9973,
0x9973,
0x9973,
0x9973,
0x9973,
0x9973,
0xd973,
0xd973,
0x9973,
0x9973,
0x9973,
0x9973,
0x9973,
0x9973,
0x9973,
0x9973,
0x9973,
0x9973,
0x9973,
0x9973,
0x9973,
0x9973,
0x9973,
0x9973,
0x9973,
0x9973,
0x9973,
0x9973,
0x9973,
0x9973,
0x9973,
0x9973,
0x9973,
0x9973,
0x9973,
0x9973,
0x9973,
0x9973,
0x9973,
0x9973,
0x9973,
0x9973,
0x9973,
0x9973,
0x9973,
0x9973,
0x9973,
0x9973,
0x9973,
0x9973,
0x9973,
0x9973,
0x9973,
0x9973,
0x9973,
0x9973,
0x9973,
0x9973,
0x9973,
0x9973,
0x9973,
0x9973,
0x9973,
0x9973,
0x9973,
0x9973,
0x9973,
0x9973,
0x9973,
0x9973,
0x9973,
0x9973,
0x9973,
0x9973,
0x9973,
0x9973,
0x9973,
0x9973,
0x9973,
0x9973,
0x9973,
0x9973,
0x9973,
0x9973,
0x9973,
0x9973,
0x9973,
0x9973,
0x9973,
0x9973,
0x9973,
0x9973,
0x9973,
0x7a6b,
0x9973,
0x9973,
0x9973,
0x9973,
0x9973,
0x9973,
0x9973,
0x7a6b,
0xf67b,
0x6e84,
0x8e8c,
0x2353,
0x244b,
0x444b,
0x444b,
0x244b,
0x444b,
0x2443,
0x444b,
0x2443,
0x0443,
0xe43a,
0x2443,
0x2443,
0x043b,
0x0443,
0x0443,
0x0443,
0x0443,
0x0443,
0x244b,
0x4453,
0x4453,
0x6453,
0x4453,
0x444b,
0x4443,
0x444b,
0x8453,
0xa453,
0xa453,
0xa553,
0xa842,
0x9584,
0xb76b,
0xb86b,
0x796b,
0x5a6b,
0xb973,
0x9973,
0x9973,
0x9973,
0x9973,
0x9973,
0x9973,
0x9973,
0x9973,
0x9973,
0x9973,
0x9973,
0x9973,
0x9973,
0x9973,
0x9973,
0x9973,
0x9973,
0x9973,
0x9973,
0x9973,
0x9973,
0x9973,
0x9973,
0x9973,
0x9973,
0x9973,
0x9973,
0x9973,
0x9973,
0x9973,
0x9973,
0x9973,
0x9973,
0x9973,
0x9973,
0x9973,
0x9973,
0x9973,
0x9973,
0x9973,
0x9973,
0x7a6b,
0x283a,
0x4453,
0x2453,
0x2453,
0x6663,
0xc86b,
0x665b,
0x4453,
0x244b,
0x0443,
0x044b,
0x0443,
0x0443,
0x0443,
0x0443,
0x0443,
0xe43a,
0xc432,
0x0553,
0x866b,
0x6663,
0xca39,
0xc952,
0xe873,
0xa983,
0xe98b,
0xa983,
0xeb93,
0x098c,
0xa742,
0x596b,
0x9973,
0x9973,
0x9973,
0x9973,
0x9973,
0x9973,
0x9973,
0x9973,
0x9973,
0x9973,
0x9973,
0x9973,
0x9973,
0x9973,
0x9973,
0x9973,
0x9973,
0x9973,
0x9973,
0x9973,
0x9973,
0x9973,
0x9973,
0x9973,
0x9973,
0x9973,
0x9973,
0x9973,
0x9973,
0x9973,
0x9973,
0x9973,
0x9973,
0x9973,
0x9973,
0x9973,
0x9973,
0x9973,
0x9973,
0x9973,
0x9973,
0x9973,
0x9973,
0x9973,
0x9973,
0x9973,
0x9973,
0x9973,
0x9973,
0x9973,
0x9973,
0x387c,
0xf873,
0x863a,
0x6453,
0x8453,
0x654b,
0x2743,
0xcb32,
0x7874,
0xb973,
0x292a,
0x8453,
0x845b,
0x8453,
0x4443,
0x834b,
0xc73a,
0x596b,
0xd873,
0xc53a,
0x444b,
0x683a,
0xd973,
0x3874,
0x787c,
0xb973,
0x9973,
0xd973,
0x3874,
0x3874,
0x967c,
0x0543,
0xc542,
0x596b,
0x3874,
0xc63a,
0x2543,
0x4832,
0x367c,
0x796b,
0x3a6b,
0x7a6b,
0x9973,
0xb973,
0x387c,
0xb973,
0x9973,
0x1974,
0xb973,
0x9973,
0x9973,
0x9973,
0x9973,
0x9973,
0x9973,
0x9973,
0x9973,
0x9973,
0x9973,
0x9973,
0x9973,
0x9973,
0x9973,
0x9973,
0x9973,
0x9973,
0x9973,
0x9973,
0x9973,
0x9973,
0xb973,
0x9973,
0x9973,
0x9973,
0x9973,
0x9973,
0x9973,
0x9973,
0x9973,
0x9973,
0x9973,
0x9973,
0x9973,
0x9973,
0x9973,
0x9973,
0x9973,
0x9973,
0x9973,
0x9973,
0x9973,
0x9973,
0x9973,
0x9973,
0x9973,
0x9973,
0x9973,
0x9973,
0x9973,
0x9973,
0x9973,
0x9973,
0x9973,
0x9973,
0x9973,
0x9973,
0x9973,
0x9973,
0x9973,
0x9973,
0x9973,
0x9973,
0x9973,
0x9973,
0x9973,
0x9973,
0x9973,
0x9973,
0x9973,
0x9973,
0x9973,
0x9973,
0x9973,
0x9973,
0x9973,
0x9973,
0x9973,
0x9973,
0x9973,
0x9973,
0x9973,
0x9973,
0x9973,
0x9973,
0x9973,
0x9973,
0x9973,
0x9973,
0x9973,
0x9973,
0x9973,
0x9973,
0x9973,
0x9973,
0x9973,
0x9973,
0x9973,
0x9973,
0x9973,
0x9973,
0x9973,
0x9973,
0x9973,
0x9973,
0x9973,
0x9973,
0x9973,
0x9973,
0x9973,
0x9973,
0x9973,
0x9973,
0x9973,
0x9973,
0x9973,
0x185b,
0x6c63,
0xa86b,
0x244b,
0x2443,
0x444b,
0x0443,
0x2443,
0x2443,
0x2443,
0x2443,
0x2443,
0x244b,
0x0443,
0x2443,
0x2443,
0x0443,
0xe43a,
0x0443,
0x0443,
0x244b,
0x044b,
0x244b,
0x244b,
0x244b,
0x444b,
0x4453,
0x6453,
0x444b,
0x6453,
0x644b,
0x4453,
0x6553,
0x855b,
0x8453,
0x855b,
0x4653,
0x6753,
0x4853,
0x3674,
0x3a63,
0x9973,
0x9973,
0x9973,
0x9973,
0x9973,
0x9973,
0x9973,
0x9973,
0x9973,
0x9973,
0x9973,
0x9973,
0x9973,
0x9973,
0x9973,
0x9973,
0x9973,
0x9973,
0x9973,
0x9973,
0x9973,
0x9973,
0x9973,
0x9973,
0x9973,
0x9973,
0x9973,
0x9973,
0x9973,
0x9973,
0x9973,
0x9973,
0x9973,
0x9973,
0x9973,
0x9973,
0x9973,
0x9973,
0x9973,
0x9973,
0x9973,
0x9973,
0x7a6b,
0x6842,
0x866b,
0x6563,
0x6563,
0x876b,
0x6663,
0x455b,
0x6563,
0x244b,
0x244b,
0x0443,
0x0443,
0x244b,
0x244b,
0x244b,
0xe43a,
0xe43a,
0x265b,
0x666b,
0x6663,
0xa973,
0x2c94,
0x0b8c,
0xea8b,
0xc983,
0x897b,
0x0b9c,
0x085b,
0x1963,
0x9973,
0x9973,
0x9973,
0x9973,
0x9973,
0x9973,
0x9973,
0x9973,
0x9973,
0x9973,
0x9973,
0x9973,
0x9973,
0x9973,
0x9973,
0x9973,
0x9973,
0x9973,
0x9973,
0x9973,
0x9973,
0x9973,
0x9973,
0x9973,
0x9973,
0x9973,
0x9973,
0x9973,
0x9973,
0x9973,
0x9973,
0x9973,
0x9973,
0x9973,
0x9973,
0x9973,
0x9973,
0x9973,
0x9973,
0x9973,
0x9973,
0x9973,
0x9973,
0x9973,
0x9973,
0x9973,
0x9973,
0x9973,
0x9973,
0x9973,
0x9973,
0x9973,
0x7a73,
0xf973,
0x3774,
0xe542,
0x8453,
0x855b,
0xa553,
0x4b33,
0x8b2a,
0x397c,
0xf87b,
0xa932,
0xa63a,
0x673a,
0xe542,
0x8453,
0x8832,
0x5a6b,
0x377c,
0xe542,
0x673a,
0xc642,
0xd873,
0x7a73,
0x5a6b,
0xd684,
0xb684,
0x092a,
0x2832,
0x092a,
0x5a6b,
0x673a,
0x2443,
0x4732,
0x6532,
0x2343,
0x4453,
0x4443,
0x454b,
0xe642,
0x683a,
0x367c,
0x996b,
0x9973,
0xb973,
0x9973,
0x9973,
0xd973,
0xf873,
0xd973,
0x9973,
0x9973,
0x9973,
0x9973,
0x9973,
0x9973,
0x9973,
0x9973,
0x9973,
0x9973,
0x9973,
0x9973,
0x9973,
0x9973,
0x9973,
0x9973,
0x9973,
0x9973,
0x9973,
0x9973,
0x9973,
0x9973,
0x9973,
0x9973,
0x9973,
0x9973,
0x9973,
0x9973,
0x9973,
0x9973,
0x9973,
0x9973,
0x9973,
0x9973,
0x9973,
0x9973,
0x9973,
0x9973,
0x9973,
0x9973,
0x9973,
0x9973,
0x9973,
0x9973,
0x9973,
0x9973,
0x9973,
0x9973,
0x9973,
0x9973,
0x9973,
0x9973,
0x9973,
0x9973,
0x9973,
0x9973,
0x9973,
0x9973,
0x9973,
0x9973,
0x9973,
0x9973,
0x9973,
0x9973,
0x9973,
0x9973,
0x9973,
0x9973,
0x9973,
0x9973,
0x9973,
0x9973,
0x9973,
0x9973,
0x9973,
0x9973,
0x9973,
0x9973,
0x9973,
0x9973,
0x9973,
0x9973,
0x9973,
0x9973,
0x9973,
0x9973,
0x9973,
0x9973,
0x9973,
0x9973,
0x9973,
0x9973,
0x9973,
0x9973,
0x9973,
0x9973,
0x9973,
0x9973,
0x9973,
0x9973,
0x9973,
0x9973,
0x9973,
0x9973,
0x9973,
0x9973,
0x9973,
0x9973,
0x9973,
0x9973,
0x9973,
0x9973,
0x9973,
0xb973,
0x1a63,
0xaa52,
0xa66b,
0x2553,
0x444b,
0x2443,
0x2443,
0x243b,
0x0443,
0x043b,
0x043b,
0x0443,
0x0443,
0x0443,
0x2443,
0x2443,
0x0443,
0x0443,
0x0443,
0x0443,
0x0443,
0x0443,
0x0443,
0x2443,
0x444b,
0x244b,
0x244b,
0x444b,
0x444b,
0x644b,
0x254b,
0x6553,
0x655b,
0x6553,
0x855b,
0x4453,
0x4453,
0x655b,
0x8663,
0xc66b,
0xa763,
0x6b3a,
0x9963,
0x996b,
0x9973,
0x9973,
0x9973,
0x9973,
0x9973,
0x9973,
0x9973,
0x9973,
0x9973,
0x9973,
0x9973,
0x9973,
0x9973,
0x9973,
0x9973,
0x9973,
0x9973,
0x9973,
0x9973,
0x9973,
0x9973,
0x9973,
0x9973,
0x9973,
0x9973,
0x9973,
0x9973,
0x9973,
0x9973,
0x9973,
0x9973,
0x9973,
0x9973,
0x9973,
0x9973,
0x9973,
0x9973,
0x9973,
0x9973,
0x9973,
0x9973,
0x596b,
0xc852,
0xa66b,
0x6663,
0x676b,
0x6763,
0x655b,
0x6663,
0x655b,
0x244b,
0x244b,
0x0443,
0x044b,
0x4663,
0x4553,
0x2553,
0x2453,
0xc74a,
0x4763,
0x6563,
0x8973,
0x2c94,
0x2b94,
0xa983,
0x897b,
0xa983,
0x8873,
0x557c,
0x5a6b,
0xb973,
0x9973,
0x9973,
0x9973,
0x9973,
0x9973,
0x9973,
0x9973,
0x9973,
0x9973,
0x9973,
0x9973,
0xb973,
0x9973,
0x9973,
0x9973,
0x9973,
0x9973,
0x9973,
0x9973,
0x9973,
0x9973,
0x9973,
0x9973,
0x9973,
0x9973,
0x9973,
0x9973,
0x9973,
0x9973,
0x9973,
0x9973,
0x9973,
0x9973,
0x9973,
0x9973,
0x9973,
0x9973,
0x9973,
0x9973,
0x9973,
0x9973,
0x9973,
0x9973,
0x9973,
0x9973,
0x9973,
0x9973,
0x9973,
0x9973,
0x9973,
0x9973,
0x9973,
0x9973,
0x7a6b,
0x167c,
0x0543,
0x845b,
0xc65b,
0xce22,
0xba6b,
0x9973,
0x9973,
0x996b,
0x9973,
0x5a6b,
0xd873,
0x9684,
0xd973,
0x9973,
0x3a6b,
0xa742,
0x2932,
0xa63a,
0x6832,
0x7a6b,
0x9973,
0xf873,
0xf873,
0xb973,
0xb973,
0x1874,
0xb973,
0xf87b,
0x1774,
0x0832,
0xa53a,
0x2553,
0x265b,
0x054b,
0x254b,
0x6553,
0x6553,
0x454b,
0xa632,
0xd873,
0x7a6b,
0x9973,
0x7a6b,
0x3b6b,
0xf873,
0x2832,
0xf873,
0x7a73,
0x9973,
0x9973,
0x9973,
0x9973,
0x9973,
0x9973,
0x9973,
0x9973,
0x9973,
0x9973,
0x9973,
0x9973,
0x9973,
0x9973,
0x9973,
0x9973,
0x9973,
0x9973,
0x9973,
0x9973,
0x9973,
0x9973,
0x9973,
0x9973,
0x9973,
0x9973,
0x9973,
0x9973,
0x9973,
0x9973,
0x9973,
0x9973,
0x9973,
0x9973,
0x9973,
0x9973,
0x9973,
0x9973,
0x9973,
0x9973,
0x9973,
0x9973,
0x9973,
0x9973,
0x9973,
0x9973,
0x9973,
0x9973,
0x9973,
0x9973,
0x9973,
0x9973,
0x9973,
0x9973,
0x9973,
0x9973,
0x9973,
0x9973,
0x9973,
0x9973,
0x9973,
0x9973,
0x9973,
0x9973,
0x9973,
0x9973,
0x9973,
0x9973,
0x9973,
0x9973,
0x9973,
0x9973,
0x9973,
0x9973,
0x9973,
0x9973,
0x9973,
0x9973,
0x9973,
0x9973,
0x9973,
0x9973,
0x9973,
0x9973,
0x9973,
0x9973,
0x9973,
0x9973,
0x9973,
0x9973,
0x9973,
0x9973,
0x9973,
0x9973,
0x9973,
0x9973,
0x9973,
0x9973,
0x9973,
0x9973,
0x9973,
0x9973,
0x9973,
0x9973,
0x9973,
0x9973,
0x9973,
0x9973,
0x9973,
0x9973,
0x9973,
0xb973,
0xba52,
0x4d6b,
0x8b94,
0x2553,
0x4553,
0x0443,
0x2443,
0x4443,
0x2443,
0x043b,
0xe43a,
0xe43a,
0xe43a,
0x0443,
0x2443,
0x0443,
0x0443,
0x043b,
0x043b,
0x2443,
0x0443,
0x043b,
0x2443,
0x0443,
0x0443,
0x2443,
0x2443,
0x2443,
0x444b,
0x4443,
0x6553,
0x855b,
0x8563,
0x4553,
0x655b,
0x6553,
0x655b,
0x6663,
0x6763,
0x876b,
0xc773,
0xea7b,
0xaa73,
0xaa4a,
0x5a6b,
0x9973,
0x9973,
0x9973,
0x9973,
0x9973,
0x9973,
0x9973,
0x9973,
0x9973,
0x9973,
0x9973,
0x9973,
0x9973,
0x9973,
0x9973,
0x9973,
0x9973,
0x9973,
0x9973,
0x9973,
0x9973,
0x9973,
0x9973,
0x9973,
0x9973,
0x9973,
0x9973,
0x9973,
0x9973,
0x9973,
0x9973,
0x9973,
0x9973,
0x9973,
0x9973,
0x9973,
0x9973,
0x9973,
0x9973,
0x9973,
0x7a6b,
0xb773,
0x8663,
0x8663,
0x6763,
0x665b,
0x455b,
0x6663,
0x876b,
0x465b,
0x244b,
0x244b,
0x054b,
0x2663,
0x476b,
0x4663,
0x6563,
0xa74a,
0x0753,
0x666b,
0x686b,
0x8873,
0x887b,
0xa87b,
0x6873,
0x8663,
0xe742,
0xd86b,
0x9973,
0x9973,
0x9973,
0x9973,
0x9973,
0x9973,
0x9973,
0x9973,
0x9973,
0x9973,
0x9973,
0xb973,
0x9973,
0x9973,
0x9973,
0x9973,
0x9973,
0x9973,
0x9973,
0x9973,
0x9973,
0x9973,
0x9973,
0x9973,
0x9973,
0x9973,
0x9973,
0x9973,
0x9973,
0x9973,
0x9973,
0x9973,
0x9973,
0x9973,
0x9973,
0x9973,
0x9973,
0x9973,
0x9973,
0x9973,
0x9973,
0x9973,
0x9973,
0x9973,
0x9973,
0x9973,
0x9973,
0x9973,
0x9973,
0x9973,
0x9973,
0x9973,
0x9973,
0x9973,
0x9973,
0x9973,
0x9973,
0x986b,
0x8742,
0x484b,
0x8d2a,
0x786b,
0x3a6b,
0x7a6b,
0x5a6b,
0x5a6b,
0x9973,
0x9973,
0x7a6b,
0x9973,
0xb973,
0x9973,
0x683a,
0x5784,
0x387c,
0x4932,
0xd973,
0x9973,
0x9973,
0x9973,
0x9973,
0x9973,
0x7a73,
0xb973,
0x1974,
0x1974,
0x787c,
0x796b,
0x7584,
0x8863,
0xe86b,
0x875b,
0x875b,
0xe542,
0xe442,
0x2343,
0x863a,
0xf773,
0x187c,
0xe929,
0x4932,
0x6732,
0x787c,
0x7a6b,
0x587c,
0xf973,
0x7a6b,
0x9973,
0x9973,
0x9973,
0x9973,
0x9973,
0x9973,
0x9973,
0x9973,
0x9973,
0x9973,
0x9973,
0x9973,
0x9973,
0x9973,
0x9973,
0x9973,
0x9973,
0x9973,
0x9973,
0x9973,
0x9973,
0x9973,
0x9973,
0x9973,
0x9973,
0x9973,
0x9973,
0x9973,
0x9973,
0x9973,
0x9973,
0x9973,
0x9973,
0x9973,
0x9973,
0x9973,
0x9973,
0x9973,
0x9973,
0x9973,
0x9973,
0x9973,
0x9973,
0x9973,
0x9973,
0x9973,
0x9973,
0x9973,
0x9973,
0x9973,
0x9973,
0x9973,
0x9973,
0x9973,
0x9973,
0x9973,
0x9973,
0x9973,
0x9973,
0x9973,
0x9973,
0x9973,
0x9973,
0x9973,
0x9973,
0x9973,
0x9973,
0x9973,
0x9973,
0x9973,
0x9973,
0x9973,
0x9973,
0x9973,
0x9973,
0x9973,
0x9973,
0x9973,
0x9973,
0x9973,
0x9973,
0x9973,
0x9973,
0x9973,
0x9973,
0x9973,
0x9973,
0x9973,
0x9973,
0x9973,
0x9973,
0x9973,
0x9973,
0x9973,
0x9973,
0x9973,
0x9973,
0x9973,
0x9973,
0x9973,
0x9973,
0x9973,
0x9973,
0x9973,
0x9973,
0x9973,
0x9973,
0x9973,
0x9973,
0xb973,
0x3a63,
0x558c,
0x2e8c,
0x876b,
0x265b,
0x244b,
0x244b,
0x2443,
0x0443,
0x043b,
0x043b,
0x043b,
0xe43a,
0x0443,
0xe43a,
0x043b,
0x2443,
0x043b,
0x0443,
0x2443,
0x0443,
0x043b,
0x2443,
0x043b,
0x2443,
0x2443,
0x2443,
0x4443,
0x6553,
0x6553,
0xa55b,
0xa563,
0x8663,
0x8663,
0x4663,
0x455b,
0x6663,
0x6663,
0x8873,
0x8873,
0xa873,
0xeb83,
0xea8b,
0x8763,
0xb86b,
0x7a73,
0x9973,
0x9973,
0x9973,
0x9973,
0x9973,
0x9973,
0x9973,
0x9973,
0x9973,
0x9973,
0x9973,
0x9973,
0x9973,
0x9973,
0x9973,
0x9973,
0x9973,
0x9973,
0x9973,
0x9973,
0x9973,
0x9973,
0x9973,
0x9973,
0x9973,
0x9973,
0x9973,
0x9973,
0x9973,
0x9973,
0x9973,
0x9973,
0x9973,
0x9973,
0x9973,
0x9973,
0x9973,
0x9973,
0x9973,
0x9973,
0x3a6b,
0xc74a,
0x8563,
0x4663,
0x255b,
0x455b,
0x4663,
0x6773,
0x4663,
0x455b,
0x465b,
0x876b,
0x476b,
0x476b,
0x6663,
0x6563,
0xe652,
0x874a,
0x666b,
0x476b,
0x6873,
0x6773,
0xea93,
0x8873,
0x845b,
0x264b,
0xb873,
0x7a73,
0x9973,
0x9973,
0x9973,
0x9973,
0x9973,
0x9973,
0x9973,
0x9973,
0x9973,
0x9973,
0xb973,
0x9973,
0x9973,
0x9973,
0x9973,
0x9973,
0x9973,
0x9973,
0x9973,
0x9973,
0x9973,
0x9973,
0x9973,
0x9973,
0x9973,
0x9973,
0x9973,
0x9973,
0x9973,
0x9973,
0x9973,
0x9973,
0x9973,
0x9973,
0x9973,
0x9973,
0x9973,
0x9973,
0x9973,
0x9973,
0x9973,
0x9973,
0x9973,
0x9973,
0x9973,
0x9973,
0x9973,
0x9973,
0x9973,
0x9973,
0x9973,
0x9973,
0x9973,
0x9973,
0x9973,
0x9973,
0x9973,
0x5a6b,
0x2a2a,
0x6653,
0x264b,
0x693a,
0x567c,
0x6942,
0x9584,
0x377c,
0xd973,
0xb973,
0xb973,
0x7a73,
0xb973,
0x9973,
0x1974,
0xb973,
0x7a6b,
0xb973,
0x9973,
0x9973,
0x9973,
0x9973,
0x9973,
0x9973,
0xd973,
0x9973,
0xd784,
0xaa32,
0x5a6b,
0xbb5a,
0x1374,
0x8553,
0x875b,
0xc863,
0x8753,
0x2653,
0x2553,
0x4453,
0xe64a,
0x177c,
0x7784,
0x2932,
0x187c,
0x7a73,
0x7a73,
0x387c,
0x2932,
0xf973,
0xb973,
0x7a73,
0x9973,
0x9973,
0x9973,
0x9973,
0x9973,
0x9973,
0x9973,
0x9973,
0x9973,
0x9973,
0x9973,
0x9973,
0x9973,
0x9973,
0x9973,
0x9973,
0x9973,
0x9973,
0x9973,
0x9973,
0x9973,
0x9973,
0x9973,
0x9973,
0x9973,
0x9973,
0x9973,
0x9973,
0x9973,
0x9973,
0x9973,
0x9973,
0x9973,
0x9973,
0x9973,
0x9973,
0x9973,
0x9973,
0x9973,
0x9973,
0x9973,
0x9973,
0x9973,
0x9973,
0x9973,
0x9973,
0x9973,
0x9973,
0x9973,
0x9973,
0x9973,
0x9973,
0x9973,
0x9973,
0x9973,
0x9973,
0x9973,
0x9973,
0x9973,
0x9973,
0x9973,
0x9973,
0x9973,
0x9973,
0x9973,
0x9973,
0x9973,
0x9973,
0x9973,
0x9973,
0x9973,
0x9973,
0x9973,
0x9973,
0x9973,
0x9973,
0x9973,
0x9973,
0x9973,
0x9973,
0x9973,
0x9973,
0x9973,
0x9973,
0x9973,
0x9973,
0x9973,
0x9973,
0x9973,
0x9973,
0x9973,
0x9973,
0x9973,
0x9973,
0x9973,
0x9973,
0x9973,
0x9973,
0x9973,
0x9973,
0x9973,
0x9973,
0x9973,
0x9973,
0x9973,
0x9973,
0x9973,
0x9973,
0xb973,
0x1a63,
0xb673,
0x8a73,
0x276b,
0x044b,
0x2443,
0x2443,
0x2443,
0x0443,
0x043b,
0x0443,
0x0443,
0xe442,
0xe43a,
0x0443,
0x0443,
0x0443,
0x0443,
0x0443,
0x043b,
0x043b,
0x0443,
0x2443,
0x2443,
0x2443,
0x2443,
0x4443,
0x444b,
0x855b,
0xa663,
0xa663,
0x676b,
0x666b,
0x6663,
0x666b,
0x476b,
0x686b,
0xa97b,
0x6873,
0x8873,
0xa97b,
0xa873,
0xa663,
0x1774,
0x7a6b,
0x9973,
0x9973,
0x9973,
0x9973,
0x9973,
0x9973,
0x9973,
0x9973,
0x9973,
0x9973,
0x9973,
0x9973,
0x9973,
0x9973,
0x9973,
0x9973,
0x9973,
0x9973,
0x9973,
0x9973,
0x9973,
0x9973,
0x9973,
0x9973,
0x9973,
0x9973,
0x9973,
0x9973,
0x9973,
0x9973,
0x9973,
0x9973,
0x9973,
0x9973,
0x9973,
0x9973,
0x9973,
0x9973,
0x9973,
0x9973,
0x7a6b,
0x3584,
0x665b,
0x265b,
0x4663,
0x4663,
0x2563,
0x2663,
0x2663,
0x2663,
0x2663,
0x476b,
0x4873,
0x476b,
0x6663,
0x655b,
0x6563,
0x684a,
0x2763,
0xa873,
0x676b,
0x687b,
0x897b,
0x4663,
0x655b,
0x655b,
0x7674,
0x7a6b,
0x9973,
0x9973,
0x9973,
0x9973,
0x9973,
0x9973,
0x9973,
0x9973,
0x9973,
0x9973,
0x9973,
0x9973,
0x9973,
0x9973,
0x9973,
0x9973,
0x9973,
0x9973,
0x9973,
0x9973,
0x9973,
0x9973,
0x9973,
0x9973,
0x9973,
0x9973,
0x9973,
0x9973,
0x9973,
0x9973,
0x9973,
0x9973,
0x9973,
0x9973,
0x9973,
0x9973,
0x9973,
0x9973,
0x9973,
0x9973,
0x9973,
0x9973,
0x9973,
0x9973,
0x9973,
0x9973,
0x9973,
0x9973,
0x9973,
0x9973,
0x9973,
0x9973,
0x9973,
0x9973,
0x9973,
0x9973,
0x9973,
0x9973,
0xb973,
0x9584,
0x8742,
0xe642,
0xe642,
0x865b,
0xa55b,
0x2653,
0x693a,
0x1874,
0xd973,
0xb973,
0xd87b,
0x9973,
0x1974,
0xb973,
0xd973,
0xb973,
0x7a6b,
0x187c,
0xf873,
0xb973,
0xb973,
0x1874,
0xd784,
0x7a73,
0xb973,
0xf973,
0x9973,
0xac32,
0x2843,
0x254b,
0x244b,
0x4453,
0x865b,
0x875b,
0x4953,
0x264b,
0xc542,
0xd773,
0x3b6b,
0x5a6b,
0x9973,
0x9973,
0x9973,
0x9973,
0xb973,
0x977c,
0x587c,
0x387c,
0xb973,
0x9973,
0x9973,
0x9973,
0x9973,
0x9973,
0x9973,
0x9973,
0x9973,
0x9973,
0x9973,
0x9973,
0x9973,
0x9973,
0x9973,
0x9973,
0x9973,
0x9973,
0x9973,
0x9973,
0x9973,
0x9973,
0x9973,
0x9973,
0x9973,
0x9973,
0x9973,
0x9973,
0x9973,
0x9973,
0x9973,
0x9973,
0x9973,
0x9973,
0x9973,
0x9973,
0x9973,
0x9973,
0x9973,
0x9973,
0x9973,
0x9973,
0x9973,
0x9973,
0x9973,
0x9973,
0x9973,
0x9973,
0x9973,
0x9973,
0x9973,
0x9973,
0x9973,
0x9973,
0x9973,
0xb973,
0x9973,
0x9973,
0x9973,
0x9973,
0x9973,
0x9973,
0x9973,
0x9973,
0x9973,
0x9973,
0x9973,
0x9973,
0x9973,
0x9973,
0x9973,
0x9973,
0x9973,
0x9973,
0x9973,
0x9973,
0x9973,
0x9973,
0x9973,
0x9973,
0x9973,
0x9973,
0x9973,
0x9973,
0x9973,
0x9973,
0x9973,
0x9973,
0x9973,
0x9973,
0x9973,
0x9973,
0x9973,
0x9973,
0x9973,
0x9973,
0x9973,
0x9973,
0x9973,
0x9973,
0x9973,
0x9973,
0x9973,
0x9973,
0x9973,
0x9973,
0x9973,
0x9973,
0x9973,
0xb973,
0x3b63,
0x9494,
0xaa7b,
0x065b,
0x2443,
0x444b,
0x2443,
0x2443,
0x0443,
0x0443,
0x0443,
0x0443,
0x2443,
0x2443,
0x2443,
0x244b,
0x0443,
0x0443,
0xe43a,
0x043b,
0x2443,
0x2443,
0x2443,
0x4443,
0x4443,
0x2443,
0x244b,
0x6553,
0x8663,
0x876b,
0x666b,
0x676b,
0x476b,
0x4663,
0x4663,
0x8973,
0x897b,
0x8983,
0xa983,
0xc97b,
0xe66b,
0x4753,
0x786b,
0x9973,
0x9973,
0x9973,
0x9973,
0x9973,
0x9973,
0x9973,
0x9973,
0x9973,
0x9973,
0x9973,
0x9973,
0x9973,
0x9973,
0x9973,
0x9973,
0x9973,
0x9973,
0x9973,
0x9973,
0x9973,
0x9973,
0x9973,
0x9973,
0x9973,
0x9973,
0x9973,
0x9973,
0x9973,
0x9973,
0x9973,
0x9973,
0x9973,
0x9973,
0x9973,
0x9973,
0x9973,
0x9973,
0x9973,
0x9973,
0x9973,
0x7a6b,
0xd67b,
0x465b,
0x455b,
0x4663,
0x4663,
0x4663,
0x4663,
0x276b,
0x266b,
0x0663,
0x266b,
0x276b,
0x4663,
0x465b,
0x2663,
0xe652,
0x065b,
0x0863,
0xa87b,
0x8873,
0xa97b,
0x4663,
0x6553,
0x6663,
0x665b,
0x1774,
0x7a73,
0x9973,
0x9973,
0x9973,
0x9973,
0x9973,
0x9973,
0x9973,
0x9973,
0x9973,
0x9973,
0x9973,
0x9973,
0x9973,
0x9973,
0x9973,
0x9973,
0x9973,
0x9973,
0x9973,
0x9973,
0x9973,
0x9973,
0x9973,
0x9973,
0x9973,
0x9973,
0x9973,
0x9973,
0x9973,
0x9973,
0x9973,
0x9973,
0x9973,
0x9973,
0x9973,
0x9973,
0x9973,
0x9973,
0x9973,
0x9973,
0x9973,
0x9973,
0x9973,
0x9973,
0x9973,
0x9973,
0x9973,
0x9973,
0x9973,
0x9973,
0x9973,
0x9973,
0x9973,
0x9973,
0x9973,
0x9973,
0x9973,
0x9973,
0x9973,
0x5a6b,
0x5a6b,
0x596b,
0x786b,
0xf67b,
0x7584,
0xb584,
0x283a,
0xd68c,
0x0932,
0x673a,
0x093a,
0xb68c,
0x283a,
0x968c,
0x377c,
0x3784,
0x4842,
0x4842,
0x387c,
0xb973,
0xb973,
0xd973,
0xb973,
0x9973,
0x9973,
0x7a73,
0x9a6b,
0xf78c,
0x693a,
0x367c,
0x683a,
0x4553,
0x6553,
0xc84a,
0x3863,
0xf673,
0x0543,
0xc542,
0xd873,
0xd973,
0x1974,
0xb973,
0xb973,
0x9973,
0x7a73,
0xf973,
0x587c,
0x1874,
0x787c,
0x787c,
0x7a73,
0x9973,
0x9973,
0x9973,
0x9973,
0x9973,
0x9973,
0x9973,
0x9973,
0x9973,
0x9973,
0x9973,
0x9973,
0x9973,
0x9973,
0x9973,
0x9973,
0x9973,
0x9973,
0x9973,
0x9973,
0x9973,
0x9973,
0x9973,
0x9973,
0x9973,
0x9973,
0x9973,
0x9973,
0x9973,
0x9973,
0x9973,
0x9973,
0x9973,
0x9973,
0x9973,
0x9973,
0x9973,
0x9973,
0x9973,
0x9973,
0x9973,
0x9973,
0x9973,
0x9973,
0x9973,
0x9973,
0x9973,
0x9973,
0x9973,
0x9973,
0x9973,
0x9973,
0x9973,
0xb973,
0x9973,
0x9973,
0x9973,
0x9973,
0x9973,
0x9973,
0x9973,
0x9973,
0x9973,
0x9973,
0x9973,
0x9973,
0x9973,
0x9973,
0x9973,
0x9973,
0x9973,
0x9973,
0x9973,
0x9973,
0x9973,
0x9973,
0x9973,
0x9973,
0x9973,
0x9973,
0x9973,
0x9973,
0x9973,
0x9973,
0x9973,
0x9973,
0x9973,
0x9973,
0x9973,
0x9973,
0x9973,
0x9973,
0x9973,
0x9973,
0x9973,
0x9973,
0x9973,
0x9973,
0x9973,
0x9973,
0x9973,
0x9973,
0x9973,
0x9973,
0x9973,
0x9973,
0x9973,
0x796b,
0xb773,
0x8b7b,
0x6873,
0x2553,
0x2443,
0x0443,
0x2443,
0x244b,
0x2443,
0x0443,
0x4453,
0x4453,
0x2443,
0x2443,
0x444b,
0x4453,
0x0443,
0x043b,
0x0443,
0x444b,
0x644b,
0x6553,
0x6553,
0x4443,
0x2443,
0x444b,
0x4553,
0x6663,
0x6763,
0x8873,
0x8973,
0x686b,
0x4663,
0x696b,
0x8a7b,
0xaa83,
0xaa83,
0xa97b,
0x2774,
0xe663,
0x557c,
0x7a6b,
0x9973,
0x9973,
0x9973,
0x9973,
0x9973,
0x9973,
0x9973,
0x9973,
0x9973,
0x9973,
0x9973,
0x9973,
0x9973,
0x9973,
0x9973,
0x9973,
0x9973,
0x9973,
0x9973,
0x9973,
0x9973,
0x9973,
0x9973,
0x9973,
0x9973,
0x9973,
0x9973,
0x9973,
0x9973,
0x9973,
0x9973,
0x9973,
0x9973,
0x9973,
0x9973,
0x9973,
0x9973,
0x9973,
0x9973,
0x9973,
0x9973,
0x7a6b,
0xd67b,
0x875b,
0x8663,
0x6663,
0x4663,
0x4663,
0x4663,
0x276b,
0x266b,
0x2663,
0x2663,
0x255b,
0x4563,
0x476b,
0x265b,
0x265b,
0x676b,
0x476b,
0x476b,
0x2763,
0xe75a,
0x4563,
0x655b,
0x6663,
0x8663,
0x293a,
0x5a6b,
0x9973,
0x9973,
0x9973,
0x9973,
0xb973,
0xb973,
0x9973,
0x9973,
0xb973,
0x9973,
0x9973,
0x9973,
0x9973,
0x9973,
0x9973,
0x9973,
0x9973,
0x9973,
0x9973,
0x9973,
0x9973,
0x9973,
0x9973,
0x9973,
0x9973,
0x9973,
0x9973,
0x9973,
0x9973,
0x9973,
0x9973,
0x9973,
0x9973,
0x9973,
0x9973,
0x9973,
0x9973,
0x9973,
0x9973,
0x9973,
0x9973,
0x9973,
0x9973,
0x9973,
0x9973,
0x9973,
0x9973,
0x9973,
0x9973,
0x9973,
0x9973,
0x9973,
0x9973,
0x9973,
0x9973,
0x9973,
0x9973,
0x9973,
0x9973,
0x9973,
0x9973,
0x9973,
0x9973,
0x7a6b,
0x7a6b,
0x5a6b,
0x7a6b,
0x7a73,
0xb973,
0xb973,
0x9973,
0x4842,
0xb594,
0x9973,
0x9973,
0xa84a,
0x4942,
0xb973,
0x9973,
0x9973,
0x9973,
0x5a6b,
0x5a73,
0x5a73,
0x9973,
0x9973,
0x7973,
0x1b6b,
0x3b6b,
0x7a6b,
0x396b,
0x2e33,
0xaf33,
0xb86c,
0x9973,
0x7a6b,
0x377c,
0xc53a,
0xc53a,
0xd684,
0xf973,
0xb973,
0x9973,
0x9973,
0x9973,
0x9973,
0x9973,
0x9973,
0xb784,
0x987c,
0xd973,
0x9973,
0x9973,
0xb973,
0xb973,
0x9973,
0x9973,
0x9973,
0x9973,
0x9973,
0x9973,
0x9973,
0x9973,
0x9973,
0x9973,
0x9973,
0x9973,
0x9973,
0x9973,
0x9973,
0x9973,
0x9973,
0x9973,
0x9973,
0x9973,
0x9973,
0x9973,
0x9973,
0x9973,
0x9973,
0x9973,
0x9973,
0x9973,
0x9973,
0x9973,
0x9973,
0x9973,
0x9973,
0x9973,
0x9973,
0x9973,
0x9973,
0x9973,
0x9973,
0x9973,
0x9973,
0x9973,
0x9973,
0x9973,
0x9973,
0x9973,
0x9973,
0x9973,
0x9973,
0x9973,
0x9973,
0x9973,
0x9973,
0x9973,
0x9973,
0x9973,
0x9973,
0x9973,
0x9973,
0x9973,
0x9973,
0x9973,
0x9973,
0x9973,
0x9973,
0x9973,
0x9973,
0x9973,
0x9973,
0x9973,
0x9973,
0x9973,
0x9973,
0x9973,
0x9973,
0x9973,
0x9973,
0x9973,
0x9973,
0x9973,
0x9973,
0x9973,
0x9973,
0x9973,
0x9973,
0x9973,
0x9973,
0x9973,
0x9973,
0x9973,
0x9973,
0x9973,
0x9973,
0x9973,
0x9973,
0x9973,
0x9973,
0x9973,
0x9973,
0x9973,
0x9973,
0x9973,
0x9973,
0xb973,
0xfb5a,
0x7394,
0xca83,
0x2763,
0x0443,
0x0443,
0x244b,
0x244b,
0x044b,
0x244b,
0x444b,
0x2443,
0x2443,
0x2443,
0x2443,
0x855b,
0x6553,
0x043b,
0x0443,
0x454b,
0x444b,
0x6553,
0x865b,
0x2443,
0x254b,
0x465b,
0x265b,
0x4663,
0x6763,
0x8873,
0xa97b,
0x4663,
0x276b,
0x697b,
0x8a83,
0x6873,
0xa773,
0xc773,
0xc663,
0x2a32,
0x5a6b,
0x9973,
0x9973,
0x9973,
0x9973,
0x9973,
0x9973,
0x9973,
0x9973,
0x9973,
0x9973,
0x9973,
0x9973,
0x9973,
0x9973,
0x9973,
0x9973,
0x9973,
0x9973,
0x9973,
0x9973,
0x9973,
0x9973,
0x9973,
0x9973,
0x9973,
0x9973,
0x9973,
0x9973,
0x9973,
0x9973,
0x9973,
0x9973,
0x9973,
0x9973,
0x9973,
0x9973,
0x9973,
0x9973,
0x9973,
0x9973,
0x9973,
0x9973,
0xb973,
0x3a6b,
0x8842,
0x866b,
0x2663,
0x265b,
0x255b,
0x2663,
0x2763,
0x2663,
0x2663,
0x255b,
0x2663,
0x2663,
0x2663,
0x4563,
0x476b,
0x075b,
0x276b,
0x476b,
0x4763,
0x8852,
0x4663,
0x6663,
0x676b,
0x876b,
0x465b,
0xf773,
0x7a73,
0xb973,
0x9973,
0x9973,
0x9973,
0x9973,
0x9973,
0x7a73,
0x9973,
0x9973,
0x9973,
0x9973,
0x9973,
0x9973,
0x9973,
0x9973,
0x9973,
0x9973,
0x9973,
0x9973,
0x9973,
0x9973,
0x9973,
0x9973,
0x9973,
0x9973,
0x9973,
0x9973,
0x9973,
0x9973,
0x9973,
0x9973,
0x9973,
0x9973,
0x9973,
0x9973,
0x9973,
0x9973,
0x9973,
0x9973,
0x9973,
0x9973,
0x9973,
0x9973,
0x9973,
0x9973,
0x9973,
0x9973,
0x9973,
0x9973,
0x9973,
0x9973,
0x9973,
0x9973,
0x9973,
0x9973,
0x9973,
0x9973,
0x9973,
0x9973,
0x9973,
0x9973,
0x9973,
0x9973,
0x9973,
0x9973,
0x9973,
0x9973,
0x9973,
0x9973,
0x9973,
0x9973,
0xd87b,
0x9973,
0x387c,
0x387c,
0x5a6b,
0x9973,
0x9973,
0x9973,
0xb973,
0x777c,
0xb774,
0x9874,
0x7a63,
0x5a63,
0xf96b,
0xd973,
0x9973,
0xb973,
0x5a73,
0x586c,
0x0d2b,
0x796c,
0x9973,
0xb973,
0x7973,
0x996b,
0x1874,
0x977c,
0xd973,
0xd973,
0xf973,
0x9973,
0x9973,
0x9973,
0x9973,
0x9973,
0x9973,
0xd973,
0x387c,
0x9973,
0x9973,
0xd973,
0xd973,
0x9973,
0x9973,
0x9973,
0x9973,
0x9973,
0x9973,
0x9973,
0x9973,
0x9973,
0x9973,
0x9973,
0x9973,
0x9973,
0x9973,
0x9973,
0x9973,
0x9973,
0x9973,
0x9973,
0x9973,
0x9973,
0x9973,
0x9973,
0x9973,
0x9973,
0x9973,
0x9973,
0x9973,
0x9973,
0x9973,
0x9973,
0x9973,
0x9973,
0x9973,
0x9973,
0x9973,
0x9973,
0x9973,
0x9973,
0x9973,
0x9973,
0x9973,
0x9973,
0x9973,
0x9973,
0x9973,
0x9973,
0x9973,
0x9973,
0x9973,
0x9973,
0x9973,
0x9973,
0x9973,
0x9973,
0x9973,
0x9973,
0x9973,
0x9973,
0x9973,
0x9973,
0x9973,
0x9973,
0x9973,
0x9973,
0x9973,
0x9973,
0x9973,
0x9973,
0x9973,
0x9973,
0x9973,
0x9973,
0x9973,
0x9973,
0x9973,
0x9973,
0x9973,
0x9973,
0x9973,
0x9973,
0x9973,
0x9973,
0x9973,
0x9973,
0x9973,
0x9973,
0x9973,
0x9973,
0x9973,
0x9973,
0x9973,
0x9973,
0x9973,
0x9973,
0x9973,
0x9973,
0x9973,
0x9973,
0x9973,
0x9973,
0x9973,
0x9973,
0x9973,
0x7973,
0x986b,
0x8d7b,
0xa983,
0x065b,
0x0443,
0x0443,
0x0343,
0x0443,
0x244b,
0x2443,
0x244b,
0x244b,
0x244b,
0x2443,
0x4453,
0x855b,
0x244b,
0x2443,
0x444b,
0x444b,
0x465b,
0x2553,
0x033b,
0x244b,
0x465b,
0x265b,
0x6763,
0x876b,
0x676b,
0xaa7b,
0x6873,
0x486b,
0x4973,
0x6873,
0x676b,
0xa773,
0xc66b,
0x683a,
0x3a63,
0xb973,
0x9973,
0x9973,
0x9973,
0x9973,
0x9973,
0x9973,
0x9973,
0x9973,
0x9973,
0x9973,
0x9973,
0x9973,
0x9973,
0x9973,
0x9973,
0x9973,
0x9973,
0x9973,
0x9973,
0x9973,
0x9973,
0x9973,
0x9973,
0x9973,
0x9973,
0x9973,
0x9973,
0x9973,
0x9973,
0x9973,
0x9973,
0x9973,
0x9973,
0x9973,
0x9973,
0x9973,
0x9973,
0x9973,
0x9973,
0x9973,
0x9973,
0x9973,
0x9973,
0x3a6b,
0x884a,
0x666b,
0x286b,
0x286b,
0x2663,
0x2663,
0x2663,
0x076b,
0x0663,
0x055b,
0x2663,
0x2663,
0x2663,
0x2663,
0x2663,
0x065b,
0x476b,
0x676b,
0x6873,
0x4842,
0x265b,
0x4663,
0x676b,
0x676b,
0x465b,
0xf773,
0x7a6b,
0xd973,
0xb973,
0x9973,
0x9973,
0x9973,
0xf87b,
0xf87b,
0x7a6b,
0x9973,
0x9973,
0x9973,
0x9973,
0x9973,
0x9973,
0x9973,
0x9973,
0x9973,
0x9973,
0x9973,
0x9973,
0x9973,
0x9973,
0x9973,
0x9973,
0x9973,
0x9973,
0x9973,
0x9973,
0x9973,
0x9973,
0x9973,
0x9973,
0x9973,
0x9973,
0x9973,
0x9973,
0x9973,
0x9973,
0x9973,
0x9973,
0x9973,
0x9973,
0x9973,
0x9973,
0x9973,
0x9973,
0x9973,
0x9973,
0x9973,
0xb973,
0x9973,
0x9973,
0x9973,
0x9973,
0x9973,
0x9973,
0x9973,
0x9973,
0x9973,
0x9973,
0x9973,
0x9973,
0x9973,
0x9973,
0x9973,
0x9973,
0x9973,
0x9973,
0x9973,
0x9973,
0x9973,
0x9973,
0x9973,
0xb973,
0x7a6b,
0x9973,
0x9973,
0x9973,
0x9973,
0x996b,
0xea3a,
0xec4b,
0x6953,
0xe952,
0xca3a,
0x0a3b,
0x577c,
0x7a6b,
0xb973,
0x7a6b,
0xb67c,
0x2653,
0x9874,
0x7a73,
0x9973,
0x9973,
0x9973,
0x7a73,
0x7a6b,
0x9973,
0x9973,
0x1974,
0xb973,
0x9973,
0x9973,
0x9973,
0x9973,
0xd973,
0x9973,
0x7a73,
0x9973,
0x9973,
0x9973,
0xb973,
0x9973,
0x9973,
0x9973,
0x9973,
0x9973,
0x9973,
0x9973,
0x9973,
0x9973,
0x9973,
0x9973,
0x9973,
0x9973,
0x9973,
0x9973,
0xb973,
0x9973,
0x9973,
0xb973,
0xb973,
0x9973,
0x9973,
0x9973,
0x9973,
0x9973,
0x9973,
0x9973,
0x9973,
0x9973,
0x9973,
0x9973,
0x9973,
0x9973,
0x9973,
0x9973,
0x9973,
0x9973,
0x9973,
0x9973,
0x9973,
0x9973,
0x9973,
0x9973,
0x9973,
0x9973,
0x9973,
0x9973,
0x9973,
0x9973,
0x9973,
0x9973,
0x9973,
0x9973,
0x9973,
0x9973,
0x9973,
0x9973,
0x9973,
0x9973,
0x9973,
0x9973,
0x9973,
0x9973,
0x9973,
0x9973,
0x9973,
0x9973,
0x9973,
0x9973,
0x9973,
0x9973,
0x9973,
0x9973,
0x9973,
0x9973,
0x9973,
0x9973,
0x9973,
0x9973,
0x9973,
0x9973,
0x9973,
0x9973,
0x9973,
0x9973,
0x9973,
0x9973,
0x9973,
0x9973,
0x9973,
0x9973,
0x9973,
0x9973,
0x9973,
0x9973,
0x9973,
0x9973,
0x9973,
0x9973,
0x9973,
0x9973,
0x9973,
0x9973,
0x9973,
0xb973,
0x3b63,
0x548c,
0xeb8b,
0x897b,
0x065b,
0xe55a,
0x265b,
0x2443,
0x0343,
0x244b,
0x4553,
0x4663,
0x465b,
0x2553,
0x244b,
0x454b,
0x6553,
0x4553,
0x465b,
0x2553,
0x6763,
0x265b,
0x244b,
0x465b,
0x4763,
0x475b,
0x686b,
0x676b,
0x6763,
0xa97b,
0x8973,
0x6873,
0x6a7b,
0x4873,
0x476b,
0x866b,
0xa742,
0x9973,
0x9973,
0x9973,
0x9973,
0x9973,
0x9973,
0x9973,
0x9973,
0x9973,
0x9973,
0x9973,
0x9973,
0x9973,
0x9973,
0x9973,
0x9973,
0x9973,
0x9973,
0x9973,
0x9973,
0x9973,
0x9973,
0x9973,
0x9973,
0x9973,
0x9973,
0x9973,
0x9973,
0x9973,
0x9973,
0x9973,
0x9973,
0x9973,
0x9973,
0x9973,
0x9973,
0x9973,
0x9973,
0x9973,
0x9973,
0x9973,
0x9973,
0x9973,
0x9973,
0x9973,
0x5a63,
0x7494,
0xa873,
0x476b,
0x4873,
0x476b,
0x4663,
0x4763,
0x265b,
0x6873,
0x4873,
0x255b,
0x255b,
0x2663,
0x055b,
0x2763,
0x466b,
0x476b,
0x476b,
0x6873,
0x687b,
0x8852,
0x055b,
0x455b,
0x676b,
0x676b,
0x6763,
0xd673,
0x7a6b,
0x9973,
0xb973,
0xb973,
0x9973,
0x5a63,
0x894a,
0xa95a,
0x3a63,
0x9973,
0x9973,
0x9973,
0x9973,
0x9973,
0x9973,
0x9973,
0x9973,
0x9973,
0x9973,
0x9973,
0x9973,
0x9973,
0x9973,
0x9973,
0x9973,
0x9973,
0x9973,
0x9973,
0x9973,
0x9973,
0x9973,
0x9973,
0x9973,
0x9973,
0x9973,
0x9973,
0x9973,
0x9973,
0x9973,
0x9973,
0x9973,
0x9973,
0x9973,
0x9973,
0x9973,
0x9973,
0x9973,
0x9973,
0x9973,
0x9973,
0x9973,
0x9973,
0x9973,
0x9973,
0x9973,
0x9973,
0x9973,
0x9973,
0x9973,
0x9973,
0x9973,
0x9973,
0x9973,
0x9973,
0x9973,
0x9973,
0x9973,
0x9973,
0x9973,
0x9973,
0x9973,
0x9973,
0x9973,
0x9973,
0x9973,
0x9973,
0x7973,
0xb963,
0x5a63,
0x3a6b,
0x5963,
0x095b,
0x897b,
0x6973,
0x897b,
0x6873,
0x4863,
0x3774,
0x7a6b,
0xb973,
0x7a6b,
0x693a,
0x656b,
0x6a32,
0x3a63,
0x9973,
0x9973,
0x9973,
0x9973,
0x9973,
0x9973,
0x9973,
0x7a73,
0x9973,
0x9973,
0x9973,
0x9973,
0x9973,
0x9973,
0x9973,
0x9973,
0x9973,
0x9973,
0x9973,
0xb973,
0xb973,
0x9973,
0x9973,
0x9973,
0x9973,
0x9973,
0x9973,
0x9973,
0x9973,
0x9973,
0x9973,
0x9973,
0x9973,
0x9973,
0x9973,
0x9973,
0x9973,
0x9973,
0xd973,
0x1874,
0x9973,
0x9973,
0x9973,
0x9973,
0x9973,
0x9973,
0x9973,
0x9973,
0x9973,
0x9973,
0x9973,
0x9973,
0x9973,
0x9973,
0x9973,
0x9973,
0x9973,
0x9973,
0x9973,
0x9973,
0x9973,
0x9973,
0x9973,
0x9973,
0x9973,
0x9973,
0x9973,
0x9973,
0x9973,
0x9973,
0x9973,
0x9973,
0x9973,
0x9973,
0x9973,
0x9973,
0x9973,
0x9973,
0x9973,
0x9973,
0x9973,
0x9973,
0x9973,
0x9973,
0x9973,
0x9973,
0x9973,
0x9973,
0x9973,
0x9973,
0x9973,
0x9973,
0x9973,
0x9973,
0x9973,
0x9973,
0x9973,
0x9973,
0x9973,
0x9973,
0x9973,
0x9973,
0x9973,
0x9973,
0x9973,
0x9973,
0x9973,
0x9973,
0x9973,
0x9973,
0x9973,
0x9973,
0x9973,
0x9973,
0x9973,
0x9973,
0x9973,
0x9973,
0x9973,
0x9973,
0x9973,
0x9973,
0x9973,
0x9973,
0x9973,
0x796b,
0xd773,
0x6f9c,
0x2c9c,
0x697b,
0x897b,
0xaa83,
0x897b,
0x0553,
0x0443,
0x4553,
0x6663,
0x665b,
0x2553,
0x2443,
0x0443,
0x454b,
0x6663,
0x6873,
0x676b,
0x6763,
0x676b,
0x886b,
0x8873,
0x686b,
0x686b,
0x886b,
0x676b,
0x686b,
0x897b,
0x897b,
0x6a7b,
0x8a7b,
0x697b,
0x697b,
0x655b,
0x3674,
0x5a6b,
0x9973,
0x9973,
0x9973,
0x9973,
0x9973,
0x9973,
0x9973,
0x9973,
0x9973,
0x9973,
0x9973,
0x9973,
0x9973,
0x9973,
0x9973,
0x9973,
0x9973,
0x9973,
0x9973,
0x9973,
0x9973,
0x9973,
0x9973,
0x9973,
0x9973,
0x9973,
0x9973,
0x9973,
0x9973,
0x9973,
0x9973,
0x9973,
0x9973,
0x9973,
0x9973,
0x9973,
0x9973,
0x9973,
0x9973,
0x9973,
0x9973,
0x9973,
0x9973,
0x9973,
0x1963,
0x8b7b,
0xc873,
0x6873,
0x476b,
0x4763,
0x4763,
0x4763,
0x4763,
0x476b,
0x8a7b,
0x476b,
0x2663,
0x276b,
0x2663,
0x2663,
0x276b,
0x466b,
0x6773,
0x6873,
0x6873,
0x086b,
0x065b,
0x4663,
0x476b,
0x676b,
0x876b,
0x3584,
0x5a6b,
0x9973,
0x9973,
0x9973,
0x1b63,
0x5484,
0x465b,
0xe652,
0x786b,
0x9973,
0x9973,
0x9973,
0x9973,
0x9973,
0x9973,
0x9973,
0x9973,
0x9973,
0x9973,
0x9973,
0x9973,
0x9973,
0x9973,
0x9973,
0x9973,
0x9973,
0x9973,
0x9973,
0x9973,
0x9973,
0x9973,
0x9973,
0x9973,
0x9973,
0x9973,
0x9973,
0x9973,
0x9973,
0x9973,
0x9973,
0x9973,
0x9973,
0x9973,
0x9973,
0x9973,
0x9973,
0x9973,
0x9973,
0x9973,
0x9973,
0x9973,
0x9973,
0x9973,
0x9973,
0x9973,
0x9973,
0x9973,
0x9973,
0x9973,
0x9973,
0x9973,
0x9973,
0x9973,
0x9973,
0x9973,
0x9973,
0x9973,
0x9973,
0x9973,
0x9973,
0x9973,
0x9973,
0x9973,
0xb973,
0x9973,
0x5a73,
0x186c,
0x0a4b,
0xea5a,
0x566c,
0xca4a,
0x887b,
0x8983,
0x8a7b,
0x897b,
0x697b,
0x2a43,
0x3874,
0x7a73,
0xb973,
0x5963,
0xea4a,
0x6773,
0x0953,
0x9674,
0x9973,
0x9973,
0x9973,
0x9973,
0x9973,
0x9973,
0x9973,
0x9973,
0x9973,
0x9973,
0x9973,
0x9973,
0x9973,
0x9973,
0x9973,
0x9973,
0x9973,
0x9973,
0x9973,
0xb973,
0xf973,
0x9973,
0x9973,
0x9973,
0x9973,
0x9973,
0x9973,
0x9973,
0x9973,
0x9973,
0x9973,
0x9973,
0x9973,
0x9973,
0x9973,
0x9973,
0x9973,
0x9973,
0x9973,
0x9973,
0x9973,
0x9973,
0x9973,
0x9973,
0x9973,
0x9973,
0x9973,
0x9973,
0x9973,
0x9973,
0x9973,
0x9973,
0x9973,
0x9973,
0x9973,
0x9973,
0x9973,
0x9973,
0x9973,
0x9973,
0x9973,
0xd973,
0xd973,
0xb973,
0x9973,
0x9973,
0x9973,
0x9973,
0x9973,
0x9973,
0x9973,
0x9973,
0x9973,
0x9973,
0x9973,
0x9973,
0x9973,
0x9973,
0x9973,
0x9973,
0x9973,
0x9973,
0x9973,
0x9973,
0x9973,
0x9973,
0x9973,
0x9973,
0x9973,
0x9973,
0x9973,
0x9973,
0x9973,
0x9973,
0x9973,
0x9973,
0x9973,
0x9973,
0x9973,
0x9973,
0x9973,
0x9973,
0x9973,
0x9973,
0x9973,
0x9973,
0x9973,
0x9973,
0x9973,
0x9973,
0x9973,
0x9973,
0x9973,
0x9973,
0x9973,
0x9973,
0x9973,
0x9973,
0x9973,
0x9973,
0x9973,
0x9973,
0x9973,
0x9973,
0x9973,
0xb973,
0x3a63,
0x9594,
0x4e9c,
0x2c9c,
0x0b94,
0xca8b,
0xcb8b,
0x096b,
0x044b,
0x2443,
0x254b,
0x655b,
0x2443,
0x0443,
0x244b,
0x4553,
0x8663,
0x8763,
0x6763,
0x886b,
0x886b,
0x8973,
0x686b,
0x886b,
0x8973,
0x886b,
0x686b,
0x897b,
0xaa7b,
0x8973,
0x6973,
0x697b,
0x476b,
0x6873,
0x855b,
0x957c,
0x7a73,
0x9973,
0x9973,
0x9973,
0x9973,
0x9973,
0x9973,
0x9973,
0x9973,
0x9973,
0x9973,
0x9973,
0x9973,
0x9973,
0x9973,
0x9973,
0x9973,
0x9973,
0x9973,
0x9973,
0x9973,
0x9973,
0x9973,
0x9973,
0x9973,
0x9973,
0x9973,
0x9973,
0x9973,
0x9973,
0x9973,
0x9973,
0x9973,
0x9973,
0x9973,
0x9973,
0x9973,
0x9973,
0x9973,
0x9973,
0x9973,
0x9973,
0x9973,
0x9973,
0x3a63,
0x1584,
0x4d9c,
0xc97b,
0x8873,
0x686b,
0x6973,
0x6973,
0x8973,
0x686b,
0x6973,
0xaa7b,
0x8973,
0x6873,
0x4873,
0x276b,
0x4873,
0x476b,
0x4663,
0x476b,
0x4763,
0x4663,
0x676b,
0x676b,
0x476b,
0x4663,
0x676b,
0x666b,
0x5584,
0x7a6b,
0x9973,
0x7a6b,
0x7963,
0x3484,
0x296b,
0x687b,
0xe542,
0xf873,
0x7a73,
0x9973,
0x9973,
0x9973,
0x9973,
0x9973,
0x9973,
0x9973,
0x9973,
0x9973,
0x9973,
0x9973,
0x9973,
0x9973,
0x9973,
0x9973,
0x9973,
0x9973,
0x9973,
0x9973,
0x9973,
0x9973,
0x9973,
0x9973,
0x9973,
0x9973,
0x9973,
0x9973,
0x9973,
0x9973,
0x9973,
0x9973,
0x9973,
0x9973,
0x9973,
0x9973,
0x9973,
0x9973,
0x9973,
0x9973,
0x9973,
0x9973,
0x9973,
0x9973,
0x9973,
0x9973,
0x9973,
0x9973,
0x9973,
0x9973,
0x9973,
0x9973,
0x9973,
0x9973,
0x9973,
0x9973,
0x9973,
0x9973,
0x9973,
0x9973,
0x9973,
0x9973,
0x9973,
0x9973,
0x9973,
0xd96b,
0x185c,
0x2a5b,
0x8983,
0xeb93,
0xeb83,
0x0b8c,
0xca8b,
0xaa83,
0xaa83,
0xaa83,
0x8a7b,
0x2a4b,
0x9764,
0x3a63,
0x5a73,
0xd963,
0x2b4b,
0x897b,
0x4873,
0x2863,
0x186c,
0x7a73,
0x9973,
0x9973,
0x9973,
0x9973,
0x9973,
0x9973,
0x9973,
0x9973,
0x9973,
0x9973,
0x9973,
0x9973,
0x9973,
0x9973,
0x9973,
0x9973,
0x7a73,
0x977c,
0x587c,
0x9973,
0x9973,
0x9973,
0x9973,
0x9973,
0x9973,
0x9973,
0x9973,
0x9973,
0x7a73,
0x7a73,
0xd973,
0x9973,
0x9973,
0x9973,
0x9973,
0x9973,
0x9973,
0x9973,
0x9973,
0x9973,
0x9973,
0x9973,
0x9973,
0x9973,
0x9973,
0x9973,
0x9973,
0x9973,
0x9973,
0x9973,
0x9973,
0x9973,
0x9973,
0x9973,
0x9973,
0xb973,
0xb973,
0x9973,
0x9973,
0x9973,
0xd973,
0xd973,
0xb973,
0xb973,
0xb973,
0x9973,
0x9973,
0x9973,
0x9973,
0x9973,
0x9973,
0x9973,
0x9973,
0x9973,
0x9973,
0x9973,
0x9973,
0x9973,
0x9973,
0x9973,
0x9973,
0x9973,
0x9973,
0x9973,
0x9973,
0x9973,
0x9973,
0x9973,
0x9973,
0x9973,
0x9973,
0x9973,
0x9973,
0x9973,
0x9973,
0x9973,
0x9973,
0x9973,
0x9973,
0x9973,
0x9973,
0x9973,
0x9973,
0x9973,
0x9973,
0x9973,
0x9973,
0x9973,
0x9973,
0x9973,
0x9973,
0x9973,
0x9973,
0x9973,
0x9973,
0x9973,
0x9973,
0x9973,
0x9973,
0x9973,
0x9973,
0x9973,
0x9973,
0x9973,
0x9973,
0x3b63,
0x9673,
0x0c6b,
0xb09c,
0xafa4,
0xeb93,
0x4b7b,
0x4873,
0xc442,
0x0443,
0x444b,
0x4553,
0x4553,
0x455b,
0x455b,
0x655b,
0x6763,
0x6663,
0x6663,
0x6763,
0x886b,
0x8973,
0xa973,
0xa973,
0xa86b,
0xa873,
0xa97b,
0x897b,
0xa97b,
0x8973,
0x486b,
0x4763,
0x6663,
0xa663,
0x967c,
0x5a6b,
0x9973,
0x9973,
0x9973,
0x9973,
0x9973,
0x9973,
0x9973,
0x9973,
0x9973,
0x9973,
0x9973,
0x9973,
0x9973,
0x9973,
0x9973,
0x9973,
0x9973,
0x9973,
0x9973,
0x9973,
0x9973,
0x9973,
0x9973,
0x9973,
0x9973,
0x9973,
0x9973,
0x9973,
0x9973,
0x9973,
0x9973,
0x9973,
0x9973,
0x9973,
0x9973,
0x9973,
0x9973,
0x9973,
0x9973,
0x9973,
0x9973,
0x9973,
0xb973,
0x9a52,
0x0d6b,
0x10b5,
0x8973,
0xaa7b,
0xaa7b,
0xca83,
0xaa83,
0xca83,
0xcb83,
0xaa7b,
0xaa83,
0xaa7b,
0xaa7b,
0x697b,
0x897b,
0x286b,
0x486b,
0x6873,
0x8873,
0x8873,
0x686b,
0x6763,
0x6663,
0x255b,
0x655b,
0x8563,
0x6842,
0x5a6b,
0xb973,
0x7a6b,
0x2a3a,
0x0963,
0x897b,
0x8a83,
0x4773,
0x6732,
0x9973,
0x9973,
0x9973,
0x9973,
0x9973,
0x9973,
0x9973,
0x9973,
0xb973,
0x9973,
0x9973,
0x9973,
0x9973,
0x9973,
0x9973,
0x9973,
0x9973,
0x9973,
0x9973,
0x9973,
0x9973,
0x9973,
0x9973,
0x9973,
0x9973,
0x9973,
0x9973,
0x9973,
0x9973,
0x9973,
0x9973,
0x9973,
0x9973,
0x9973,
0x9973,
0x9973,
0x9973,
0x9973,
0x9973,
0x9973,
0x9973,
0x9973,
0x9973,
0x9973,
0x9973,
0x9973,
0x9973,
0x9973,
0x9973,
0x9973,
0x9973,
0x9973,
0x9973,
0x9973,
0x9973,
0x9973,
0x9973,
0x9973,
0x9973,
0x9973,
0x9973,
0x9973,
0x9973,
0x9973,
0x9973,
0xf973,
0xab2a,
0x2a53,
0xaa83,
0xab83,
0xec93,
0xeb93,
0xca8b,
0xeb93,
0xca8b,
0x697b,
0x697b,
0x6a7b,
0xca8b,
0xab73,
0xac3a,
0x6c2a,
0x6e12,
0x8b63,
0x8a83,
0x8a83,
0x4873,
0x967c,
0x7a6b,
0xb973,
0x9973,
0x9973,
0x9973,
0x9973,
0x9973,
0x9973,
0x9973,
0x9973,
0x9973,
0x9973,
0x9973,
0x9973,
0x9973,
0x9973,
0x9973,
0x9973,
0xb973,
0xb884,
0xd973,
0x9973,
0x9973,
0x9973,
0x9973,
0x9973,
0x9973,
0x9973,
0x5a6b,
0x3874,
0xea29,
0xf973,
0xb973,
0x9973,
0x9973,
0x9973,
0x9973,
0x9973,
0x9973,
0x9973,
0x9973,
0x9973,
0x9973,
0x9973,
0x9973,
0x9973,
0x9973,
0x9973,
0x9973,
0x9973,
0x9973,
0x9973,
0x9973,
0x9973,
0x9973,
0x9973,
0x9973,
0xb973,
0xd973,
0xd973,
0x9973,
0x9973,
0xb973,
0xb973,
0xb973,
0xb973,
0x9973,
0x9973,
0x9973,
0x9973,
0x9973,
0x9973,
0x9973,
0x9973,
0x9973,
0x9973,
0x9973,
0x9973,
0x9973,
0x9973,
0x9973,
0x9973,
0x9973,
0x9973,
0x9973,
0x9973,
0x9973,
0x9973,
0x9973,
0x9973,
0x9973,
0x9973,
0x9973,
0x9973,
0x9973,
0x9973,
0x9973,
0x9973,
0x9973,
0x9973,
0x9973,
0x9973,
0x9973,
0x9973,
0x9973,
0x9973,
0x9973,
0x9973,
0x9973,
0x9973,
0x9973,
0x9973,
0x9973,
0x9973,
0x9973,
0x9973,
0x9973,
0x9973,
0x9973,
0x9973,
0x9973,
0x9973,
0x9973,
0x9973,
0x9973,
0x9973,
0xb973,
0x796b,
0xda52,
0xd57b,
0x0f94,
0xcfac,
0x8ea4,
0x8fa4,
0xcb8b,
0x6973,
0x2553,
0x855b,
0xa76b,
0x655b,
0x4453,
0x2453,
0x0453,
0x2553,
0x6763,
0x686b,
0x8973,
0x8973,
0x8973,
0xa97b,
0xa973,
0xa873,
0x897b,
0x897b,
0x897b,
0x6873,
0x476b,
0x4763,
0xa66b,
0xa663,
0x776c,
0x5a73,
0x9973,
0x9973,
0x9973,
0x9973,
0x9973,
0x9973,
0x9973,
0x9973,
0x9973,
0x9973,
0x9973,
0x9973,
0x9973,
0x9973,
0x9973,
0x9973,
0x9973,
0x9973,
0x9973,
0x9973,
0x9973,
0x9973,
0x9973,
0x9973,
0x9973,
0x9973,
0x9973,
0x9973,
0x9973,
0x9973,
0x9973,
0x9973,
0x9973,
0x9973,
0x9973,
0x9973,
0x9973,
0x9973,
0x9973,
0x9973,
0x9973,
0x9973,
0xb97b,
0x9a52,
0x4d73,
0x30b5,
0xca83,
0x8e9c,
0xd0a4,
0x2c8c,
0xeb83,
0xeb8b,
0xcb83,
0xaa7b,
0xaa7b,
0xca83,
0x8a7b,
0x897b,
0x697b,
0x296b,
0x8a7b,
0x6973,
0x697b,
0x897b,
0x476b,
0x6763,
0x665b,
0x655b,
0xc74a,
0x757c,
0x796b,
0x9973,
0x9973,
0x986b,
0x2963,
0xa983,
0xaa83,
0x6a8b,
0x4663,
0x092a,
0x5a6b,
0x9973,
0x9973,
0x9973,
0x9973,
0x9973,
0x9973,
0x9973,
0xb973,
0x9973,
0x9973,
0x9973,
0x9973,
0x9973,
0x9973,
0x9973,
0x9973,
0x9973,
0x9973,
0x9973,
0x9973,
0x9973,
0x9973,
0x9973,
0x9973,
0x9973,
0x9973,
0x9973,
0x9973,
0x9973,
0x9973,
0x9973,
0x9973,
0x9973,
0x9973,
0x9973,
0x9973,
0x9973,
0x9973,
0x9973,
0x9973,
0x9973,
0x9973,
0x9973,
0x9973,
0x9973,
0x9973,
0x9973,
0x9973,
0x9973,
0x9973,
0x9973,
0x9973,
0x9973,
0x9973,
0x9973,
0x9973,
0x9973,
0x9973,
0x9973,
0x9973,
0x9973,
0xb973,
0xb973,
0x7a73,
0x567c,
0xaa7b,
0xea8b,
0xeb8b,
0x0c94,
0x0c9c,
0x0b94,
0xea93,
0xea93,
0x0b94,
0x8a83,
0xaa83,
0x897b,
0xaa83,
0x8a83,
0xca83,
0xec6b,
0xcd53,
0xeb83,
0x8a83,
0xaa83,
0x8983,
0xa83a,
0xba6b,
0x9973,
0x9973,
0x9973,
0x9973,
0x9973,
0x9973,
0x9973,
0x9973,
0x9973,
0x9973,
0x9973,
0x9973,
0x9973,
0x9973,
0x9973,
0x9973,
0x9973,
0x9973,
0xb973,
0x1974,
0x9973,
0x9973,
0x9973,
0x9973,
0x9973,
0x9973,
0x9973,
0x0932,
0x4932,
0x1974,
0xb973,
0xd973,
0x9973,
0x9973,
0x9973,
0xb973,
0x9973,
0x9973,
0x9973,
0x9973,
0x9973,
0x9973,
0x9973,
0x9973,
0x9973,
0x9973,
0x9973,
0x9973,
0x9973,
0x9973,
0x9973,
0x9973,
0x9973,
0x9973,
0x9973,
0x9973,
0x9973,
0x9973,
0x9973,
0x9973,
0x9973,
0x9973,
0x9973,
0x9973,
0x9973,
0x9973,
0x9973,
0x9973,
0x9973,
0x9973,
0x9973,
0x9973,
0x9973,
0x9973,
0x9973,
0x9973,
0x9973,
0x9973,
0x9973,
0x9973,
0x9973,
0x9973,
0x9973,
0x9973,
0x9973,
0x9973,
0x9973,
0x9973,
0x9973,
0x9973,
0x9973,
0x9973,
0x9973,
0x9973,
0x9973,
0x9973,
0x9973,
0x9973,
0x9973,
0x9973,
0x9973,
0x9973,
0x9973,
0x9973,
0x9973,
0x9973,
0x9973,
0x9973,
0x9973,
0x9973,
0x9973,
0x9973,
0x9973,
0x9973,
0x9973,
0x9973,
0x9973,
0x9973,
0x9973,
0x9973,
0x9973,
0x9973,
0x9973,
0x9973,
0x9973,
0x9973,
0x9973,
0xb973,
0x3a63,
0xd85a,
0x2f94,
0xaeac,
0xf0b4,
0xcfac,
0xab8b,
0x4873,
0x265b,
0x676b,
0x655b,
0x655b,
0x4553,
0x244b,
0x2553,
0x486b,
0x886b,
0x8873,
0x8973,
0x8973,
0x8973,
0x8973,
0x8973,
0x897b,
0x897b,
0x897b,
0x6973,
0x2763,
0x6873,
0xa77b,
0x284b,
0xd963,
0x7a73,
0x9973,
0x9973,
0x9973,
0x9973,
0x9973,
0x9973,
0x9973,
0x9973,
0x9973,
0x9973,
0x9973,
0x9973,
0x9973,
0x9973,
0x9973,
0x9973,
0x9973,
0x9973,
0x9973,
0x9973,
0x9973,
0x9973,
0x9973,
0x9973,
0x9973,
0x9973,
0x9973,
0x9973,
0x9973,
0x9973,
0x9973,
0x9973,
0x9973,
0x9973,
0x9973,
0x9973,
0x9973,
0x9973,
0x9973,
0x9973,
0x9973,
0x9973,
0xb973,
0x3b63,
0x358c,
0xf0ac,
0x4c9c,
0xafa4,
0xd0a4,
0x2d8c,
0xeb8b,
0x2d94,
0x0c8c,
0xcb83,
0x8a7b,
0xeb8b,
0xeb83,
0x897b,
0x6973,
0xaa83,
0xaa83,
0x6973,
0x8a83,
0x697b,
0x2663,
0x465b,
0x655b,
0x6842,
0x3a63,
0x7a6b,
0x9973,
0x9973,
0x9973,
0x796b,
0x0863,
0x697b,
0x6983,
0x697b,
0x054b,
0xf773,
0x7a73,
0x9973,
0x9973,
0x9973,
0x9973,
0x9973,
0x7a73,
0x9973,
0x9973,
0x9973,
0x9973,
0x9973,
0x9973,
0x9973,
0x9973,
0x9973,
0x9973,
0x9973,
0x9973,
0x9973,
0x9973,
0x9973,
0x9973,
0x9973,
0x9973,
0x9973,
0x9973,
0x9973,
0x9973,
0x9973,
0x9973,
0x9973,
0x9973,
0x9973,
0x9973,
0x9973,
0x9973,
0x9973,
0x9973,
0x9973,
0x9973,
0x9973,
0x9973,
0x9973,
0x9973,
0x9973,
0x9973,
0x9973,
0x9973,
0x9973,
0x9973,
0x9973,
0x9973,
0x9973,
0x9973,
0x9973,
0x9973,
0x9973,
0x9973,
0x9973,
0xb973,
0xb973,
0x9973,
0x5a6b,
0xbb52,
0x9294,
0x2c9c,
0x0c9c,
0x2c9c,
0x4c9c,
0x2c9c,
0x0b94,
0xea8b,
0xeb93,
0x2c9c,
0x2c9c,
0xeb93,
0x0a94,
0x4ba4,
0x0b9c,
0x0b9c,
0x0b9c,
0x4ca4,
0xeb93,
0xcb8b,
0xca8b,
0x697b,
0xe752,
0x1964,
0x5a6b,
0x9973,
0x9973,
0x9973,
0x9973,
0x9973,
0x9973,
0x9973,
0x9973,
0x9973,
0x9973,
0x9973,
0x9973,
0x9973,
0xb973,
0x7a73,
0x9973,
0x9973,
0x9973,
0xd973,
0x9973,
0x9973,
0x9973,
0x9973,
0x9973,
0x9973,
0x7a73,
0xd784,
0xb77c,
0x9973,
0x9973,
0xb973,
0x9973,
0x9973,
0xb973,
0xb973,
0x9973,
0x9973,
0x9973,
0x9973,
0x9973,
0x9973,
0x9973,
0x9973,
0x9973,
0x9973,
0x9973,
0x9973,
0x9973,
0x9973,
0x9973,
0x9973,
0x9973,
0x9973,
0x9973,
0x9973,
0x9973,
0x9973,
0x9973,
0x9973,
0x9973,
0x9973,
0x9973,
0x9973,
0x9973,
0x9973,
0x9973,
0x9973,
0x9973,
0x9973,
0x9973,
0x9973,
0x9973,
0x9973,
0x9973,
0x9973,
0x9973,
0x9973,
0x9973,
0x9973,
0x9973,
0x9973,
0x9973,
0x9973,
0x9973,
0x9973,
0x9973,
0x9973,
0x9973,
0x9973,
0x9973,
0x9973,
0x9973,
0x9973,
0x9973,
0x9973,
0x9973,
0x9973,
0x9973,
0x9973,
0x9973,
0x9973,
0x9973,
0x9973,
0x9973,
0x9973,
0x9973,
0x9973,
0x9973,
0x9973,
0x9973,
0x9973,
0x9973,
0x9973,
0x9973,
0x9973,
0x9973,
0x9973,
0x9973,
0x9973,
0x9973,
0x9973,
0x9973,
0x9973,
0x9973,
0x9973,
0x9973,
0x9973,
0xb97b,
0xba52,
0xed6a,
0xd0ac,
0xaeac,
0xf0b4,
0x4d9c,
0x8a83,
0x265b,
0x486b,
0x466b,
0x665b,
0x6553,
0x455b,
0x6763,
0x4763,
0x676b,
0xa973,
0xa97b,
0xa973,
0xa973,
0x8973,
0x897b,
0x8973,
0x8973,
0xa97b,
0x6873,
0x2763,
0x686b,
0x876b,
0x883a,
0x3a6b,
0x9973,
0x9973,
0x9973,
0x9973,
0x9973,
0x9973,
0x9973,
0x9973,
0x9973,
0x9973,
0x9973,
0x9973,
0x9973,
0x9973,
0x9973,
0x9973,
0x9973,
0x9973,
0x9973,
0x9973,
0x9973,
0x9973,
0x9973,
0x9973,
0x9973,
0x9973,
0x9973,
0x9973,
0x9973,
0x9973,
0x9973,
0x9973,
0x9973,
0x9973,
0x9973,
0x9973,
0x9973,
0x9973,
0x9973,
0x9973,
0x9973,
0x9973,
0x9973,
0x9973,
0xb973,
0x9a52,
0x2d73,
0xf0b4,
0x4d9c,
0xcb83,
0x8a7b,
0xeb8b,
0xafa4,
0x6e9c,
0x0c8c,
0xaa7b,
0xeb8b,
0x0c8c,
0xeb83,
0xaa7b,
0x8a7b,
0x6a7b,
0x8a7b,
0xcb8b,
0x8a7b,
0x265b,
0x665b,
0x093a,
0x5a6b,
0x9973,
0x9973,
0x9973,
0x9973,
0xb973,
0x3a63,
0x4942,
0x897b,
0x8a83,
0x4773,
0xa63a,
0x9973,
0x9973,
0x9973,
0x9973,
0x9973,
0x9973,
0x9973,
0xf973,
0x9973,
0x9973,
0x9973,
0x9973,
0xb973,
0xb973,
0x9973,
0x9973,
0x9973,
0x9973,
0x9973,
0x9973,
0x9973,
0x9973,
0x9973,
0x9973,
0x9973,
0x9973,
0x9973,
0x9973,
0x9973,
0x9973,
0x9973,
0x9973,
0x9973,
0x9973,
0x9973,
0x9973,
0x9973,
0x9973,
0x9973,
0x9973,
0x9973,
0x9973,
0x9973,
0x9973,
0x9973,
0x9973,
0x9973,
0x9973,
0x9973,
0x9973,
0x9973,
0x9973,
0x9973,
0x9973,
0x9973,
0x9973,
0x9973,
0x9973,
0x9973,
0xb973,
0x9973,
0x3b63,
0xda52,
0xb863,
0x5584,
0xab5a,
0x4da4,
0x6eac,
0x6fac,
0x4ea4,
0x4da4,
0x4da4,
0x2d9c,
0xec93,
0x0c9c,
0x6eac,
0x6eac,
0xec9b,
0x0b9c,
0x4ca4,
0x6dac,
0x6ca4,
0xeb93,
0x4ca4,
0x6ca4,
0x0b94,
0x697b,
0x4a7b,
0x6a7b,
0x2963,
0x7584,
0xf96b,
0xb973,
0x9973,
0x9973,
0x9973,
0x9973,
0x9973,
0x9973,
0xb973,
0xb973,
0x9973,
0x9973,
0x9973,
0xd973,
0xf973,
0x7a6b,
0x9973,
0x7a73,
0xb973,
0xb973,
0x9973,
0x9973,
0x9973,
0x9973,
0x9973,
0x9973,
0x7a6b,
0x9973,
0x9973,
0x9973,
0x9973,
0x9973,
0x9973,
0xb973,
0x9973,
0x9973,
0x9973,
0x9973,
0x9973,
0x9973,
0x9973,
0x9973,
0x9973,
0x9973,
0x9973,
0x9973,
0x9973,
0x9973,
0x9973,
0x9973,
0x9973,
0x9973,
0x9973,
0x9973,
0x9973,
0x9973,
0x9973,
0x9973,
0x9973,
0x9973,
0x9973,
0x9973,
0x9973,
0x9973,
0x9973,
0x9973,
0x9973,
0x9973,
0x9973,
0x9973,
0x9973,
0x9973,
0x9973,
0x9973,
0x9973,
0x9973,
0x9973,
0x9973,
0x9973,
0x9973,
0x9973,
0x9973,
0x9973,
0x9973,
0x9973,
0x9973,
0x9973,
0x9973,
0x9973,
0x9973,
0x9973,
0x9973,
0x9973,
0x9973,
0x9973,
0x9973,
0x9973,
0x9973,
0x9973,
0x9973,
0x9973,
0x9973,
0x9973,
0x9973,
0x9973,
0x9973,
0x9973,
0x9973,
0x9973,
0x9973,
0x9973,
0x9973,
0x9973,
0x9973,
0x9973,
0x9973,
0x9973,
0x9973,
0x9973,
0x9973,
0x9973,
0x9973,
0x9973,
0x9973,
0x9973,
0x9973,
0x9973,
0xb973,
0xba52,
0xcd6a,
0x52c5,
0xd0ac,
0x73c5,
0x2d9c,
0x897b,
0x265b,
0x486b,
0x486b,
0x465b,
0x4553,
0x665b,
0x6763,
0x6763,
0x886b,
0x8973,
0xa873,
0xa86b,
0xa973,
0xc97b,
0x886b,
0x676b,
0x8873,
0x8873,
0x476b,
0x486b,
0x686b,
0x085b,
0xb86b,
0x9973,
0x9973,
0x9973,
0x9973,
0x9973,
0x9973,
0x9973,
0x9973,
0x9973,
0x9973,
0x9973,
0x9973,
0x9973,
0x9973,
0x9973,
0x9973,
0x9973,
0x9973,
0x9973,
0x9973,
0x9973,
0x9973,
0x9973,
0x9973,
0x9973,
0x9973,
0x9973,
0x9973,
0x9973,
0x9973,
0x9973,
0x9973,
0x9973,
0x9973,
0x9973,
0x9973,
0x9973,
0x9973,
0x9973,
0x9973,
0x9973,
0x9973,
0x9973,
0x9973,
0x9973,
0x9973,
0x9973,
0x566b,
0x0d9c,
0x10bd,
0x0c94,
0xcb83,
0x6e9c,
0x8fa4,
0x6ea4,
0x6e9c,
0x4d9c,
0x4c94,
0x8d9c,
0xcfa4,
0xec8b,
0xcb83,
0x8a7b,
0xaa7b,
0x8a7b,
0x686b,
0x4663,
0x475b,
0xb86b,
0x7a73,
0x9973,
0x9973,
0x9973,
0x9973,
0x9973,
0x796b,
0xc95a,
0xeb93,
0x8a83,
0x465b,
0x2932,
0x5a6b,
0x9973,
0x9973,
0x9973,
0x9973,
0xf87b,
0xb973,
0x187c,
0x9973,
0x9973,
0x9973,
0x9973,
0x9973,
0x9973,
0x9973,
0x9973,
0x9973,
0x9973,
0x9973,
0x9973,
0x9973,
0x9973,
0x9973,
0x9973,
0x9973,
0x9973,
0x9973,
0x9973,
0x9973,
0x9973,
0x9973,
0x9973,
0x9973,
0x9973,
0x9973,
0x9973,
0x9973,
0x9973,
0x9973,
0x9973,
0x9973,
0x9973,
0x9973,
0x9973,
0x9973,
0x9973,
0x9973,
0x9973,
0x9973,
0x9973,
0x9973,
0x9973,
0x9973,
0x9973,
0x9973,
0x9973,
0x9973,
0x9973,
0x9973,
0x3a6b,
0x995b,
0x9394,
0xeb6a,
0xac8b,
0x2da4,
0x4eac,
0x6eac,
0x6eac,
0x8fb4,
0x8fb4,
0x4ea4,
0x2da4,
0x2da4,
0x0ca4,
0x2da4,
0x4eac,
0x0da4,
0xec9b,
0xcb93,
0x0c9c,
0x4da4,
0x6da4,
0x0c9c,
0x2c9c,
0xafac,
0x8eac,
0x2c9c,
0x8a83,
0x8a7b,
0xaa8b,
0x8973,
0x6b2a,
0x3a6c,
0x1974,
0x9973,
0x9973,
0x9973,
0x9973,
0x9973,
0x9973,
0x9973,
0x9973,
0x9973,
0x9973,
0x9973,
0x2a32,
0x9784,
0xb973,
0xd973,
0x9973,
0x9973,
0x9973,
0x9973,
0x9973,
0x9973,
0x9973,
0x9973,
0x9973,
0x9973,
0x9973,
0x9973,
0x9973,
0x9973,
0x9973,
0xb973,
0x9973,
0x9973,
0x9973,
0x9973,
0x9973,
0x9973,
0x9973,
0x9973,
0x9973,
0x9973,
0x9973,
0x9973,
0x9973,
0x9973,
0x9973,
0x9973,
0x9973,
0x9973,
0x9973,
0x9973,
0x9973,
0x9973,
0x9973,
0x9973,
0x9973,
0x9973,
0x9973,
0x9973,
0x9973,
0x9973,
0x9973,
0x9973,
0x9973,
0x9973,
0x9973,
0x9973,
0x9973,
0x9973,
0x9973,
0x9973,
0x9973,
0x9973,
0x9973,
0x9973,
0x9973,
0x9973,
0x9973,
0x9973,
0x9973,
0x9973,
0x9973,
0x9973,
0x9973,
0x9973,
0x9973,
0x9973,
0x9973,
0x9973,
0x9973,
0x9973,
0x9973,
0x9973,
0x9973,
0x9973,
0x9973,
0x9973,
0x9973,
0x9973,
0x9973,
0x9973,
0x9973,
0x9973,
0x9973,
0x9973,
0x9973,
0x9973,
0x9973,
0x9973,
0x9973,
0x9973,
0x9973,
0x9973,
0x9973,
0x9973,
0x9973,
0x9973,
0x9973,
0x9973,
0x9973,
0x9973,
0x9973,
0x9973,
0x9973,
0xb973,
0xba52,
0xac62,
0x93cd,
0xb0ac,
0xf1b4,
0x8ea4,
0xaa83,
0x0553,
0x486b,
0x486b,
0x6763,
0x6663,
0x665b,
0x6763,
0x8763,
0x886b,
0xa76b,
0xa76b,
0xc873,
0xc873,
0xa873,
0x886b,
0x676b,
0x886b,
0x6873,
0x676b,
0x676b,
0xa873,
0xaa42,
0x3a63,
0xb973,
0x9973,
0x9973,
0x9973,
0x9973,
0x9973,
0x9973,
0x9973,
0x9973,
0x9973,
0x9973,
0x9973,
0x9973,
0x9973,
0x9973,
0x9973,
0x9973,
0x9973,
0x9973,
0x9973,
0x9973,
0x9973,
0x9973,
0x9973,
0x9973,
0x9973,
0x9973,
0x9973,
0x9973,
0x9973,
0x9973,
0x9973,
0x9973,
0x9973,
0x9973,
0x9973,
0x9973,
0x9973,
0x9973,
0x9973,
0x9973,
0x9973,
0x9973,
0x9973,
0x9973,
0x9973,
0xb973,
0xbb52,
0xcc62,
0x55de,
0xafa4,
0xec8b,
0xec8b,
0x0c94,
0x6ea4,
0x6e9c,
0x6d9c,
0x8e9c,
0x6d94,
0x0d94,
0xcb83,
0xcb83,
0xcb83,
0xaa7b,
0x6973,
0x6973,
0x486b,
0x6663,
0x2a32,
0x5a6b,
0x9973,
0x9973,
0x9973,
0xb973,
0x5a6b,
0xb494,
0x897b,
0x8a83,
0x8a83,
0x2653,
0xf773,
0x7a73,
0x9973,
0x9973,
0x9973,
0x9973,
0xf873,
0xb973,
0x7a6b,
0x9973,
0x9973,
0x9973,
0x9973,
0x9973,
0x9973,
0x9973,
0x9973,
0x9973,
0x9973,
0x9973,
0x9973,
0x9973,
0x9973,
0x9973,
0x9973,
0x9973,
0x9973,
0x9973,
0x9973,
0x9973,
0x9973,
0x9973,
0x9973,
0x9973,
0x9973,
0x9973,
0x9973,
0x9973,
0x9973,
0x9973,
0x9973,
0x9973,
0x9973,
0x9973,
0x9973,
0x9973,
0x9973,
0x9973,
0x9973,
0x9973,
0x9973,
0x9973,
0x9973,
0x9973,
0x9973,
0x9973,
0x9973,
0x9973,
0x9973,
0xb973,
0x3484,
0x0a73,
0x0b9c,
0x0b9c,
0x2da4,
0x2da4,
0x0c9c,
0x2da4,
0x2eac,
0x2da4,
0x2eac,
0x6fac,
0x2eac,
0xcc9b,
0x0da4,
0x2da4,
0x0c9c,
0xcb93,
0xab8b,
0xeb9b,
0x0c9c,
0x2ca4,
0x8ea4,
0x8eac,
0x6ea4,
0x4da4,
0x8eac,
0x8ea4,
0x4d9c,
0xcb8b,
0xab83,
0x697b,
0x485b,
0x8d2a,
0xf973,
0xf973,
0x9973,
0x9973,
0x9973,
0x9973,
0x9973,
0x9973,
0x9973,
0x9973,
0x9973,
0x7a73,
0xb973,
0x2932,
0xd784,
0xd973,
0x9973,
0x9973,
0x9973,
0x9973,
0x9973,
0x9973,
0x9973,
0x9973,
0x9973,
0x9973,
0x9973,
0x9973,
0x9973,
0x9973,
0x9973,
0x9973,
0x9973,
0x9973,
0x9973,
0x9973,
0x9973,
0x9973,
0x9973,
0x9973,
0x9973,
0x9973,
0x9973,
0x9973,
0x9973,
0x9973,
0x9973,
0x9973,
0x9973,
0x9973,
0x9973,
0x9973,
0x9973,
0x9973,
0x9973,
0x9973,
0x9973,
0x9973,
0x9973,
0x9973,
0x9973,
0x9973,
0x9973,
0x9973,
0x9973,
0x9973,
0x9973,
0x9973,
0xb973,
0x9973,
0x9973,
0x9973,
0x9973,
0x9973,
0x9973,
0x9973,
0x9973,
0x9973,
0x9973,
0x9973,
0x9973,
0x9973,
0x9973,
0x9973,
0x9973,
0x9973,
0x9973,
0x9973,
0x9973,
0x9973,
0x9973,
0x9973,
0x9973,
0x9973,
0x9973,
0x9973,
0x9973,
0x9973,
0x9973,
0x9973,
0x9973,
0x9973,
0x9973,
0x9973,
0x9973,
0x9973,
0x9973,
0x9973,
0x9973,
0x9973,
0x9973,
0x9973,
0x9973,
0x9973,
0x9973,
0x9973,
0x9973,
0x9973,
0x9973,
0x9973,
0x9973,
0x9973,
0x9973,
0x9973,
0x9973,
0xb973,
0xba52,
0x6d7b,
0x53bd,
0xd1b4,
0xd0b4,
0x11bd,
0x486b,
0x265b,
0x686b,
0x4763,
0x6763,
0x8763,
0x4553,
0x465b,
0x675b,
0xa86b,
0xc773,
0xc873,
0xa973,
0x8763,
0x876b,
0x886b,
0xa873,
0x876b,
0x465b,
0xa74a,
0xa84a,
0x293a,
0x9973,
0x9973,
0x9973,
0x9973,
0x9973,
0x9973,
0x9973,
0x9973,
0x9973,
0x9973,
0x9973,
0x9973,
0x9973,
0x9973,
0x9973,
0x9973,
0x9973,
0x9973,
0x9973,
0x9973,
0x9973,
0x9973,
0x9973,
0x9973,
0x9973,
0x9973,
0x9973,
0x9973,
0x9973,
0x9973,
0x9973,
0x9973,
0x9973,
0x9973,
0x9973,
0x9973,
0x9973,
0x9973,
0x9973,
0x9973,
0x9973,
0x9973,
0x9973,
0x9973,
0x9973,
0x9973,
0x9973,
0x9973,
0x9973,
0x9973,
0xf85a,
0xf4cd,
0x72bd,
0xec8b,
0x2d9c,
0x4e9c,
0x8fa4,
0x6e9c,
0x6e9c,
0x4d94,
0x6d94,
0x0c8c,
0xcb8b,
0xab83,
0xab83,
0x8a7b,
0x6973,
0x686b,
0x696b,
0x6763,
0x4942,
0x3b6b,
0xb973,
0x9973,
0x9973,
0xb973,
0x5a6b,
0x9494,
0x897b,
0xab8b,
0x687b,
0xa74a,
0x796b,
0x9973,
0x9973,
0x9973,
0x9973,
0x9973,
0x9973,
0x9973,
0x9973,
0x9973,
0x9973,
0x9973,
0x9973,
0x9973,
0x9973,
0x9973,
0x9973,
0x9973,
0x9973,
0x9973,
0x9973,
0x9973,
0x9973,
0x9973,
0x9973,
0x9973,
0x9973,
0x9973,
0x9973,
0x9973,
0x9973,
0x9973,
0x9973,
0x9973,
0x9973,
0x9973,
0x9973,
0x9973,
0x9973,
0x9973,
0x9973,
0x9973,
0x9973,
0x9973,
0x9973,
0x9973,
0x9973,
0x9973,
0x9973,
0x9973,
0x9973,
0x9973,
0x9973,
0x9973,
0x9973,
0x9973,
0x9973,
0x9973,
0x9973,
0x9873,
0xac8b,
0x4eac,
0xcc9b,
0xab8b,
0x6a83,
0x8a8b,
0xcc93,
0xeca3,
0x2eac,
0x4eac,
0xeca3,
0x0da4,
0x4eac,
0xcb93,
0xcc9b,
0xec9b,
0xcb93,
0xab8b,
0x8b8b,
0x0c9c,
0x2ca4,
0x2da4,
0x6eac,
0xcfb4,
0xcfb4,
0x8eac,
0x6ea4,
0x8ea4,
0x6ea4,
0xec93,
0xab83,
0x6a7b,
0x8a7b,
0x4963,
0xd76b,
0x7a73,
0x9973,
0x9973,
0x9973,
0x9973,
0x9973,
0x9973,
0x9973,
0x9973,
0x9973,
0x9973,
0x7a73,
0x7a6b,
0x587c,
0xd973,
0x9973,
0x9973,
0x9973,
0x9973,
0x9973,
0x9973,
0x9973,
0x9973,
0x9973,
0x9973,
0x9973,
0x9973,
0x9973,
0x9973,
0x9973,
0x9973,
0x9973,
0x9973,
0x9973,
0x9973,
0x9973,
0x9973,
0x9973,
0x9973,
0x9973,
0x9973,
0x9973,
0x9973,
0x9973,
0x9973,
0x9973,
0x9973,
0x9973,
0x9973,
0x9973,
0x9973,
0x9973,
0x9973,
0x9973,
0x9973,
0x9973,
0x9973,
0x9973,
0x9973,
0x9973,
0x9973,
0x9973,
0x9973,
0x9973,
0x9973,
0x9973,
0x9973,
0x9973,
0x9973,
0x9973,
0x9973,
0x9973,
0x9973,
0x9973,
0x9973,
0x9973,
0x9973,
0x9973,
0x9973,
0x9973,
0x9973,
0x9973,
0x9973,
0x9973,
0x9973,
0x9973,
0x9973,
0x9973,
0x9973,
0x9973,
0x9973,
0x9973,
0x9973,
0x9973,
0x9973,
0x9973,
0x9973,
0x9973,
0x9973,
0x9973,
0x9973,
0x9973,
0x9973,
0x9973,
0x9973,
0x9973,
0x9973,
0x9973,
0x9973,
0x9973,
0x9973,
0x9973,
0x9973,
0x9973,
0x9973,
0x9973,
0x9973,
0x9973,
0x9973,
0x9973,
0x9973,
0x9973,
0x9973,
0x9973,
0xb973,
0xba52,
0x2f94,
0x72c5,
0xd1ac,
0x11b5,
0x8fa4,
0x065b,
0x4763,
0x686b,
0x465b,
0x465b,
0x675b,
0x465b,
0x665b,
0x465b,
0x8763,
0xa86b,
0xa86b,
0x6763,
0x465b,
0x465b,
0x4663,
0x2653,
0x8742,
0x767c,
0x596b,
0x796b,
0x7a6b,
0x9973,
0x9973,
0x9973,
0x9973,
0x9973,
0x9973,
0x9973,
0x9973,
0x9973,
0x9973,
0x9973,
0x9973,
0x9973,
0x9973,
0x9973,
0x9973,
0x9973,
0x9973,
0x9973,
0x9973,
0x9973,
0x9973,
0x9973,
0x9973,
0x9973,
0x9973,
0x9973,
0x9973,
0x9973,
0x9973,
0x9973,
0x9973,
0x9973,
0x9973,
0x9973,
0x9973,
0x9973,
0x9973,
0x9973,
0x9973,
0x9973,
0x9973,
0x9973,
0x9973,
0x9973,
0x9973,
0x9973,
0x9973,
0x9973,
0x9973,
0x195b,
0x52c5,
0x72cd,
0x6e9c,
0x6ea4,
0x6fa4,
0xb0ac,
0xd0ac,
0x8fa4,
0x4d94,
0x2d94,
0xec8b,
0xaa83,
0x6a7b,
0xab83,
0x6a7b,
0xaa7b,
0x886b,
0x686b,
0xa873,
0xd494,
0x5a6b,
0xb973,
0x9973,
0x9973,
0x9973,
0x7a6b,
0xd67b,
0xab83,
0xec9b,
0x687b,
0x283a,
0x7a6b,
0x9973,
0x9973,
0x9973,
0x9973,
0x9973,
0x9973,
0x9973,
0x9973,
0x9973,
0x9973,
0x9973,
0x9973,
0x9973,
0x9973,
0x9973,
0x9973,
0x9973,
0x9973,
0x9973,
0x9973,
0x9973,
0x9973,
0x9973,
0x9973,
0x9973,
0x9973,
0x9973,
0x9973,
0x9973,
0x9973,
0x9973,
0x9973,
0x9973,
0x9973,
0x9973,
0x9973,
0x9973,
0x9973,
0x9973,
0x9973,
0x9973,
0x9973,
0x9973,
0x9973,
0x9973,
0x9973,
0x9973,
0x9973,
0x9973,
0x9973,
0x9973,
0x9973,
0x9973,
0x9973,
0x9973,
0x9973,
0x9973,
0x5a6b,
0x368c,
0x2da4,
0x6eac,
0x2da4,
0xcc9b,
0xab93,
0xab8b,
0xcca3,
0xeca3,
0x2eac,
0x0dac,
0xab93,
0xeca3,
0x2dac,
0xeca3,
0xeca3,
0xeca3,
0xab93,
0xab8b,
0xcb93,
0xec9b,
0x2da4,
0x2dac,
0x8fb4,
0x10bd,
0x10bd,
0xcfb4,
0x2da4,
0x6da4,
0x4d9c,
0xec8b,
0xab83,
0x8a7b,
0x8a7b,
0x8a7b,
0xa852,
0x996b,
0x9973,
0x9973,
0x9973,
0x9973,
0x9973,
0x9973,
0x9973,
0x9973,
0x9973,
0x9973,
0x9973,
0x9973,
0x7a73,
0x9973,
0x9973,
0x9973,
0x9973,
0x9973,
0x9973,
0x9973,
0x9973,
0x9973,
0x9973,
0x9973,
0x9973,
0x9973,
0x9973,
0x9973,
0x9973,
0x9973,
0x9973,
0x9973,
0x9973,
0x9973,
0x9973,
0x9973,
0x9973,
0x9973,
0x9973,
0x9973,
0x9973,
0x9973,
0x9973,
0x9973,
0x9973,
0x9973,
0x9973,
0x9973,
0x9973,
0x9973,
0x9973,
0x9973,
0x9973,
0x9973,
0x9973,
0x9973,
0x9973,
0x9973,
0x9973,
0x9973,
0x9973,
0x9973,
0x9973,
0x9973,
0x9973,
0x9973,
0x9973,
0x9973,
0x9973,
0x9973,
0x9973,
0x9973,
0x9973,
0x9973,
0x9973,
0x9973,
0x9973,
0x9973,
0x9973,
0x9973,
0x9973,
0x9973,
0x9973,
0x9973,
0x9973,
0x9973,
0x9973,
0x9973,
0x9973,
0x9973,
0x9973,
0x9973,
0x9973,
0x9973,
0x9973,
0x9973,
0x9973,
0x9973,
0x9973,
0x9973,
0x9973,
0x9973,
0x9973,
0x9973,
0x9973,
0x9973,
0x9973,
0x9973,
0x9973,
0x9973,
0x9973,
0x9973,
0x9973,
0x9973,
0x9973,
0x9973,
0x9973,
0x9973,
0x9973,
0x9973,
0x9973,
0x9973,
0x9973,
0xb973,
0xfa52,
0xad8b,
0x11bd,
0x90a4,
0xf1b4,
0x8b83,
0x065b,
0x4763,
0x465b,
0x265b,
0x465b,
0x2553,
0x4653,
0x665b,
0x665b,
0x465b,
0x675b,
0x675b,
0x465b,
0x265b,
0x2553,
0xe442,
0x7674,
0x3a63,
0x7a6b,
0x9973,
0x9973,
0x9973,
0x9973,
0x9973,
0x9973,
0x9973,
0x9973,
0x9973,
0x9973,
0x9973,
0x9973,
0x9973,
0x9973,
0x9973,
0x9973,
0x9973,
0x9973,
0x9973,
0x9973,
0x9973,
0x9973,
0x9973,
0x9973,
0x9973,
0x9973,
0x9973,
0x9973,
0x9973,
0x9973,
0x9973,
0x9973,
0x9973,
0x9973,
0x9973,
0x9973,
0x9973,
0x9973,
0x9973,
0x9973,
0x9973,
0x9973,
0x9973,
0x9973,
0x9973,
0x9973,
0x9973,
0x9973,
0x9973,
0x9973,
0x9973,
0x9973,
0xb973,
0xba52,
0x0e9c,
0x31cd,
0x4e9c,
0xb0ac,
0xafb4,
0x31c5,
0x52bd,
0xd0a4,
0x4d9c,
0x0c8c,
0xaa7b,
0x6973,
0x6a73,
0xab83,
0x497b,
0x486b,
0x8973,
0x095b,
0xb38c,
0xb973,
0x9973,
0x9973,
0x9973,
0x9973,
0x9973,
0x9973,
0x786b,
0xca62,
0xab83,
0xa95a,
0xd873,
0x9973,
0x9973,
0x9973,
0x9973,
0x9973,
0x9973,
0x9973,
0x9973,
0x9973,
0x9973,
0x9973,
0x9973,
0x9973,
0x9973,
0x9973,
0x9973,
0x9973,
0x9973,
0x9973,
0x9973,
0x9973,
0x9973,
0x9973,
0x9973,
0x9973,
0x9973,
0x9973,
0x9973,
0x9973,
0x9973,
0x9973,
0x9973,
0x9973,
0x9973,
0x9973,
0x9973,
0x9973,
0x9973,
0x9973,
0x9973,
0x9973,
0x9973,
0x9973,
0x9973,
0x9973,
0x9973,
0x9973,
0x9973,
0x9973,
0x9973,
0x9973,
0x9973,
0x9973,
0x9973,
0x9973,
0x9973,
0x9973,
0x9973,
0x5a6b,
0x7584,
0xcb9b,
0x6fac,
0xafb4,
0x0da4,
0xcc9b,
0xab9b,
0xaba3,
0xab9b,
0xeca3,
0xcb9b,
0xab93,
0xab9b,
0xcba3,
0xcb9b,
0xcb9b,
0xcca3,
0xab9b,
0xab9b,
0xeca3,
0x0dac,
0x2eac,
0x2eb4,
0xafbc,
0x72cd,
0x51c5,
0xf0b4,
0x8fac,
0x4da4,
0xcb8b,
0xec8b,
0x6a73,
0x286b,
0x4973,
0x8b7b,
0x6973,
0xc84a,
0x1874,
0x9973,
0x9973,
0x9973,
0x9973,
0x9973,
0x9973,
0x9973,
0x9973,
0x9973,
0x9973,
0x9973,
0x9973,
0x9973,
0x9973,
0x9973,
0x9973,
0x9973,
0x9973,
0x9973,
0x9973,
0x9973,
0x9973,
0x9973,
0x9973,
0x9973,
0x9973,
0x9973,
0x9973,
0x9973,
0x9973,
0x9973,
0x9973,
0x9973,
0x9973,
0x9973,
0x9973,
0x9973,
0x9973,
0x9973,
0x9973,
0x9973,
0x9973,
0x9973,
0x9973,
0x9973,
0x9973,
0x9973,
0x9973,
0x9973,
0x9973,
0x9973,
0x9973,
0x9973,
0x9973,
0x9973,
0x9973,
0x9973,
0x9973,
0x9973,
0x9973,
0x9973,
0x9973,
0x9973,
0x9973,
0x9973,
0x9973,
0x9973,
0x9973,
0x9973,
0x9973,
0x9973,
0x9973,
0x9973,
0x9973,
0x9973,
0x9973,
0x9973,
0x9973,
0x9973,
0x9973,
0x9973,
0x9973,
0x9973,
0x9973,
0x9973,
0x9973,
0x9973,
0x9973,
0x9973,
0x9973,
0x9973,
0x9973,
0x9973,
0x9973,
0x9973,
0x9973,
0x9973,
0x9973,
0x9973,
0x9973,
0x9973,
0x9973,
0x9973,
0x9973,
0x9973,
0x9973,
0x9973,
0x9973,
0x9973,
0x9973,
0x9973,
0x9973,
0x9973,
0x9973,
0x9973,
0x9973,
0x9973,
0x9973,
0x9973,
0x9973,
0x9973,
0x9973,
0x9973,
0x3863,
0xcd93,
0x8fa4,
0x709c,
0xf1ac,
0xcb8b,
0x275b,
0x6763,
0x465b,
0x265b,
0x4763,
0x4763,
0x475b,
0x4763,
0x475b,
0x465b,
0x2553,
0x6763,
0x0653,
0x0553,
0x2553,
0x2832,
0x5a6b,
0xb973,
0x9973,
0x9973,
0x9973,
0x9973,
0x9973,
0x9973,
0x9973,
0x9973,
0x9973,
0x9973,
0x9973,
0x9973,
0x9973,
0x9973,
0x9973,
0x9973,
0x9973,
0x9973,
0x9973,
0x9973,
0x9973,
0x9973,
0x9973,
0x9973,
0x9973,
0x9973,
0x9973,
0x9973,
0x9973,
0x9973,
0x9973,
0x9973,
0x9973,
0x9973,
0x9973,
0x9973,
0x9973,
0x9973,
0x9973,
0x9973,
0x9973,
0x9973,
0x9973,
0x9973,
0x9973,
0x9973,
0x9973,
0x9973,
0x9973,
0x9973,
0x9973,
0x9973,
0x9973,
0xb97b,
0x9a52,
0x6d7b,
0x14de,
0x6fa4,
0xd0ac,
0xd0b4,
0xd0bc,
0x72cd,
0xf0ac,
0x6e9c,
0x2d94,
0xec93,
0x8b83,
0x8a83,
0xab8b,
0x4a7b,
0x286b,
0x6863,
0x966b,
0x3a63,
0x9973,
0x9973,
0x9973,
0x9973,
0x9973,
0x9973,
0x9973,
0x9973,
0x596b,
0xb773,
0x596b,
0x9973,
0x9973,
0x9973,
0x9973,
0x9973,
0x9973,
0x9973,
0x9973,
0x9973,
0x9973,
0x9973,
0x9973,
0x9973,
0x9973,
0x9973,
0x9973,
0x9973,
0x9973,
0x9973,
0x9973,
0x9973,
0x9973,
0x9973,
0x9973,
0x9973,
0x9973,
0x9973,
0x9973,
0x9973,
0x9973,
0x9973,
0x9973,
0x9973,
0x9973,
0x9973,
0x9973,
0x9973,
0x9973,
0x9973,
0x9973,
0x9973,
0x9973,
0x9973,
0x9973,
0x9973,
0x9973,
0x9973,
0x9973,
0x9973,
0x9973,
0x9973,
0x9973,
0x9973,
0x9973,
0x9973,
0x9973,
0x9973,
0x9973,
0x9973,
0x7a73,
0x9684,
0x8b7b,
0xcca3,
0x4eac,
0x4eac,
0xeda3,
0x8b93,
0xab9b,
0xab93,
0xcc9b,
0xab9b,
0xab93,
0x8b93,
0xab93,
0xab93,
0xab93,
0xcb9b,
0xab93,
0xab93,
0xcba3,
0x2ea4,
0x6fb4,
0xf0cc,
0x92d5,
0x92cd,
0x51c5,
0xcfb4,
0x8fac,
0x8fac,
0xcc93,
0xab83,
0x8b7b,
0x6a7b,
0xcc83,
0x8b7b,
0x4973,
0x4763,
0x3774,
0x7a6b,
0x9973,
0x9973,
0x9973,
0x9973,
0x9973,
0x9973,
0x9973,
0x9973,
0x9973,
0x9973,
0x9973,
0x9973,
0x9973,
0x9973,
0x9973,
0x9973,
0x9973,
0x9973,
0x9973,
0x9973,
0x9973,
0x9973,
0x9973,
0x9973,
0x9973,
0x9973,
0x9973,
0x9973,
0x9973,
0x9973,
0x9973,
0x9973,
0x9973,
0x9973,
0x9973,
0x9973,
0x9973,
0x9973,
0x9973,
0x9973,
0x9973,
0x9973,
0x9973,
0x9973,
0x9973,
0x9973,
0x9973,
0x9973,
0x9973,
0x9973,
0x9973,
0x9973,
0x9973,
0x9973,
0x9973,
0x9973,
0x9973,
0x9973,
0x9973,
0x9973,
0x9973,
0x9973,
0x9973,
0x9973,
0x9973,
0x9973,
0x9973,
0x9973,
0x9973,
0x9973,
0x9973,
0x9973,
0x9973,
0x9973,
0x9973,
0x9973,
0x9973,
0x9973,
0x9973,
0x9973,
0x9973,
0x9973,
0x9973,
0x9973,
0x9973,
0x9973,
0x9973,
0xb973,
0x9973,
0x9973,
0x9973,
0x9973,
0x9973,
0x9973,
0x9973,
0x9973,
0x9973,
0x9973,
0x9973,
0x9973,
0x9973,
0x9973,
0x9973,
0x9973,
0x9973,
0x9973,
0x9973,
0x9973,
0x9973,
0x9973,
0x9973,
0x9973,
0x9973,
0x9973,
0x9973,
0x9973,
0x9973,
0x9973,
0x9973,
0x9973,
0x9973,
0x5a63,
0x1684,
0x4e9c,
0xd1a4,
0x909c,
0x8f9c,
0xaa7b,
0x6763,
0x6763,
0x475b,
0x696b,
0x686b,
0x675b,
0x475b,
0x265b,
0x475b,
0x2553,
0x2653,
0x4763,
0x265b,
0x0553,
0x254b,
0x4832,
0x7a6b,
0x9973,
0x9973,
0x9973,
0x9973,
0x9973,
0x9973,
0x9973,
0x9973,
0x9973,
0x9973,
0x9973,
0x9973,
0x9973,
0x9973,
0x9973,
0x9973,
0x9973,
0x9973,
0x9973,
0x9973,
0x9973,
0x9973,
0x9973,
0x9973,
0x9973,
0x9973,
0x9973,
0x9973,
0x9973,
0x9973,
0x9973,
0x9973,
0x9973,
0x9973,
0x9973,
0x9973,
0x9973,
0x9973,
0x9973,
0x9973,
0x9973,
0x9973,
0x9973,
0x9973,
0x9973,
0x9973,
0x9973,
0x9973,
0x9973,
0x9973,
0x9973,
0x9973,
0x9973,
0x9973,
0xb973,
0x1a63,
0x548c,
0xf3dd,
0xf0b4,
0xb0ac,
0x6ea4,
0xd0b4,
0xf0bc,
0x8fac,
0x0c94,
0xcb8b,
0x2d9c,
0xec8b,
0xeb8b,
0xec93,
0x8a83,
0x4973,
0x4863,
0x9773,
0x9973,
0x9973,
0x9973,
0x9973,
0x9973,
0x9973,
0x9973,
0x9973,
0x9973,
0x9973,
0x7a73,
0x9973,
0x9973,
0x9973,
0x9973,
0x9973,
0x9973,
0x9973,
0x9973,
0x9973,
0x9973,
0x9973,
0x9973,
0x9973,
0x9973,
0x9973,
0x9973,
0x9973,
0x9973,
0x9973,
0x9973,
0x9973,
0x9973,
0x9973,
0x9973,
0x9973,
0x9973,
0x9973,
0x9973,
0x9973,
0x9973,
0x9973,
0x9973,
0x9973,
0x9973,
0x9973,
0x9973,
0x9973,
0x9973,
0x9973,
0x9973,
0x9973,
0x9973,
0x9973,
0x9973,
0x9973,
0x9973,
0x9973,
0x9973,
0x9973,
0x9973,
0x9973,
0x9973,
0x9973,
0x9973,
0x9973,
0x9973,
0x9973,
0x9973,
0x9973,
0x9973,
0x9973,
0x786b,
0x0a73,
0xab9b,
0x2da4,
0x0da4,
0xcc9b,
0xab93,
0xab9b,
0xab9b,
0xcb9b,
0xab9b,
0xab9b,
0xab9b,
0xab9b,
0xab9b,
0xab9b,
0xaba3,
0xab9b,
0x8b9b,
0xcca3,
0x6eac,
0x8fac,
0x34de,
0x75e6,
0x10b5,
0x92cd,
0xafac,
0x8fac,
0x6fac,
0x0d9c,
0xab8b,
0x8b83,
0x8b83,
0xcc83,
0xab83,
0x4973,
0x4763,
0x0a32,
0x5a6b,
0x9973,
0x9973,
0x9973,
0x9973,
0x9973,
0x9973,
0x9973,
0x9973,
0x9973,
0x9973,
0x9973,
0x9973,
0x9973,
0x9973,
0x9973,
0x9973,
0x9973,
0x9973,
0x9973,
0x9973,
0x9973,
0x9973,
0x9973,
0x9973,
0x9973,
0x9973,
0x9973,
0x9973,
0x9973,
0x9973,
0x9973,
0x9973,
0x9973,
0x9973,
0x9973,
0x9973,
0x9973,
0x9973,
0x9973,
0x9973,
0x9973,
0x9973,
0x9973,
0x9973,
0x9973,
0x9973,
0x9973,
0x9973,
0x9973,
0x9973,
0x9973,
0x9973,
0x9973,
0x9973,
0x9973,
0x9973,
0x9973,
0x9973,
0x9973,
0x9973,
0x9973,
0x9973,
0x9973,
0x9973,
0x9973,
0x9973,
0x9973,
0x9973,
0x9973,
0x9973,
0x9973,
0x9973,
0x9973,
0x9973,
0x9973,
0x9973,
0x9973,
0x9973,
0x9973,
0x9973,
0x9973,
0x9973,
0x9973,
0x9973,
0x9973,
0x9973,
0x9973,
0x9973,
0x9973,
0x9973,
0x9973,
0x9973,
0x9973,
0x9973,
0x9973,
0x9973,
0x9973,
0x9973,
0x9973,
0x9973,
0x9973,
0x9973,
0x9973,
0x9973,
0x9973,
0x9973,
0x9973,
0x9973,
0x9973,
0x9973,
0x9973,
0x9973,
0x9973,
0x9973,
0x9973,
0x9973,
0x9973,
0x9973,
0x9973,
0x9973,
0xb973,
0xfb5a,
0x8b5a,
0xb0a4,
0x909c,
0xcc8b,
0x4e9c,
0x8a73,
0x4763,
0x686b,
0x6863,
0x696b,
0x2653,
0x675b,
0x2763,
0xe552,
0x4763,
0x876b,
0x8863,
0x8763,
0x4763,
0x2763,
0x2553,
0x9584,
0x7a6b,
0x9973,
0x9973,
0x9973,
0x9973,
0x9973,
0x9973,
0x9973,
0x9973,
0x9973,
0x9973,
0x9973,
0x9973,
0x9973,
0x9973,
0x9973,
0x9973,
0x9973,
0x9973,
0x9973,
0x9973,
0x9973,
0x9973,
0x9973,
0x9973,
0x9973,
0x9973,
0x9973,
0x9973,
0x9973,
0x9973,
0x9973,
0x9973,
0x9973,
0x9973,
0x9973,
0x9973,
0x9973,
0x9973,
0x9973,
0x9973,
0x9973,
0x9973,
0x9973,
0x9973,
0x9973,
0x9973,
0x9973,
0x9973,
0x9973,
0x9973,
0x9973,
0x9973,
0x9973,
0x9973,
0x9973,
0xb973,
0xda52,
0x2c7b,
0xd0ac,
0x11b5,
0xf0b4,
0xd0b4,
0xb0b4,
0x4da4,
0x8b7b,
0xcb83,
0x2c9c,
0x0c94,
0xeb8b,
0xaa83,
0x6a7b,
0x897b,
0xa94a,
0x596b,
0x9973,
0x9973,
0x9973,
0x9973,
0x9973,
0x9973,
0x9973,
0x9973,
0x9973,
0x9973,
0x9973,
0x9973,
0x9973,
0x9973,
0x9973,
0x9973,
0x9973,
0x9973,
0x9973,
0x9973,
0x9973,
0x9973,
0x9973,
0x9973,
0x9973,
0x9973,
0x9973,
0x9973,
0x9973,
0x9973,
0x9973,
0x9973,
0x9973,
0x9973,
0x9973,
0x9973,
0x9973,
0x9973,
0x9973,
0x9973,
0x9973,
0x9973,
0x9973,
0x9973,
0x9973,
0x9973,
0x9973,
0x9973,
0x9973,
0x9973,
0x9973,
0x9973,
0x9973,
0x9973,
0x9973,
0x9973,
0x9973,
0x9973,
0x9973,
0x9973,
0x9973,
0x9973,
0x9973,
0x9973,
0x9973,
0x9973,
0x9973,
0x9973,
0x9973,
0x9973,
0x9973,
0xb973,
0x3a63,
0x938c,
0xea83,
0xab9b,
0xec9b,
0xab93,
0xab93,
0xab93,
0xab93,
0xab9b,
0xab9b,
0xcb9b,
0xcba3,
0xab9b,
0xab9b,
0x8b9b,
0xaba3,
0xccab,
0x6aa3,
0xab9b,
0xf0b4,
0xf0bc,
0x55de,
0x35de,
0x92cd,
0x72c5,
0x6eac,
0xafb4,
0x2ea4,
0xab93,
0x0c9c,
0xcc93,
0xcb8b,
0xaa7b,
0xaa7b,
0x4973,
0x6763,
0x683a,
0x5a6b,
0x9973,
0x9973,
0x9973,
0x9973,
0x9973,
0x9973,
0x9973,
0x9973,
0x9973,
0x9973,
0x9973,
0x9973,
0x9973,
0x9973,
0x9973,
0x9973,
0x9973,
0x9973,
0x9973,
0x9973,
0x9973,
0x9973,
0x9973,
0x9973,
0x9973,
0x9973,
0x9973,
0x9973,
0x9973,
0x9973,
0x9973,
0x9973,
0x9973,
0x9973,
0x9973,
0x9973,
0x9973,
0x9973,
0x9973,
0x9973,
0x9973,
0x9973,
0x9973,
0x9973,
0x9973,
0x9973,
0x9973,
0x9973,
0x9973,
0x9973,
0x9973,
0x9973,
0x9973,
0x9973,
0x9973,
0x9973,
0x9973,
0x9973,
0x9973,
0x9973,
0x9973,
0x9973,
0x9973,
0x9973,
0x9973,
0x9973,
0x9973,
0x9973,
0x9973,
0x9973,
0x9973,
0x9973,
0x9973,
0x9973,
0x9973,
0x9973,
0x9973,
0x9973,
0x9973,
0x9973,
0x9973,
0x9973,
0x9973,
0xb973,
0x9973,
0x9973,
0xb973,
0x9973,
0x9973,
0x9973,
0x9973,
0xb973,
0x9973,
0x9973,
0x9973,
0x9973,
0x9973,
0x9973,
0x9973,
0x9973,
0x9973,
0x9973,
0x9973,
0x9973,
0x9973,
0x9973,
0x9973,
0x9973,
0x9973,
0x9973,
0x9973,
0x9973,
0x9973,
0x9973,
0x9973,
0x9973,
0x9973,
0x9973,
0x9973,
0x9973,
0xb973,
0x1a5b,
0x8a62,
0x8fa4,
0x2e94,
0xcc93,
0x8b83,
0x6973,
0x8873,
0x686b,
0x275b,
0x886b,
0x4763,
0x6763,
0x686b,
0x486b,
0x6873,
0x8873,
0x886b,
0x465b,
0x0653,
0x255b,
0x293a,
0x7a6b,
0x9973,
0x9973,
0x9973,
0x9973,
0x9973,
0x9973,
0x9973,
0x9973,
0x9973,
0x9973,
0x9973,
0x9973,
0x9973,
0x9973,
0x9973,
0x9973,
0x9973,
0x9973,
0x9973,
0x9973,
0x9973,
0x9973,
0x9973,
0x9973,
0x9973,
0x9973,
0x9973,
0x9973,
0x9973,
0x9973,
0x9973,
0x9973,
0x9973,
0x9973,
0x9973,
0x9973,
0x9973,
0x9973,
0x9973,
0x9973,
0x9973,
0x9973,
0x9973,
0x9973,
0x9973,
0x9973,
0x9973,
0x9973,
0x9973,
0x9973,
0x9973,
0x9973,
0x9973,
0x9973,
0x9973,
0x9973,
0x9973,
0x9973,
0x994a,
0x6c83,
0xf0bc,
0x11bd,
0x11b5,
0xd0b4,
0x0d9c,
0x0c94,
0x0c94,
0xeb8b,
0xeb8b,
0x6a7b,
0x0973,
0x486b,
0xa852,
0xb873,
0x9973,
0x9973,
0x9973,
0x9973,
0x9973,
0x9973,
0x9973,
0x9973,
0x9973,
0x9973,
0x9973,
0x9973,
0x9973,
0x9973,
0x9973,
0x9973,
0x9973,
0x9973,
0x9973,
0x9973,
0x9973,
0x9973,
0x9973,
0x9973,
0x9973,
0x9973,
0x9973,
0x9973,
0x9973,
0x9973,
0x9973,
0x9973,
0x9973,
0x9973,
0x9973,
0x9973,
0x9973,
0x9973,
0x9973,
0x9973,
0x9973,
0x9973,
0x9973,
0x9973,
0x9973,
0x9973,
0x9973,
0x9973,
0x9973,
0x9973,
0x9973,
0x9973,
0x9973,
0x9973,
0x9973,
0x9973,
0x9973,
0x9973,
0x9973,
0x9973,
0x9973,
0x9973,
0x9973,
0x9973,
0x9973,
0x9973,
0x9973,
0x9973,
0x9973,
0x9973,
0x9973,
0x9973,
0x9973,
0x9973,
0x986b,
0x6963,
0xca8b,
0x6a8b,
0x4983,
0x6a83,
0x4a8b,
0x6a8b,
0x8a93,
0xcb9b,
0xab93,
0xcc93,
0xab93,
0x6a93,
0x8a93,
0xcca3,
0xcca3,
0xcca3,
0xecab,
0xafb4,
0x31c5,
0xb3cd,
0xb3cd,
0x72c5,
0x51cd,
0x8fb4,
0x10bd,
0x0da4,
0x8b8b,
0xcb8b,
0x0c94,
0xeb83,
0xa973,
0x696b,
0x286b,
0xe552,
0x283a,
0x7a6b,
0x9973,
0x9973,
0x9973,
0x9973,
0x9973,
0x9973,
0x9973,
0x9973,
0x9973,
0x9973,
0x9973,
0x9973,
0x9973,
0x9973,
0x9973,
0x9973,
0x9973,
0x9973,
0x9973,
0x9973,
0x9973,
0x9973,
0x9973,
0x9973,
0x9973,
0x9973,
0x9973,
0x9973,
0x9973,
0x9973,
0x9973,
0x9973,
0x9973,
0x9973,
0x9973,
0x9973,
0x9973,
0x9973,
0x9973,
0x9973,
0x9973,
0x9973,
0x9973,
0x9973,
0x9973,
0x9973,
0x9973,
0x9973,
0x9973,
0x9973,
0x9973,
0x9973,
0x9973,
0x9973,
0x9973,
0x9973,
0x9973,
0x9973,
0x9973,
0x9973,
0x9973,
0x9973,
0x9973,
0x9973,
0x9973,
0x9973,
0x9973,
0x9973,
0x9973,
0x9973,
0x9973,
0x9973,
0x9973,
0x9973,
0x9973,
0x9973,
0x9973,
0x9973,
0x9973,
0x9973,
0x9973,
0x9973,
0x9973,
0x9973,
0x9973,
0x9973,
0x9973,
0x9973,
0x9973,
0x9973,
0x9973,
0x9973,
0x9973,
0x9973,
0x9973,
0x9973,
0x9973,
0x9973,
0x9973,
0x9973,
0x9973,
0x9973,
0x9973,
0x9973,
0x9973,
0x9973,
0x9973,
0x9973,
0x9973,
0x9973,
0x9973,
0x9973,
0x9973,
0x9973,
0x9973,
0x9973,
0x9973,
0x9973,
0x9973,
0x9973,
0x9973,
0x3963,
0xca62,
0x6e9c,
0x0d94,
0x4e9c,
0x6a7b,
0x6973,
0x8973,
0x8973,
0x475b,
0xc973,
0x886b,
0x4763,
0x886b,
0x8973,
0x8873,
0x686b,
0x676b,
0x4763,
0x876b,
0x085b,
0x596b,
0x9973,
0x9973,
0x9973,
0x9973,
0x9973,
0x9973,
0x9973,
0x9973,
0x9973,
0x9973,
0x9973,
0x9973,
0x9973,
0x9973,
0x9973,
0x9973,
0x9973,
0x9973,
0x9973,
0x9973,
0x9973,
0x9973,
0x9973,
0x9973,
0x9973,
0x9973,
0x9973,
0x9973,
0x9973,
0x9973,
0x9973,
0x9973,
0x9973,
0x9973,
0x9973,
0x9973,
0x9973,
0x9973,
0x9973,
0x9973,
0x9973,
0x9973,
0x9973,
0x9973,
0x9973,
0x9973,
0x9973,
0x9973,
0x9973,
0x9973,
0x9973,
0x9973,
0x9973,
0x9973,
0x9973,
0x9973,
0x9973,
0x9973,
0xb973,
0x3a63,
0x348c,
0x2d9c,
0x4da4,
0x6e9c,
0x8ea4,
0x4ea4,
0x4d9c,
0x0c94,
0xec8b,
0xab83,
0x2973,
0x697b,
0x2863,
0xb773,
0x7a6b,
0x9973,
0x9973,
0x9973,
0x9973,
0x9973,
0x9973,
0x9973,
0x9973,
0x9973,
0x9973,
0x9973,
0x9973,
0x9973,
0x9973,
0x9973,
0x9973,
0x9973,
0x9973,
0x9973,
0x9973,
0x9973,
0x9973,
0x9973,
0x9973,
0x9973,
0x9973,
0x9973,
0x9973,
0x9973,
0x9973,
0x9973,
0x9973,
0x9973,
0x9973,
0x9973,
0x9973,
0x9973,
0x9973,
0x9973,
0x9973,
0x9973,
0x9973,
0x9973,
0x9973,
0x9973,
0x9973,
0x9973,
0x9973,
0x9973,
0x9973,
0x9973,
0x9973,
0x9973,
0x9973,
0x9973,
0x9973,
0x9973,
0x9973,
0x9973,
0x9973,
0x9973,
0x9973,
0x9973,
0x9973,
0x9973,
0x9973,
0x9973,
0x9973,
0x9973,
0x9973,
0x9973,
0x9973,
0x9973,
0x9973,
0x3963,
0xe95a,
0x297c,
0x0b8c,
0x8a83,
0x497b,
0x4a83,
0x4a83,
0x4a83,
0x8a8b,
0x8b83,
0xcb8b,
0xcb93,
0xeb93,
0xea93,
0x0b9c,
0x2ca4,
0x0ca4,
0x0dac,
0x2eac,
0x8fb4,
0xd0bc,
0x8fac,
0x8fac,
0x31c5,
0xafb4,
0x4eac,
0xec9b,
0xec93,
0x6a7b,
0xab83,
0xca83,
0x486b,
0x286b,
0x486b,
0xe54a,
0x1774,
0x7a73,
0x9973,
0x9973,
0x9973,
0x9973,
0x9973,
0x9973,
0x9973,
0x9973,
0x9973,
0x9973,
0x9973,
0x9973,
0x9973,
0x9973,
0x9973,
0x9973,
0x9973,
0x9973,
0x9973,
0x9973,
0x9973,
0x9973,
0x9973,
0x9973,
0x9973,
0x9973,
0x9973,
0x9973,
0x9973,
0x9973,
0x9973,
0x9973,
0x9973,
0x9973,
0x9973,
0x9973,
0x9973,
0x9973,
0x9973,
0x9973,
0x9973,
0x9973,
0x9973,
0x9973,
0x9973,
0x9973,
0x9973,
0x9973,
0x9973,
0x9973,
0x9973,
0x9973,
0x9973,
0x9973,
0x9973,
0x9973,
0x9973,
0x9973,
0x9973,
0x9973,
0x9973,
0x9973,
0x9973,
0x9973,
0x9973,
0x9973,
0x9973,
0x9973,
0x9973,
0x9973,
0x9973,
0x9973,
0x9973,
0x9973,
0x9973,
0x9973,
0x9973,
0x9973,
0x9973,
0x9973,
0x9973,
0x9973,
0x9973,
0x9973,
0x9973,
0x9973,
0x9973,
0x9973,
0x9973,
0x9973,
0x9973,
0x9973,
0x9973,
0x9973,
0x9973,
0x9973,
0x9973,
0x9973,
0x9973,
0x9973,
0x9973,
0x9973,
0x9973,
0x9973,
0x9973,
0x9973,
0x9973,
0x9973,
0x9973,
0x9973,
0x9973,
0x9973,
0x9973,
0x9973,
0x9973,
0x9973,
0x9973,
0x9973,
0x9973,
0x9973,
0x9973,
0x3963,
0xea5a,
0xb09c,
0xec8b,
0x6e9c,
0xec8b,
0x486b,
0x8973,
0xeb83,
0xea7b,
0xea73,
0xa96b,
0x886b,
0x886b,
0xc973,
0x886b,
0x6763,
0x8863,
0x6763,
0x4963,
0x157c,
0x7a6b,
0x9973,
0x9973,
0x9973,
0x9973,
0x9973,
0x9973,
0x9973,
0x9973,
0x9973,
0x9973,
0x9973,
0x9973,
0x9973,
0x9973,
0x9973,
0x9973,
0x9973,
0x9973,
0x9973,
0x9973,
0x9973,
0x9973,
0x9973,
0x9973,
0x9973,
0x9973,
0x9973,
0x9973,
0x9973,
0x9973,
0x9973,
0x9973,
0x9973,
0x9973,
0x9973,
0x9973,
0x9973,
0x9973,
0x9973,
0x9973,
0x9973,
0x9973,
0x9973,
0x9973,
0x9973,
0x9973,
0x9973,
0x9973,
0x9973,
0x9973,
0x9973,
0x9973,
0x9973,
0x9973,
0x9973,
0x9973,
0x9973,
0x9973,
0x9973,
0xb973,
0xf95a,
0xeb6a,
0x0b94,
0x0c94,
0x0c94,
0xec93,
0xec93,
0xab8b,
0xcb8b,
0x8b83,
0x8a83,
0x496b,
0x157c,
0x7a6b,
0xb973,
0x9973,
0x9973,
0x9973,
0x9973,
0x9973,
0x9973,
0x9973,
0x9973,
0x9973,
0x9973,
0x9973,
0x9973,
0x9973,
0x9973,
0x9973,
0x9973,
0x9973,
0x9973,
0x9973,
0x9973,
0x9973,
0x9973,
0x9973,
0x9973,
0x9973,
0x9973,
0x9973,
0x9973,
0x9973,
0x9973,
0x9973,
0x9973,
0x9973,
0x9973,
0x9973,
0x9973,
0x9973,
0x9973,
0x9973,
0x9973,
0x9973,
0x9973,
0x9973,
0x9973,
0x9973,
0x9973,
0x9973,
0x9973,
0x9973,
0x9973,
0x9973,
0x9973,
0x9973,
0x9973,
0x9973,
0x9973,
0x9973,
0x9973,
0x9973,
0x9973,
0x9973,
0x9973,
0x9973,
0x9973,
0x9973,
0x9973,
0x9973,
0x9973,
0x9973,
0x9973,
0x9973,
0x9973,
0x9973,
0x9973,
0x5a6b,
0x5584,
0x886b,
0x0a84,
0xeb8b,
0x497b,
0x0873,
0x0973,
0xe86a,
0x497b,
0xcb8b,
0xaa83,
0x8a83,
0x6a7b,
0xc962,
0x895a,
0xea6a,
0x8a83,
0xcb93,
0x0ca4,
0x6fac,
0x4eac,
0xec9b,
0x6ea4,
0x8fb4,
0x4eac,
0x2da4,
0x0c9c,
0x8a83,
0x4973,
0x697b,
0xca7b,
0x486b,
0x686b,
0x265b,
0xa542,
0xd873,
0x9973,
0x9973,
0x9973,
0x9973,
0x9973,
0x9973,
0x9973,
0x9973,
0x9973,
0x9973,
0x9973,
0x9973,
0x9973,
0x9973,
0x9973,
0x9973,
0x9973,
0x9973,
0x9973,
0x9973,
0x9973,
0x9973,
0x9973,
0x9973,
0x9973,
0x9973,
0x9973,
0x9973,
0x9973,
0x9973,
0x9973,
0x9973,
0x9973,
0x9973,
0x9973,
0x9973,
0x9973,
0x9973,
0x9973,
0x9973,
0x9973,
0x9973,
0x9973,
0x9973,
0x9973,
0x9973,
0x9973,
0x9973,
0x9973,
0x9973,
0x9973,
0x9973,
0x9973,
0x9973,
0x9973,
0x9973,
0x9973,
0x9973,
0x9973,
0x9973,
0x9973,
0x9973,
0x9973,
0x9973,
0x9973,
0x9973,
0x9973,
0x9973,
0x9973,
0x9973,
0x9973,
0x9973,
0x9973,
0x9973,
0x9973,
0x9973,
0x9973,
0x9973,
0x9973,
0x9973,
0x9973,
0x9973,
0x9973,
0x9973,
0x9973,
0x9973,
0x9973,
0x9973,
0x9973,
0x9973,
0x9973,
0x9973,
0x9973,
0x9973,
0x9973,
0x9973,
0x9973,
0x9973,
0x9973,
0x9973,
0x9973,
0x9973,
0x9973,
0x9973,
0x9973,
0x9973,
0x9973,
0x9973,
0x9973,
0x9973,
0x9973,
0x9973,
0x9973,
0x9973,
0x9973,
0x9973,
0x9973,
0x9973,
0x9973,
0x9973,
0x9973,
0x9973,
0x7a6b,
0x4842,
0x9094,
0x0d8c,
0x0c94,
0xab83,
0x6973,
0xaa7b,
0xeb83,
0xea7b,
0xea7b,
0x886b,
0xa86b,
0x886b,
0xa86b,
0x886b,
0x8863,
0x8763,
0x275b,
0x966b,
0x5a6b,
0x9973,
0x9973,
0x9973,
0x9973,
0x9973,
0x9973,
0x9973,
0x9973,
0x9973,
0x9973,
0x9973,
0x9973,
0x9973,
0x9973,
0x9973,
0x9973,
0x9973,
0x9973,
0x9973,
0x9973,
0x9973,
0x9973,
0x9973,
0x9973,
0x9973,
0x9973,
0x9973,
0x9973,
0x9973,
0x9973,
0x9973,
0x9973,
0x9973,
0x9973,
0x9973,
0x9973,
0x9973,
0x9973,
0x9973,
0x9973,
0x9973,
0x9973,
0x9973,
0x9973,
0x9973,
0x9973,
0x9973,
0x9973,
0x9973,
0x9973,
0x9973,
0x9973,
0x9973,
0x9973,
0x9973,
0x9973,
0x9973,
0x9973,
0x9973,
0x9973,
0xb973,
0x3a63,
0x694a,
0xca83,
0xab83,
0xcb8b,
0x2c94,
0x0c94,
0xcb83,
0x897b,
0x8973,
0x0963,
0xd673,
0x3a63,
0x9973,
0x9973,
0x9973,
0x9973,
0x9973,
0x9973,
0x9973,
0x9973,
0x9973,
0x9973,
0x9973,
0x9973,
0x9973,
0x9973,
0x9973,
0x9973,
0x9973,
0x9973,
0x9973,
0x9973,
0x9973,
0x9973,
0x9973,
0x9973,
0x9973,
0x9973,
0x9973,
0x9973,
0x9973,
0x9973,
0x9973,
0x9973,
0x9973,
0x9973,
0x9973,
0x9973,
0x9973,
0x9973,
0x9973,
0x9973,
0x9973,
0x9973,
0x9973,
0x9973,
0x9973,
0x9973,
0x9973,
0x9973,
0x9973,
0x9973,
0x9973,
0x9973,
0x9973,
0x9973,
0x9973,
0x9973,
0x9973,
0x9973,
0x9973,
0x9973,
0x9973,
0x9973,
0x9973,
0x9973,
0x9973,
0x9973,
0x9973,
0x9973,
0x9973,
0x9973,
0x9973,
0x9973,
0x9973,
0x9973,
0x9973,
0x9973,
0x7a73,
0xd773,
0x2653,
0xe97b,
0x0a8c,
0x8873,
0x276b,
0x076b,
0xe662,
0x286b,
0x8a5a,
0x1584,
0x1584,
0x986b,
0x1963,
0x3a63,
0x1963,
0x976b,
0x6942,
0x897b,
0x8a83,
0xab93,
0x8a7b,
0xec9b,
0xec9b,
0x0ca4,
0x2da4,
0xec9b,
0x6a83,
0x497b,
0x897b,
0xa86b,
0x686b,
0xe65a,
0xe54a,
0xd584,
0x7a6b,
0x9973,
0x9973,
0x9973,
0x9973,
0x9973,
0x9973,
0x9973,
0x9973,
0x9973,
0x9973,
0x9973,
0x9973,
0x9973,
0x9973,
0x9973,
0x9973,
0x9973,
0x9973,
0x9973,
0x9973,
0x9973,
0x9973,
0x9973,
0x9973,
0x9973,
0x9973,
0x9973,
0x9973,
0x9973,
0x9973,
0x9973,
0x9973,
0x9973,
0x9973,
0x9973,
0x9973,
0x9973,
0x9973,
0x9973,
0x9973,
0x9973,
0x9973,
0x9973,
0x9973,
0x9973,
0x9973,
0x9973,
0x9973,
0x9973,
0x9973,
0x9973,
0x9973,
0x9973,
0x9973,
0x9973,
0x9973,
0x9973,
0x9973,
0x9973,
0x9973,
0x9973,
0x9973,
0x9973,
0x9973,
0x9973,
0x9973,
0x9973,
0x9973,
0x9973,
0x9973,
0x9973,
0x9973,
0x9973,
0x9973,
0x9973,
0x9973,
0x9973,
0x9973,
0x9973,
0x9973,
0x9973,
0x9973,
0x9973,
0x9973,
0x9973,
0x9973,
0x9973,
0x9973,
0x9973,
0x9973,
0x9973,
0x9973,
0x9973,
0x9973,
0x9973,
0x9973,
0x9973,
0x9973,
0x9973,
0x9973,
0x9973,
0x9973,
0x9973,
0x9973,
0x9973,
0x9973,
0x9973,
0x9973,
0x9973,
0x9973,
0x9973,
0x9973,
0x9973,
0x9973,
0x9973,
0x9973,
0x9973,
0x9973,
0x9973,
0x9973,
0x9973,
0x9973,
0xb873,
0xc64a,
0x708c,
0x0e8c,
0x6973,
0x6a73,
0xaa83,
0xeb8b,
0xca83,
0xa973,
0xca7b,
0xa86b,
0x475b,
0x876b,
0xc873,
0xc873,
0xc86b,
0x475b,
0x157c,
0x796b,
0xb973,
0x9973,
0x9973,
0x9973,
0x9973,
0x9973,
0x9973,
0x9973,
0x9973,
0x9973,
0x9973,
0x9973,
0x9973,
0x9973,
0x9973,
0x9973,
0x9973,
0x9973,
0x9973,
0x9973,
0x9973,
0x9973,
0x9973,
0x9973,
0x9973,
0x9973,
0x9973,
0x9973,
0x9973,
0x9973,
0x9973,
0x9973,
0x9973,
0x9973,
0x9973,
0x9973,
0x9973,
0x9973,
0x9973,
0x9973,
0x9973,
0x9973,
0x9973,
0x9973,
0x9973,
0x9973,
0x9973,
0x9973,
0x9973,
0x9973,
0x9973,
0x9973,
0x9973,
0x9973,
0x9973,
0x9973,
0x9973,
0x9973,
0x9973,
0x9973,
0x9973,
0x9973,
0x5a6b,
0xd48c,
0x6763,
0xaa83,
0x8a7b,
0x096b,
0xe962,
0x0963,
0xa952,
0xd48c,
0x986b,
0x7a6b,
0xb973,
0x9973,
0x9973,
0x9973,
0x9973,
0x9973,
0x9973,
0x9973,
0x9973,
0x9973,
0x9973,
0x9973,
0x9973,
0x9973,
0x9973,
0x9973,
0x9973,
0x9973,
0x9973,
0x9973,
0x9973,
0x9973,
0x9973,
0x9973,
0x9973,
0x9973,
0x9973,
0x9973,
0x9973,
0x9973,
0x9973,
0x9973,
0x9973,
0x9973,
0x9973,
0x9973,
0x9973,
0x9973,
0x9973,
0x9973,
0x9973,
0x9973,
0x9973,
0x9973,
0x9973,
0x9973,
0x9973,
0x9973,
0x9973,
0x9973,
0x9973,
0x9973,
0x9973,
0x9973,
0x9973,
0x9973,
0x9973,
0x9973,
0x9973,
0x9973,
0x9973,
0x9973,
0x9973,
0x9973,
0x9973,
0x9973,
0x9973,
0x9973,
0x9973,
0x9973,
0x9973,
0x9973,
0x9973,
0x9973,
0x9973,
0x9973,
0x9973,
0x9973,
0x283a,
0x4553,
0xe873,
0xea83,
0x2863,
0xa84a,
0xe852,
0xa752,
0x3584,
0x1a5b,
0x5a6b,
0x7a6b,
0x9973,
0x9973,
0x9973,
0x9973,
0x9973,
0x3a63,
0x894a,
0xa873,
0xc94a,
0x885b,
0xca83,
0x6a83,
0xeb93,
0x8b83,
0xcb8b,
0xec8b,
0x8a7b,
0xa97b,
0xc96b,
0x886b,
0xe65a,
0x283a,
0x5a6b,
0x9973,
0x9973,
0x9973,
0x9973,
0x9973,
0x9973,
0x9973,
0x9973,
0x9973,
0x9973,
0x9973,
0x9973,
0x9973,
0x9973,
0x9973,
0x9973,
0x9973,
0x9973,
0x9973,
0x7a73,
0x9973,
0x9973,
0x9973,
0x9973,
0x9973,
0x9973,
0x9973,
0x9973,
0x9973,
0x9973,
0x9973,
0x9973,
0x9973,
0x9973,
0x9973,
0x9973,
0x9973,
0x9973,
0x9973,
0x9973,
0x9973,
0x9973,
0x9973,
0x9973,
0x9973,
0x9973,
0x9973,
0x9973,
0x9973,
0x9973,
0x9973,
0x9973,
0x9973,
0x9973,
0x9973,
0x9973,
0x9973,
0x9973,
0x9973,
0x9973,
0x9973,
0x9973,
0x9973,
0x9973,
0x9973,
0x9973,
0x9973,
0x9973,
0x9973,
0x9973,
0x9973,
0x9973,
0x9973,
0x9973,
0x9973,
0x9973,
0x9973,
0x9973,
0x9973,
0x9973,
0x9973,
0x9973,
0x9973,
0x9973,
0x9973,
0x9973,
0x9973,
0x9973,
0x9973,
0x9973,
0x9973,
0x9973,
0x9973,
0x9973,
0x9973,
0x9973,
0x9973,
0x9973,
0x9973,
0x9973,
0x9973,
0x9973,
0x9973,
0x9973,
0x9973,
0x9973,
0x9973,
0x9973,
0x9973,
0x9973,
0x9973,
0x9973,
0x9973,
0x9973,
0x9973,
0x9973,
0x9973,
0x9973,
0x9973,
0x9973,
0x9973,
0x9973,
0x7a6b,
0x567c,
0x265b,
0xf3a4,
0x0d8c,
0x6a73,
0x8a7b,
0xab83,
0xaa7b,
0xa973,
0x6863,
0x475b,
0x886b,
0x886b,
0x8873,
0xc97b,
0xe852,
0x8842,
0x5584,
0x5a6b,
0x9973,
0x9973,
0x9973,
0x9973,
0x9973,
0x9973,
0x9973,
0x9973,
0x9973,
0x9973,
0x9973,
0x9973,
0x9973,
0x9973,
0x9973,
0x9973,
0x9973,
0x9973,
0x9973,
0x9973,
0x9973,
0x9973,
0x9973,
0x9973,
0x9973,
0x9973,
0x9973,
0x9973,
0x9973,
0x9973,
0x9973,
0x9973,
0x9973,
0x9973,
0x9973,
0x9973,
0x9973,
0x9973,
0x9973,
0x9973,
0x9973,
0x9973,
0x9973,
0x9973,
0x9973,
0x9973,
0x9973,
0x9973,
0x9973,
0x9973,
0x9973,
0x9973,
0x9973,
0x9973,
0x9973,
0x9973,
0x9973,
0x9973,
0x9973,
0x9973,
0x9973,
0x9973,
0x9973,
0x9973,
0x7a6b,
0x5584,
0xb494,
0x1684,
0x5863,
0x395b,
0x796b,
0x596b,
0x5a6b,
0x9973,
0x9973,
0x9973,
0x9973,
0x9973,
0x9973,
0x9973,
0x9973,
0x9973,
0x9973,
0x9973,
0x9973,
0x9973,
0x9973,
0x9973,
0x9973,
0x9973,
0x9973,
0x9973,
0x9973,
0x9973,
0x9973,
0x9973,
0x9973,
0x9973,
0x9973,
0x9973,
0x9973,
0x9973,
0x9973,
0x9973,
0x9973,
0x9973,
0x9973,
0x9973,
0x9973,
0x9973,
0x9973,
0x9973,
0x9973,
0x9973,
0x9973,
0x9973,
0x9973,
0x9973,
0x9973,
0x9973,
0x9973,
0x9973,
0x9973,
0x9973,
0x9973,
0x9973,
0x9973,
0x9973,
0x9973,
0x9973,
0x9973,
0x9973,
0x9973,
0x9973,
0x9973,
0x9973,
0x9973,
0x9973,
0x9973,
0x9973,
0x9973,
0x9973,
0x9973,
0x9973,
0x9973,
0x9973,
0x9973,
0x9973,
0x9973,
0x9973,
0x9973,
0x9973,
0x9973,
0x187c,
0x2732,
0xc74a,
0x694a,
0x9873,
0x5a6b,
0x596b,
0x796b,
0x7a6b,
0x9973,
0x9973,
0x9973,
0x9973,
0x9973,
0x9973,
0x9973,
0x9973,
0x7a73,
0x187c,
0x2a32,
0x4a32,
0x284b,
0xc873,
0xca83,
0x8a7b,
0x8a7b,
0xca83,
0x0c8c,
0xcb83,
0xc973,
0xa96b,
0x8973,
0xc752,
0xf873,
0x9973,
0x9973,
0x9973,
0x9973,
0x9973,
0x9973,
0x9973,
0x9973,
0x9973,
0x9973,
0x9973,
0x9973,
0x9973,
0x9973,
0x9973,
0x9973,
0x9973,
0x9973,
0x9973,
0xd784,
0x387c,
0x7a73,
0x9973,
0x9973,
0x9973,
0x9973,
0x9973,
0x9973,
0x9973,
0x9973,
0x9973,
0x9973,
0x9973,
0x9973,
0x9973,
0x9973,
0x9973,
0x9973,
0x9973,
0x9973,
0x9973,
0x9973,
0x9973,
0x9973,
0x9973,
0x9973,
0x9973,
0x9973,
0x9973,
0x9973,
0x9973,
0x9973,
0x9973,
0x9973,
0x9973,
0x9973,
0x9973,
0x9973,
0x9973,
0x9973,
0x9973,
0x9973,
0x9973,
0x9973,
0x9973,
0x9973,
0x9973,
0x9973,
0x9973,
0x9973,
0x9973,
0x9973,
0x9973,
0x9973,
0x9973,
0x9973,
0x9973,
0x9973,
0x9973,
0x9973,
0x9973,
0x9973,
0x9973,
0x9973,
0x9973,
0x9973,
0x9973,
0x9973,
0x9973,
0x9973,
0x9973,
0x9973,
0x9973,
0x9973,
0x9973,
0x9973,
0x9973,
0x9973,
0x9973,
0x9973,
0x9973,
0x9973,
0x9973,
0x9973,
0x9973,
0x9973,
0x9973,
0x9973,
0x9973,
0x9973,
0x9973,
0x9973,
0x9973,
0x9973,
0x9973,
0x9973,
0x9973,
0x9973,
0x9973,
0x9973,
0x9973,
0x9973,
0x9973,
0x7a6b,
0x663a,
0xaa6b,
0xd7bd,
0xeb8b,
0xaa7b,
0xab83,
0x8a7b,
0x696b,
0xa973,
0x896b,
0x4763,
0x265b,
0x265b,
0x465b,
0x275b,
0x976b,
0x3a63,
0x7a6b,
0x9973,
0x9973,
0x9973,
0x9973,
0x9973,
0x9973,
0x9973,
0x9973,
0x9973,
0x9973,
0x9973,
0x9973,
0x9973,
0x9973,
0x9973,
0x9973,
0x9973,
0x9973,
0x9973,
0x9973,
0x9973,
0x9973,
0x9973,
0x9973,
0x9973,
0x9973,
0x9973,
0x9973,
0x9973,
0x9973,
0x9973,
0x9973,
0x9973,
0x9973,
0x9973,
0x9973,
0x9973,
0x9973,
0x9973,
0x9973,
0x9973,
0x9973,
0x9973,
0x9973,
0x9973,
0x9973,
0x9973,
0x9973,
0x9973,
0x9973,
0x9973,
0x9973,
0x9973,
0x9973,
0x9973,
0x9973,
0x9973,
0x9973,
0x9973,
0x9973,
0x9973,
0x9973,
0x9973,
0x9973,
0x9973,
0x9973,
0x7a6b,
0x5a6b,
0x7a6b,
0x9973,
0x9973,
0x9973,
0x9973,
0x9973,
0x9973,
0x9973,
0x9973,
0x9973,
0x9973,
0x9973,
0x9973,
0x9973,
0x9973,
0x9973,
0x9973,
0x9973,
0x9973,
0x9973,
0x9973,
0x9973,
0x9973,
0x9973,
0x9973,
0x9973,
0x9973,
0x9973,
0x9973,
0x9973,
0x9973,
0x9973,
0x9973,
0x9973,
0x9973,
0x9973,
0x9973,
0x9973,
0x9973,
0x9973,
0x9973,
0x9973,
0x9973,
0x9973,
0x9973,
0x9973,
0x9973,
0x9973,
0x9973,
0x9973,
0x9973,
0x9973,
0x9973,
0x9973,
0x9973,
0x9973,
0x9973,
0x9973,
0x9973,
0x9973,
0x9973,
0x9973,
0x9973,
0x9973,
0x9973,
0x9973,
0x9973,
0x9973,
0x9973,
0x9973,
0x9973,
0x9973,
0x9973,
0x9973,
0x9973,
0x9973,
0x9973,
0x9973,
0x9973,
0x9973,
0x9973,
0x9973,
0x9973,
0x9973,
0x9973,
0x9973,
0x7a73,
0x7a6b,
0x5a6b,
0x5a6b,
0x7a73,
0x9973,
0x9973,
0x9973,
0x9973,
0x9973,
0x9973,
0x9973,
0x9973,
0x9973,
0x9973,
0x9973,
0x9973,
0x9973,
0x9973,
0x7a6b,
0x0932,
0x9674,
0x294b,
0xc873,
0x8873,
0xca7b,
0xc97b,
0xa973,
0xe973,
0x8863,
0xc64a,
0xe762,
0x083a,
0x7a6b,
0x9973,
0x9973,
0x9973,
0x9973,
0x9973,
0x9973,
0x9973,
0x9973,
0x9973,
0x9973,
0x9973,
0x9973,
0x9973,
0x9973,
0x9973,
0x9973,
0x9973,
0x9973,
0x7a73,
0x587c,
0xa63a,
0x996b,
0x7a73,
0x9973,
0x9973,
0x9973,
0x9973,
0x9973,
0x9973,
0x9973,
0x9973,
0x9973,
0x9973,
0x9973,
0x9973,
0x9973,
0x9973,
0x9973,
0x9973,
0x9973,
0x9973,
0x9973,
0x9973,
0x9973,
0x9973,
0x9973,
0x9973,
0x9973,
0x9973,
0x9973,
0x9973,
0x9973,
0x9973,
0x9973,
0x9973,
0x9973,
0x9973,
0x9973,
0x9973,
0x9973,
0x9973,
0x9973,
0x9973,
0x9973,
0x9973,
0x9973,
0x9973,
0x9973,
0x9973,
0x9973,
0x9973,
0x9973,
0x9973,
0x9973,
0x9973,
0x9973,
0x9973,
0x9973,
0x9973,
0x9973,
0x9973,
0x9973,
0x9973,
0x9973,
0x9973,
0x9973,
0x9973,
0x9973,
0x9973,
0x9973,
0x9973,
0x9973,
0x9973,
0x9973,
0x9973,
0x9973,
0x9973,
0x9973,
0x9973,
0x9973,
0x9973,
0x9973,
0x9973,
0x9973,
0x9973,
0x9973,
0x9973,
0x9973,
0x9973,
0x9973,
0x9973,
0x9973,
0x9973,
0x9973,
0x9973,
0x9973,
0x9973,
0x9973,
0x9973,
0x9973,
0x9973,
0x9973,
0x7a73,
0x977c,
0xc44a,
0x0e84,
0xd2a4,
0xab83,
0xaa7b,
0x8a7b,
0x6973,
0x496b,
0x8973,
0x8973,
0xa973,
0x6863,
0x4763,
0x665b,
0x0753,
0xb873,
0x9973,
0x9973,
0x9973,
0x9973,
0x9973,
0x9973,
0x9973,
0x9973,
0x9973,
0x9973,
0x9973,
0x9973,
0x9973,
0x9973,
0x9973,
0x9973,
0x9973,
0x9973,
0x9973,
0x9973,
0x9973,
0x9973,
0x9973,
0x9973,
0x9973,
0x9973,
0x9973,
0x9973,
0x9973,
0x9973,
0x9973,
0x9973,
0x9973,
0x9973,
0x9973,
0x9973,
0x9973,
0x9973,
0x9973,
0x9973,
0x9973,
0x9973,
0x9973,
0x9973,
0x9973,
0x9973,
0x9973,
0x9973,
0x9973,
0x9973,
0x9973,
0x9973,
0x9973,
0x9973,
0x9973,
0x9973,
0x9973,
0x9973,
0x9973,
0x9973,
0x9973,
0x9973,
0x9973,
0x9973,
0x9973,
0x9973,
0x9973,
0x9973,
0x9973,
0xb973,
0x9973,
0x9973,
0x9973,
0x9973,
0x9973,
0x9973,
0x9973,
0x9973,
0x9973,
0x9973,
0x9973,
0x9973,
0x9973,
0x9973,
0x9973,
0x9973,
0x9973,
0x9973,
0x9973,
0x9973,
0x9973,
0x9973,
0x9973,
0x9973,
0x9973,
0x9973,
0x9973,
0x9973,
0x9973,
0x9973,
0x9973,
0x9973,
0x9973,
0x9973,
0x9973,
0x9973,
0x9973,
0x9973,
0x9973,
0x9973,
0x9973,
0x9973,
0x9973,
0x9973,
0x9973,
0x9973,
0x9973,
0x9973,
0x9973,
0x9973,
0x9973,
0x9973,
0x9973,
0x9973,
0x9973,
0x9973,
0x9973,
0x9973,
0x9973,
0x9973,
0x9973,
0x9973,
0x9973,
0x9973,
0x9973,
0x9973,
0x9973,
0x9973,
0x9973,
0x9973,
0x9973,
0x9973,
0x9973,
0x9973,
0x9973,
0x9973,
0x9973,
0x9973,
0x9973,
0x9973,
0x9973,
0x9973,
0x9973,
0x9973,
0x9973,
0x9973,
0x9973,
0x9973,
0x9973,
0x9973,
0x9973,
0x9973,
0x9973,
0x9973,
0x9973,
0x9973,
0x9973,
0x9973,
0x9973,
0x9973,
0x9973,
0x9973,
0x9973,
0x9973,
0x9973,
0x9973,
0x9973,
0x3a6b,
0x376c,
0xa753,
0xa663,
0x8763,
0x8863,
0xa763,
0x0653,
0x6442,
0x8442,
0xe552,
0x377c,
0x7a73,
0x9973,
0x9973,
0x9973,
0x9973,
0x9973,
0x9973,
0x9973,
0x9973,
0x9973,
0x9973,
0x9973,
0x9973,
0x9973,
0x9973,
0x9973,
0x9973,
0x9973,
0x9973,
0x9973,
0x5a6b,
0xb67c,
0xc63a,
0xd873,
0x7a6b,
0xb973,
0x9973,
0x9973,
0x9973,
0x9973,
0x9973,
0x9973,
0x9973,
0x9973,
0x9973,
0x9973,
0x9973,
0x9973,
0x9973,
0x9973,
0x9973,
0x9973,
0x9973,
0x9973,
0x9973,
0x9973,
0x9973,
0x9973,
0x9973,
0x9973,
0x9973,
0x9973,
0x9973,
0x9973,
0x9973,
0x9973,
0x9973,
0x9973,
0x9973,
0x9973,
0x9973,
0x9973,
0x9973,
0x9973,
0x9973,
0x9973,
0x9973,
0x9973,
0x9973,
0x9973,
0x9973,
0x9973,
0x9973,
0x9973,
0x9973,
0x9973,
0x9973,
0x9973,
0x9973,
0x9973,
0x9973,
0x9973,
0x9973,
0x9973,
0x9973,
0x9973,
0x9973,
0x9973,
0x9973,
0x9973,
0x9973,
0x9973,
0x9973,
0x9973,
0x9973,
0x9973,
0x9973,
0x9973,
0x9973,
0x9973,
0x9973,
0x9973,
0x9973,
0x9973,
0x9973,
0x9973,
0x9973,
0x9973,
0x9973,
0x9973,
0x9973,
0x9973,
0x9973,
0x9973,
0x9973,
0x9973,
0x9973,
0x9973,
0x9973,
0x9973,
0x9973,
0x9973,
0x9973,
0x7a6b,
0x0832,
0xe452,
0x0e84,
0x0d8c,
0xab8b,
0xab83,
0x6a73,
0x6973,
0x486b,
0x6863,
0xa973,
0xa973,
0x886b,
0x686b,
0x285b,
0x557c,
0x7a6b,
0x9973,
0x9973,
0x9973,
0x9973,
0x9973,
0x9973,
0x9973,
0x9973,
0x9973,
0x9973,
0x9973,
0x9973,
0x9973,
0x9973,
0x9973,
0x9973,
0x9973,
0x9973,
0x9973,
0x9973,
0x9973,
0x9973,
0x9973,
0x9973,
0x9973,
0x9973,
0x9973,
0x9973,
0x9973,
0x9973,
0x9973,
0x9973,
0x9973,
0x9973,
0x9973,
0x9973,
0x9973,
0x9973,
0x9973,
0x9973,
0x9973,
0x9973,
0x9973,
0x9973,
0x9973,
0x9973,
0x9973,
0x9973,
0x9973,
0x9973,
0x9973,
0x9973,
0x9973,
0x9973,
0x9973,
0x9973,
0x9973,
0x9973,
0x9973,
0x9973,
0x9973,
0x9973,
0x9973,
0x9973,
0x9973,
0x9973,
0x9973,
0x9973,
0x9973,
0x9973,
0x9973,
0x9973,
0x9973,
0x9973,
0x9973,
0x9973,
0x9973,
0x9973,
0x9973,
0x9973,
0x9973,
0x9973,
0x9973,
0x9973,
0x9973,
0x9973,
0x9973,
0x9973,
0x9973,
0x9973,
0x9973,
0x9973,
0x9973,
0x9973,
0x9973,
0x9973,
0x9973,
0x9973,
0x9973,
0x9973,
0x9973,
0x9973,
0x9973,
0x9973,
0x9973,
0x9973,
0x9973,
0x9973,
0x9973,
0x9973,
0x9973,
0x9973,
0x9973,
0x9973,
0x9973,
0x9973,
0x9973,
0x9973,
0x9973,
0x9973,
0x9973,
0x9973,
0x9973,
0x9973,
0x9973,
0x9973,
0x9973,
0x9973,
0x9973,
0x9973,
0x9973,
0x9973,
0x9973,
0x9973,
0x9973,
0x9973,
0x9973,
0x9973,
0x9973,
0x9973,
0x9973,
0x9973,
0x9973,
0x9973,
0x9973,
0x9973,
0x9973,
0x9973,
0x9973,
0x9973,
0x9973,
0x9973,
0x9973,
0x9973,
0x9973,
0x9973,
0x9973,
0x9973,
0x9973,
0x9973,
0x9973,
0x9973,
0x9973,
0x9973,
0x9973,
0x9973,
0x9973,
0x9973,
0x9973,
0x9973,
0x9973,
0x9973,
0x9973,
0x9973,
0x9973,
0x9973,
0x9973,
0x9973,
0x7973,
0x957c,
0xc73a,
0x664b,
0x6753,
0xc84a,
0xe542,
0xc642,
0x9684,
0xd96b,
0xb973,
0x9973,
0x9973,
0x9973,
0x9973,
0x9973,
0x9973,
0x9973,
0x9973,
0x9973,
0x9973,
0x9973,
0x9973,
0x9973,
0x9973,
0x9973,
0x9973,
0x9973,
0x9973,
0x9973,
0x9973,
0x7a73,
0xf86b,
0x654b,
0x8632,
0x8632,
0xb784,
0x7a6b,
0x9973,
0x9973,
0x9973,
0x9973,
0x9973,
0x9973,
0x9973,
0x9973,
0x9973,
0x9973,
0x9973,
0x9973,
0x9973,
0x9973,
0x9973,
0x9973,
0x9973,
0x9973,
0x9973,
0x9973,
0x9973,
0x9973,
0x9973,
0x9973,
0x9973,
0x9973,
0x9973,
0x9973,
0x9973,
0x9973,
0x9973,
0x9973,
0x9973,
0x9973,
0x9973,
0x9973,
0x9973,
0x9973,
0x9973,
0x9973,
0x9973,
0x9973,
0x9973,
0x9973,
0x9973,
0x9973,
0x9973,
0x9973,
0x9973,
0x9973,
0x9973,
0x9973,
0x9973,
0x9973,
0x9973,
0x9973,
0x9973,
0x9973,
0x9973,
0x9973,
0x9973,
0x9973,
0x9973,
0x9973,
0x9973,
0x9973,
0x9973,
0x9973,
0x9973,
0x9973,
0x9973,
0x9973,
0x9973,
0x9973,
0x9973,
0x9973,
0x9973,
0x9973,
0x9973,
0x9973,
0x9973,
0x9973,
0x9973,
0x9973,
0x9973,
0x9973,
0x9973,
0x9973,
0x9973,
0x9973,
0x9973,
0x9973,
0x9973,
0x9973,
0x9973,
0x9973,
0x7a6b,
0x567c,
0x0653,
0xcd7b,
0x0c8c,
0xcb83,
0xab83,
0x6a7b,
0x496b,
0x486b,
0x285b,
0xa973,
0x2a53,
0x9484,
0x3584,
0x9873,
0x7a6b,
0x9973,
0x9973,
0x9973,
0x9973,
0x9973,
0x9973,
0x9973,
0x9973,
0x9973,
0x9973,
0x9973,
0x9973,
0x9973,
0x9973,
0x9973,
0x9973,
0x9973,
0x9973,
0x9973,
0x9973,
0x9973,
0x9973,
0x9973,
0x9973,
0x9973,
0x9973,
0x9973,
0x9973,
0x9973,
0x9973,
0x9973,
0x9973,
0x9973,
0x9973,
0x9973,
0x9973,
0x9973,
0x9973,
0x9973,
0x9973,
0x9973,
0x9973,
0x9973,
0x9973,
0x9973,
0x9973,
0x9973,
0x9973,
0x9973,
0x9973,
0x9973,
0x9973,
0x9973,
0x9973,
0x9973,
0x9973,
0x9973,
0x9973,
0x9973,
0x9973,
0x9973,
0x9973,
0x9973,
0x9973,
0x9973,
0x9973,
0x9973,
0x9973,
0x9973,
0x9973,
0x9973,
0x9973,
0x9973,
0x9973,
0x9973,
0x9973,
0x9973,
0x9973,
0x9973,
0x9973,
0x9973,
0x9973,
0x9973,
0x9973,
0x9973,
0x9973,
0x9973,
0x9973,
0x9973,
0x9973,
0x9973,
0x9973,
0x9973,
0x9973,
0x9973,
0x9973,
0x9973,
0x9973,
0x9973,
0x9973,
0x9973,
0x9973,
0x9973,
0x9973,
0x9973,
0x9973,
0x9973,
0x9973,
0x9973,
0x9973,
0x9973,
0x9973,
0x9973,
0x9973,
0x9973,
0x9973,
0x9973,
0x9973,
0x9973,
0x9973,
0x9973,
0x9973,
0x9973,
0x9973,
0x9973,
0x9973,
0x9973,
0x9973,
0x9973,
0x9973,
0x9973,
0x9973,
0x9973,
0x9973,
0x9973,
0x9973,
0x9973,
0x9973,
0x9973,
0x9973,
0x9973,
0x9973,
0x9973,
0x9973,
0x9973,
0x9973,
0x9973,
0x9973,
0x9973,
0x9973,
0x9973,
0x9973,
0x9973,
0x9973,
0x9973,
0x9973,
0x9973,
0x9973,
0x9973,
0x9973,
0x9973,
0x9973,
0x9973,
0x9973,
0x9973,
0x9973,
0x9973,
0x9973,
0x9973,
0x9973,
0x9973,
0x9973,
0x9973,
0x9973,
0x9973,
0x9973,
0x9973,
0x9973,
0x9973,
0x9973,
0x7a6b,
0x3a6b,
0xb76b,
0x1774,
0x596b,
0x977c,
0x587c,
0x7a6b,
0x9973,
0x9973,
0x9973,
0x9973,
0x9973,
0x9973,
0x9973,
0x9973,
0x9973,
0x9973,
0x9973,
0x9973,
0x9973,
0x9973,
0x9973,
0x9973,
0x9973,
0x9973,
0x9973,
0x9973,
0x9973,
0x9973,
0x7a73,
0x6832,
0x0543,
0xe54a,
0x6832,
0xf973,
0x9973,
0x9973,
0x9973,
0x9973,
0x9973,
0x9973,
0x9973,
0x9973,
0x9973,
0x9973,
0x9973,
0x9973,
0x9973,
0x9973,
0x9973,
0x9973,
0x9973,
0x9973,
0x9973,
0x9973,
0x9973,
0x9973,
0x9973,
0x9973,
0x9973,
0x9973,
0x9973,
0x9973,
0x9973,
0x9973,
0x9973,
0x9973,
0x9973,
0x9973,
0x9973,
0x9973,
0x9973,
0x9973,
0x9973,
0x9973,
0x9973,
0x9973,
0x9973,
0x9973,
0x9973,
0x9973,
0x9973,
0x9973,
0x9973,
0x9973,
0x9973,
0x9973,
0x9973,
0x9973,
0x9973,
0x9973,
0x9973,
0x9973,
0x9973,
0x9973,
0x9973,
0x9973,
0x9973,
0x9973,
0x9973,
0x9973,
0x9973,
0x9973,
0x9973,
0x9973,
0x9973,
0x9973,
0x9973,
0x9973,
0x9973,
0x9973,
0x9973,
0x9973,
0x9973,
0x9973,
0x9973,
0x9973,
0x9973,
0x9973,
0x9973,
0x9973,
0x9973,
0x9973,
0x9973,
0x9973,
0x9973,
0x9973,
0x9973,
0x9973,
0x9973,
0x9973,
0x9973,
0x7a6b,
0x2732,
0x4853,
0xad7b,
0x4973,
0x8a7b,
0xaa83,
0xaa83,
0x6a73,
0x296b,
0x486b,
0xa96b,
0x2b2a,
0xfb62,
0x7a6b,
0x9973,
0x9973,
0x9973,
0x9973,
0x9973,
0x9973,
0x9973,
0x9973,
0x9973,
0x9973,
0x9973,
0x9973,
0x9973,
0x9973,
0x9973,
0x9973,
0x9973,
0x9973,
0x9973,
0x9973,
0x9973,
0x9973,
0x9973,
0x9973,
0x9973,
0x9973,
0x9973,
0x9973,
0x9973,
0x9973,
0x9973,
0x9973,
0x9973,
0x9973,
0x9973,
0x9973,
0x9973,
0x9973,
0x9973,
0x9973,
0x9973,
0x9973,
0x9973,
0x9973,
0x9973,
0x9973,
0x9973,
0x9973,
0x9973,
0x9973,
0x9973,
0x9973,
0x9973,
0x9973,
0x9973,
0x9973,
0x9973,
0x9973,
0x9973,
0x9973,
0x9973,
0x9973,
0x9973,
0x9973,
0x9973,
0x9973,
0x9973,
0x9973,
0x9973,
0x9973,
0x9973,
0x9973,
0x9973,
0x9973,
0x9973,
0x9973,
0x9973,
0x9973,
0x9973,
0x9973,
0x9973,
0x9973,
0x9973,
0x9973,
0x9973,
0x9973,
0x9973,
0x9973,
0x9973,
0x9973,
0x9973,
0x9973,
0x9973,
0x9973,
0x9973,
0x9973,
0x9973,
0x9973,
0x9973,
0x9973,
0x9973,
0x9973,
0x9973,
0x9973,
0x9973,
0x9973,
0x9973,
0x9973,
0x9973,
0x9973,
0x9973,
0x9973,
0x9973,
0x9973,
0x9973,
0x9973,
0x9973,
0x9973,
0x9973,
0x9973,
0x9973,
0x9973,
0x9973,
0x9973,
0x9973,
0x9973,
0x9973,
0x9973,
0x9973,
0x9973,
0x9973,
0x9973,
0x9973,
0x9973,
0x9973,
0x9973,
0x9973,
0x9973,
0x9973,
0x9973,
0x9973,
0x9973,
0x9973,
0x9973,
0x9973,
0x9973,
0x9973,
0x9973,
0x9973,
0x9973,
0x9973,
0x9973,
0x9973,
0x9973,
0x9973,
0x9973,
0x9973,
0x9973,
0x9973,
0x9973,
0x9973,
0x9973,
0x9973,
0x9973,
0x9973,
0x9973,
0x9973,
0x9973,
0x9973,
0x9973,
0x9973,
0x9973,
0x9973,
0x9973,
0x9973,
0x9973,
0x9973,
0x9973,
0x9973,
0x9973,
0x9973,
0x9973,
0x9973,
0x9973,
0x7a73,
0xb973,
0x587c,
0x7a6b,
0x5a6b,
0xb77c,
0xb973,
0x9973,
0x9973,
0x9973,
0x9973,
0x9973,
0x9973,
0x9973,
0x9973,
0x9973,
0x9973,
0x9973,
0x9973,
0x9973,
0x9973,
0x9973,
0x9973,
0x9973,
0x9973,
0x9973,
0x9973,
0xb973,
0xf96b,
0xb96b,
0xe642,
0x274b,
0x796b,
0x7a73,
0x9973,
0x9973,
0x9973,
0x9973,
0x9973,
0x9973,
0x9973,
0x9973,
0x9973,
0x9973,
0x9973,
0x9973,
0x9973,
0x9973,
0x9973,
0x9973,
0x9973,
0x9973,
0x9973,
0x9973,
0x9973,
0x9973,
0x9973,
0x9973,
0x9973,
0x9973,
0x9973,
0x9973,
0x9973,
0x9973,
0x9973,
0x9973,
0x9973,
0x9973,
0x9973,
0x9973,
0x9973,
0x9973,
0x9973,
0x9973,
0x9973,
0x9973,
0x9973,
0x9973,
0x9973,
0x9973,
0x9973,
0x9973,
0x9973,
0x9973,
0x9973,
0x9973,
0x9973,
0x9973,
0x9973,
0x9973,
0x9973,
0x9973,
0x9973,
0x9973,
0x9973,
0x9973,
0x9973,
0x9973,
0x9973,
0x9973,
0x9973,
0x9973,
0x9973,
0x9973,
0x9973,
0x9973,
0x9973,
0x9973,
0x9973,
0x9973,
0x9973,
0x9973,
0x9973,
0x9973,
0x9973,
0x9973,
0x9973,
0x9973,
0x9973,
0x9973,
0x9973,
0x9973,
0x9973,
0x9973,
0x9973,
0x9973,
0x9973,
0x9973,
0x9973,
0x9973,
0x9973,
0x9973,
0x663a,
0x0a53,
0xee83,
0x6a7b,
0xab83,
0x8a83,
0x497b,
0xab83,
0x338c,
0x5584,
0x7584,
0x9973,
0x9973,
0x9973,
0x9973,
0x9973,
0x9973,
0x9973,
0x9973,
0x9973,
0x9973,
0x9973,
0x9973,
0x9973,
0x9973,
0x9973,
0x9973,
0x9973,
0x9973,
0x9973,
0x9973,
0x9973,
0x9973,
0x9973,
0x9973,
0x9973,
0x9973,
0x9973,
0x9973,
0x9973,
0x9973,
0x9973,
0x9973,
0x9973,
0x9973,
0x9973,
0x9973,
0x9973,
0x9973,
0x9973,
0x9973,
0x9973,
0x9973,
0x9973,
0x9973,
0x9973,
0x9973,
0x9973,
0x9973,
0x9973,
0x9973,
0x9973,
0x9973,
0x9973,
0x9973,
0x9973,
0x9973,
0x9973,
0x9973,
0x9973,
0x9973,
0x9973,
0x9973,
0x9973,
0x9973,
0x9973,
0x9973,
0x9973,
0x9973,
0x9973,
0x9973,
0x9973,
0x9973,
0x9973,
0x9973,
0x9973,
0x9973,
0x9973,
0x9973,
0x9973,
0x9973,
0x9973,
0x9973,
0x9973,
0x9973,
0x9973,
0x9973,
0x9973,
0x9973,
0x9973,
0x9973,
0x9973,
0x9973,
0x9973,
0x9973,
0x9973,
0x9973,
0x9973,
0x9973,
0x9973,
0x9973,
0x9973,
0x9973,
0x9973,
0x9973,
0x9973,
0x9973,
0x9973,
0x9973,
0x9973,
0x9973,
0x9973,
0x9973,
0x9973,
0x9973,
0x9973,
0x9973,
0x9973,
0x9973,
0x9973,
0x9973,
0x9973,
0x9973,
0x9973,
0x9973,
0x9973,
0x9973,
0x9973,
0x9973,
0x9973,
0x9973,
0x9973,
0x9973,
0x9973,
0x9973,
0x9973,
0x9973,
0x9973,
0x9973,
0x9973,
0x9973,
0x9973,
0x9973,
0x9973,
0x9973,
0x9973,
0x9973,
0x9973,
0x9973,
0x9973,
0x9973,
0x9973,
0x9973,
0x9973,
0x9973,
0x9973,
0x9973,
0x9973,
0x9973,
0x9973,
0x9973,
0x9973,
0x9973,
0x9973,
0x9973,
0x9973,
0x9973,
0x9973,
0x9973,
0x9973,
0x9973,
0x9973,
0x9973,
0x9973,
0x9973,
0x9973,
0x9973,
0x9973,
0x9973,
0x9973,
0x9973,
0x9973,
0x9973,
0x9973,
0x9973,
0x9973,
0x9973,
0x9973,
0x9973,
0x7a73,
0xe929,
0x4632,
0xa742,
0x473a,
0x7a6b,
0x9973,
0x9973,
0x9973,
0x9973,
0x9973,
0x9973,
0x9973,
0x9973,
0x9973,
0x9973,
0x9973,
0x9973,
0x9973,
0x9973,
0x9973,
0x9973,
0x9973,
0x9973,
0x9973,
0x5a6b,
0xe829,
0xc642,
0x2a32,
0x4932,
0x177c,
0x7a6b,
0x9973,
0x9973,
0x9973,
0x9973,
0x9973,
0x9973,
0x9973,
0x9973,
0x9973,
0x9973,
0x9973,
0x9973,
0x9973,
0x9973,
0x9973,
0x9973,
0x9973,
0x9973,
0x9973,
0x9973,
0x9973,
0x9973,
0x9973,
0x9973,
0x9973,
0x9973,
0x9973,
0x9973,
0x9973,
0x9973,
0x9973,
0x9973,
0x9973,
0x9973,
0x9973,
0x9973,
0x9973,
0x9973,
0x9973,
0x9973,
0x9973,
0x9973,
0x9973,
0x9973,
0x9973,
0x9973,
0x9973,
0x9973,
0x9973,
0x9973,
0x9973,
0x9973,
0x9973,
0x9973,
0x9973,
0x9973,
0x9973,
0x9973,
0x9973,
0x9973,
0x9973,
0x9973,
0x9973,
0x9973,
0x9973,
0x9973,
0x9973,
0x9973,
0x9973,
0x9973,
0x9973,
0x9973,
0x9973,
0x9973,
0x9973,
0x9973,
0x9973,
0x9973,
0x9973,
0x9973,
0x9973,
0x9973,
0x9973,
0x9973,
0x9973,
0x9973,
0x9973,
0x9973,
0x9973,
0x9973,
0x9973,
0x9973,
0x9973,
0x9973,
0x9973,
0x9973,
0x9973,
0x7a73,
0x187c,
0x272a,
0x0c5b,
0xcd7b,
0x8a83,
0xec8b,
0xcb8b,
0x8a83,
0xab83,
0xca5a,
0xf68c,
0x5a6b,
0x9973,
0x9973,
0x9973,
0x9973,
0x9973,
0x9973,
0x9973,
0x9973,
0x9973,
0x9973,
0x9973,
0x9973,
0x9973,
0x9973,
0x9973,
0x9973,
0x9973,
0x9973,
0x9973,
0x9973,
0x9973,
0x9973,
0x9973,
0x9973,
0x9973,
0x9973,
0x9973,
0x9973,
0x9973,
0x9973,
0x9973,
0x9973,
0x9973,
0x9973,
0x9973,
0x9973,
0x9973,
0x9973,
0x9973,
0x9973,
0x9973,
0x9973,
0x9973,
0x9973,
0x9973,
0x9973,
0x9973,
0x9973,
0x9973,
0x9973,
0x9973,
0x9973,
0x9973,
0x9973,
0x9973,
0x9973,
0x9973,
0x9973,
0x9973,
0x9973,
0x9973,
0x9973,
0x9973,
0x9973,
0x9973,
0x9973,
0x9973,
0x9973,
0x9973,
0x9973,
0x9973,
0x9973,
0x9973,
0x9973,
0x9973,
0x9973,
0x9973,
0x9973,
0x9973,
0x9973,
0x9973,
0x9973,
0x9973,
0x9973,
0x9973,
0x9973,
0x9973,
0x9973,
0x9973,
0x9973,
0x9973,
0x9973,
0x9973,
0x9973,
0x9973,
0x9973,
0x9973,
0x9973,
0x9973,
0x9973,
0x9973,
0x9973,
0x9973,
0x9973,
0x9973,
0x9973,
0x9973,
0x9973,
0x9973,
0x9973,
0x9973,
0x9973,
0x9973,
0x9973,
0x9973,
0x9973,
0x9973,
0x9973,
0x9973,
0x9973,
0x9973,
0x9973,
0x9973,
0x9973,
0x9973,
0x9973,
0x9973,
0x9973,
0x9973,
0x9973,
0x9973,
0x9973,
0x9973,
0x9973,
0x9973,
0x9973,
0x9973,
0x9973,
0x9973,
0x9973,
0x9973,
0x9973,
0x9973,
0x9973,
0x9973,
0x9973,
0x9973,
0x9973,
0x9973,
0x9973,
0x9973,
0x9973,
0x9973,
0x9973,
0x9973,
0x9973,
0x9973,
0x9973,
0x9973,
0x9973,
0x9973,
0x9973,
0x9973,
0x9973,
0x9973,
0x9973,
0x9973,
0x9973,
0x9973,
0x9973,
0x9973,
0x9973,
0x9973,
0x9973,
0x9973,
0x9973,
0x9973,
0x9973,
0x9973,
0x9973,
0x9973,
0x9973,
0x9973,
0x9973,
0x9973,
0x9973,
0x9973,
0x9973,
0x9973,
0xb873,
0x4432,
0x054b,
0x483a,
0x5a6b,
0x9973,
0x9973,
0x9973,
0x9973,
0x9973,
0x9973,
0x9973,
0x9973,
0x9973,
0x9973,
0x9973,
0x9973,
0x9973,
0x9973,
0x9973,
0x9973,
0x9973,
0x7a73,
0x1a63,
0x567c,
0xc74a,
0xe95a,
0x177c,
0x5a6b,
0x9973,
0x9973,
0x9973,
0x9973,
0x9973,
0x9973,
0xb973,
0x1974,
0x9973,
0x9973,
0x9973,
0x9973,
0x9973,
0x9973,
0x9973,
0x9973,
0x9973,
0x9973,
0x9973,
0x9973,
0x9973,
0x9973,
0x9973,
0x9973,
0x9973,
0x9973,
0x9973,
0x9973,
0x9973,
0x9973,
0x9973,
0x9973,
0x9973,
0x9973,
0x9973,
0x9973,
0x9973,
0x9973,
0x9973,
0x9973,
0x9973,
0x9973,
0x9973,
0x9973,
0x9973,
0x9973,
0x9973,
0x9973,
0x9973,
0x9973,
0x9973,
0x9973,
0x9973,
0x9973,
0x9973,
0x9973,
0x9973,
0x9973,
0x9973,
0x9973,
0x9973,
0x9973,
0x9973,
0x9973,
0x9973,
0x9973,
0x9973,
0x9973,
0x9973,
0x9973,
0x9973,
0x9973,
0x9973,
0x9973,
0x9973,
0x9973,
0x9973,
0x9973,
0x9973,
0x9973,
0x9973,
0x9973,
0x9973,
0x9973,
0x9973,
0x9973,
0x9973,
0x9973,
0x9973,
0x9973,
0x9973,
0x9973,
0x9973,
0x9973,
0x9973,
0x9973,
0x9973,
0x9973,
0x9973,
0x9973,
0xf973,
0xc921,
0xef73,
0x0e84,
0x6a83,
0xab83,
0xeb8b,
0xec93,
0xaa83,
0x9494,
0xd973,
0xb973,
0x9973,
0x9973,
0x9973,
0x9973,
0x9973,
0x9973,
0x9973,
0x9973,
0x9973,
0x9973,
0x9973,
0x9973,
0x9973,
0x9973,
0x9973,
0x9973,
0x9973,
0x9973,
0x9973,
0x9973,
0x9973,
0x9973,
0x9973,
0x9973,
0x9973,
0x9973,
0x9973,
0x9973,
0x9973,
0x9973,
0x9973,
0x9973,
0x9973,
0x9973,
0x9973,
0x9973,
0x9973,
0x9973,
0x9973,
0x9973,
0x9973,
0x9973,
0x9973,
0x9973,
0x9973,
0x9973,
0x9973,
0x9973,
0x9973,
0x9973,
0x9973,
0x9973,
0x9973,
0x9973,
0x9973,
0x9973,
0x9973,
0x9973,
0x9973,
0x9973,
0x9973,
0x9973,
0x9973,
0x9973,
0x9973,
0x9973,
0x9973,
0x9973,
0x9973,
0x9973,
0x9973,
0x9973,
0x9973,
0x9973,
0x9973,
0x9973,
0x9973,
0x9973,
0x9973,
0x9973,
0x9973,
0x9973,
0x9973,
0x9973,
0x9973,
0x9973,
0x9973,
0x9973,
0x9973,
0x9973,
0x9973,
0x9973,
0x9973,
0x9973,
0x9973,
0x9973,
0x9973,
0x9973,
0x9973,
0x9973,
0x9973,
0x9973,
0x9973,
0x9973,
0x9973,
0x9973,
0x9973,
0x9973,
0x9973,
0x9973,
0x9973,
0x9973,
0x9973,
0x9973,
0x9973,
0x9973,
0x9973,
0x9973,
0x9973,
0x9973,
0x9973,
0x9973,
0x9973,
0x9973,
0x9973,
0x9973,
0x9973,
0x9973,
0x9973,
0x9973,
0x9973,
0x9973,
0x9973,
0x9973,
0x9973,
0x9973,
0x9973,
0x9973,
0x9973,
0x9973,
0x9973,
0x9973,
0x9973,
0x9973,
0x9973,
0x9973,
0x9973,
0x9973,
0x9973,
0x9973,
0x9973,
0x9973,
0x9973,
0x9973,
0x9973,
0x9973,
0x9973,
0x9973,
0x9973,
0x9973,
0x9973,
0x9973,
0x9973,
0x9973,
0x9973,
0x9973,
0x9973,
0x9973,
0x9973,
0x9973,
0x9973,
0x9973,
0x9973,
0x9973,
0x9973,
0x9973,
0x9973,
0x9973,
0x9973,
0x9973,
0x9973,
0x9973,
0x9973,
0x9973,
0x9973,
0x9973,
0x9973,
0x9973,
0x9973,
0x9973,
0x177c,
0xb67c,
0xb973,
0x9973,
0x9973,
0x9973,
0x9973,
0x9973,
0x9973,
0x9973,
0x9973,
0x9973,
0x9973,
0x9973,
0x9973,
0x9973,
0x9973,
0x9973,
0x9973,
0x9973,
0x796b,
0x9863,
0x938c,
0xab73,
0x285b,
0x2b32,
0x3a6b,
0xb973,
0x9973,
0x9973,
0x9973,
0x9973,
0x9973,
0x9973,
0xb973,
0xd973,
0x9973,
0x9973,
0x9973,
0x9973,
0x9973,
0x9973,
0x9973,
0x9973,
0x9973,
0x9973,
0x9973,
0x9973,
0x9973,
0x9973,
0x9973,
0x9973,
0x9973,
0x9973,
0x9973,
0x9973,
0x9973,
0x9973,
0x9973,
0x9973,
0x9973,
0x9973,
0x9973,
0x9973,
0x9973,
0x9973,
0x9973,
0x9973,
0x9973,
0x9973,
0x9973,
0x9973,
0x9973,
0x9973,
0x9973,
0x9973,
0x9973,
0x9973,
0x9973,
0x9973,
0x9973,
0x9973,
0x9973,
0x9973,
0x9973,
0x9973,
0x9973,
0x9973,
0x9973,
0x9973,
0x9973,
0x9973,
0x9973,
0x9973,
0x9973,
0x9973,
0x9973,
0x9973,
0x9973,
0x9973,
0x9973,
0x9973,
0x9973,
0x9973,
0x9973,
0x9973,
0x9973,
0x9973,
0x9973,
0x9973,
0x9973,
0x9973,
0x9973,
0x9973,
0x9973,
0x9973,
0x9973,
0x9973,
0x9973,
0x9973,
0x9973,
0x9973,
0x9973,
0x9973,
0x9973,
0x9973,
0x9973,
0x9973,
0x587c,
0x4732,
0x5084,
0x7094,
0x8983,
0xaa83,
0x0c94,
0xeb8b,
0x0963,
0xb873,
0x7a6b,
0x9973,
0x9973,
0x9973,
0x9973,
0x9973,
0x9973,
0x9973,
0x9973,
0x9973,
0x9973,
0x9973,
0x9973,
0x9973,
0x9973,
0x9973,
0x9973,
0x9973,
0x9973,
0x9973,
0x9973,
0x9973,
0x9973,
0x9973,
0x9973,
0x9973,
0x9973,
0x9973,
0x9973,
0x9973,
0x9973,
0x9973,
0x9973,
0x9973,
0x9973,
0x9973,
0x9973,
0x9973,
0x9973,
0x9973,
0x9973,
0x9973,
0x9973,
0x9973,
0x9973,
0x9973,
0x9973,
0x9973,
0x9973,
0x9973,
0x9973,
0x9973,
0x9973,
0x9973,
0x9973,
0x9973,
0x9973,
0x9973,
0x9973,
0x9973,
0x9973,
0x9973,
0x9973,
0x9973,
0x9973,
0x9973,
0x9973,
0x9973,
0x9973,
0x9973,
0x9973,
0x9973,
0x9973,
0x9973,
0x9973,
0x9973,
0x9973,
0x9973,
0x9973,
0x9973,
0x9973,
0x9973,
0x9973,
0x9973,
0x9973,
0x9973,
0x9973,
0x9973,
0x9973,
0x9973,
0x9973,
0x9973,
0x9973,
0x9973,
0x9973,
0x9973,
0x9973,
0x9973,
0x9973,
0x9973,
0x9973,
0x9973,
0x9973,
0x9973,
0x9973,
0x9973,
0x9973,
0x9973,
0x9973,
0x9973,
0x9973,
0x9973,
0x9973,
0x9973,
0x9973,
0x9973,
0x9973,
0x9973,
0x9973,
0x9973,
0x9973,
0x9973,
0x9973,
0x9973,
0x9973,
0x9973,
0x9973,
0x9973,
0x9973,
0x9973,
0x9973,
0x9973,
0x9973,
0x9973,
0x9973,
0x9973,
0x9973,
0x9973,
0x9973,
0x9973,
0x9973,
0x9973,
0x9973,
0x9973,
0x9973,
0x9973,
0x9973,
0x9973,
0x9973,
0x9973,
0x9973,
0x9973,
0x9973,
0x9973,
0x9973,
0x9973,
0x9973,
0x9973,
0x9973,
0x9973,
0x9973,
0x9973,
0x9973,
0x9973,
0x9973,
0x9973,
0x9973,
0x9973,
0x9973,
0x9973,
0x9973,
0x9973,
0x9973,
0x9973,
0x9973,
0x9973,
0x9973,
0x9973,
0x9973,
0x9973,
0x9973,
0x9973,
0x9973,
0x9973,
0x9973,
0x9973,
0x9973,
0x9973,
0x9973,
0x9973,
0x9973,
0x9973,
0x9973,
0x7a73,
0x9973,
0x9973,
0x9973,
0x9973,
0x9973,
0x9973,
0x9973,
0x9973,
0x9973,
0x9973,
0x9973,
0x9973,
0x9973,
0x9973,
0x9973,
0x9973,
0x9973,
0x796b,
0x948c,
0x8d73,
0xcb83,
0x2863,
0xb76b,
0x9973,
0x9973,
0x9973,
0x9973,
0x9973,
0x9973,
0x9973,
0x9973,
0x9973,
0x9973,
0x9973,
0x9973,
0x9973,
0x9973,
0x9973,
0x9973,
0x9973,
0x9973,
0x9973,
0x9973,
0x9973,
0x9973,
0x9973,
0x9973,
0x9973,
0x9973,
0x9973,
0x9973,
0x9973,
0x9973,
0x9973,
0x9973,
0x9973,
0x9973,
0x9973,
0x9973,
0x9973,
0x9973,
0x9973,
0x9973,
0x9973,
0x9973,
0x9973,
0x9973,
0x9973,
0x9973,
0x9973,
0x9973,
0x9973,
0x9973,
0x9973,
0x9973,
0x9973,
0x9973,
0x9973,
0x9973,
0x9973,
0x9973,
0x9973,
0x9973,
0x9973,
0x9973,
0x9973,
0x9973,
0x9973,
0x9973,
0x9973,
0x9973,
0x9973,
0x9973,
0x9973,
0x9973,
0x9973,
0x9973,
0x9973,
0x9973,
0x9973,
0x9973,
0x9973,
0x9973,
0x9973,
0x9973,
0x9973,
0x9973,
0x9973,
0x9973,
0x9973,
0x9973,
0x9973,
0x9973,
0x9973,
0x9973,
0x9973,
0x9973,
0x9973,
0x9973,
0x9973,
0x9973,
0x9973,
0x9973,
0x9973,
0x9973,
0xb973,
0x072a,
0x2a53,
0xb294,
0x8b7b,
0x8983,
0xca8b,
0xaa83,
0x3384,
0x1963,
0x9973,
0x9973,
0x9973,
0x9973,
0x9973,
0x9973,
0x9973,
0x9973,
0x9973,
0x9973,
0x9973,
0x9973,
0x9973,
0x9973,
0x9973,
0x9973,
0x9973,
0x9973,
0x9973,
0x9973,
0x9973,
0x9973,
0x9973,
0x9973,
0x9973,
0x9973,
0x9973,
0x9973,
0x9973,
0x9973,
0x9973,
0x9973,
0x9973,
0x9973,
0x9973,
0x9973,
0x9973,
0x9973,
0x9973,
0x9973,
0x9973,
0x9973,
0x9973,
0x9973,
0x9973,
0x9973,
0x9973,
0x9973,
0x9973,
0x9973,
0x9973,
0x9973,
0x9973,
0x9973,
0x9973,
0x9973,
0x9973,
0x9973,
0x9973,
0x9973,
0x9973,
0x9973,
0x9973,
0x9973,
0x9973,
0x9973,
0x9973,
0x9973,
0x9973,
0x9973,
0x9973,
0x9973,
0x9973,
0x9973,
0x9973,
0x9973,
0x9973,
0x9973,
0x9973,
0x9973,
0x9973,
0x9973,
0x9973,
0x9973,
0x9973,
0x9973,
0x9973,
0x9973,
0x9973,
0x9973,
0x9973,
0x9973,
0x9973,
0x9973,
0x9973,
0x9973,
0x9973,
0x9973,
0x9973,
0x9973,
0x9973,
0x9973,
0x9973,
0x9973,
0x9973,
0x9973,
0x9973,
0xb973,
0x9973,
0x9973,
0x9973,
0x9973,
0x9973,
0x9973,
0x9973,
0x9973,
0x9973,
0x9973,
0x9973,
0x9973,
0x9973,
0x9973,
0x9973,
0x9973,
0x9973,
0x9973,
0x9973,
0x9973,
0x9973,
0x9973,
0x9973,
0x9973,
0x9973,
0x9973,
0x9973,
0x9973,
0x9973,
0x9973,
0x9973,
0x9973,
0x9973,
0x9973,
0x9973,
0x9973,
0x9973,
0x9973,
0x9973,
0x9973,
0x9973,
0x9973,
0x9973,
0x9973,
0x9973,
0x9973,
0x9973,
0x9973,
0x9973,
0x9973,
0x9973,
0x9973,
0x9973,
0x9973,
0x9973,
0x9973,
0x9973,
0x9973,
0x9973,
0x9973,
0x9973,
0x9973,
0x9973,
0x9973,
0x9973,
0x9973,
0x9973,
0x9973,
0x9973,
0x9973,
0x9973,
0x9973,
0x9973,
0x9973,
0x9973,
0x9973,
0x9973,
0x9973,
0x9973,
0x9973,
0x9973,
0x9973,
0x9973,
0x9973,
0x9973,
0x9973,
0x9973,
0x9973,
0x9973,
0x9973,
0x9973,
0x9973,
0x9973,
0x9973,
0x9973,
0x9973,
0x9973,
0x9973,
0x9973,
0x9973,
0x9973,
0x9973,
0x9973,
0x7a73,
0x5684,
0xe74a,
0xc96b,
0x8873,
0x5484,
0x3a6b,
0x9973,
0x9973,
0x9973,
0x9973,
0x9973,
0x9973,
0x9973,
0x9973,
0x9973,
0x9973,
0x9973,
0x9973,
0x9973,
0x9973,
0x9973,
0x9973,
0x9973,
0x9973,
0x9973,
0x9973,
0x9973,
0x9973,
0x9973,
0x9973,
0x9973,
0x9973,
0x9973,
0x9973,
0x9973,
0x9973,
0x9973,
0x9973,
0x9973,
0x9973,
0x9973,
0x9973,
0x9973,
0x9973,
0x9973,
0x9973,
0x9973,
0x9973,
0x9973,
0x9973,
0x9973,
0x9973,
0x9973,
0x9973,
0x9973,
0x9973,
0x9973,
0x9973,
0x9973,
0x9973,
0x9973,
0x9973,
0x9973,
0x9973,
0x9973,
0x9973,
0x9973,
0x9973,
0x9973,
0x9973,
0x9973,
0x9973,
0x9973,
0x9973,
0x9973,
0x9973,
0x9973,
0x9973,
0x9973,
0x9973,
0x9973,
0x9973,
0x9973,
0x9973,
0x9973,
0x9973,
0x9973,
0x9973,
0x9973,
0x9973,
0x9973,
0x9973,
0x9973,
0x9973,
0x9973,
0x9973,
0x9973,
0x9973,
0x9973,
0x9973,
0x9973,
0x9973,
0x9973,
0x9973,
0x9973,
0x9973,
0x9973,
0x9973,
0xb973,
0x2832,
0x54a5,
0x76ad,
0xb19c,
0xaa8b,
0xeb8b,
0xaa83,
0x8a52,
0xd684,
0xf973,
0x9973,
0x9973,
0x9973,
0x9973,
0x9973,
0x9973,
0x9973,
0x9973,
0x9973,
0x9973,
0x9973,
0x9973,
0x9973,
0x9973,
0x9973,
0x9973,
0x9973,
0x9973,
0x9973,
0x9973,
0x9973,
0x9973,
0x9973,
0x9973,
0x9973,
0x9973,
0x9973,
0x9973,
0x9973,
0x9973,
0x9973,
0x9973,
0x9973,
0x9973,
0x9973,
0x9973,
0x9973,
0x9973,
0x9973,
0x9973,
0x9973,
0x9973,
0x9973,
0x9973,
0x9973,
0x9973,
0x9973,
0x9973,
0x9973,
0x9973,
0x9973,
0x9973,
0x9973,
0x9973,
0x9973,
0x9973,
0x9973,
0x9973,
0x9973,
0x9973,
0x9973,
0x9973,
0x9973,
0x9973,
0x9973,
0x9973,
0x9973,
0x9973,
0x9973,
0x9973,
0x9973,
0x9973,
0x9973,
0x9973,
0x9973,
0x9973,
0x9973,
0x9973,
0x9973,
0x9973,
0x9973,
0x9973,
0x9973,
0x9973,
0x9973,
0x9973,
0x9973,
0x9973,
0x9973,
0x9973,
0x9973,
0x9973,
0x9973,
0xb973,
0x9973,
0x9973,
0x9973,
0x9973,
0x9973,
0x9973,
0x9973,
0x9973,
0x9973,
0x9973,
0x9973,
0x9973,
0xb973,
0x9973,
0x9973,
0x9973,
0x9973,
0x9973,
0x9973,
0x9973,
0x9973,
0x9973,
0x9973,
0x9973,
0x9973,
0x9973,
0x9973,
0x9973,
0xb973,
0x9973,
0x9973,
0x9973,
0x9973,
0x9973,
0x9973,
0x9973,
0x9973,
0x9973,
0x9973,
0x9973,
0x9973,
0x9973,
0x9973,
0x9973,
0x9973,
0x9973,
0x9973,
0x9973,
0x9973,
0x9973,
0x9973,
0x9973,
0x9973,
0x9973,
0x9973,
0x9973,
0x9973,
0x9973,
0x9973,
0x9973,
0x9973,
0x9973,
0x9973,
0x9973,
0x9973,
0x9973,
0x9973,
0x9973,
0x9973,
0x9973,
0x9973,
0x9973,
0x9973,
0x9973,
0x9973,
0x9973,
0x9973,
0x9973,
0x9973,
0x9973,
0x9973,
0x9973,
0x9973,
0x9973,
0x9973,
0x9973,
0x9973,
0x9973,
0x9973,
0x9973,
0x9973,
0x9973,
0x9973,
0x9973,
0x9973,
0x9973,
0x9973,
0x9973,
0x9973,
0x9973,
0x9973,
0x9973,
0x9973,
0x9973,
0x9973,
0x9973,
0x9973,
0x9973,
0x9973,
0x9973,
0x9973,
0x9973,
0x9973,
0x9973,
0x9973,
0x9973,
0x9973,
0x9973,
0x577c,
0x4932,
0x1774,
0x5a6b,
0x9973,
0x9973,
0x9973,
0x9973,
0x9973,
0x9973,
0x9973,
0x9973,
0x9973,
0x9973,
0x9973,
0x9973,
0x9973,
0x9973,
0x9973,
0x9973,
0x9973,
0x9973,
0x9973,
0x9973,
0x9973,
0x9973,
0x9973,
0x9973,
0x9973,
0x9973,
0x9973,
0x9973,
0x9973,
0x9973,
0x9973,
0x9973,
0x9973,
0x9973,
0x9973,
0x9973,
0x9973,
0x9973,
0x9973,
0x9973,
0x9973,
0x9973,
0x9973,
0x9973,
0x9973,
0x9973,
0x9973,
0x9973,
0x9973,
0x9973,
0x9973,
0x9973,
0x9973,
0x9973,
0x9973,
0x9973,
0x9973,
0x9973,
0x9973,
0x9973,
0x9973,
0x9973,
0x9973,
0x9973,
0x9973,
0x9973,
0x9973,
0x9973,
0x9973,
0x9973,
0x9973,
0x9973,
0x9973,
0x9973,
0x9973,
0x9973,
0x9973,
0x9973,
0x9973,
0x9973,
0x9973,
0x9973,
0x9973,
0x9973,
0x9973,
0x9973,
0x9973,
0x9973,
0x9973,
0x9973,
0x9973,
0x9973,
0x9973,
0x9973,
0x9973,
0x9973,
0x9973,
0x9973,
0x9973,
0x9973,
0x9973,
0x9973,
0x9973,
0xb973,
0x6a42,
0x55a5,
0x38c6,
0x12ad,
0xeb93,
0xeb93,
0x0b94,
0xea93,
0x0953,
0xda63,
0x9973,
0x9973,
0x9973,
0x9973,
0x9973,
0x9973,
0x9973,
0x9973,
0x9973,
0x9973,
0x9973,
0x9973,
0x9973,
0x9973,
0x9973,
0x9973,
0x9973,
0x9973,
0x9973,
0x9973,
0x9973,
0x9973,
0x9973,
0x9973,
0x9973,
0x9973,
0x9973,
0x9973,
0x9973,
0x9973,
0x9973,
0x9973,
0x9973,
0x9973,
0x9973,
0x9973,
0x9973,
0x9973,
0x9973,
0x9973,
0x9973,
0x9973,
0x9973,
0x9973,
0x9973,
0x9973,
0x9973,
0x9973,
0x9973,
0x9973,
0x9973,
0x9973,
0x9973,
0x9973,
0x9973,
0x9973,
0x9973,
0x9973,
0x9973,
0x9973,
0x9973,
0x9973,
0x9973,
0x9973,
0x9973,
0x9973,
0x9973,
0x9973,
0x9973,
0x9973,
0x9973,
0x9973,
0x9973,
0x9973,
0x9973,
0x9973,
0x9973,
0x9973,
0x9973,
0x9973,
0x9973,
0x9973,
0x9973,
0x9973,
0x9973,
0x9973,
0x9973,
0x9973,
0x9973,
0x9973,
0x9973,
0x9973,
0x9973,
0x9973,
0x9973,
0x9973,
0x9973,
0x9973,
0x9973,
0x9973,
0x9973,
0x9973,
0x9973,
0x9973,
0x9973,
0x9973,
0x9973,
0x9973,
0x9973,
0x9973,
0x9973,
0x9973,
0x9973,
0x9973,
0x9973,
0x9973,
0x9973,
0x9973,
0x9973,
0x9973,
0xb973,
0x796b,
0xfa5a,
0x796b,
0x9973,
0x9973,
0x9973,
0x9973,
0x9973,
0x9973,
0x9973,
0x9973,
0x9973,
0x9973,
0x9973,
0x9973,
0x9973,
0x9973,
0x9973,
0x9973,
0x9973,
0x9973,
0x9973,
0x9973,
0x9973,
0x9973,
0x9973,
0x9973,
0x9973,
0x9973,
0x9973,
0x9973,
0x9973,
0x9973,
0x9973,
0x9973,
0x9973,
0x9973,
0x9973,
0x9973,
0x9973,
0x9973,
0x9973,
0x9973,
0x9973,
0x9973,
0x9973,
0x9973,
0x9973,
0x9973,
0x9973,
0x9973,
0x9973,
0x9973,
0x9973,
0x9973,
0x9973,
0x9973,
0x9973,
0x9973,
0x9973,
0x9973,
0x9973,
0x9973,
0x9973,
0x9973,
0x9973,
0x9973,
0x9973,
0x9973,
0x9973,
0x9973,
0x9973,
0x9973,
0x9973,
0x9973,
0x9973,
0x9973,
0x9973,
0x9973,
0x9973,
0x9973,
0x9973,
0x9973,
0x9973,
0x9973,
0x9973,
0x9973,
0x9973,
0x9973,
0x9973,
0x9973,
0x9973,
0x5a6b,
0x7a73,
0x9973,
0x9973,
0x9973,
0x9973,
0x9973,
0x9973,
0x9973,
0x9973,
0x9973,
0x9973,
0x9973,
0x9973,
0x9973,
0x9973,
0x9973,
0x9973,
0x9973,
0x9973,
0x9973,
0x9973,
0x9973,
0x9973,
0x9973,
0x9973,
0x9973,
0x9973,
0x9973,
0x9973,
0x9973,
0x9973,
0x9973,
0x9973,
0x9973,
0x9973,
0x9973,
0x9973,
0x9973,
0x9973,
0x9973,
0x9973,
0x9973,
0x9973,
0x9973,
0x9973,
0x9973,
0x9973,
0x9973,
0x9973,
0x9973,
0x9973,
0x9973,
0x9973,
0x9973,
0x9973,
0x9973,
0x9973,
0x9973,
0x9973,
0x9973,
0x9973,
0x9973,
0x9973,
0x9973,
0x9973,
0x9973,
0x9973,
0x9973,
0x9973,
0x9973,
0x9973,
0x9973,
0x9973,
0x9973,
0x9973,
0x9973,
0x9973,
0x9973,
0x9973,
0x9973,
0x9973,
0x9973,
0x9973,
0x9973,
0x9973,
0x9973,
0x9973,
0x9973,
0x9973,
0x9973,
0x9973,
0x9973,
0x9973,
0x9973,
0x9973,
0x9973,
0x9973,
0x9973,
0x9973,
0x9973,
0x9973,
0x9973,
0x9973,
0x9973,
0x7a6b,
0x7584,
0x0f7c,
0x7ace,
0xd6b5,
0x6e9c,
0x0a94,
0xea93,
0xea83,
0x8a42,
0x7963,
0x9973,
0x9973,
0x9973,
0x9973,
0x9973,
0x9973,
0x9973,
0x9973,
0x9973,
0x9973,
0x9973,
0x9973,
0x9973,
0x9973,
0x9973,
0x9973,
0x9973,
0x9973,
0x9973,
0x9973,
0x9973,
0x9973,
0x9973,
0x9973,
0x9973,
0x9973,
0x9973,
0x9973,
0x9973,
0x9973,
0x9973,
0x9973,
0x9973,
0x9973,
0x9973,
0x9973,
0x9973,
0x9973,
0x9973,
0x9973,
0x9973,
0x9973,
0x9973,
0x9973,
0x9973,
0x9973,
0x9973,
0x9973,
0x9973,
0x9973,
0x9973,
0x9973,
0x9973,
0x9973,
0x9973,
0x9973,
0x9973,
0x9973,
0x9973,
0x9973,
0x9973,
0x9973,
0x9973,
0x9973,
0x9973,
0x9973,
0x9973,
0x9973,
0x9973,
0x9973,
0x9973,
0x9973,
0x9973,
0x9973,
0x9973,
0x9973,
0x9973,
0x9973,
0x9973,
0x9973,
0x9973,
0x9973,
0x9973,
0x9973,
0x9973,
0x9973,
0x9973,
0x9973,
0x9973,
0x9973,
0x9973,
0x9973,
0x9973,
0x9973,
0x9973,
0x9973,
0x9973,
0x9973,
0x9973,
0x9973,
0x9973,
0x9973,
0x9973,
0x9973,
0x9973,
0x9973,
0x9973,
0x9973,
0x9973,
0x9973,
0x9973,
0x9973,
0x9973,
0x9973,
0x9973,
0x9973,
0x9973,
0x9973,
0x9973,
0x9973,
0x9973,
0x3a63,
0x778c,
0xf69c,
0xd87b,
0x9973,
0x9973,
0x9973,
0x9973,
0x9973,
0x9973,
0x9973,
0x9973,
0x9973,
0x9973,
0x9973,
0x9973,
0x9973,
0x9973,
0x9973,
0x9973,
0x9973,
0x9973,
0x9973,
0x9973,
0x9973,
0x9973,
0x9973,
0x9973,
0x9973,
0x9973,
0x9973,
0x9973,
0x9973,
0x9973,
0x9973,
0x9973,
0x9973,
0x9973,
0x9973,
0x9973,
0x9973,
0x9973,
0x9973,
0x9973,
0x9973,
0x9973,
0x9973,
0x9973,
0x9973,
0x9973,
0x9973,
0x9973,
0x9973,
0x9973,
0x9973,
0x9973,
0x9973,
0x9973,
0x9973,
0x9973,
0x9973,
0x9973,
0x9973,
0x9973,
0x9973,
0x9973,
0x9973,
0x9973,
0x9973,
0x9973,
0x9973,
0x9973,
0x9973,
0x9973,
0x9973,
0x9973,
0x9973,
0x9973,
0x9973,
0x9973,
0x9973,
0x9973,
0x9973,
0x9973,
0x9973,
0x9973,
0x9973,
0x9973,
0x9973,
0x9973,
0x9973,
0x9973,
0x9973,
0x9973,
0x9973,
0x9973,
0x9973,
0x9973,
0x9973,
0x9973,
0x9973,
0x9973,
0x9973,
0x9973,
0x9973,
0x9973,
0x9973,
0x9973,
0x9973,
0x9973,
0x9973,
0x9973,
0x9973,
0x9973,
0x9973,
0x9973,
0x9973,
0x9973,
0x9973,
0x9973,
0x9973,
0x9973,
0x9973,
0x9973,
0x9973,
0x9973,
0x9973,
0x9973,
0x9973,
0x9973,
0x9973,
0x9973,
0x9973,
0x9973,
0x9973,
0x9973,
0x9973,
0x9973,
0x9973,
0x9973,
0x9973,
0x9973,
0x9973,
0x9973,
0x9973,
0x9973,
0x9973,
0x9973,
0x9973,
0x9973,
0x9973,
0x9973,
0x9973,
0x9973,
0x9973,
0x9973,
0x9973,
0x9973,
0x9973,
0x9973,
0x9973,
0x9973,
0x9973,
0x9973,
0x9973,
0x9973,
0x9973,
0x9973,
0x9973,
0x9973,
0x9973,
0x9973,
0x9973,
0x9973,
0x9973,
0x9973,
0x9973,
0x9973,
0x9973,
0x9973,
0x9973,
0x9973,
0x9973,
0x9973,
0x9973,
0x9973,
0x9973,
0x9973,
0x9973,
0x9973,
0x9973,
0x9973,
0x9973,
0x9973,
0x9973,
0x9973,
0x9973,
0x9973,
0x7a73,
0xd773,
0xf073,
0x7ace,
0x74ad,
0x4c94,
0xea93,
0xa97b,
0xc94a,
0xb963,
0x7a73,
0x9973,
0x9973,
0x9973,
0x9973,
0x7a6b,
0x3b6b,
0x5a6b,
0x9973,
0x9973,
0x9973,
0x9973,
0x9973,
0x9973,
0x9973,
0x9973,
0x9973,
0x9973,
0x9973,
0x9973,
0x9973,
0x9973,
0x9973,
0x9973,
0x9973,
0x9973,
0x9973,
0x9973,
0x9973,
0x9973,
0x9973,
0x9973,
0x9973,
0x9973,
0x9973,
0x9973,
0x9973,
0x9973,
0x9973,
0x9973,
0x9973,
0x9973,
0x9973,
0x9973,
0x9973,
0x9973,
0x9973,
0x9973,
0x9973,
0x9973,
0x9973,
0x9973,
0x9973,
0x9973,
0x9973,
0x9973,
0x9973,
0x9973,
0x9973,
0x9973,
0x9973,
0x9973,
0x9973,
0x9973,
0x9973,
0x9973,
0x9973,
0x9973,
0x9973,
0x9973,
0x9973,
0x9973,
0x9973,
0x9973,
0x9973,
0x9973,
0x9973,
0x9973,
0x9973,
0x9973,
0x9973,
0x9973,
0x9973,
0x9973,
0x9973,
0x9973,
0x9973,
0x9973,
0x9973,
0x9973,
0x9973,
0x9973,
0x9973,
0x9973,
0x9973,
0x9973,
0x9973,
0x9973,
0x9973,
0x9973,
0x9973,
0x9973,
0x9973,
0x9973,
0x9973,
0x9973,
0x9973,
0x9973,
0x9973,
0x9973,
0x9973,
0x9973,
0x9973,
0x9973,
0x9973,
0x9973,
0x9973,
0x9973,
0x9973,
0x9973,
0x9973,
0x9973,
0x796b,
0x1884,
0xb794,
0xd87b,
0x9973,
0x9973,
0x9973,
0x9973,
0x9973,
0x9973,
0x9973,
0x9973,
0x9973,
0x9973,
0x9973,
0x9973,
0x9973,
0x9973,
0x9973,
0x9973,
0x9973,
0x9973,
0x9973,
0x9973,
0x9973,
0x9973,
0x9973,
0x9973,
0x9973,
0x9973,
0x9973,
0x9973,
0x9973,
0x9973,
0x9973,
0x9973,
0x9973,
0x9973,
0x9973,
0x9973,
0x9973,
0x9973,
0x9973,
0x9973,
0x9973,
0x9973,
0x9973,
0x9973,
0x9973,
0x9973,
0x9973,
0x9973,
0x9973,
0x9973,
0x9973,
0x9973,
0x9973,
0x9973,
0x9973,
0x9973,
0x9973,
0x9973,
0x9973,
0x9973,
0x9973,
0x9973,
0x9973,
0x9973,
0x9973,
0x9973,
0x9973,
0x9973,
0x9973,
0x9973,
0x9973,
0x9973,
0x9973,
0x9973,
0x9973,
0x9973,
0x9973,
0x9973,
0x9973,
0x9973,
0x9973,
0x9973,
0x9973,
0x9973,
0x9973,
0x9973,
0xb973,
0xb973,
0x9973,
0x9973,
0x9973,
0x9973,
0x9973,
0x9973,
0x9973,
0x9973,
0x9973,
0x9973,
0x9973,
0x9973,
0x9973,
0x9973,
0x9973,
0x9973,
0x9973,
0x9973,
0x9973,
0x9973,
0x9973,
0x9973,
0x9973,
0x9973,
0x9973,
0x9973,
0x9973,
0x9973,
0x9973,
0x9973,
0x9973,
0x9973,
0x9973,
0x9973,
0x9973,
0x9973,
0x9973,
0x9973,
0x9973,
0x9973,
0x9973,
0x9973,
0x9973,
0x9973,
0x9973,
0x9973,
0x9973,
0x9973,
0x9973,
0x9973,
0x9973,
0x9973,
0x9973,
0x9973,
0x9973,
0x9973,
0x9973,
0x9973,
0x9973,
0x9973,
0x9973,
0x9973,
0x9973,
0x9973,
0x9973,
0x9973,
0x9973,
0x9973,
0x9973,
0x9973,
0x9973,
0x9973,
0x9973,
0x9973,
0x9973,
0x9973,
0x9973,
0x9973,
0x9973,
0x9973,
0x9973,
0x9973,
0x9973,
0x9973,
0x9973,
0x9973,
0x9973,
0x9973,
0x9973,
0x9973,
0x9973,
0x9973,
0x9973,
0x9973,
0x9973,
0x9973,
0x9973,
0x9973,
0x9973,
0x9973,
0x9973,
0x9973,
0x9973,
0x9973,
0x9973,
0x9973,
0x9973,
0x986b,
0x0c53,
0x349d,
0x4e8c,
0xea93,
0x6883,
0x495b,
0xf953,
0x7a73,
0xb973,
0x9973,
0x9973,
0x9973,
0x9973,
0x978c,
0x159d,
0x9694,
0x9973,
0x9973,
0x9973,
0x9973,
0x9973,
0x9973,
0x9973,
0x9973,
0x9973,
0x9973,
0x9973,
0x9973,
0x9973,
0x9973,
0x9973,
0x9973,
0x9973,
0x9973,
0x9973,
0x9973,
0x9973,
0x9973,
0x9973,
0x9973,
0x9973,
0x9973,
0x9973,
0x9973,
0x9973,
0x9973,
0x9973,
0x9973,
0x9973,
0x9973,
0x9973,
0x9973,
0x9973,
0x9973,
0x9973,
0x9973,
0x9973,
0x9973,
0x9973,
0x9973,
0x9973,
0x9973,
0x9973,
0x9973,
0x9973,
0x9973,
0x9973,
0x9973,
0x9973,
0x9973,
0x9973,
0x9973,
0x9973,
0x9973,
0x9973,
0x9973,
0x9973,
0x9973,
0x9973,
0x9973,
0x9973,
0x9973,
0x9973,
0x9973,
0x9973,
0x9973,
0x9973,
0x9973,
0x9973,
0x9973,
0x9973,
0x9973,
0x9973,
0x9973,
0x9973,
0x9973,
0x9973,
0x9973,
0x9973,
0x9973,
0x9973,
0x9973,
0x9973,
0x9973,
0x9973,
0x9973,
0x9973,
0x9973,
0x9973,
0x9973,
0x9973,
0x9973,
0x9973,
0x9973,
0x9973,
0x9973,
0x9973,
0x9973,
0x9973,
0x9973,
0x9973,
0x9973,
0x9973,
0x9973,
0x9973,
0x9973,
0x9973,
0x9973,
0x9973,
0x9973,
0x9973,
0x796b,
0x1b63,
0x7a6b,
0x9973,
0x9973,
0x9973,
0x9973,
0x9973,
0x9973,
0x9973,
0x9973,
0x9973,
0x9973,
0x9973,
0x9973,
0x9973,
0x9973,
0x9973,
0x9973,
0x9973,
0x9973,
0x9973,
0x9973,
0x9973,
0x9973,
0x9973,
0x9973,
0x9973,
0x9973,
0x9973,
0x9973,
0x9973,
0x9973,
0x9973,
0x9973,
0x9973,
0x9973,
0x9973,
0x9973,
0x9973,
0x9973,
0x9973,
0x9973,
0x9973,
0x9973,
0x9973,
0x9973,
0x9973,
0x9973,
0x9973,
0x9973,
0x9973,
0x9973,
0x9973,
0x9973,
0x9973,
0x9973,
0x9973,
0x9973,
0x9973,
0x9973,
0x9973,
0x9973,
0x9973,
0x9973,
0x9973,
0x9973,
0x9973,
0x9973,
0x9973,
0x9973,
0x9973,
0x9973,
0x9973,
0x9973,
0x9973,
0x9973,
0x9973,
0x9973,
0x9973,
0x9973,
0x9973,
0x9973,
0x9973,
0x9973,
0x9973,
0x9973,
0x9973,
0x9973,
0xb973,
0xb973,
0x9973,
0x9973,
0x9973,
0x9973,
0x9973,
0x9973,
0x9973,
0x9973,
0x9973,
0x9973,
0x9973,
0x9973,
0x9973,
0x9973,
0x9973,
0x9973,
0x9973,
0x9973,
0x9973,
0x9973,
0x9973,
0x9973,
0x9973,
0x9973,
0x9973,
0x9973,
0x9973,
0x9973,
0x9973,
0x9973,
0x9973,
0x9973,
0x9973,
0x9973,
0x9973,
0x9973,
0x9973,
0x9973,
0x9973,
0x9973,
0x9973,
0x9973,
0x9973,
0x9973,
0x9973,
0x9973,
0x9973,
0x9973,
0x9973,
0x9973,
0x9973,
0x9973,
0x9973,
0x9973,
0x9973,
0x9973,
0x9973,
0x9973,
0x9973,
0x9973,
0x9973,
0x9973,
0x9973,
0x9973,
0x9973,
0x9973,
0x9973,
0x9973,
0x9973,
0x9973,
0x9973,
0x9973,
0x9973,
0x9973,
0x9973,
0x9973,
0x9973,
0x9973,
0x9973,
0x9973,
0x9973,
0x9973,
0x9973,
0x9973,
0x9973,
0x9973,
0x9973,
0x9973,
0x9973,
0x9973,
0x9973,
0x9973,
0x9973,
0x9973,
0x9973,
0x9973,
0x9973,
0x9973,
0x9973,
0x9973,
0x9973,
0x9973,
0x9973,
0x9973,
0x9973,
0x9973,
0x9973,
0xb973,
0x9484,
0xae6b,
0xee7b,
0x697b,
0x4973,
0x8963,
0xeb32,
0x5963,
0x9973,
0x9973,
0x9973,
0x9973,
0xb973,
0xd594,
0x694a,
0xb694,
0x9973,
0x9973,
0x9973,
0x9973,
0x9973,
0x9973,
0x9973,
0x9973,
0x9973,
0x9973,
0x9973,
0x9973,
0x9973,
0x9973,
0x9973,
0x9973,
0x9973,
0x9973,
0x796b,
0x9973,
0x9973,
0x9973,
0x9973,
0x9973,
0x9973,
0x9973,
0x9973,
0x9973,
0x9973,
0x9973,
0x9973,
0x9973,
0x9973,
0x9973,
0x9973,
0x9973,
0x9973,
0x9973,
0x9973,
0x9973,
0x9973,
0x9973,
0x9973,
0x9973,
0x9973,
0x9973,
0x9973,
0x9973,
0x9973,
0x9973,
0x9973,
0x9973,
0x9973,
0x9973,
0x9973,
0x9973,
0x9973,
0x9973,
0x9973,
0x9973,
0x9973,
0x9973,
0x9973,
0x9973,
0x9973,
0x9973,
0x9973,
0x9973,
0x9973,
0x9973,
0x9973,
0x9973,
0x9973,
0x9973,
0x9973,
0x9973,
0x9973,
0x9973,
0x9973,
0x9973,
0x9973,
0x9973,
0x9973,
0x9973,
0x9973,
0x9973,
0x9973,
0x9973,
0x9973,
0x9973,
0x9973,
0x9973,
0x9973,
0x9973,
0x9973,
0x9973,
0x9973,
0x9973,
0x9973,
0x9973,
0x9973,
0x9973,
0x9973,
0x9973,
0x9973,
0x9973,
0x9973,
0x9973,
0x9973,
0x9973,
0x9973,
0x9973,
0x9973,
0x9973,
0x9973,
0x9973,
0xb973,
0x9973,
0x9973,
0x9973,
0x9973,
0x9973,
0x9973,
0x9973,
0x9973,
0x9973,
0x9973,
0x9973,
0x9973,
0x9973,
0x9973,
0x9973,
0x9973,
0x9973,
0x9973,
0x9973,
0x9973,
0x9973,
0x9973,
0x9973,
0x9973,
0x9973,
0x9973,
0x9973,
0x9973,
0x9973,
0x9973,
0x9973,
0x9973,
0x9973,
0x9973,
0x9973,
0x9973,
0x9973,
0x9973,
0x9973,
0x9973,
0x9973,
0x9973,
0x9973,
0x9973,
0x9973,
0x9973,
0x9973,
0x9973,
0x9973,
0x9973,
0x9973,
0x9973,
0x9973,
0x9973,
0x9973,
0x9973,
0x9973,
0x9973,
0x9973,
0x9973,
0x9973,
0x9973,
0x9973,
0x9973,
0x9973,
0x9973,
0x9973,
0x9973,
0x9973,
0x9973,
0x9973,
0x9973,
0x9973,
0x9973,
0x9973,
0x9973,
0x9973,
0x9973,
0x9973,
0x9973,
0x9973,
0x9973,
0x9973,
0x9973,
0x9973,
0x9973,
0x9973,
0x9973,
0x9973,
0x9973,
0xb973,
0x9973,
0x9973,
0x9973,
0x9973,
0x9973,
0x9973,
0x9973,
0x9973,
0x9973,
0x9973,
0x9973,
0x9973,
0x9973,
0x9973,
0x9973,
0x9973,
0x9973,
0x9973,
0x9973,
0x9973,
0x9973,
0x9973,
0x9973,
0x9973,
0x9973,
0x9973,
0x9973,
0x9973,
0x9973,
0x9973,
0x9973,
0x9973,
0x9973,
0x9973,
0x9973,
0x9973,
0x9973,
0x9973,
0x9973,
0x9973,
0x9973,
0x9973,
0x9973,
0x9973,
0x9973,
0x9973,
0x9973,
0x9973,
0x9973,
0x9973,
0x9973,
0x9973,
0x9973,
0x9973,
0x9973,
0x9973,
0x9973,
0x9973,
0x9973,
0x9973,
0x9973,
0x9973,
0x9973,
0x9973,
0x9973,
0x9973,
0x9973,
0x9973,
0x9973,
0x9973,
0x9973,
0x9973,
0x9973,
0x9973,
0x9973,
0x9973,
0x9973,
0x9973,
0x9973,
0x9973,
0x9973,
0x9973,
0x9973,
0x9973,
0x9973,
0x9973,
0x9973,
0x9973,
0x9973,
0x9973,
0x9973,
0x9973,
0x9973,
0x9973,
0x9973,
0x9973,
0x9973,
0x9973,
0x9973,
0x9973,
0x9973,
0x9973,
0x9973,
0x9973,
0x9973,
0x9973,
0x986b,
0x2d5b,
0xd394,
0xae73,
0xa94a,
0x6973,
0xaa63,
0x3764,
0x5a6b,
0x9973,
0x9973,
0x9973,
0x9973,
0x7a6b,
0x3b6b,
0x5a6b,
0x9973,
0x9973,
0x9973,
0x9973,
0x9973,
0x9973,
0x9973,
0x9973,
0x9973,
0x9973,
0x9973,
0x9973,
0x9973,
0x9973,
0x9973,
0x9973,
0x9973,
0x9973,
0x187c,
0x9873,
0x9973,
0x9973,
0x9973,
0x9973,
0x9973,
0x9973,
0x9973,
0x9973,
0x9973,
0x9973,
0x9973,
0x9973,
0x9973,
0x9973,
0x9973,
0x9973,
0x9973,
0x9973,
0x9973,
0x9973,
0x9973,
0x9973,
0x9973,
0x9973,
0x9973,
0x9973,
0x9973,
0x9973,
0x9973,
0x9973,
0x9973,
0x9973,
0x9973,
0x9973,
0x9973,
0x9973,
0x9973,
0x9973,
0x9973,
0x9973,
0x9973,
0x9973,
0x9973,
0x9973,
0x9973,
0x9973,
0x9973,
0x9973,
0x9973,
0x9973,
0x9973,
0x9973,
0x9973,
0x9973,
0x9973,
0x9973,
0x9973,
0x9973,
0x9973,
0x9973,
0x9973,
0x9973,
0x9973,
0x9973,
0x9973,
0x9973,
0x9973,
0x9973,
0x9973,
0x9973,
0x9973,
0x9973,
0x9973,
0x9973,
0x9973,
0x9973,
0x9973,
0x9973,
0x9973,
0x9973,
0x9973,
0x9973,
0x9973,
0x9973,
0x9973,
0x9973,
0x9973,
0x9973,
0x9973,
0x9973,
0x9973,
0x9973,
0x9973,
0x9973,
0x9973,
0x9973,
0x9973,
0x9973,
0x9973,
0xb973,
0xf87b,
0x9973,
0x9973,
0x9973,
0x9973,
0x9973,
0x9973,
0x9973,
0x9973,
0x9973,
0x9973,
0x9973,
0x9973,
0x9973,
0x9973,
0x9973,
0x9973,
0x9973,
0x9973,
0x9973,
0x9973,
0x9973,
0x9973,
0x9973,
0x9973,
0x9973,
0x9973,
0x9973,
0x9973,
0x9973,
0x9973,
0x9973,
0x9973,
0x9973,
0x9973,
0x9973,
0x9973,
0x9973,
0x9973,
0x9973,
0x9973,
0x9973,
0x9973,
0x9973,
0x9973,
0x9973,
0x9973,
0x9973,
0x9973,
0x9973,
0x9973,
0x9973,
0x9973,
0x9973,
0x9973,
0x9973,
0x9973,
0x9973,
0x9973,
0x9973,
0x9973,
0x9973,
0x9973,
0x9973,
0x9973,
0x9973,
0x9973,
0x9973,
0x9973,
0x9973,
0x9973,
0x9973,
0x9973,
0x9973,
0x9973,
0x9973,
0x9973,
0x9973,
0x9973,
0x9973,
0x9973,
0x9973,
0x9973,
0x9973,
0x9973,
0x9973,
0x9973,
0x9973,
0x9973,
0x9973,
0x9973,
0x9973,
0x9973,
0x9973,
0x9973,
0x9973,
0x9973,
0x9973,
0x9973,
0x9973,
0x9973,
0x9973,
0x9973,
0x9973,
0x9973,
0x9973,
0x9973,
0x9973,
0x9973,
0x9973,
0x9973,
0x9973,
0x9973,
0x9973,
0x9973,
0x9973,
0x9973,
0x9973,
0x9973,
0x9973,
0x9973,
0x9973,
0x9973,
0x9973,
0x9973,
0x9973,
0x9973,
0x9973,
0x9973,
0x9973,
0x9973,
0x9973,
0x9973,
0x9973,
0x9973,
0x9973,
0x9973,
0x9973,
0x9973,
0x9973,
0x9973,
0x9973,
0x9973,
0x9973,
0x9973,
0x9973,
0x9973,
0x9973,
0x9973,
0x9973,
0x9973,
0x9973,
0x9973,
0x9973,
0x9973,
0x9973,
0x9973,
0x9973,
0x9973,
0x9973,
0x9973,
0x9973,
0x9973,
0x9973,
0x9973,
0x9973,
0x9973,
0x9973,
0x9973,
0x9973,
0x9973,
0x9973,
0x9973,
0x9973,
0x9973,
0x9973,
0x9973,
0x9973,
0x9973,
0x9973,
0x9973,
0x9973,
0x9973,
0x9973,
0x9973,
0x9973,
0x9973,
0x9973,
0x9973,
0x9973,
0x9973,
0x9973,
0x9973,
0x9973,
0x7973,
0xb773,
0x938c,
0x317c,
0x7184,
0x908c,
0xcb7b,
0x095b,
0xb684,
0xd973,
0xb973,
0x9973,
0x9973,
0x9973,
0x9973,
0x9973,
0x9973,
0x9973,
0x9973,
0x9973,
0x9973,
0x9973,
0x9973,
0x9973,
0x9973,
0x9973,
0x9973,
0x9973,
0x9973,
0x9973,
0x9973,
0x9973,
0x9973,
0x7a6b,
0xb794,
0xf69c,
0xb873,
0x7a73,
0x9973,
0x9973,
0x9973,
0x9973,
0x9973,
0x9973,
0x9973,
0x9973,
0x9973,
0x9973,
0x9973,
0x9973,
0x9973,
0x9973,
0x9973,
0x9973,
0x9973,
0x9973,
0x9973,
0x9973,
0x9973,
0x9973,
0x9973,
0x9973,
0x9973,
0x9973,
0x9973,
0x9973,
0x9973,
0x9973,
0x9973,
0x9973,
0x9973,
0x9973,
0x9973,
0x9973,
0x9973,
0x9973,
0x9973,
0x9973,
0x9973,
0x9973,
0x9973,
0x9973,
0x9973,
0x9973,
0x9973,
0x9973,
0x9973,
0x9973,
0x9973,
0x9973,
0x9973,
0x9973,
0x9973,
0x9973,
0x9973,
0x9973,
0x9973,
0x9973,
0x9973,
0x9973,
0x9973,
0x9973,
0x9973,
0x9973,
0x9973,
0x9973,
0x9973,
0x9973,
0x9973,
0x9973,
0x9973,
0x9973,
0x9973,
0x9973,
0x9973,
0x9973,
0x9973,
0x9973,
0x9973,
0x9973,
0x9973,
0x9973,
0x9973,
0x9973,
0x9973,
0x9973,
0x9973,
0x9973,
0x9973,
0x9973,
0x9973,
0x9973,
0x9973,
0x9973,
0x9973,
0x9973,
0x9973,
0x9973,
0x9973,
0x9973,
0x9973,
0x9973,
0x9973,
0x9973,
0x9973,
0x9973,
0x9973,
0x9973,
0x9973,
0x9973,
0x9973,
0x9973,
0x9973,
0x9973,
0x9973,
0x9973,
0x9973,
0x9973,
0x9973,
0x9973,
0x9973,
0x9973,
0x9973,
0x9973,
0x9973,
0x9973,
0x9973,
0x9973,
0x9973,
0x9973,
0x9973,
0x9973,
0x9973,
0x9973,
0x9973,
0x9973,
0x9973,
0x9973,
0x9973,
0x9973,
0x9973,
0x9973,
0x9973,
0x9973,
0x9973,
0x9973,
0x9973,
0x9973,
0x9973,
0x9973,
0x9973,
0x9973,
0x9973,
0x9973,
0x9973,
0x9973,
0x9973,
0x9973,
0x9973,
0x9973,
0x9973,
0x9973,
0x9973,
0x9973,
0x9973,
0x9973,
0x9973,
0x9973,
0x9973,
0x9973,
0x9973,
0x9973,
0x9973,
0x9973,
0xb973,
0x9973,
0x9973,
0x9973,
0x9973,
0x9973,
0x9973,
0x9973,
0x9973,
0x9973,
0x9973,
0x9973,
0x9973,
0x9973,
0x9973,
0x9973,
0x9973,
0x9973,
0x9973,
0x9973,
0x9973,
0x9973,
0x9973,
0x9973,
0x9973,
0x9973,
0x9973,
0x9973,
0x9973,
0x9973,
0x9973,
0x9973,
0x9973,
0x9973,
0x9973,
0x9973,
0x9973,
0x9973,
0x9973,
0x9973,
0x9973,
0x9973,
0x9973,
0x9973,
0x9973,
0x9973,
0x9973,
0x9973,
0x9973,
0x9973,
0x9973,
0x9973,
0x9973,
0x9973,
0x9973,
0x9973,
0x9973,
0x9973,
0x9973,
0x9973,
0x9973,
0x9973,
0x9973,
0x9973,
0x9973,
0x9973,
0x9973,
0x9973,
0x9973,
0x9973,
0x9973,
0x9973,
0x9973,
0x9973,
0x9973,
0x9973,
0x9973,
0x9973,
0x9973,
0x9973,
0x9973,
0x9973,
0x9973,
0x9973,
0x9973,
0x9973,
0x9973,
0x9973,
0x9973,
0x9973,
0x9973,
0x9973,
0x9973,
0x9973,
0x9973,
0x9973,
0x9973,
0x9973,
0x9973,
0x9973,
0x9973,
0x9973,
0x9973,
0x9973,
0x9973,
0x9973,
0x9973,
0x9973,
0x9973,
0x9973,
0x9973,
0x9973,
0x9973,
0x9973,
0x9973,
0x9973,
0x9973,
0x9973,
0xfa5a,
0x9773,
0x958c,
0xb48c,
0xd48c,
0x758c,
0x177c,
0xd973,
0xb973,
0x9973,
0x9973,
0x9973,
0x9973,
0x9973,
0x9973,
0x9973,
0x9973,
0x9973,
0x9973,
0x9973,
0x9973,
0x9973,
0x9973,
0x9973,
0x9973,
0x9973,
0x9973,
0x9973,
0x9973,
0x9973,
0x9973,
0x9973,
0x5a6b,
0xd873,
0xb973,
0x9973,
0x9973,
0x9973,
0x9973,
0x9973,
0x9973,
0x9973,
0x9973,
0x9973,
0x9973,
0x9973,
0x9973,
0x9973,
0x9973,
0x9973,
0x9973,
0x9973,
0x9973,
0x9973,
0x9973,
0x9973,
0x9973,
0x9973,
0x9973,
0x9973,
0x9973,
0x9973,
0x9973,
0x9973,
0x9973,
0x9973,
0x9973,
0x9973,
0x9973,
0x9973,
0x9973,
0x9973,
0x9973,
0x9973,
0x9973,
0x9973,
0x9973,
0x9973,
0x9973,
0x9973,
0x9973,
0x9973,
0x9973,
0x9973,
0x9973,
0x9973,
0x9973,
0x9973,
0x9973,
0x9973,
0x9973,
0x9973,
0x9973,
0x9973,
0x9973,
0x9973,
0x9973,
0x9973,
0x9973,
0x9973,
0x9973,
0x9973,
0x9973,
0x9973,
0x9973,
0x9973,
0x9973,
0x9973,
0x9973,
0x9973,
0x9973,
0x9973,
0x9973,
0x9973,
0x9973,
0x9973,
0x9973,
0x9973,
0x9973,
0x9973,
0x9973,
0x9973,
0x9973,
0x9973,
0x9973,
0x9973,
0x9973,
0x9973,
0x9973,
0x9973,
0x9973,
0x9973,
0x9973,
0x9973,
0x9973,
0x9973,
0x9973,
0x9973,
0x9973,
0x9973,
0x9973,
0x9973,
0x9973,
0x9973,
0x9973,
0x9973,
0x9973,
0x9973,
0x9973,
0x9973,
0x9973,
0x9973,
0x9973,
0x9973,
0x9973,
0x9973,
0x9973,
0x9973,
0x9973,
0x9973,
0x9973,
0x9973,
0x9973,
0x9973,
0x9973,
0x9973,
0x9973,
0x9973,
0x9973,
0x9973,
0x9973,
0x9973,
0x9973,
0x9973,
0x9973,
0x9973,
0x9973,
0x9973,
0x9973,
0x9973,
0x9973,
0x9973,
0x9973,
0x9973,
0x9973,
0x9973,
0x9973,
0x9973,
0x9973,
0x9973,
0x9973,
0x9973,
0x9973,
0x9973,
0x9973,
0x9973,
0x9973,
0x9973,
0x9973,
0x9973,
0x9973,
0x9973,
0x9973,
0x9973,
0x9973,
0x9973,
0x9973,
0x9973,
0x9973,
0x9973,
0x9973,
0x9973,
0x9973,
0x9973,
0x9973,
0x9973,
0x9973,
0x9973,
0x9973,
0x9973,
0x9973,
0x9973,
0x9973,
0x9973,
0x9973,
0x9973,
0x9973,
0x9973,
0x9973,
0x9973,
0x9973,
0x9973,
0x9973,
0x9973,
0x9973,
0x9973,
0x9973,
0x9973,
0x9973,
0x9973,
0x9973,
0x9973,
0x9973,
0x9973,
0x9973,
0x9973,
0x9973,
0x9973,
0x9973,
0x9973,
0x9973,
0x9973,
0x9973,
0x9973,
0x9973,
0x9973,
0x9973,
0x9973,
0x9973,
0x9973,
0x9973,
0x9973,
0x9973,
0x9973,
0x9973,
0x9973,
0x9973,
0x9973,
0x9973,
0x9973,
0x9973,
0x9973,
0x9973,
0x9973,
0x9973,
0x9973,
0x9973,
0x9973,
0x9973,
0x9973,
0x9973,
0x9973,
0x9973,
0x9973,
0x9973,
0x9973,
0x9973,
0x9973,
0x9973,
0x9973,
0x9973,
0x9973,
0x9973,
0x9973,
0x9973,
0x9973,
0x9973,
0x9973,
0x9973,
0x9973,
0x9973,
0x9973,
0x9973,
0x9973,
0x9973,
0x9973,
0x9973,
0x9973,
0x9973,
0x9973,
0x9973,
0x9973,
0x9973,
0x9973,
0x9973,
0x9973,
0x9973,
0x9973,
0x9973,
0x9973,
0x9973,
0x9973,
0x9973,
0x9973,
0x9973,
0x9973,
0x9973,
0x9973,
0x9973,
0x9973,
0xb973,
0x7a73,
0x3a63,
0xdb5a,
0x3a6b,
0x7a6b,
0x7a6b,
0x9973,
0x9973,
0x9973,
0x9973,
0x9973,
0x9973,
0x9973,
0x9973,
0x9973,
0x9973,
0x9973,
0x9973,
0x9973,
0x9973,
0x9973,
0x9973,
0x9973,
0x9973,
0x9973,
0x9973,
0x9973,
0x9973,
0x9973,
0x9973,
0x9973,
0x9973,
0x9973,
0x9973,
0x9973,
0x9973,
0x9973,
0x9973,
0x9973,
0x9973,
0xf97b,
0xf87b,
0x9973,
0x9973,
0x9973,
0x9973,
0x9973,
0x9973,
0x9973,
0x9973,
0x9973,
0x9973,
0x9973,
0x9973,
0x9973,
0x9973,
0x9973,
0x9973,
0x9973,
0x9973,
0x9973,
0x9973,
0x9973,
0x9973,
0x9973,
0x9973,
0x9973,
0x9973,
0x9973,
0x9973,
0x9973,
0x9973,
0x9973,
0x9973,
0x9973,
0x9973,
0x9973,
0x9973,
0x9973,
0x9973,
0x9973,
0x9973,
0x9973,
0x9973,
0x9973,
0x9973,
0x9973,
0x9973,
0x9973,
0x9973,
0x9973,
0x9973,
0x9973,
0x9973,
0x9973,
0x9973,
0x9973,
0x9973,
0x9973,
0x9973,
0x9973,
0x9973,
0x9973,
0x9973,
0x9973,
0x9973,
0x9973,
0x9973,
0x9973,
0x9973,
0x9973,
0x9973,
0x9973,
0x9973,
0x9973,
0x9973,
0x9973,
0x9973,
0x9973,
0x9973,
0x9973,
0x9973,
0x9973,
0x9973,
0x9973,
0x9973,
0x9973,
0x9973,
0x9973,
0x9973,
0x9973,
0x9973,
0x9973,
0x9973,
0x9973,
0x9973,
0x9973,
0x9973,
0x9973,
0x9973,
0x9973,
0x9973,
0x9973,
0x9973,
0x9973,
0x9973,
0x9973,
0x9973,
0x9973,
0x9973,
0x9973,
0x9973,
0x9973,
0x9973,
0x9973,
0x9973,
0x9973,
0x9973,
0x9973,
0x9973,
0x9973,
0x9973,
0x9973,
0x9973,
0x9973,
0x9973,
0x9973,
0x9973,
0x9973,
0x9973,
0x9973,
0x9973,
0x9973,
0x9973,
0x9973,
0x9973,
0x9973,
0x9973,
0x9973,
0x9973,
0x9973,
0x9973,
0x9973,
0x9973,
0x9973,
0x9973,
0x9973,
0x9973,
0x9973,
0x9973,
0x9973,
0x9973,
0x9973,
0x9973,
0x9973,
0x9973,
0x9973,
0x9973,
0x9973,
0x9973,
0x9973,
0x9973,
0x9973,
0x9973,
0x9973,
0x9973,
0x9973,
0x9973,
0x9973,
0x9973,
0x9973,
0x9973,
0x9973,
0x9973,
0x9973,
0x9973,
0x9973,
0x9973,
0x9973,
0x9973,
0x9973,
0x9973,
0x9973,
0x9973,
0x9973,
0x9973,
0x9973,
0x9973,
0x9973,
0x9973,
0x9973,
0x9973,
0x9973,
0x9973,
0x9973,
0x9973,
0x9973,
0x9973,
0x9973,
0x9973,
0x9973,
0x9973,
0x9973,
0x9973,
0x9973,
0x9973,
0x9973,
0x9973,
0x9973,
0x9973,
0x9973,
0x9973,
0x9973,
0x9973,
0x9973,
0x9973,
0x9973,
0x9973,
0x9973,
0x9973,
0x9973,
0x9973,
0x9973,
0x9973,
0x9973,
0x9973,
0x9973,
0x9973,
0x9973,
0x9973,
0x9973,
0x9973,
0x9973,
0x9973,
0x9973,
0x9973,
0x9973,
0x9973,
0x9973,
0x9973,
0x9973,
0x9973,
0x9973,
0x9973,
0x9973,
0x9973,
0x9973,
0x9973,
0x9973,
0x9973,
0x9973,
0x9973,
0x9973,
0x9973,
0x9973,
0x9973,
0x9973,
0x9973,
0x9973,
0x9973,
0x9973,
0x9973,
0x9973,
0x9973,
0x9973,
0x9973,
0x9973,
0x9973,
0x9973,
0x9973,
0x9973,
0x9973,
0x9973,
0x9973,
0x9973,
0x9973,
0x9973,
0x9973,
0x9973,
0x9973,
0x9973,
0x9973,
0x9973,
0x9973,
0x9973,
0x9973,
0x9973,
0x9973,
0x9973,
0x9973,
0x9973,
0xb973,
0xb973,
0x9973,
0x9973,
0x9973,
0x9973,
0x9973,
0x9973,
0x9973,
0x9973,
0x9973,
0x9973,
0x9973,
0x9973,
0x9973,
0x9973,
0x9973,
0x9973,
0x9973,
0x9973,
0x9973,
0x9973,
0x9973,
0x9973,
0x9973,
0x9973,
0x9973,
0x9973,
0x9973,
0x9973,
0x9973,
0x9973,
0x9973,
0x9973,
0x9973,
0x9973,
0x9973,
0x9973,
0x9973,
0x796b,
0x3884,
0xb973,
0x9973,
0x9973,
0x9973,
0x9973,
0x9973,
0x9973,
0x9973,
0x9973,
0x9973,
0x9973,
0x9973,
0x9973,
0x9973,
0x9973,
0x9973,
0x9973,
0x9973,
0x9973,
0x9973,
0x9973,
0x9973,
0x9973,
0x9973,
0x9973,
0x9973,
0x9973,
0x9973,
0x9973,
0x9973,
0x9973,
0x9973,
0x9973,
0x9973,
0x9973,
0x9973,
0x9973,
0x9973,
0x9973,
0x9973,
0x9973,
0x9973,
0x9973,
0x9973,
0x9973,
0x9973,
0x9973,
0x9973,
0x9973,
0x9973,
0x9973,
0x9973,
0x9973,
0x9973,
0x9973,
0x9973,
0x9973,
0x9973,
0x9973,
0x9973,
0x9973,
0x9973,
0x9973,
0x9973,
0x9973,
0x9973,
0x9973,
0x9973,
0x9973,
0x9973,
0x9973,
0x9973,
0x9973,
0x9973,
0x9973,
0x9973,
0x9973,
0x9973,
0x9973,
0x9973,
0x9973,
0x9973,
0x9973,
0x9973,
0x9973,
0x9973,
0x9973,
0x9973,
0x9973,
0x9973,
0x9973,
0x9973,
0x9973,
0x9973,
0x9973,
0x9973,
0x9973,
0x9973,
0x9973,
0x9973,
0x9973,
0x9973,
0x9973,
0x9973,
0x9973,
0x9973,
0x9973,
0x9973,
0x9973,
0x9973,
0x9973,
0x9973,
0x9973,
0x9973,
0x9973,
0x9973,
0x9973,
0x9973,
0x9973,
0x9973,
0x9973,
0x9973,
0x9973,
0x9973,
0x9973,
0x9973,
0x9973,
0x9973,
0x9973,
0x9973,
0x9973,
0x9973,
0x9973,
0x9973,
0x9973,
0x9973,
0x9973,
0x9973,
0x9973,
0x9973,
0x9973,
0x9973,
0x9973,
0x9973,
0x9973,
0x9973,
0x9973,
0x9973,
0x9973,
0x9973,
0x9973,
0x9973,
0x9973,
0x9973,
0x9973,
0x9973,
0x9973,
0x9973,
0x9973,
0x9973,
0x9973,
0x9973,
0x9973,
0x9973,
0x9973,
0x9973,
0x9973,
0x9973,
0x9973,
0x9973,
0x9973,
0x9973,
0x9973,
0x9973,
0x9973,
0x9973,
0x9973,
0x9973,
0x9973,
0x9973,
0x9973,
0x9973,
0x9973,
0x9973,
0x9973,
0x9973,
0x9973,
0x9973,
0x9973,
0x9973,
0x9973,
0x9973,
0x9973,
0x9973,
0x9973,
0x9973,
0x9973,
0x9973,
0x9973,
0x9973,
0x9973,
0x9973,
0x9973,
0x9973,
0x9973,
0x9973,
0x9973,
0x9973,
0x9973,
0x9973,
0x9973,
0x9973,
0x9973,
0x9973,
0x9973,
0x9973,
0x9973,
0x9973,
0x9973,
0x9973,
0x9973,
0x9973,
0x9973,
0x9973,
0x9973,
0x9973,
0x9973,
0x9973,
0x9973,
0x9973,
0x9973,
0x9973,
0x9973,
0x9973,
0x9973,
0x9973,
0x9973,
0x9973,
0x9973,
0x9973,
0x9973,
0x9973,
0x9973,
0x9973,
0x9973,
0x9973,
0x9973,
0x9973,
0x9973,
0x9973,
0x9973,
0x9973,
0x9973,
0x9973,
0x9973,
0x9973,
0x9973,
0x9973,
0x9973,
0x9973,
0x9973,
0x9973,
0x9973,
0x9973,
0x9973,
0x9973,
0x9973,
0x9973,
0x9973,
0x9973,
0x9973,
0x9973,
0x9973,
0x9973,
0x9973,
0x9973,
0x9973,
0x9973,
0x9973,
0x9973,
0x9973,
0x9973,
0x9973,
0x9973,
0x9973,
0x9973,
0x9973,
0x9973,
0x9973,
0x9973,
0x9973,
0x9973,
0x9973,
0x9973,
0x9973,
0x9973,
0x9973,
0x9973,
0x9973,
0x9973,
0x9973,
0x9973,
0x9973,
0x9973,
0x9973,
0x9973,
0x9973,
0x9973,
0x9973,
0x9973,
0x9973,
0x9973,
0x9973,
0x9973,
0x9973,
0x9973,
0x9973,
0x9973,
0x9973,
0x9973,
0x9973,
0x9973,
0x9973,
0x9973,
0x9973,
0x9973,
0x9973,
0x9973,
0xd973,
0x588c,
0xb973,
0x9973,
0x9973,
0x9973,
0x9973,
0x9973,
0x9973,
0x9973,
0x9973,
0x9973,
0x9973,
0x9973,
0x9973,
0x9973,
0x9973,
0x9973,
0x9973,
0x9973,
0x9973,
0x9973,
0x9973,
0x9973,
0x9973,
0x9973,
0x9973,
0x9973,
0x9973,
0x9973,
0x9973,
0x9973,
0x9973,
0x9973,
0x9973,
0x9973,
0x9973,
0x9973,
0x9973,
0x9973,
0x9973,
0x9973,
0x9973,
0x9973,
0x9973,
0x9973,
0x9973,
0x9973,
0x9973,
0x9973,
0x9973,
0x9973,
0x9973,
0x9973,
0x9973,
0x9973,
0x9973,
0x9973,
0x9973,
0x9973,
0x9973,
0x9973,
0x9973,
0x9973,
0x9973,
0x9973,
0x9973,
0x9973,
0x9973,
0x9973,
0x9973,
0x9973,
0x9973,
0x9973,
0x9973,
0x9973,
0x9973,
0x9973,
0x9973,
0x9973,
0x9973,
0x9973,
0x9973,
0x9973,
0x9973,
0x9973,
0x9973,
0x9973,
0x9973,
0x9973,
0x9973,
0x9973,
0x9973,
0x9973,
0x9973,
0x9973,
0x9973,
0x9973,
0x9973,
0x9973,
0x9973,
0x9973,
0x9973,
0x9973,
0x9973,
0x9973,
0x9973,
0x9973,
0x9973,
0x9973,
0x9973,
0x9973,
0x9973,
0x9973,
0x9973,
0x9973,
0x9973,
0x9973,
0x9973,
0x9973,
0x9973,
0x9973,
0x9973,
0x9973,
0x9973,
0x9973,
0x9973,
0x9973,
0x9973,
0x9973,
0x9973,
0x9973,
0x9973,
0x9973,
0x9973,
0x9973,
0x9973,
0x9973,
0x9973,
0x9973,
0x9973,
0x9973,
0x9973,
0x9973,
0x9973,
0x9973,
0x9973,
0x9973,
0x9973,
0x9973,
0x9973,
0x9973,
0x9973,
0x9973,
0x9973,
0x9973,
0x9973,
0x9973,
0x9973,
0x9973,
0x9973,
0x9973,
0x9973,
0x9973,
0x9973,
0x9973,
0x9973,
0x9973,
0x9973,
0x9973,
0x9973,
0x9973,
0x9973,
0x9973,
0x9973,
0x9973,
0x9973,
0x9973,
0x9973,
0x9973,
0x9973,
0x9973,
0x9973,
0x9973,
0x9973,
0x9973,
0x9973,
0x9973,
0x9973,
0x9973,
0x9973,
0x9973,
0x9973,
0x9973,
0x9973,
0x9973,
0x9973,
0x9973,
0x9973,
0x9973,
0x9973,
0x9973,
0x9973,
0x9973,
0x9973,
0x9973,
0x9973,
0x9973,
0x9973,
0x9973,
0x9973,
0x9973,
0x9973,
0x9973,
0x9973,
0x9973,
0x9973,
0x9973,
0x9973,
0x9973,
0x9973,
0x9973,
0x9973,
0x9973,
0x9973,
0x9973,
0x9973,
0x9973,
0x9973,
0x9973,
0x9973,
0x9973,
0x9973,
0x9973,
0x9973,
0x9973,
0x9973,
0x9973,
0x9973,
0x9973,
0x9973,
0x9973,
0x9973,
0x9973,
0x9973,
0x9973,
0x9973,
0x9973,
0x9973,
0x9973,
0x9973,
0x9973,
0x9973,
0x9973,
0x9973,
0x9973,
0x9973,
0x9973,
0x9973,
0x9973,
0x9973,
0x9973,
0x9973,
0x9973,
0x9973,
0x9973,
0x9973,
0x9973,
0x9973,
0x9973,
0x9973,
0x9973,
0x9973,
0x9973,
0x9973,
0x9973,
0x9973,
0x9973,
0x9973,
0x9973,
0x9973,
0x9973,
0x9973,
0x9973,
0x9973,
0x9973,
0x9973,
0x9973,
0x9973,
0x9973,
0x9973,
0x9973,
0x9973,
0x9973,
0x9973,
0x9973,
0x9973,
0x9973,
0x9973,
0x9973,
0x9973,
0x9973,
0x9973,
0x9973,
0x9973,
0x9973,
0x9973,
0x9973,
0x9973,
0x9973,
0x9973,
0x9973,
0x9973,
0xb973,
0xb973,
0x9973,
0x9973,
0x9973,
0x9973,
0x9973,
0x9973,
0x9973,
0x9973,
0x9973,
0x9973,
0x9973,
0x9973,
0x9973,
0x9973,
0x9973,
0xd97b,
0x187c,
0x9973,
0x9973,
0x9973,
0x9973,
0x9973,
0x9973,
0x9973,
0x9973,
0x9973,
0x9973,
0x9973,
0x9973,
0x9973,
0x9973,
0x9973,
0x9973,
0x9973,
0x9973,
0x9973,
0x9973,
0x9973,
0x9973,
0x9973,
0x9973,
0x9973,
0x9973,
0x9973,
0x9973,
0x9973,
0x9973,
0x9973,
0x9973,
0x9973,
0x9973,
0x9973,
0x9973,
0x9973,
0x9973,
0x9973,
0x9973,
0x9973,
0x9973,
0x9973,
0x9973,
0x9973,
0x9973,
0x9973,
0x9973,
0x9973,
0x9973,
0x9973,
0x9973,
0x9973,
0x9973,
0x9973,
0x9973,
0x9973,
0x9973,
0x9973,
0x9973,
0x9973,
0x9973,
0x9973,
0x9973,
0x9973,
0x9973,
0x9973,
0x9973,
0x9973,
0x9973,
0x9973,
0x9973,
0x9973,
0x9973,
0x9973,
0x9973,
0x9973,
0x9973,
0x9973,
0x9973,
0x9973,
0x9973,
0x9973,
0x9973,
0x9973,
0x9973,
0x9973,
0x9973,
0x9973,
0x9973,
0x9973,
0x9973,
0x9973,
0x9973,
0x9973,
0x9973,
0x9973,
0x9973,
0x9973,
0x9973,
0x9973,
0x9973,
0x9973,
0x9973,
0x9973,
0x9973,
0x9973,
0x9973,
0x9973,
0x9973,
0x9973,
0x9973,
0x9973,
0x9973,
0x9973,
0x9973,
0x9973,
0x9973,
0x9973,
0x9973,
0x9973,
0x9973,
0x9973,
0x9973,
0x9973,
0x9973,
0x9973,
0x9973,
0x9973,
0x9973,
0x9973,
0x9973,
0x9973,
0x9973,
0x9973,
0x9973,
0x9973,
0x9973,
0x9973,
0x9973,
0x9973,
0x9973,
0x9973,
0x9973,
0x9973,
0x9973,
0x9973,
0x9973,
0x9973,
0x9973,
0x9973,
0x9973,
0x9973,
0x9973,
0x9973,
0x9973,
0x9973,
0x9973,
0x9973,
0x9973,
0x9973,
0x9973,
0x9973,
0x9973,
0x9973,
0x9973,
0x9973,
0x9973,
0x9973,
0x9973,
0x9973,
0x9973,
0x9973,
0x9973,
0x9973,
0x9973,
0x9973,
0x9973,
0x9973,
0x9973,
0x9973,
0x9973,
0x9973,
0x9973,
0x9973,
0x9973,
0x9973,
0x9973,
0x9973,
0x9973,
0x9973,
0x9973,
0x9973,
0x9973,
0x9973,
0x9973,
0x9973,
0x9973,
0x9973,
0x9973,
0x9973,
0x9973,
0x9973,
0x9973,
0x9973,
0x9973,
0x9973,
0x9973,
0x9973,
0x9973,
0x9973,
0x9973,
0x9973,
0x9973,
0x9973,
0x9973,
0x9973,
0x9973,
0x9973,
0x9973,
0x9973,
0x9973,
0x9973,
0x9973,
0x9973,
0x9973,
0x9973,
0x9973,
0x9973,
0x9973,
0x9973,
0x9973,
0x9973,
0x9973,
0x9973,
0x9973,
0x9973,
0x9973,
0x9973,
0x9973,
0x9973,
0x9973,
0x9973,
0x9973,
0x9973,
0x9973,
0x9973,
0x9973,
0x9973,
0x9973,
0x9973,
0x9973,
0x9973,
0x9973,
0x9973,
0x9973,
0x9973,
0x9973,
0x9973,
0x9973,
0x9973,
0x9973,
0x9973,
0x9973,
0x9973,
0x9973,
0x9973,
0x9973,
0x9973,
0x9973,
0x9973,
0x9973,
0x9973,
0x9973,
0x9973,
0x9973,
0x9973,
0x9973,
0x9973,
0x9973,
0x9973,
0x9973,
0x9973,
0x9973,
0x9973,
0x9973,
0x9973,
0x9973,
0x9973,
0x9973,
0x9973,
0x9973,
0x9973,
0x9973,
0x9973,
0x9973,
0x9973,
0x9973,
0x7a6b,
0x7a6b,
0xd97b,
0xb973,
0x9973,
0xd87b,
0xb973,
0x9973,
0x9973,
0x9973,
0x9973,
0x9973,
0x9973,
0xb973,
0xf87b,
0xb973,
0x9973,
0x9973,
0x9973,
0x9973,
0x9973,
0x9973,
0x9973,
0x9973,
0x9973,
0x9973,
0x9973,
0x9973,
0x9973,
0x9973,
0x9973,
0x796b,
0x9973,
0x9973,
0x9973,
0x9973,
0x9973,
0x9973,
0x9973,
0x9973,
0x9973,
0x9973,
0x9973,
0x9973,
0x9973,
0x9973,
0x9973,
0x9973,
0x9973,
0x9973,
0x9973,
0x9973,
0x9973,
0x9973,
0x9973,
0x9973,
0x9973,
0x9973,
0x9973,
0x9973,
0x9973,
0x9973,
0x9973,
0x9973,
0x9973,
0x9973,
0x9973,
0x9973,
0x9973,
0x9973,
0x9973,
0x9973,
0x9973,
0x9973,
0x9973,
0x9973,
0x9973,
0x9973,
0x9973,
0x9973,
0x9973,
0x9973,
0x9973,
0x9973,
0x9973,
0x9973,
0x9973,
0x9973,
0x9973,
0x9973,
0x9973,
0x9973,
0x9973,
0x9973,
0x9973,
0x9973,
0x9973,
0x9973,
0x9973,
0x9973,
0x9973,
0x9973,
0x9973,
0x9973,
0x9973,
0x9973,
0x9973,
0x9973,
0x9973,
0x9973,
0x9973,
0x9973,
0x9973,
0x9973,
0x9973,
0x9973,
0x9973,
0x9973,
0x9973,
0x9973,
0x9973,
0x9973,
0x9973,
0x9973,
0x9973,
0x9973,
0x9973,
0x9973,
0x9973,
0x9973,
0x9973,
0x9973,
0x9973,
0x9973,
0x9973,
0x9973,
0x9973,
0x9973,
0x9973,
0x9973,
0x9973,
0x9973,
0x9973,
0x9973,
0x9973,
0x9973,
0x9973,
0x9973,
0x9973,
0x9973,
0x9973,
0x9973,
0x9973,
0x9973,
0x9973,
0x9973,
0x9973,
0x9973,
0x9973,
0x9973,
0x9973,
0x9973,
0x9973,
0x9973,
0x9973,
0x9973,
0x9973,
0x9973,
0x9973,
0x9973,
0x9973,
0x9973,
0x9973,
0x9973,
0x9973,
0x9973,
0x9973,
0x9973,
0x9973,
0x9973,
0x9973,
0x9973,
0x9973,
0x9973,
0x9973,
0x9973,
0x9973,
0x9973,
0x9973,
0x9973,
0x9973,
0x9973,
0x9973,
0x9973,
0x9973,
0x9973,
0x9973,
0x9973,
0x9973,
0x9973,
0x9973,
0x9973,
0x9973,
0x9973,
0x9973,
0x9973,
0x9973,
0x9973,
0x9973,
0x9973,
0x9973,
0x9973,
0x9973,
0x9973,
0x9973,
0x9973,
0x9973,
0x9973,
0x9973,
0x9973,
0x9973,
0x9973,
0x9973,
0x9973,
0x9973,
0x9973,
0x9973,
0x9973,
0x9973,
0x9973,
0x9973,
0x9973,
0x9973,
0x9973,
0x9973,
0x9973,
0x9973,
0x9973,
0x9973,
0x9973,
0x9973,
0x9973,
0x9973,
0x9973,
0x9973,
0x9973,
0x9973,
0x9973,
0x9973,
0x9973,
0x9973,
0x9973,
0x9973,
0x9973,
0x9973,
0x9973,
0x9973,
0x9973,
0x9973,
0x9973,
0x9973,
0x9973,
0x9973,
0x9973,
0x9973,
0x9973,
0x9973,
0x9973,
0x9973,
0x9973,
0x9973,
0x9973,
0x9973,
0x9973,
0x9973,
0x9973,
0x9973,
0x9973,
0x9973,
0x9973,
0x9973,
0x9973,
0x9973,
0x9973,
0x9973,
0x9973,
0x9973,
0x9973,
0x9973,
0x9973,
0x9973,
0x9973,
0x9973,
0x9973,
0x9973,
0x9973,
0x9973,
0x9973,
0x9973,
0x9973,
0x9973,
0x9973,
0x9973,
0x9973,
0x9973,
0x9973,
0x9973,
0x9973,
0x9973,
0x9973,
0x9973,
0x9973,
0x9973,
0x9973,
0x9973,
0x9973,
0x9973,
0x9973,
0x9973,
0x9973,
0x9973,
0x9973,
0x9973,
0x9973,
0x9973,
0x9973,
0x9973,
0x9973,
0x9973,
0xb973,
0x588c,
0x3884,
0x588c,
0x7a6b,
0x9973,
0xb973,
0x9973,
0x9973,
0x9973,
0x9973,
0x9973,
0x9973,
0x9973,
0x9973,
0x9973,
0x9973,
0x9973,
0x9973,
0x9973,
0x9973,
0x9973,
0x9973,
0x9973,
0x9973,
0x9973,
0x9973,
0x9973,
0x9973,
0x9973,
0x9973,
0x9973,
0x9973,
0x9973,
0x9973,
0x9973,
0x9973,
0x9973,
0x9973,
0x9973,
0x9973,
0x9973,
0x9973,
0x9973,
0x9973,
0x9973,
0x9973,
0x9973,
0x9973,
0x9973,
0x9973,
0x9973,
0x9973,
0x9973,
0x9973,
0x9973,
0x9973,
0x9973,
0x9973,
0x9973,
0x9973,
0x9973,
0x9973,
0x9973,
0x9973,
0x9973,
0x9973,
0x9973,
0x9973,
0x9973,
0x9973,
0x9973,
0x9973,
0x9973,
0x9973,
0x9973,
0x9973,
0x9973,
0x9973,
0x9973,
0x9973,
0x9973,
0x9973,
0x9973,
0x9973,
0x9973,
0x9973,
0x9973,
0x9973,
0x9973,
0x9973,
0x9973,
0x9973,
0x9973,
0x9973,
0x9973,
0x9973,
0x9973,
0x9973,
0x9973,
0x9973,
0x9973,
0x9973,
0x9973,
0x9973,
0x9973,
0x9973,
0x9973,
0x9973,
0x9973,
0x9973,
0x9973,
0x9973,
0x9973,
0x9973,
0x9973,
0x9973,
0x9973,
0x9973,
0x9973,
0x9973,
0x9973,
0x9973,
0x9973,
0x9973,
0x9973,
0x9973,
0x9973,
0x9973,
0x9973,
0x9973,
0x9973,
0x9973,
0x9973,
0x9973,
0x9973,
0x9973,
0x9973,
0x9973,
0x9973,
0x9973,
0x9973,
0x9973,
0x9973,
0x9973,
0xb973,
0x9973,
0x9973,
0x9973,
0x9973,
0x9973,
0x9973,
0x9973,
0x9973,
0x9973,
0x9973,
0x9973,
0x9973,
0x9973,
0x9973,
0x9973,
0x9973,
0x9973,
0x9973,
0x9973,
0x9973,
0x9973,
0x9973,
0x9973,
0x9973,
0x9973,
0x9973,
0x9973,
0x9973,
0x9973,
0x9973,
0x9973,
0x9973,
0x9973,
0x9973,
0x9973,
0x9973,
0x9973,
0x9973,
0x9973,
0x9973,
0x9973,
0x9973,
0x9973,
0x9973,
0x9973,
0x9973,
0x9973,
0x9973,
0x9973,
0x9973,
0x9973,
0x9973,
0x9973,
0x9973,
0x9973,
0x9973,
0x9973,
0x9973,
0x9973,
0x9973,
0x9973,
0x9973,
0x9973,
0x9973,
0x9973,
0x9973,
0x9973,
0x9973,
0x9973,
0x9973,
0x9973,
0x9973,
0x9973,
0x9973,
0x9973,
0x9973,
0x9973,
0x9973,
0x9973,
0x9973,
0x9973,
0x9973,
0x9973,
0x9973,
0x9973,
0x9973,
0x9973,
0x9973,
0x9973,
0x9973,
0x9973,
0x9973,
0x9973,
0x9973,
0x9973,
0x9973,
0x9973,
0x9973,
0x9973,
0x9973,
0x9973,
0x9973,
0x9973,
0x9973,
0x9973,
0x9973,
0x9973,
0x9973,
0x9973,
0x9973,
0x9973,
0x9973,
0x9973,
0x9973,
0x9973,
0x9973,
0x9973,
0x9973,
0x9973,
0x9973,
0x9973,
0x9973,
0x9973,
0x9973,
0x9973,
0x9973,
0x9973,
0x9973,
0x9973,
0x9973,
0x9973,
0x9973,
0x9973,
0x9973,
0x9973,
0x9973,
0x9973,
0x9973,
0x9973,
0x9973,
0x9973,
0x9973,
0x9973,
0x9973,
0x9973,
0x9973,
0x9973,
0x9973,
0x9973,
0x9973,
0x9973,
0x9973,
0x9973,
0x9973,
0x9973,
0x9973,
0x9973,
0x9973,
0x9973,
0x9973,
0x9973,
0x9973,
0x9973,
0x9973,
0x9973,
0x9973,
0x9973,
0x9973,
0x9973,
0x9973,
0x9973,
0x9973,
0x9973,
0x9973,
0x9973,
0x9973,
0x9973,
0x9973,
0x9973,
0x9973,
0x9973,
0x9973,
0x5a6b,
0xb973,
0x9973,
0x9873,
0x3684,
0xd69c,
0xb79c,
0xf79c,
0x588c,
0x7a6b,
0x9973,
0x9973,
0x9973,
0x9973,
0x9973,
0x9973,
0x9973,
0x9973,
0x9973,
0x9973,
0x9973,
0x9973,
0x9973,
0x9973,
0x9973,
0x9973,
0x9973,
0x9973,
0x9973,
0x9973,
0x9973,
0x9973,
0x9973,
0x9973,
0x9973,
0x9973,
0x9973,
0x9973,
0x9973,
0x9973,
0x9973,
0x9973,
0x9973,
0x9973,
0x9973,
0x9973,
0x9973,
0x9973,
0x9973,
0x9973,
0x9973,
0x9973,
0x9973,
0x9973,
0x9973,
0x9973,
0x9973,
0x9973,
0x9973,
0x9973,
0x9973,
0x9973,
0x9973,
0x9973,
0x9973,
0x9973,
0x9973,
0x9973,
0x9973,
0x9973,
0x9973,
0x9973,
0x9973,
0x9973,
0x9973,
0x9973,
0x9973,
0x9973,
0x9973,
0x9973,
0x9973,
0x9973,
0x9973,
0x9973,
0x9973,
0x9973,
0x9973,
0x9973,
0x9973,
0x9973,
0x9973,
0x9973,
0x9973,
0x9973,
0x9973,
0x9973,
0x9973,
0x9973,
0x9973,
0x9973,
0x9973,
0x9973,
0x9973,
0x9973,
0x9973,
0x9973,
0x9973,
0x9973,
0x9973,
0x9973,
0x9973,
0x9973,
0x9973,
0x9973,
0x9973,
0x9973,
0x9973,
0x9973,
0x9973,
0x9973,
0x9973,
0x9973,
0x9973,
0x9973,
0x9973,
0x9973,
0x9973,
0x9973,
0x9973,
0x9973,
0x9973,
0x9973,
0x9973,
0x9973,
0x9973,
0x9973,
0x9973,
0x9973,
0x9973,
0x9973,
0x9973,
0x9973,
0x9973,
0x9973,
0x9973,
0x9973,
0x9973,
0x3a63,
0x9973,
0x9973,
0xb973,
0xb973,
0x9973,
0x9973,
0x9973,
0x9973,
0x9973,
0x9973,
0x9973,
0x9973,
0x9973,
0x9973,
0xb973,
0x9973,
0x9973,
0x9973,
0x9973,
0x9973,
0x9973,
0x9973,
0x9973,
0x9973,
0x9973,
0xb973,
0xd97b,
0xb973,
0xb973,
0x9973,
0x9973,
0x9973,
0x9973,
0x9973,
0x9973,
0x9973,
0x9973,
0x9973,
0x9973,
0x9973,
0x9973,
0x9973,
0x9973,
0x9973,
0x9973,
0x9973,
0x9973,
0x9973,
0x9973,
0x9973,
0x9973,
0x9973,
0x9973,
0x9973,
0x9973,
0x9973,
0x9973,
0x9973,
0x9973,
0x9973,
0x9973,
0x9973,
0x9973,
0x9973,
0x9973,
0x9973,
0x9973,
0x9973,
0x9973,
0x9973,
0x9973,
0x9973,
0x9973,
0x9973,
0x9973,
0x9973,
0x9973,
0x9973,
0x9973,
0x9973,
0x9973,
0x9973,
0x9973,
0x9973,
0x9973,
0x9973,
0x9973,
0x9973,
0x9973,
0x9973,
0x9973,
0x9973,
0x9973,
0x9973,
0x9973,
0x9973,
0x9973,
0x9973,
0x9973,
0x9973,
0x9973,
0x9973,
0x9973,
0x9973,
0x9973,
0x9973,
0x9973,
0x9973,
0x9973,
0x9973,
0x9973,
0x9973,
0x9973,
0x9973,
0x9973,
0x9973,
0x9973,
0x9973,
0x9973,
0x9973,
0x9973,
0x9973,
0x9973,
0x9973,
0x9973,
0x9973,
0x9973,
0x9973,
0x9973,
0x9973,
0x9973,
0x9973,
0x9973,
0x9973,
0x9973,
0x9973,
0x9973,
0x9973,
0x9973,
0x9973,
0x9973,
0x9973,
0x9973,
0x9973,
0x9973,
0x9973,
0x9973,
0x9973,
0x9973,
0x9973,
0x9973,
0x9973,
0x9973,
0x9973,
0x9973,
0x9973,
0x9973,
0x9973,
0x9973,
0x9973,
0x9973,
0x9973,
0x9973,
0x9973,
0x9973,
0x9973,
0x9973,
0x9973,
0x9973,
0x9973,
0x9973,
0x9973,
0x9973,
0x9973,
0x9973,
0x9973,
0x9973,
0x9973,
0xb973,
0x9973,
0x9973,
0x796b,
0x3684,
0x3684,
0x558c,
0x528c,
0x14a5,
0xb494,
0xd69c,
0xd97b,
0xb973,
0x9973,
0x9973,
0x9973,
0x9973,
0x9973,
0x9973,
0x9973,
0x9973,
0x9973,
0x9973,
0x9973,
0x9973,
0x9973,
0x9973,
0x9973,
0x9973,
0x9973,
0x9973,
0x9973,
0x9973,
0x9973,
0x9973,
0x9973,
0x9973,
0x9973,
0x9973,
0x9973,
0x9973,
0x9973,
0x9973,
0x9973,
0x9973,
0x9973,
0x9973,
0x9973,
0x9973,
0x9973,
0x9973,
0x9973,
0x9973,
0x9973,
0x9973,
0x9973,
0x9973,
0x9973,
0x9973,
0x9973,
0x9973,
0x9973,
0x9973,
0x9973,
0x9973,
0x9973,
0x9973,
0x9973,
0x9973,
0x9973,
0x9973,
0x9973,
0x9973,
0x9973,
0x9973,
0x9973,
0x9973,
0x9973,
0x9973,
0x9973,
0x9973,
0x9973,
0x9973,
0x9973,
0x9973,
0x9973,
0x9973,
0x9973,
0x9973,
0x9973,
0x9973,
0x9973,
0x9973,
0x9973,
0x9973,
0x9973,
0x9973,
0x9973,
0x9973,
0x9973,
0x9973,
0x9973,
0x9973,
0x9973,
0x9973,
0x9973,
0x9973,
0x9973,
0x9973,
0x9973,
0x9973,
0x7a6b,
0x5a6b,
0x796b,
0xb973,
0x9973,
0x9973,
0x9973,
0x9973,
0x9973,
0x9973,
0x9973,
0x9973,
0x9973,
0x9973,
0x9973,
0x9973,
0x9973,
0x9973,
0x9973,
0x9973,
0x9973,
0x9973,
0x9973,
0x9973,
0x9973,
0x9973,
0x9973,
0xb973,
0xb973,
0xb973,
0xb973,
0x796b,
0x7a6b,
0xb973,
0xb973,
0xb973,
0xb973,
0xb973,
0xb973,
0x9873,
0x9694,
0xb873,
0x5a6b,
0x3a63,
0x3a63,
0x7a6b,
0x9973,
0x9973,
0xb973,
0xb973,
0xb973,
0xb973,
0xb973,
0x9973,
0x7a6b,
0x3a6b,
0x9973,
0xb973,
0xb973,
0x9973,
0x9973,
0x9973,
0xb973,
0xb973,
0xb973,
0x796b,
0xbb52,
0x9a52,
0x9a52,
0xfb62,
0x9973,
0xb973,
0xb973,
0xb973,
0x9973,
0x9973,
0xb973,
0xb973,
0xb973,
0xb973,
0xb973,
0xb973,
0x9973,
0x9973,
0x9973,
0x9973,
0x9973,
0x9973,
0x9973,
0x9973,
0x9973,
0x9973,
0x9973,
0x9973,
0x9973,
0x9973,
0x9973,
0x9973,
0x9973,
0x9973,
0x9973,
0x9973,
0x9973,
0x9973,
0x9973,
0x9973,
0x9973,
0x9973,
0x9973,
0x9973,
0x9973,
0x9973,
0x9973,
0x9973,
0x9973,
0x9973,
0x9973,
0x9973,
0x9973,
0x9973,
0x9973,
0x9973,
0x9973,
0x9973,
0x9973,
0x9973,
0x9973,
0x9973,
0x9973,
0x9973,
0x9973,
0x9973,
0x9973,
0x9973,
0x9973,
0x9973,
0x9973,
0x9973,
0x9973,
0x9973,
0x9973,
0x9973,
0x9973,
0x9973,
0x9973,
0x9973,
0x9973,
0x9973,
0x9973,
0x9973,
0x9973,
0x9973,
0x9973,
0x9973,
0x9973,
0x9973,
0x9973,
0x9973,
0x9973,
0x9973,
0x9973,
0x9973,
0x9973,
0x9973,
0x9973,
0x9973,
0x9973,
0x9973,
0x9973,
0x9973,
0x9973,
0x9973,
0x9973,
0x9973,
0x9973,
0x9973,
0x9973,
0x9973,
0x9973,
0x9973,
0x9973,
0x9973,
0x9973,
0x9973,
0x9973,
0x9973,
0x9973,
0x9973,
0x9973,
0x9973,
0x9973,
0x9973,
0x9973,
0x9973,
0x9973,
0x9973,
0x9973,
0x9973,
0x9973,
0x9973,
0x9973,
0x9973,
0x9973,
0x9973,
0x9973,
0x9973,
0x9973,
0x9973,
0x9973,
0x9973,
0x9973,
0x9973,
0x9973,
0x9973,
0x9973,
0x9973,
0x9973,
0x9973,
0x9973,
0xfb5a,
0x796b,
0xb773,
0x566b,
0x7394,
0x55ad,
0x34a5,
0x13a5,
0x748c,
0x9a52,
0x9973,
0x796b,
0x9973,
0x9973,
0x9973,
0x9973,
0x9973,
0x9973,
0x9973,
0x9973,
0x9973,
0x9973,
0x9973,
0x9973,
0x9973,
0x9973,
0x9973,
0x9973,
0x9973,
0x9973,
0x9973,
0x9973,
0x9973,
0x9973,
0x9973,
0x9973,
0x9973,
0x9973,
0x9973,
0x9973,
0x9973,
0x9973,
0x9973,
0x9973,
0x9973,
0x9973,
0x9973,
0x9973,
0x9973,
0x9973,
0x9973,
0x9973,
0x9973,
0x9973,
0x9973,
0x9973,
0x9973,
0x9973,
0x9973,
0x9973,
0x9973,
0x9973,
0x9973,
0x9973,
0x9973,
0x9973,
0x9973,
0x9973,
0x9973,
0x9973,
0x9973,
0x9973,
0x9973,
0x9973,
0x9973,
0x9973,
0x9973,
0x9973,
0x9973,
0x9973,
0x9973,
0x9973,
0x9973,
0x9973,
0x9973,
0x9973,
0x9973,
0x9973,
0x9973,
0x9973,
0x9973,
0x9973,
0x9973,
0x9973,
0x9973,
0x9973,
0x9973,
0x9973,
0x9973,
0x9973,
0x9973,
0x9973,
0x9973,
0xb973,
0xb973,
0xb973,
0xb973,
0x5a6b,
0x796b,
0x576b,
0x576b,
0xd77b,
0x3684,
0xd77b,
0xba52,
0x5a6b,
0x9973,
0xb973,
0xb973,
0xb973,
0xb973,
0xb973,
0xb973,
0xb973,
0xb973,
0xb973,
0xb973,
0x9973,
0x9973,
0x9973,
0x9973,
0x9973,
0x9973,
0x9973,
0x9973,
0x9973,
0xb973,
0xb973,
0xdb5a,
0xdb5a,
0xbb52,
0x9a52,
0xd77b,
0xd77b,
0x9b52,
0xfb5a,
0x9b52,
0xda5a,
0xba52,
0x9a52,
0x9494,
0xd29c,
0x738c,
0x776b,
0x758c,
0xb594,
0x1684,
0x5684,
0xf962,
0xf95a,
0x9a52,
0x9b52,
0x3a6b,
0xfb5a,
0x1963,
0xd67b,
0x5684,
0x3863,
0x9b52,
0xfb5a,
0x5a6b,
0x7a6b,
0x7a6b,
0x3a63,
0xdb5a,
0x9a52,
0xb673,
0x748c,
0x3384,
0x3384,
0x768c,
0x9773,
0xb952,
0xba52,
0xba52,
0xd95a,
0xf95a,
0xb952,
0xba52,
0x9a52,
0xbb52,
0xfb5a,
0xfb5a,
0x5a6b,
0x5a6b,
0x9973,
0x7a6b,
0x9973,
0x9973,
0x9973,
0x9973,
0x9973,
0x9973,
0x9973,
0x9973,
0x9973,
0x9973,
0x9973,
0x9973,
0x9973,
0x9973,
0x9973,
0x9973,
0x9973,
0x9973,
0x9973,
0x9973,
0x9973,
0x9973,
0x9973,
0x9973,
0x9973,
0x9973,
0x9973,
0x9973,
0x9973,
0x9973,
0x9973,
0x9973,
0x9973,
0x9973,
0x9973,
0x9973,
0x9973,
0x9973,
0x9973,
0x9973,
0x9973,
0x9973,
0x9973,
0x9973,
0x9973,
0x9973,
0x9973,
0x9973,
0x9973,
0x9973,
0x9973,
0x9973,
0x9973,
0x9973,
0x9973,
0x9973,
0x9973,
0x9973,
0x9973,
0x9973,
0x9973,
0x9973,
0x9973,
0x9973,
0x9973,
0x9973,
0x9973,
0x9973,
0x9973,
0x9973,
0x9973,
0x9973,
0x9973,
0x9973,
0x9973,
0x9973,
0x9973,
0x9973,
0x9973,
0x9973,
0x9973,
0x9973,
0x9973,
0x9973,
0x9973,
0x9973,
0x9973,
0x9973,
0x9973,
0x9973,
0x9973,
0x9973,
0x9973,
0x9973,
0x9973,
0x9973,
0x9973,
0x9973,
0x9973,
0x9973,
0x9973,
0x9973,
0x9973,
0x9973,
0x9973,
0x9973,
0x9973,
0x9973,
0x9973,
0x9973,
0x9973,
0x9973,
0x9973,
0x9973,
0x9973,
0x9973,
0x9973,
0x9973,
0x9973,
0x9973,
0x9973,
0x9973,
0x9973,
0x9973,
0x9973,
0x9973,
0x9973,
0x9973,
0x9973,
0x9973,
0xb973,
0xb973,
0xb873,
0xb694,
0x1584,
0x3284,
0x55ad,
0xb6b5,
0xf7bd,
0xf7c5,
0x3284,
0x7a4a,
0x9973,
0x9973,
0x9973,
0x9973,
0x9973,
0x9973,
0x9973,
0x9973,
0x9973,
0x9973,
0x9973,
0x9973,
0x9973,
0x9973,
0x9973,
0x9973,
0x9973,
0x9973,
0x9973,
0x9973,
0x9973,
0x9973,
0x9973,
0x9973,
0x9973,
0x9973,
0x9973,
0x9973,
0x9973,
0x9973,
0x9973,
0x9973,
0x9973,
0x9973,
0x9973,
0x9973,
0x9973,
0x9973,
0x9973,
0x9973,
0x9973,
0x9973,
0x9973,
0x9973,
0x9973,
0x9973,
0x9973,
0x9973,
0x9973,
0x9973,
0x9973,
0x9973,
0x9973,
0x9973,
0x9973,
0x9973,
0x9973,
0x9973,
0x9973,
0x9973,
0x9973,
0x9973,
0x9973,
0x9973,
0x9973,
0x9973,
0x9973,
0x9973,
0x9973,
0x9973,
0x9973,
0x9973,
0x9973,
0x9973,
0x9973,
0x9973,
0x9973,
0x9973,
0x9973,
0x9973,
0x9973,
0x9973,
0x9973,
0xb973,
0xb973,
0xb973,
0xb973,
0x9973,
0x9973,
0x9973,
0xb973,
0xb973,
0xb973,
0x7a6b,
0x3a63,
0xbb52,
0xf95a,
0x9a52,
0x3584,
0x528c,
0x4c6b,
0x75ad,
0xf8bd,
0x58ce,
0x79d6,
0xf49c,
0x1584,
0xf95a,
0xb952,
0xba52,
0x9a52,
0x9a52,
0x9a52,
0xbb52,
0xfb62,
0x1b63,
0x1b63,
0x1b63,
0xb973,
0xb973,
0xb973,
0x9973,
0x9973,
0x9973,
0x9973,
0xb973,
0x9973,
0x3a63,
0x9a52,
0xb694,
0xb594,
0x748c,
0x738c,
0x14a5,
0x54ad,
0x538c,
0x758c,
0x3384,
0xf283,
0x3384,
0x1284,
0xf49c,
0x76ad,
0x35a5,
0xd494,
0x7284,
0xf39c,
0xd48c,
0x1695,
0xf58c,
0x7484,
0x137c,
0x3384,
0x3684,
0x558c,
0x8e7b,
0xf49c,
0x19be,
0x56a5,
0x5484,
0xb694,
0x1684,
0xf77b,
0x1684,
0x568c,
0x7494,
0x127c,
0x76a5,
0x7ac6,
0xbef7,
0x5de7,
0x7ac6,
0x149d,
0x97ad,
0xb7b5,
0x59ce,
0x39c6,
0xf8bd,
0x76ad,
0xb494,
0x1284,
0x738c,
0x959c,
0xb694,
0x3684,
0x1684,
0x586b,
0xd77b,
0x796b,
0xb973,
0xb973,
0xb973,
0xb973,
0xb973,
0x9973,
0xb973,
0xb973,
0x9973,
0x9973,
0x9973,
0x9973,
0x9973,
0xd97b,
0xb973,
0x9973,
0x9973,
0x9973,
0x9973,
0x9973,
0x9973,
0x9973,
0x9973,
0x9973,
0x9973,
0x9973,
0x9973,
0x9973,
0x9973,
0x9973,
0x9973,
0x9973,
0x9973,
0x9973,
0x9973,
0x9973,
0x9973,
0x9973,
0x9973,
0x9973,
0x9973,
0x9973,
0x9973,
0x9973,
0x9973,
0x9973,
0x9973,
0x9973,
0x9973,
0x9973,
0x9973,
0x9973,
0x9973,
0x9973,
0x9973,
0x9973,
0x9973,
0x9973,
0x9973,
0x9973,
0x9973,
0x9973,
0x9973,
0x9973,
0x9973,
0x9973,
0x9973,
0x9973,
0x9973,
0x9973,
0x9973,
0x9973,
0x9973,
0x9973,
0x9973,
0x9973,
0x9973,
0x9973,
0x9973,
0x9973,
0x9973,
0x9973,
0x9973,
0x9973,
0x9973,
0x9973,
0x9973,
0x9973,
0x9973,
0x9973,
0x9973,
0x9973,
0x9973,
0x9973,
0x9973,
0x9973,
0x9973,
0x9973,
0x9973,
0x9973,
0x9973,
0x9973,
0x9973,
0x9973,
0x9973,
0x9973,
0x9973,
0x9973,
0x9973,
0x9973,
0x9973,
0x9973,
0x9973,
0x9973,
0x9973,
0x9973,
0x9973,
0x9973,
0x9973,
0x9973,
0x9973,
0x9973,
0x9973,
0x9973,
0x9973,
0x9973,
0xb973,
0xb973,
0x9973,
0xfb5a,
0xbc52,
0xb694,
0xb49c,
0xf183,
0xd7bd,
0x59c6,
0xb6b5,
0x95b5,
0x17c6,
0xf49c,
0x3584,
0xb973,
0x9973,
0x9973,
0x9973,
0x9973,
0x9973,
0x9973,
0x9973,
0x9973,
0x9973,
0x9973,
0x9973,
0x9973,
0x9973,
0x9973,
0x9973,
0x9973,
0x9973,
0x9973,
0x9973,
0x9973,
0x9973,
0x9973,
0x9973,
0x9973,
0x9973,
0x9973,
0x9973,
0x9973,
0x9973,
0x9973,
0x9973,
0x9973,
0x9973,
0x9973,
0x9973,
0x9973,
0x9973,
0x9973,
0x9973,
0x9973,
0x9973,
0x9973,
0x9973,
0x9973,
0x9973,
0x9973,
0x9973,
0x9973,
0x9973,
0x9973,
0x9973,
0xb973,
0xb97b,
0xb973,
0xb973,
0xb973,
0xb973,
0xb973,
0xb973,
0xb973,
0xb973,
0xb973,
0xb973,
0xb973,
0xb973,
0xb973,
0xb973,
0xb973,
0xb973,
0xb973,
0xb973,
0xb973,
0xb973,
0xb973,
0x9973,
0x9973,
0xb973,
0xb973,
0xb973,
0xb973,
0x796b,
0x3a63,
0x3a63,
0xba52,
0xfb5a,
0x7a6b,
0xb973,
0xb973,
0xb973,
0x5a6b,
0x9a52,
0xba52,
0xd77b,
0x5684,
0x9494,
0xd49c,
0x1084,
0x1084,
0xd39c,
0x95b5,
0x79ce,
0xf7bd,
0xfbe6,
0x3cef,
0x18c6,
0xf7c5,
0x96b5,
0x728c,
0x738c,
0x127c,
0xf27b,
0x3284,
0x748c,
0xb694,
0x968c,
0x9694,
0x9694,
0x9b52,
0xdb5a,
0x3b63,
0xb973,
0xb973,
0xb973,
0x9973,
0x1a63,
0x9873,
0x3584,
0x738c,
0x7ac6,
0xf8bd,
0xbad6,
0xbad6,
0x38ce,
0x58ce,
0x58ce,
0x38c6,
0x79ce,
0x99d6,
0x58ce,
0x99d6,
0x9ace,
0xfcd6,
0xbad6,
0xf7bd,
0x19b6,
0x19b6,
0xb8a5,
0x98a5,
0x5abe,
0x5ac6,
0x39be,
0xf8b5,
0x369d,
0x76a5,
0x569d,
0x76a5,
0x18be,
0xd8ad,
0x19b6,
0xb7ad,
0x19be,
0x19be,
0xb8ad,
0xf8b5,
0xd8ad,
0xf9b5,
0x5abe,
0x9ad6,
0x3cef,
0x5cef,
0x7def,
0x1be7,
0xbef7,
0x9df7,
0xdbde,
0xdad6,
0x9ace,
0x59c6,
0x18be,
0xf7c5,
0x17c6,
0x17ce,
0x58ce,
0xf7c5,
0x75ad,
0x149d,
0x55ad,
0xf57b,
0x9a52,
0x9a52,
0x9a52,
0x9a52,
0xba52,
0xf95a,
0xba52,
0x3a63,
0x9973,
0x9973,
0xb973,
0xb973,
0x9973,
0x9973,
0x9973,
0xd97b,
0xb973,
0x9973,
0x9973,
0x9973,
0x9973,
0x9973,
0x9973,
0x9973,
0x9973,
0x9973,
0x9973,
0x9973,
0x9973,
0x9973,
0x9973,
0x9973,
0x9973,
0x9973,
0x9973,
0x9973,
0x9973,
0x9973,
0x9973,
0x9973,
0x9973,
0x9973,
0x9973,
0x9973,
0x9973,
0x9973,
0x9973,
0x9973,
0x9973,
0x9973,
0x9973,
0x9973,
0x9973,
0x9973,
0x9973,
0x9973,
0x9973,
0x9973,
0x9973,
0x9973,
0x9973,
0x9973,
0x9973,
0x9973,
0x9973,
0x9973,
0x9973,
0x9973,
0x9973,
0x9973,
0x9973,
0x9973,
0x9973,
0x9973,
0x9973,
0x9973,
0x9973,
0x9973,
0x9973,
0x9973,
0x9973,
0x9973,
0x9973,
0x9973,
0x9973,
0x9973,
0x9973,
0x9973,
0x9973,
0x9973,
0x9973,
0x9973,
0x9973,
0x9973,
0x9973,
0x9973,
0x9973,
0x9973,
0x9973,
0x9973,
0x9973,
0x9973,
0x9973,
0x9973,
0x9973,
0x9973,
0x9973,
0x9973,
0x9973,
0x9973,
0x9973,
0xb973,
0xb973,
0x9973,
0x9973,
0x9973,
0x9973,
0x9973,
0x9973,
0x9973,
0x9973,
0x9973,
0x9973,
0x9973,
0x9973,
0x7a6b,
0xbb52,
0x9a52,
0x3863,
0xd69c,
0xd69c,
0xf95a,
0x574a,
0x1184,
0xf7c5,
0x18c6,
0xf7bd,
0x96b5,
0x75ad,
0x14a5,
0xb394,
0xf77b,
0x796b,
0x9973,
0x9973,
0x9973,
0x9973,
0x9973,
0x9973,
0x9973,
0x9973,
0x9973,
0x9973,
0x9973,
0x9973,
0x9973,
0x9973,
0x9973,
0x9973,
0x9973,
0x9973,
0x9973,
0x9973,
0x9973,
0x9973,
0x9973,
0x9973,
0x9973,
0x9973,
0x9973,
0x9973,
0x9973,
0x9973,
0x9973,
0x9973,
0x9973,
0x9973,
0x9973,
0x9973,
0x9973,
0x9973,
0x9973,
0x9973,
0x9973,
0xb973,
0xb973,
0xb973,
0xb973,
0xb973,
0x9973,
0x9973,
0x9973,
0x7a6b,
0x1b5b,
0x9a52,
0x9b52,
0xdb52,
0x3b63,
0x3a63,
0x3a63,
0x1b5b,
0x3b63,
0xdb5a,
0xbb52,
0xdb5a,
0x3a63,
0xfb62,
0xba52,
0xf95a,
0x9a52,
0x9a52,
0x9a52,
0x9b52,
0xbb52,
0x1b5b,
0x3a63,
0x7a6b,
0x7a6b,
0x3a63,
0x3a63,
0xfb5a,
0xba52,
0xb773,
0x568c,
0x558c,
0x528c,
0x948c,
0x167c,
0x9a52,
0xfa5a,
0xdb5a,
0x167c,
0x748c,
0x35a5,
0x59ce,
0x9ad6,
0xdbde,
0x99d6,
0x5cef,
0x9ad6,
0xd7bd,
0x58ce,
0x58ce,
0x99d6,
0x5cf7,
0xfae6,
0x58ce,
0xb9de,
0xfae6,
0x79d6,
0x78ce,
0x79d6,
0xdade,
0x1be7,
0x99d6,
0x18c6,
0x38c6,
0xd6bd,
0x34a5,
0x3284,
0x9494,
0x7594,
0xf95a,
0x9a52,
0xf95a,
0x5863,
0xb58c,
0xf8bd,
0x78d6,
0xb9de,
0x98de,
0x57d6,
0x57d6,
0x57d6,
0x37ce,
0x17ce,
0x38c6,
0x17c6,
0x17c6,
0x18c6,
0x38c6,
0x38c6,
0x79ce,
0xbad6,
0x79ce,
0x79ce,
0x38c6,
0x18c6,
0x39be,
0x7ac6,
0x7ace,
0x59c6,
0x18be,
0x96ad,
0x76a5,
0x359d,
0x56a5,
0x97ad,
0x96ad,
0x96ad,
0xb7b5,
0x18b6,
0x9ace,
0xdbd6,
0xbbce,
0x7ac6,
0x5ac6,
0x5ac6,
0x9bce,
0xdbde,
0xfbe6,
0xdade,
0xfbe6,
0x1be7,
0x1be7,
0x9ad6,
0xd7b5,
0x96ad,
0x95ad,
0x95b5,
0xb5b5,
0xd6bd,
0x38ce,
0x99d6,
0xbad6,
0xbad6,
0x79ce,
0xfbde,
0xdfff,
0x38c6,
0x149d,
0x55ad,
0xd8bd,
0xd49c,
0xd173,
0xd173,
0x538c,
0x1584,
0x776b,
0x586b,
0xd952,
0x9a52,
0x5a6b,
0x7a6b,
0x9973,
0x9973,
0x9973,
0xb973,
0xb973,
0x9973,
0x9973,
0x9973,
0x9973,
0x9973,
0x9973,
0x9973,
0x9973,
0x9973,
0x9973,
0x9973,
0x9973,
0x9973,
0x9973,
0x9973,
0x9973,
0x9973,
0x9973,
0x9973,
0x9973,
0x9973,
0x9973,
0x9973,
0x9973,
0x9973,
0x9973,
0x9973,
0x9973,
0x9973,
0x9973,
0x9973,
0x9973,
0x9973,
0x9973,
0x9973,
0x9973,
0x9973,
0x9973,
0x9973,
0x9973,
0x9973,
0x9973,
0x9973,
0x9973,
0x9973,
0x9973,
0x9973,
0x9973,
0x9973,
0x9973,
0x9973,
0x9973,
0x9973,
0x9973,
0x9973,
0x9973,
0x9973,
0x9973,
0x9973,
0x9973,
0x9973,
0x9973,
0x9973,
0x9973,
0x9973,
0x9973,
0x9973,
0x9973,
0x9973,
0x9973,
0x9973,
0x9973,
0x9973,
0x9973,
0x9973,
0x9973,
0x9973,
0x9973,
0x9973,
0x9973,
0x9973,
0xb973,
0xb973,
0xb973,
0xb973,
0xb973,
0xb973,
0xb973,
0xb973,
0x9973,
0x9973,
0x9973,
0xb973,
0xb973,
0x9973,
0x9973,
0x9973,
0x9973,
0x9973,
0x9973,
0x9973,
0x9973,
0x9973,
0x9973,
0xb973,
0x5a6b,
0x3784,
0x748c,
0x1284,
0xf4a4,
0xb6bd,
0xb6b5,
0xd17b,
0xb394,
0x17c6,
0x58ce,
0x79d6,
0x59ce,
0xf7c5,
0x95b5,
0x3484,
0x9a52,
0x9973,
0x9973,
0x9973,
0x9973,
0x9973,
0x9973,
0x9973,
0x9973,
0x9973,
0x9973,
0x9973,
0x9973,
0x9973,
0x9973,
0x9973,
0x9973,
0x9973,
0x9973,
0x9973,
0x9973,
0x9973,
0x9973,
0x9973,
0x9973,
0x9973,
0x9973,
0x9973,
0x9973,
0x9973,
0x9973,
0x9973,
0x9973,
0x9973,
0x9973,
0x9973,
0x9973,
0x9973,
0x9973,
0x9973,
0xb973,
0xb973,
0xb97b,
0xb973,
0x1b63,
0x9b52,
0xba52,
0xf95a,
0xb952,
0x195b,
0x1863,
0x3863,
0xd77b,
0x9594,
0x8f7b,
0x3284,
0x9594,
0x9694,
0x568c,
0x368c,
0xb694,
0x7694,
0xb594,
0xb594,
0xd694,
0x968c,
0x758c,
0x5384,
0x938c,
0xf17b,
0xd17b,
0xf183,
0x328c,
0x738c,
0x9594,
0x768c,
0xf683,
0xb77b,
0x568c,
0x5594,
0x9494,
0x318c,
0xd39c,
0xb294,
0x3184,
0xd7b5,
0xd6bd,
0x149d,
0x738c,
0x5384,
0x157c,
0x359d,
0xdbce,
0xdbd6,
0xbbd6,
0xdbde,
0xbad6,
0x3cef,
0x1be7,
0x1bef,
0xb9de,
0x58ce,
0x99d6,
0xdade,
0xdae6,
0xfae6,
0xd9e6,
0xd9e6,
0xb9de,
0x37ce,
0xf7c5,
0x17c6,
0x37ce,
0x37ce,
0x17ce,
0x37ce,
0x95b5,
0xf39c,
0xd394,
0x34a5,
0xd29c,
0x508c,
0x728c,
0x1284,
0xb394,
0x54ad,
0xb5bd,
0x37ce,
0x57d6,
0x37d6,
0x98de,
0x98de,
0x78de,
0x57d6,
0x37ce,
0x37ce,
0x17ce,
0x17c6,
0x17c6,
0x17c6,
0x18c6,
0x38c6,
0x59ce,
0x38ce,
0x59ce,
0x79ce,
0x59c6,
0x59c6,
0x59c6,
0x79c6,
0x79ce,
0xdbd6,
0xdbd6,
0x18be,
0x55a5,
0x55a5,
0x76a5,
0x97ad,
0x97ad,
0xb7ad,
0xb7ad,
0xd8ad,
0x19be,
0x9ace,
0xbad6,
0xbad6,
0x1be7,
0x3cef,
0x3cef,
0x3cef,
0x1be7,
0xfade,
0xfade,
0x99d6,
0x38c6,
0xd7bd,
0x17c6,
0x75b5,
0x95b5,
0xd6bd,
0x17c6,
0x78d6,
0xdade,
0x3ce7,
0x5def,
0xbef7,
0xdeff,
0x9ef7,
0xfbde,
0xbade,
0x1be7,
0x9df7,
0x9df7,
0xbeff,
0x1ce7,
0xd6bd,
0x17c6,
0x38c6,
0x18c6,
0xd39c,
0x14a5,
0x3284,
0xd57b,
0xb773,
0x3863,
0xf95a,
0xf95a,
0x9a52,
0xdb52,
0x7a6b,
0x9973,
0x9973,
0x9973,
0x9973,
0x9973,
0x9973,
0x9973,
0x9973,
0x9973,
0x9973,
0x9973,
0x9973,
0x9973,
0x9973,
0x9973,
0x9973,
0x9973,
0x9973,
0x9973,
0x9973,
0x9973,
0x9973,
0x9973,
0x9973,
0x9973,
0x9973,
0x9973,
0x9973,
0x9973,
0x9973,
0x9973,
0x9973,
0x9973,
0x9973,
0x9973,
0x9973,
0x9973,
0x9973,
0x9973,
0x9973,
0x9973,
0x9973,
0x9973,
0x9973,
0x9973,
0x9973,
0x9973,
0x9973,
0x9973,
0x9973,
0x9973,
0x9973,
0x9973,
0x9973,
0x9973,
0x9973,
0x9973,
0x9973,
0x9973,
0xb973,
0x9973,
0x9973,
0x9973,
0x9973,
0x9973,
0x9973,
0x9973,
0x9973,
0x9973,
0x9973,
0x9973,
0x9973,
0x9973,
0x9973,
0x9973,
0x9973,
0x9973,
0x9973,
0x9973,
0x9973,
0x3a63,
0x9a52,
0x9a52,
0x9a52,
0x9a52,
0x9a52,
0x9a52,
0x3a63,
0x9973,
0x9973,
0x9973,
0x9973,
0x9973,
0x9973,
0xb973,
0xb973,
0xb973,
0x9973,
0x9973,
0x9973,
0x9973,
0xb973,
0x7a6b,
0x3a63,
0xd97b,
0xd69c,
0x728c,
0x76ad,
0x99d6,
0x17c6,
0x75ad,
0x96b5,
0x96b5,
0x75b5,
0x17c6,
0x78d6,
0x58ce,
0xf7c5,
0xb6bd,
0x3284,
0x9a52,
0xd97b,
0x9973,
0x9973,
0x9973,
0x9973,
0x9973,
0x9973,
0x9973,
0x9973,
0x9973,
0x9973,
0x9973,
0x9973,
0x9973,
0x9973,
0x9973,
0x9973,
0x9973,
0x9973,
0x9973,
0x9973,
0x9973,
0x9973,
0x9973,
0x9973,
0x9973,
0x9973,
0x9973,
0x9973,
0x9973,
0x9973,
0x9973,
0x9973,
0x9973,
0x9973,
0xb973,
0xb973,
0x9973,
0x9a6b,
0x5a63,
0xfb5a,
0x9b52,
0xf95a,
0x758c,
0x5384,
0x7294,
0x9394,
0x15a5,
0x34ad,
0x54ad,
0x54ad,
0xf6c5,
0x17ce,
0x78d6,
0xf7c5,
0x17c6,
0x17ce,
0x17c6,
0xf7c5,
0x17c6,
0xf7c5,
0x58ce,
0x79d6,
0x17c6,
0x55a5,
0x35a5,
0x76ad,
0xd7b5,
0xd7b5,
0xf7bd,
0x17c6,
0x34a5,
0xd394,
0x34a5,
0xb29c,
0x13a5,
0xf2a4,
0xb29c,
0xf3a4,
0x74b5,
0xb5b5,
0x17c6,
0xb5bd,
0xb6bd,
0x38ce,
0x58ce,
0xf7bd,
0x79ce,
0x99d6,
0x59c6,
0xdbde,
0x9ad6,
0x9ace,
0x9ace,
0x9ad6,
0xdade,
0xdade,
0xfae6,
0xfbe6,
0xfae6,
0xfae6,
0xfae6,
0xfae6,
0xfae6,
0xfaee,
0x1aef,
0x5bf7,
0x1aef,
0xfae6,
0xd9e6,
0x98de,
0x57d6,
0xf6c5,
0x95b5,
0x13a5,
0xef7b,
0x2c63,
0x718c,
0xb294,
0xad7b,
0x928c,
0x99d6,
0x99d6,
0x99d6,
0xb9de,
0x37ce,
0x17ce,
0x78d6,
0x78de,
0x98de,
0xb8de,
0xb9e6,
0x98de,
0x78d6,
0x58d6,
0x58ce,
0x37ce,
0x17c6,
0xf7c5,
0xf7c5,
0xf7c5,
0xd7bd,
0xf7bd,
0x18c6,
0x59c6,
0x59ce,
0x7ace,
0xbbce,
0xbbce,
0xbbd6,
0xdbd6,
0x7ace,
0xf8bd,
0xb7b5,
0xb7ad,
0xd7b5,
0xf7bd,
0xf8b5,
0xf8b5,
0xf8b5,
0x18be,
0x59c6,
0x9ad6,
0xdade,
0xfbe6,
0x3bef,
0x5cf7,
0x7cf7,
0x9cf7,
0x7cf7,
0x5bf7,
0xfae6,
0x78d6,
0x37ce,
0xf7c5,
0xd6bd,
0xd6bd,
0xf6c5,
0x17c6,
0x38ce,
0x99d6,
0xdade,
0x1be7,
0x3cef,
0x3ce7,
0x5cef,
0xdbde,
0x79ce,
0x9ad6,
0x79ce,
0x38c6,
0x79ce,
0xbade,
0xdade,
0x99d6,
0x79ce,
0x79d6,
0xdade,
0x99d6,
0xfbe6,
0xbad6,
0x55a5,
0x1184,
0x528c,
0xf183,
0xf183,
0x528c,
0x538c,
0xb673,
0x586b,
0xb973,
0x9973,
0x9973,
0x9973,
0x9973,
0x9973,
0x9973,
0x9973,
0x9973,
0x9973,
0x9973,
0x9973,
0x9973,
0x9973,
0x9973,
0x9973,
0x9973,
0x9973,
0x9973,
0x9973,
0x9973,
0x9973,
0x9973,
0x9973,
0x9973,
0x9973,
0x9973,
0x9973,
0x9973,
0x9973,
0x9973,
0x9973,
0x9973,
0x9973,
0x9973,
0x9973,
0x9973,
0x9973,
0x9973,
0x9973,
0x9973,
0x9973,
0x9973,
0x9973,
0x9973,
0x9973,
0x9973,
0x9973,
0x9973,
0x9973,
0x9973,
0xb973,
0xb973,
0xb973,
0xb973,
0xb973,
0xb973,
0x5a6b,
0x3a63,
0x9973,
0x9973,
0x9973,
0x9973,
0x9973,
0x9973,
0xb973,
0xb973,
0xb973,
0xb973,
0xb973,
0xb973,
0xb973,
0xb973,
0x9973,
0x9973,
0xb973,
0x9973,
0x9973,
0x9973,
0x5584,
0x3284,
0x738c,
0x738c,
0xb494,
0x738c,
0xd49c,
0x1584,
0x3863,
0x586b,
0xf95a,
0x3863,
0x586b,
0xf95a,
0xba52,
0x9a52,
0x9b52,
0x796b,
0x7a6b,
0x9973,
0x796b,
0x9b52,
0xd77b,
0x1684,
0x776b,
0xd57b,
0xb173,
0xd07b,
0xb6bd,
0x38ce,
0x17c6,
0xf7c5,
0xb6b5,
0x75b5,
0x17ce,
0x17ce,
0x37ce,
0xd6bd,
0x75b5,
0xf4a4,
0x568c,
0x5a6b,
0xb973,
0x9973,
0x9973,
0x9973,
0x9973,
0x9973,
0x9973,
0x9973,
0x9973,
0x9973,
0x9973,
0x9973,
0x9973,
0x9973,
0x9973,
0x9973,
0x9973,
0x9973,
0x9973,
0x9973,
0x9973,
0x9973,
0x9973,
0x9973,
0x9973,
0x9973,
0x9973,
0x9973,
0x9973,
0x9973,
0xb973,
0xb97b,
0xb973,
0xb973,
0xfb5a,
0xda5a,
0x1863,
0x7773,
0x368c,
0x9594,
0x1284,
0x7294,
0x359d,
0xbad6,
0xf9e6,
0x99d6,
0x3bef,
0x5bef,
0xfae6,
0x99de,
0x99de,
0x37ce,
0xd7b5,
0x18c6,
0x99d6,
0x99d6,
0xbade,
0xb9d6,
0x99d6,
0x58ce,
0x38ce,
0xf7c5,
0x17c6,
0xb6bd,
0x96b5,
0xd7b5,
0xb7b5,
0xb7b5,
0xf7c5,
0xd6bd,
0x75ad,
0x34ad,
0x75b5,
0xf39c,
0xf3a4,
0xb29c,
0x518c,
0x928c,
0x34a5,
0xf7c5,
0xf6c5,
0xd6bd,
0xb6bd,
0xd6bd,
0x95b5,
0x6f6b,
0xf494,
0x7ace,
0x9ace,
0x79ce,
0x79ce,
0x59c6,
0x79ce,
0x79ce,
0x9ad6,
0x99d6,
0x79d6,
0x79d6,
0x79d6,
0x99de,
0xb9de,
0xb9e6,
0xb8de,
0x98de,
0x78d6,
0x37ce,
0x16c6,
0xd6bd,
0xd6bd,
0xd6c5,
0xd6c5,
0x95bd,
0x54ad,
0x918c,
0x2c63,
0xca62,
0x8d73,
0xae73,
0x107c,
0xf7bd,
0x38c6,
0x17c6,
0x17c6,
0xf7c5,
0x78d6,
0x58ce,
0x98de,
0xd9e6,
0xfae6,
0xfae6,
0xfae6,
0xb9de,
0x99d6,
0x78d6,
0x58ce,
0x38ce,
0x17c6,
0xf7bd,
0xf7bd,
0xd6bd,
0xd6bd,
0xd6bd,
0xd7bd,
0xf7bd,
0x18be,
0x59c6,
0x9ace,
0xdbd6,
0xbbd6,
0x7ace,
0x59c6,
0x18be,
0xf8bd,
0x18be,
0x18c6,
0x38c6,
0x39c6,
0x59c6,
0x99d6,
0xdae6,
0x1be7,
0x1bef,
0x3bef,
0x5bef,
0x5bef,
0x3bef,
0x1bef,
0x1bef,
0x1ae7,
0xfae6,
0xd9e6,
0x78d6,
0x37ce,
0x17ce,
0xd6c5,
0xf6c5,
0xf6c5,
0xd6bd,
0x17c6,
0x58ce,
0x38ce,
0x18c6,
0x59ce,
0x79ce,
0x38c6,
0x18c6,
0x38c6,
0x38c6,
0x38c6,
0xf7bd,
0xf7bd,
0xd6bd,
0xf7bd,
0x17c6,
0x58ce,
0x58ce,
0x58ce,
0x99d6,
0x1be7,
0xbad6,
0x39c6,
0x14a5,
0x13a5,
0xd6c5,
0xd6bd,
0xd6bd,
0x55ad,
0x7294,
0x738c,
0xf77b,
0x7a6b,
0x9973,
0x9973,
0x9973,
0x9973,
0x9973,
0x9973,
0x9973,
0x9973,
0x9973,
0x9973,
0x9973,
0x9973,
0x9973,
0x9973,
0x9973,
0x9973,
0x9973,
0x9973,
0x9973,
0x9973,
0x9973,
0x9973,
0x9973,
0x9973,
0x9973,
0x9973,
0x9973,
0x9973,
0x9973,
0x9973,
0x9973,
0x9973,
0x9973,
0x9973,
0x9973,
0x9973,
0x9973,
0x9973,
0xb973,
0xb973,
0xb973,
0xb973,
0xb973,
0xb973,
0xb973,
0xb973,
0xb973,
0x9973,
0x5a6b,
0x3a63,
0xfb5a,
0xdb5a,
0x9b52,
0x9b52,
0x9b52,
0x3684,
0x7694,
0x3863,
0xf95a,
0x3863,
0x1863,
0x1863,
0xf95a,
0xba52,
0x9a52,
0xba52,
0xba52,
0x9a52,
0xbb52,
0xdb5a,
0xdb5a,
0x9973,
0x7a6b,
0xfb5a,
0x3a63,
0x5884,
0x786b,
0xd49c,
0x99d6,
0xfbde,
0xfbde,
0x1be7,
0x1be7,
0x3cef,
0x59ce,
0xf8bd,
0x18c6,
0xd7bd,
0x96b5,
0x96b5,
0x35a5,
0xd49c,
0x728c,
0x538c,
0xb673,
0xf77b,
0xf95a,
0xd67b,
0x3384,
0x538c,
0x96b5,
0xd8bd,
0x9394,
0xf17b,
0x0f63,
0xf49c,
0x79ce,
0x17c6,
0xd6bd,
0x37c6,
0x99d6,
0xb9de,
0x1bef,
0xf6c5,
0x34a5,
0x14a5,
0x75ad,
0xd69c,
0x3a63,
0xb973,
0x9973,
0x9973,
0x9973,
0x9973,
0x9973,
0x9973,
0x9973,
0x9973,
0x9973,
0x9973,
0x9973,
0x9973,
0x9973,
0x9973,
0x9973,
0x9973,
0x9973,
0x9973,
0x9973,
0x9973,
0x9973,
0x9973,
0x9973,
0x9973,
0x9973,
0x9973,
0x9973,
0xb973,
0xb973,
0xbb52,
0x9a52,
0x9a52,
0x9a52,
0x9594,
0xd3a4,
0x54b5,
0xb5bd,
0x58ce,
0x37ce,
0x78d6,
0x99d6,
0x18c6,
0x78d6,
0xb9de,
0xdae6,
0xdade,
0xdade,
0x78d6,
0x58d6,
0x78d6,
0xbade,
0xbade,
0x99d6,
0x99d6,
0x79ce,
0x59ce,
0x38c6,
0x38c6,
0xf6c5,
0x17c6,
0x17c6,
0xf7bd,
0x18c6,
0x79ce,
0x58ce,
0x78d6,
0x79d6,
0x78ce,
0x58ce,
0x17c6,
0xf6bd,
0x95b5,
0x34a5,
0x14a5,
0xf39c,
0x95bd,
0x94bd,
0xb5bd,
0x17c6,
0xd6bd,
0x95b5,
0xd6bd,
0xf7c5,
0xd6bd,
0xf49c,
0xd7b5,
0x79c6,
0x59c6,
0x39c6,
0x39c6,
0x39c6,
0x38c6,
0x38c6,
0x38c6,
0x38c6,
0x58ce,
0x58ce,
0x78ce,
0x58ce,
0x58d6,
0x37ce,
0x37ce,
0x17ce,
0xb5bd,
0x95b5,
0x75b5,
0x33a5,
0xf39c,
0xb29c,
0x5184,
0xef7b,
0x8f6b,
0x8a4a,
0xa639,
0x2d6b,
0x9294,
0xf49c,
0xd7b5,
0xf7bd,
0xf7bd,
0xb7b5,
0xf7bd,
0x79d6,
0x99d6,
0xdade,
0xdae6,
0xbade,
0xfae6,
0xdae6,
0xb9de,
0x99d6,
0x79d6,
0x78ce,
0x58ce,
0x38ce,
0x17c6,
0x17c6,
0xf6c5,
0xd6bd,
0xd6bd,
0xb6b5,
0xb6b5,
0x96b5,
0xb6b5,
0xf7bd,
0x18be,
0x18c6,
0xf7bd,
0xf8bd,
0xf8bd,
0xd7b5,
0xd7b5,
0x18be,
0x38c6,
0x99d6,
0xdade,
0xfae6,
0x1bef,
0x3bef,
0x3bef,
0x3bef,
0x3bef,
0x3bef,
0x3bef,
0x1aef,
0xfae6,
0xd9e6,
0xb9de,
0xb9de,
0x98d6,
0xf6c5,
0xd6bd,
0x95b5,
0x95b5,
0x95b5,
0xb6b5,
0xd6bd,
0xd7bd,
0xb6b5,
0xb6b5,
0x38c6,
0x58c6,
0x18c6,
0xf7bd,
0xf7bd,
0x18c6,
0x18c6,
0x18c6,
0xf7bd,
0xd6bd,
0xb6bd,
0xf7bd,
0x17c6,
0x38c6,
0x58ce,
0x79d6,
0x99d6,
0xb9de,
0xbade,
0x38c6,
0xf7bd,
0xd6bd,
0xb6bd,
0xd6bd,
0x35a5,
0x76ad,
0x9294,
0x9594,
0x3a63,
0xb973,
0x9973,
0x9973,
0x9973,
0x9973,
0x9973,
0x9973,
0x9973,
0x9973,
0x9973,
0x9973,
0x9973,
0x9973,
0x9973,
0x9973,
0x9973,
0x9973,
0x9973,
0x9973,
0x9973,
0x9973,
0x9973,
0x9973,
0x9973,
0x9973,
0x9973,
0x9973,
0x9973,
0x9973,
0x9973,
0x9973,
0x9973,
0x9973,
0x9973,
0x9973,
0xb973,
0xb973,
0x9973,
0x7a6b,
0x1b63,
0xdb5a,
0x9b52,
0x9a52,
0x9b52,
0x9a52,
0x9a52,
0xba52,
0x9a52,
0x9773,
0x1684,
0x568c,
0xb694,
0xb594,
0x538c,
0x538c,
0x338c,
0xb6b5,
0x38ce,
0xd7bd,
0x55ad,
0xd39c,
0x96b5,
0x56ad,
0x14a5,
0x9394,
0x528c,
0x738c,
0xf17b,
0xb494,
0x748c,
0xb694,
0xd69c,
0x776b,
0xd77b,
0xd69c,
0xf67b,
0xf95a,
0x7a4a,
0x746b,
0x3284,
0x35a5,
0xb6b5,
0xf6c5,
0xb9de,
0x1aef,
0xb9de,
0x99d6,
0xdade,
0x37ce,
0x37ce,
0xdade,
0x1bef,
0x1be7,
0xfae6,
0xb9de,
0x95b5,
0x34ad,
0x9394,
0x318c,
0xf6c5,
0x95b5,
0x75b5,
0xf7c5,
0xb5b5,
0xf6c5,
0x17c6,
0x17c6,
0xf6c5,
0xf7c5,
0xd6c5,
0x17ce,
0x58d6,
0x37ce,
0x37ce,
0x95b5,
0x34a5,
0x55ad,
0x1284,
0x7a4a,
0x3a6b,
0x9973,
0x9973,
0xb973,
0xb973,
0x9973,
0x9973,
0x9973,
0x9973,
0x9973,
0x9973,
0x9973,
0x9973,
0x9973,
0x9973,
0x9973,
0x9973,
0x9973,
0x9973,
0x9973,
0x9973,
0x9973,
0x9973,
0x9973,
0x9973,
0x9973,
0x9973,
0xb973,
0xb973,
0x5a63,
0xda5a,
0x538c,
0x318c,
0xb07b,
0x1184,
0xd6c5,
0x98de,
0x78d6,
0x58ce,
0xb6b5,
0x96b5,
0x37ce,
0x79d6,
0x99d6,
0x78d6,
0x79d6,
0x99d6,
0x99d6,
0x78d6,
0x58ce,
0x78ce,
0x37ce,
0x16c6,
0x16c6,
0x37ce,
0x38ce,
0x38ce,
0x17c6,
0x17c6,
0x38c6,
0x58ce,
0x38ce,
0x38ce,
0x78ce,
0x58ce,
0x78d6,
0x99d6,
0x78d6,
0xdae6,
0xdae6,
0xb9de,
0x99de,
0x99de,
0x99de,
0x98de,
0x58d6,
0x57d6,
0x77de,
0x57de,
0x57d6,
0x37ce,
0x37ce,
0x17ce,
0x17c6,
0x17c6,
0x17c6,
0x18c6,
0x38c6,
0x59ce,
0x7ace,
0x79ce,
0x79ce,
0x79ce,
0x79ce,
0x59ce,
0x38ce,
0x38ce,
0x38c6,
0x38ce,
0x38ce,
0x37ce,
0x17c6,
0x17c6,
0xf7c5,
0xd6bd,
0xb6b5,
0xd6bd,
0x95b5,
0x54ad,
0xf3a4,
0xb29c,
0x518c,
0x3084,
0xcf73,
0xaf73,
0xaf73,
0x928c,
0x96ad,
0xb6b5,
0xb6b5,
0x95b5,
0x95b5,
0xb6b5,
0x96ad,
0xf7bd,
0x58ce,
0x99d6,
0xb9d6,
0x99d6,
0xbade,
0xb9de,
0x79d6,
0x78d6,
0x58ce,
0x38ce,
0x38ce,
0x17c6,
0x17c6,
0xf7bd,
0xb6bd,
0x95bd,
0x95b5,
0x95b5,
0x75b5,
0x75ad,
0x75ad,
0x75ad,
0x55ad,
0x55ad,
0x75ad,
0x96b5,
0xd6bd,
0xf7c5,
0x17c6,
0x58ce,
0x99de,
0xfae6,
0x3bef,
0x5cf7,
0x5cf7,
0x7cf7,
0x7cf7,
0x5cf7,
0x7cf7,
0x5cf7,
0x1bef,
0xdae6,
0x99de,
0x78d6,
0x37ce,
0x37ce,
0xf6c5,
0xb5bd,
0x95bd,
0x54ad,
0x95b5,
0x95b5,
0x95b5,
0xf7c5,
0x38ce,
0x17c6,
0x38ce,
0x79ce,
0x59ce,
0x38ce,
0x38ce,
0x38ce,
0x38ce,
0x58ce,
0x58ce,
0x38ce,
0x58ce,
0x58ce,
0x79ce,
0x99d6,
0x99d6,
0x99d6,
0x79d6,
0x79d6,
0x79d6,
0xb9de,
0x17c6,
0x308c,
0xf39c,
0x15a5,
0x1284,
0x9594,
0x9694,
0xf77b,
0x5a6b,
0x9973,
0x9973,
0x9973,
0x9973,
0x9973,
0x9973,
0x9973,
0x9973,
0x9973,
0x9973,
0x9973,
0x9973,
0x9973,
0x9973,
0x9973,
0x9973,
0x9973,
0x9973,
0x9973,
0x9973,
0x9973,
0x9973,
0x9973,
0x9973,
0x9973,
0x9973,
0x9973,
0x9973,
0x9973,
0xb973,
0xb973,
0xb973,
0xb973,
0xb973,
0xb973,
0x796b,
0xbb52,
0x9a52,
0x1863,
0xf67b,
0x9694,
0xb594,
0x538c,
0x3284,
0x1284,
0x1284,
0xb394,
0xb49c,
0xf49c,
0x34a5,
0x18c6,
0xf7bd,
0x17c6,
0x79ce,
0x58ce,
0x18c6,
0x58ce,
0x79ce,
0x79ce,
0x58ce,
0x17c6,
0xf7c5,
0x17c6,
0xf7bd,
0x95b5,
0xf7bd,
0x9ad6,
0x59c6,
0x38c6,
0x59c6,
0xf8bd,
0xb6b5,
0x18c6,
0x35a5,
0x35a5,
0x59c6,
0xd7b5,
0xb494,
0x1284,
0xf17b,
0x5284,
0xd394,
0xb394,
0x149d,
0xd6bd,
0x17c6,
0xd6bd,
0xd6bd,
0xf6c5,
0xd6bd,
0x54a5,
0xd7bd,
0xb9de,
0xbade,
0xb9de,
0x58ce,
0x37ce,
0x37ce,
0x37ce,
0xd6bd,
0xb6bd,
0xd6bd,
0x74b5,
0x34ad,
0x74b5,
0xf2a4,
0x54ad,
0xd6bd,
0xd6bd,
0xf6bd,
0x17c6,
0x58ce,
0x58ce,
0x17c6,
0xd6bd,
0x55ad,
0xb6b5,
0xd7bd,
0x3284,
0x538c,
0x558c,
0x776b,
0x3863,
0xd95a,
0xbb52,
0x5a6b,
0x9973,
0x9973,
0x9973,
0xb973,
0x9973,
0x9973,
0x9973,
0x9973,
0x9973,
0x9973,
0xb973,
0xb973,
0x9973,
0x9973,
0x9973,
0x9973,
0x9973,
0xb973,
0xb973,
0x9973,
0x7a73,
0x3a6b,
0xdb5a,
0x3684,
0x748c,
0xf7c5,
0xfae6,
0x58ce,
0x37ce,
0xd6c5,
0x95b5,
0x38c6,
0x59ce,
0x17c6,
0x38c6,
0x58ce,
0x79ce,
0x38c6,
0x38c6,
0x17c6,
0x38c6,
0x38c6,
0x17c6,
0x17c6,
0xf6c5,
0xd6bd,
0xd6bd,
0xf6c5,
0x17ce,
0x37ce,
0x37ce,
0x37ce,
0x58ce,
0x79d6,
0x78d6,
0x58ce,
0x58ce,
0x58ce,
0x17c6,
0xf7c5,
0x58ce,
0x78d6,
0x99d6,
0x99de,
0x99de,
0x98d6,
0x98de,
0x98de,
0x98de,
0x78d6,
0x98de,
0x98de,
0x77d6,
0x57d6,
0x37d6,
0x37ce,
0x37ce,
0x17c6,
0xf7c5,
0xf7bd,
0xd7bd,
0xd7bd,
0xd7bd,
0x39c6,
0x99ce,
0x9ace,
0x79ce,
0x59ce,
0x38c6,
0x18c6,
0x17c6,
0xf7bd,
0xd6bd,
0xf7c5,
0xb6bd,
0x95b5,
0x34a5,
0xb29c,
0xb294,
0xb294,
0xb294,
0xd29c,
0x13a5,
0xf3a4,
0xf3a4,
0x34ad,
0x13a5,
0xf39c,
0x54ad,
0x95b5,
0x96b5,
0x75ad,
0x75ad,
0x75ad,
0x95b5,
0x75ad,
0x75ad,
0x75ad,
0xb6b5,
0x17c6,
0x58ce,
0x79d6,
0x99d6,
0x78ce,
0x17c6,
0x17c6,
0x17c6,
0x17c6,
0x17c6,
0xf7c5,
0xf6bd,
0xd6bd,
0xd6bd,
0xb5bd,
0x95b5,
0x74b5,
0x54ad,
0x54ad,
0x54ad,
0x34ad,
0x34ad,
0x54ad,
0x75ad,
0xb6bd,
0x17ce,
0x78d6,
0x98de,
0xb9de,
0xd9e6,
0xfae6,
0x1bef,
0x3bef,
0x5bef,
0x7cf7,
0x9cf7,
0x7cf7,
0x7cf7,
0x5cef,
0x1be7,
0xb9de,
0x98d6,
0x58d6,
0x17ce,
0xd6bd,
0xb5bd,
0xb5bd,
0xb6bd,
0xb5bd,
0xb6bd,
0xd6bd,
0xd6bd,
0xb6bd,
0x38c6,
0x58ce,
0x78ce,
0x58ce,
0x58ce,
0x58ce,
0x58ce,
0x58ce,
0x38ce,
0x58ce,
0x38ce,
0x38ce,
0x38c6,
0x38c6,
0x38c6,
0x38c6,
0x18c6,
0xf7bd,
0x18be,
0x18c6,
0xd7bd,
0xb6b5,
0xb7b5,
0xd7b5,
0x9294,
0x328c,
0x9594,
0x586b,
0x1a63,
0x7a6b,
0x9973,
0xd97b,
0xb973,
0xb973,
0xb973,
0xb973,
0xb973,
0xb973,
0xb973,
0x9973,
0x9973,
0x9973,
0x9973,
0xb973,
0xb973,
0xb973,
0xb973,
0xb973,
0xb973,
0xb973,
0xb973,
0xb973,
0xb973,
0xb973,
0xb973,
0xb973,
0x9973,
0x7a6b,
0x5a6b,
0x3a63,
0x3a63,
0xba52,
0xd95a,
0xf95a,
0xd95a,
0xb952,
0x9a52,
0x9773,
0x748c,
0x738c,
0x34a5,
0x17c6,
0x38ce,
0x9ad6,
0x7def,
0xdade,
0x38c6,
0xfbde,
0xfbe6,
0xbade,
0xb9de,
0xb5bd,
0xf6c5,
0x99de,
0x78d6,
0x99de,
0x58ce,
0x58ce,
0x99d6,
0x38ce,
0xd7b5,
0x96b5,
0xb6b5,
0xb6b5,
0x95ad,
0x96b5,
0x95ad,
0x34a5,
0xb7b5,
0x76ad,
0xd7b5,
0x17c6,
0xb6bd,
0x95b5,
0x79ce,
0xbad6,
0x58ce,
0xf7bd,
0x18c6,
0x38c6,
0x58ce,
0x17c6,
0xd6bd,
0xb5bd,
0xb6bd,
0xf7c5,
0xd6bd,
0x34ad,
0x54ad,
0x95b5,
0xb6b5,
0x17c6,
0x38ce,
0x38ce,
0x58ce,
0x58ce,
0x78d6,
0x38ce,
0x38c6,
0x17c6,
0xf7bd,
0x96b5,
0x95b5,
0xf7bd,
0xd7bd,
0x95b5,
0x95b5,
0x75ad,
0x55ad,
0x75ad,
0xb6b5,
0xd6bd,
0x75ad,
0x34a5,
0x75ad,
0x96b5,
0x95b5,
0x95b5,
0xd6bd,
0xb6b5,
0x17c6,
0x17c6,
0xd6bd,
0x55ad,
0xb39c,
0x528c,
0x748c,
0x3684,
0x9773,
0x776b,
0x3863,
0xdb5a,
0x5a6b,
0x7a6b,
0x796b,
0x9973,
0x796b,
0x5a6b,
0xfb62,
0x1b63,
0x5a6b,
0x5a6b,
0x7a6b,
0x9973,
0x7a6b,
0xfb5a,
0xf95a,
0xf95a,
0xb76b,
0x7684,
0x958c,
0x738c,
0x149d,
0x149d,
0xd494,
0x34a5,
0x76ad,
0xb6b5,
0xb6b5,
0xd7bd,
0x18be,
0x38be,
0x38be,
0x38be,
0xf7bd,
0xb6bd,
0xb6b5,
0xb6b5,
0x96b5,
0xf7c5,
0x58ce,
0x38ce,
0x58ce,
0x58ce,
0x37ce,
0xf7c5,
0xd6bd,
0xd6bd,
0xf6c5,
0x17c6,
0x17c6,
0x38ce,
0x37ce,
0x37c6,
0x38ce,
0x38ce,
0x17c6,
0xf7c5,
0x17c6,
0x78ce,
0x79d6,
0x78ce,
0x58ce,
0x38ce,
0x58ce,
0x99de,
0x79d6,
0x78d6,
0x78d6,
0x58d6,
0x58d6,
0x78d6,
0x78d6,
0x58ce,
0x38ce,
0x38ce,
0x17c6,
0xf7bd,
0xb6b5,
0x75b5,
0x75ad,
0x95b5,
0xb6bd,
0xd7bd,
0xd6bd,
0xd7bd,
0xf7bd,
0x38c6,
0x59ce,
0x59ce,
0x18c6,
0xf7c5,
0xd7bd,
0x95b5,
0x75ad,
0x13a5,
0xd29c,
0xf39c,
0xf39c,
0x13a5,
0x33ad,
0x13a5,
0x75b5,
0x95b5,
0x95b5,
0x75ad,
0x75ad,
0x54ad,
0x149d,
0x34a5,
0x34a5,
0x75ad,
0x54ad,
0x75ad,
0x95ad,
0x96ad,
0xb6b5,
0xd7bd,
0xf7bd,
0xd7bd,
0xf7bd,
0xd6bd,
0x95b5,
0xb6bd,
0xb6bd,
0xd6bd,
0xb6bd,
0xb6b5,
0xb6b5,
0x75ad,
0x34a5,
0x54ad,
0x34ad,
0x13a5,
0x13a5,
0x13a5,
0x13a5,
0x54ad,
0x75ad,
0x75b5,
0x95b5,
0xd6bd,
0xd6c5,
0x16c6,
0x17c6,
0x17ce,
0x58d6,
0x78d6,
0x78d6,
0x99d6,
0xb9de,
0xb9de,
0xdade,
0xb9de,
0x98d6,
0x58d6,
0x57ce,
0x37ce,
0x37ce,
0x17ce,
0x17c6,
0x17c6,
0xf7c5,
0xf7c5,
0xf7c5,
0x17c6,
0xf7bd,
0xf7c5,
0x38ce,
0x38ce,
0x17c6,
0xf7c5,
0xf7c5,
0xf7bd,
0xf7bd,
0xf7bd,
0xf7bd,
0xf7c5,
0xf7bd,
0xf7bd,
0xf7c5,
0xf7c5,
0xf7bd,
0xf7bd,
0xd7bd,
0xb6b5,
0x96b5,
0x75ad,
0x55a5,
0x55a5,
0x96b5,
0x55ad,
0x14a5,
0x149d,
0x35a5,
0x1584,
0xb873,
0xd87b,
0x1963,
0x9a52,
0x9a52,
0x9a52,
0x9a52,
0x9a52,
0x9a52,
0x9a52,
0x9b52,
0xbb52,
0x3a63,
0x9973,
0x9973,
0x3863,
0xf95a,
0xba52,
0xd952,
0xb952,
0xba52,
0x9a52,
0x9a52,
0x9a52,
0x9a52,
0x9a52,
0x9a52,
0x9a52,
0x9a52,
0xb952,
0x1863,
0x9773,
0x1684,
0x1684,
0x758c,
0x76ad,
0x76ad,
0xf49c,
0x528c,
0x3284,
0xb494,
0x55ad,
0x17c6,
0xbad6,
0xbade,
0xdade,
0xfbde,
0x1ce7,
0x3cef,
0x3ce7,
0x9ad6,
0x17c6,
0x17c6,
0x18be,
0x18c6,
0x58ce,
0x58ce,
0x99d6,
0x99d6,
0x79ce,
0x58ce,
0x18c6,
0xb6b5,
0x149d,
0x149d,
0x76ad,
0x55a5,
0x75ad,
0x96ad,
0x35a5,
0x96ad,
0x55ad,
0x54ad,
0x95b5,
0xb6bd,
0xb6bd,
0x74b5,
0xb5bd,
0xd5bd,
0xb5bd,
0xb5bd,
0xd5c5,
0xd5c5,
0xb5bd,
0x95b5,
0x74b5,
0x13a5,
0x13a5,
0x75b5,
0xd6bd,
0xf6c5,
0x17c6,
0xd6bd,
0xb6bd,
0xb5bd,
0x95bd,
0x74b5,
0x74b5,
0x54b5,
0x74b5,
0x54ad,
0x96b5,
0x75ad,
0xf39c,
0x96b5,
0xf39c,
0x54ad,
0xd7bd,
0x17be,
0xb7b5,
0x55a5,
0x34a5,
0x55a5,
0x14a5,
0xf39c,
0xd394,
0x718c,
0x718c,
0xb294,
0x13a5,
0x13a5,
0x34ad,
0x13a5,
0xf3a4,
0xd29c,
0xb294,
0x718c,
0x5184,
0x317c,
0x1074,
0x1074,
0xd06b,
0x317c,
0x117c,
0x117c,
0x748c,
0x3684,
0xd773,
0xb773,
0x776b,
0xd77b,
0x3684,
0xd694,
0xb694,
0x5684,
0x3684,
0xf77b,
0x786b,
0x1774,
0x948c,
0x117c,
0xf173,
0x928c,
0x149d,
0x34a5,
0x349d,
0xd394,
0xb394,
0x928c,
0xd394,
0xf49c,
0xf49c,
0x34a5,
0x34a5,
0x35a5,
0x35a5,
0x55ad,
0x75ad,
0xb6b5,
0xf7bd,
0x58ce,
0x58ce,
0x38c6,
0x58ce,
0x17c6,
0xd6bd,
0xf7c5,
0xf7c5,
0x17c6,
0x79d6,
0x99d6,
0x79ce,
0x17c6,
0xf6c5,
0xf6c5,
0x17c6,
0x37ce,
0x38ce,
0x58ce,
0x58ce,
0x38ce,
0x38ce,
0x58ce,
0x78ce,
0x79d6,
0x79d6,
0x79ce,
0x79ce,
0x78ce,
0x79ce,
0x99d6,
0x9ad6,
0x78d6,
0x37ce,
0x38ce,
0x79d6,
0x79d6,
0x79d6,
0x78d6,
0x37ce,
0x37ce,
0x37ce,
0x37ce,
0x17ce,
0xf6c5,
0x17c6,
0xd6bd,
0xd6bd,
0xd6bd,
0xf7c5,
0xf7bd,
0xf6bd,
0xb6bd,
0xb6bd,
0xf7bd,
0xf6bd,
0x17c6,
0x38ce,
0x59ce,
0x58ce,
0x58ce,
0x58ce,
0x17c6,
0x38c6,
0x38ce,
0x58ce,
0x38ce,
0x17c6,
0xf7c5,
0xd6bd,
0xd6bd,
0xb6bd,
0x95b5,
0x75ad,
0x75ad,
0x75ad,
0x34a5,
0x75ad,
0x95b5,
0x75ad,
0x75ad,
0x75ad,
0x55ad,
0x54ad,
0x75ad,
0x75b5,
0x95b5,
0x95b5,
0x75b5,
0x54ad,
0x54ad,
0x54ad,
0x34ad,
0x13a5,
0x13a5,
0x13a5,
0xf3a4,
0x34a5,
0x54ad,
0x74ad,
0x74ad,
0x95b5,
0x95b5,
0x95b5,
0xb5bd,
0x95bd,
0x95b5,
0x75ad,
0x96b5,
0xf6c5,
0x17c6,
0x17ce,
0x17c6,
0xf7c5,
0x38ce,
0x38ce,
0x17c6,
0x17c6,
0xf6c5,
0xd6bd,
0xb5bd,
0xb5bd,
0x95b5,
0x74b5,
0x95b5,
0xb5bd,
0xb6b5,
0xb6bd,
0xb6bd,
0xb6bd,
0xb6b5,
0xb6b5,
0xd6bd,
0xd6bd,
0xb6b5,
0xb6b5,
0xb6b5,
0xb6b5,
0xb6b5,
0xb6b5,
0x96b5,
0xb6b5,
0xb6b5,
0xb6bd,
0xd6bd,
0xf7bd,
0xf7bd,
0xf7bd,
0xb6b5,
0x95b5,
0x95b5,
0x96b5,
0x95b5,
0xb6b5,
0x17c6,
0x17c6,
0x55ad,
0x6f6b,
0xb073,
0x1284,
0x5763,
0xd852,
0x1284,
0x738c,
0xf17b,
0xd17b,
0x528c,
0x328c,
0x1284,
0xd17b,
0x1284,
0x7494,
0x558c,
0x776b,
0x586b,
0x55ad,
0x14a5,
0xd39c,
0xf4a4,
0xd39c,
0xb39c,
0xd49c,
0x9394,
0x738c,
0x528c,
0x5284,
0x3284,
0x528c,
0x127c,
0xb494,
0x96b5,
0x96ad,
0x18be,
0xf7bd,
0x38c6,
0x18c6,
0xb6b5,
0xf7bd,
0xf7bd,
0x38c6,
0xbad6,
0xb6b5,
0xf7bd,
0x18c6,
0x38c6,
0x18be,
0x38c6,
0x38c6,
0x38c6,
0xf7bd,
0xd7b5,
0xd7b5,
0xd7b5,
0xd7b5,
0xf8b5,
0xf7bd,
0xf7bd,
0xb7b5,
0xb7b5,
0x96ad,
0x55a5,
0x55a5,
0x55a5,
0x55a5,
0x96ad,
0xd7b5,
0xb7b5,
0xb7b5,
0xb6b5,
0x55a5,
0x14a5,
0x95b5,
0x95b5,
0x75b5,
0x95b5,
0xb5bd,
0xd6bd,
0xd6bd,
0x95b5,
0x74b5,
0x95b5,
0x95b5,
0x34ad,
0x13a5,
0x34ad,
0x34ad,
0x13a5,
0x54ad,
0xb6b5,
0xd6bd,
0xf6bd,
0x17c6,
0x17c6,
0xf6c5,
0xd6bd,
0xd6bd,
0x74b5,
0x13ad,
0xf2a4,
0xd2a4,
0xb29c,
0x9394,
0xf49c,
0xd39c,
0xb294,
0xd39c,
0xd39c,
0x149d,
0x149d,
0xf39c,
0xd394,
0xd394,
0x149d,
0x14a5,
0xd39c,
0xb294,
0xb294,
0xd39c,
0xb294,
0x307c,
0x718c,
0x107c,
0xf073,
0xf073,
0x107c,
0x107c,
0x107c,
0x107c,
0xf073,
0xd06b,
0xd06b,
0xd06b,
0xd06b,
0xf073,
0xf06b,
0xd06b,
0x8f63,
0xd394,
0x35a5,
0xf49c,
0x728c,
0xb38c,
0x728c,
0xb38c,
0x728c,
0x928c,
0x938c,
0xd073,
0x3184,
0x13a5,
0x54ad,
0x139d,
0xd394,
0x728c,
0x7284,
0x5284,
0xd394,
0x14a5,
0x14a5,
0x34a5,
0xf39c,
0xb294,
0x928c,
0xb394,
0xf39c,
0x14a5,
0x54a5,
0x149d,
0x35a5,
0x96ad,
0xb6b5,
0xb6b5,
0xb6b5,
0xd6bd,
0xf7bd,
0x37ce,
0x38ce,
0x37ce,
0x17c6,
0x38ce,
0x99d6,
0x99d6,
0x58ce,
0x17c6,
0xf7c5,
0x17c6,
0x37c6,
0x17c6,
0x38ce,
0x38ce,
0xf7c5,
0xf6c5,
0xf7bd,
0x17c6,
0x38c6,
0x38c6,
0x38c6,
0x59ce,
0x59ce,
0x58ce,
0x79ce,
0x99d6,
0x79d6,
0x79d6,
0x78d6,
0x78d6,
0x78d6,
0x58d6,
0x58d6,
0x37d6,
0x37ce,
0x17ce,
0xf6c5,
0xd6c5,
0xb5bd,
0xb5bd,
0xb5bd,
0x95b5,
0x75b5,
0x95b5,
0x95b5,
0x74b5,
0x33ad,
0x33ad,
0x74b5,
0xb6bd,
0xf6c5,
0x17c6,
0x78ce,
0x79d6,
0x79d6,
0x58ce,
0x58ce,
0x38ce,
0x38c6,
0x17c6,
0xf7c5,
0xf6bd,
0xd6bd,
0xb6bd,
0xb6bd,
0xd6bd,
0xb6bd,
0x95b5,
0x95b5,
0x75b5,
0x75b5,
0x74ad,
0x54ad,
0x34a5,
0x54ad,
0x54ad,
0x54ad,
0x54ad,
0x54ad,
0x54ad,
0x34ad,
0x13a5,
0x13a5,
0x13a5,
0x33ad,
0x33a5,
0x13a5,
0x33a5,
0x54ad,
0x54ad,
0x54ad,
0x75b5,
0x75b5,
0x75b5,
0x75b5,
0x75b5,
0x95b5,
0x95b5,
0x95bd,
0x95bd,
0x95b5,
0x95b5,
0xb6bd,
0x17c6,
0x37ce,
0x58ce,
0x58ce,
0x78d6,
0x78d6,
0x58ce,
0x17c6,
0xf6bd,
0xd6bd,
0xd6bd,
0xb5bd,
0x95b5,
0xb5bd,
0xd6bd,
0xf6c5,
0xd6bd,
0xb6bd,
0x95b5,
0x55ad,
0x55ad,
0x54ad,
0x54ad,
0x75ad,
0x75ad,
0x95b5,
0x75b5,
0x54ad,
0x75ad,
0x75b5,
0x75b5,
0x54ad,
0x74ad,
0x75b5,
0x95b5,
0xb6bd,
0xd6bd,
0xd6bd,
0xb6bd,
0x95b5,
0x95b5,
0xb6bd,
0xb6bd,
0xd6bd,
0xd6bd,
0xd6c5,
0xd6bd,
0xd6bd,
0xd39c,
0xd39c,
0x9294,
0x528c,
0x728c,
0x75b5,
0x38ce,
0x58ce,
0x58ce,
0x99d6,
0xbade,
0xbade,
0x99d6,
0x99d6,
0x38ce,
0xd7bd,
0xb6b5,
0x75b5,
0x58ce,
0x79ce,
0x99d6,
0x79d6,
0x59ce,
0x79ce,
0x99d6,
0x9ad6,
0x99ce,
0x79ce,
0x59c6,
0x38c6,
0x9ace,
0x59ce,
0x79ce,
0x79ce,
0xd7b5,
0x75ad,
0x55ad,
0x75ad,
0xf39c,
0x149d,
0x75ad,
0x55a5,
0x359d,
0x55a5,
0x359d,
0x349d,
0x149d,
0x149d,
0x149d,
0x34a5,
0x149d,
0x149d,
0x34a5,
0x34a5,
0x34a5,
0x35a5,
0x35a5,
0x55a5,
0x35a5,
0x55a5,
0x55a5,
0x76a5,
0x96ad,
0x96ad,
0x76ad,
0x96ad,
0xb6b5,
0xd7bd,
0xf8bd,
0xd7b5,
0xb6b5,
0x96ad,
0xb6b5,
0x75ad,
0x75ad,
0x96b5,
0x96b5,
0xd6bd,
0x17c6,
0xf7c5,
0xf7c5,
0xf6c5,
0xd6bd,
0xb6bd,
0x95b5,
0x95b5,
0x54ad,
0x54ad,
0x95b5,
0x95b5,
0xb6bd,
0xd6bd,
0x17c6,
0xf6bd,
0xb6bd,
0xb6bd,
0xb6bd,
0xb5b5,
0x75b5,
0x75b5,
0xb5bd,
0x95b5,
0x54ad,
0x74b5,
0x14a5,
0xd39c,
0xd39c,
0xd39c,
0xb294,
0x3184,
0x3084,
0xf49c,
0x35a5,
0xf39c,
0xd394,
0xb394,
0x5184,
0xd06b,
0x5184,
0x728c,
0xd073,
0xf073,
0x1074,
0x1074,
0xf073,
0xf073,
0xf073,
0xf073,
0x107c,
0x1074,
0x107c,
0x1074,
0x107c,
0x317c,
0x317c,
0x317c,
0xd06b,
0x6f5b,
0x6e5b,
0xaf63,
0x307c,
0x34a5,
0xf7bd,
0x96ad,
0x938c,
0xb394,
0xf39c,
0x5184,
0x7184,
0xd39c,
0x13a5,
0x34a5,
0xf39c,
0xd394,
0xd394,
0x3174,
0x1174,
0x9294,
0xf39c,
0x14a5,
0x34a5,
0x75ad,
0x55ad,
0x34a5,
0xd394,
0xb294,
0xb294,
0xd394,
0x928c,
0xb294,
0xd394,
0xf39c,
0xf39c,
0xd394,
0x928c,
0x928c,
0x34a5,
0x78d6,
0xb9de,
0x78d6,
0x57d6,
0x78d6,
0x17ce,
0x17ce,
0x17c6,
0x17c6,
0x58ce,
0x17c6,
0xf6c5,
0xf6c5,
0x18c6,
0x38c6,
0x17c6,
0xf6bd,
0xb6bd,
0x95b5,
0xb6b5,
0xb6b5,
0xb6bd,
0xd6bd,
0xf7bd,
0xf7bd,
0xf7c5,
0xf7c5,
0x17c6,
0x17c6,
0x17c6,
0x17c6,
0x17c6,
0x16c6,
0x17c6,
0xf6c5,
0xf6c5,
0xf6c5,
0xd6bd,
0xb5bd,
0xb5bd,
0x95bd,
0x74b5,
0x54ad,
0x54ad,
0x33ad,
0x33ad,
0x33ad,
0x33ad,
0x54ad,
0x33ad,
0x74b5,
0x95b5,
0x74b5,
0x54ad,
0x54ad,
0x74b5,
0x74b5,
0x54b5,
0x54ad,
0x54b5,
0x54b5,
0x54ad,
0x54ad,
0x54ad,
0x34ad,
0x34ad,
0x33ad,
0x33ad,
0x33ad,
0x33ad,
0x33ad,
0x33ad,
0x33ad,
0x34ad,
0x33ad,
0x34ad,
0x34ad,
0x33ad,
0x33ad,
0x34ad,
0x33ad,
0x33ad,
0x13a5,
0x13a5,
0x33ad,
0x54ad,
0x54ad,
0x54ad,
0x54ad,
0x54ad,
0x54ad,
0x54ad,
0x75b5,
0x95b5,
0x95b5,
0x95b5,
0xb5bd,
0xb5bd,
0xd6bd,
0xd6bd,
0xd6bd,
0xd6bd,
0xd6bd,
0xf7c5,
0x17c6,
0x17ce,
0x17c6,
0x17ce,
0x17c6,
0x17c6,
0xf7c5,
0xf7c5,
0xf7c5,
0xf7c5,
0xd6bd,
0xf7bd,
0xf6bd,
0xd6bd,
0x17c6,
0x38c6,
0xf7bd,
0x96b5,
0x75ad,
0x75ad,
0x54ad,
0x34ad,
0x34ad,
0x34ad,
0x54ad,
0x75ad,
0x75b5,
0x75ad,
0x75ad,
0x74ad,
0x75b5,
0x75b5,
0x75b5,
0x95b5,
0x95b5,
0xb6bd,
0xd6bd,
0xf6c5,
0xf7c5,
0xf6c5,
0xd6c5,
0xb6bd,
0xb5bd,
0x75b5,
0xb294,
0x3184,
0x528c,
0x528c,
0x9294,
0x35a5,
0xd7bd,
0x17c6,
0x38ce,
0x58ce,
0x17c6,
0xf7c5,
0xd6bd,
0xb6b5,
0x96b5,
0x95b5,
0xb6b5,
0x96ad,
0x96b5,
0x55a5,
0x75ad,
0x17be,
0x38c6,
0x35a5,
0x55a5,
0x159d,
0x149d,
0x55a5,
0x55a5,
0x75ad,
0x96b5,
0xd7b5,
0xd7b5,
0xf7bd,
0xf7bd,
0xd7b5,
0xd7b5,
0xb6b5,
0x75ad,
0x35a5,
0x34a5,
0x149d,
0x14a5,
0x34a5,
0x149d,
0x149d,
0x149d,
0x149d,
0xf49c,
0xd394,
0xb394,
0xb294,
0xb294,
0xb294,
0xb294,
0x9194,
0x918c,
0x9294,
0x9294,
0x718c,
0x9294,
0xb294,
0xb294,
0xb294,
0xd39c,
0xf49c,
0x149d,
0x149d,
0x35a5,
0x76ad,
0x76ad,
0x76ad,
0x35a5,
0x349d,
0x96ad,
0x96ad,
0xb6b5,
0x96b5,
0x96b5,
0x96ad,
0x96b5,
0x96b5,
0xb6b5,
0xb6b5,
0xb6b5,
0x95b5,
0x95b5,
0xb6b5,
0xb6b5,
0xb6b5,
0xb6b5,
0x95b5,
0xb6bd,
0xb6bd,
0x95b5,
0x75b5,
0x75b5,
0x75b5,
0x74ad,
0x54ad,
0x34a5,
0x13a5,
0x74b5,
0x95b5,
0xb5bd,
0xb6bd,
0xb6bd,
0x95b5,
0x95b5,
0x95b5,
0x54ad,
0x55ad,
0x34a5,
0xf39c,
0xd394,
0x928c,
0xd394,
0x149d,
0xb394,
0x718c,
0x7184,
0x317c,
0x107c,
0xf073,
0xf073,
0x107c,
0x107c,
0x107c,
0x107c,
0x317c,
0x1074,
0xf073,
0x7284,
0x5184,
0x317c,
0x317c,
0x317c,
0x317c,
0x317c,
0x317c,
0x5284,
0x928c,
0x928c,
0x5184,
0x728c,
0xd394,
0x55a5,
0x55ad,
0xf49c,
0xd394,
0xf39c,
0xf39c,
0xb394,
0x5284,
0xf39c,
0x938c,
0x7284,
0x938c,
0x938c,
0xb38c,
0x327c,
0x327c,
0x5284,
0xf494,
0xb394,
0xd394,
0xb394,
0xb394,
0x928c,
0xb28c,
0x5184,
0x3184,
0x718c,
0xf39c,
0x34a5,
0x75b5,
0xb5bd,
0xd6bd,
0x37ce,
0x37ce,
0xd6bd,
0x54ad,
0x74ad,
0x16c6,
0xb5bd,
0x95b5,
0x74b5,
0x75b5,
0xd6bd,
0xd6bd,
0xf7bd,
0xf7c5,
0xf6bd,
0xb6bd,
0xb6b5,
0x96b5,
0x96b5,
0x75ad,
0x55ad,
0x55ad,
0x54ad,
0x54ad,
0x54ad,
0x55ad,
0x55ad,
0x55ad,
0x54ad,
0x54ad,
0x55ad,
0x55ad,
0x55ad,
0x55ad,
0x55ad,
0x75ad,
0x75ad,
0x75ad,
0x75b5,
0x75b5,
0x75b5,
0x75ad,
0x54ad,
0x54b5,
0x54ad,
0x54ad,
0x33ad,
0x54ad,
0x54ad,
0x54ad,
0x33ad,
0x34ad,
0x54ad,
0x54ad,
0x33ad,
0x33ad,
0x33ad,
0x33ad,
0x33ad,
0x33ad,
0x33ad,
0x33ad,
0x54ad,
0x53ad,
0x33ad,
0x54ad,
0x53ad,
0x33ad,
0x33ad,
0x33ad,
0x33ad,
0x33ad,
0x54ad,
0x54ad,
0x54b5,
0x54b5,
0x54ad,
0x54ad,
0x33ad,
0x33ad,
0x33ad,
0x33ad,
0x33ad,
0x33ad,
0x33ad,
0x33ad,
0x13a5,
0x33ad,
0x34ad,
0x54ad,
0x54ad,
0x75b5,
0x95b5,
0x95b5,
0x95b5,
0xb6b5,
0xb6bd,
0xb6bd,
0xb6bd,
0xd6bd,
0xd6bd,
0xd6bd,
0xd6c5,
0xf6c5,
0xf7c5,
0xf7c5,
0xf7c5,
0xf7c5,
0xf7c5,
0xf7c5,
0xf7c5,
0xf7c5,
0xf6c5,
0xd6bd,
0xb6bd,
0xb6bd,
0xb6bd,
0xb6bd,
0xb6b5,
0xb6b5,
0xb6b5,
0xb6bd,
0xb6b5,
0x95b5,
0x55ad,
0x149d,
0xf39c,
0x14a5,
0x75ad,
0x75ad,
0x75ad,
0x54a5,
0x34a5,
0x54ad,
0x75ad,
0x75b5,
0x75ad,
0x75b5,
0x75ad,
0x95b5,
0x95b5,
0xb6b5,
0xb6b5,
0xb6bd,
0xb6bd,
0x96b5,
0x75ad,
0x75ad,
0x55a5,
0x34a5,
0x34a5,
0x55ad,
0xd394,
0x117c,
0x706b,
0xf07b,
0x5284,
0xb394,
0x55a5,
0x75ad,
0x75ad,
0x96ad,
0xb6b5,
0xb6b5,
0xb6b5,
0x96b5,
0x96b5,
0x96b5,
0x96b5,
0x96ad,
0x96ad,
0x75ad,
0x55a5,
0x35a5,
0x359d,
0x55a5,
0x55a5,
0x35a5,
0x359d,
0x359d,
0x149d,
0x149d,
0x149d,
0x159d,
0x359d,
0x55a5,
0x55a5,
0x55a5,
0x76a5,
0x55a5,
0x35a5,
0x149d,
0x35a5,
0x35a5,
0x149d,
0xf494,
0xd394,
0xf39c,
0xd394,
0xb28c,
0xb294,
0xb294,
0x718c,
0x718c,
0x718c,
0x518c,
0x518c,
0x718c,
0x508c,
0x3084,
0x3084,
0x5084,
0x5084,
0x718c,
0x718c,
0x928c,
0x9294,
0x9294,
0xb294,
0xb394,
0xb394,
0xd394,
0xf49c,
0x149d,
0x359d,
0x35a5,
0x35a5,
0x55a5,
0x55a5,
0x75ad,
0x96ad,
0x75ad,
0x55a5,
0x55ad,
0x96ad,
0x96ad,
0x75ad,
0x75ad,
0x75ad,
0x75ad,
0x75ad,
0x55ad,
0x34a5,
0x34a5,
0x54ad,
0x54ad,
0x34a5,
0x34ad,
0x34ad,
0x34ad,
0x34ad,
0x13a5,
0x34ad,
0x54ad,
0x75b5,
0xb5bd,
0x75ad,
0x54ad,
0x75b5,
0x95b5,
0x95b5,
0x75ad,
0x34a5,
0x149d,
0xf39c,
0xf39c,
0xf39c,
0xf49c,
0xf49c,
0xf39c,
0xb294,
0x718c,
0x718c,
0x5184,
0x3084,
0x3184,
0x728c,
0xd394,
0xd394,
0x7284,
0x7284,
0x7284,
0x7284,
0x7284,
0x7284,
0x5284,
0x7284,
0x7284,
0x7284,
0x7284,
0x7284,
0x7284,
0x938c,
0xd394,
0xf49c,
0x149d,
0x149d,
0x728c,
0xd394,
0x34a5,
0xf39c,
0x3284,
0x9063,
0x705b,
0xd06b,
0x527c,
0xb38c,
0x7284,
0x327c,
0x928c,
0xb38c,
0x928c,
0x928c,
0x938c,
0x928c,
0x938c,
0xb38c,
0x149d,
0x75ad,
0x34a5,
0x928c,
0xd394,
0xf49c,
0xb294,
0xd394,
0x95b5,
0x95b5,
0xd6bd,
0xf6c5,
0x37ce,
0x38ce,
0x78d6,
0x58ce,
0x78d6,
0x58d6,
0x78d6,
0x58d6,
0x37ce,
0xb5bd,
0x75b5,
0xd6bd,
0x54a5,
0x55ad,
0x95b5,
0x75ad,
0x75ad,
0x55ad,
0x34a5,
0x34a5,
0x34a5,
0x34a5,
0x34a5,
0x14a5,
0x14a5,
0x14a5,
0x14a5,
0x149d,
0x149d,
0x149d,
0xf39c,
0xf39c,
0xf39c,
0xf39c,
0xf39c,
0xf39c,
0xf39c,
0xf39c,
0xf39c,
0x139d,
0x139d,
0x14a5,
0x34a5,
0x34ad,
0x34ad,
0x33ad,
0x33ad,
0x54ad,
0x33ad,
0x33ad,
0x33ad,
0x33ad,
0x33ad,
0x33ad,
0x33ad,
0x33ad,
0x33ad,
0x34ad,
0x54ad,
0x34ad,
0x33ad,
0x33a5,
0x34a5,
0x13a5,
0x13a5,
0x13a5,
0x13a5,
0x13a5,
0x13a5,
0x13a5,
0x13a5,
0x13a5,
0x13ad,
0x33ad,
0x33ad,
0x33ad,
0x33ad,
0x13ad,
0x13a5,
0x13a5,
0x13ad,
0x33ad,
0x33ad,
0x54ad,
0x54ad,
0x74ad,
0x74ad,
0x75ad,
0x75b5,
0x95b5,
0x96b5,
0xb6b5,
0xb6b5,
0xb6b5,
0xb6b5,
0xb6bd,
0xb6bd,
0xd6bd,
0xb6bd,
0xd6bd,
0xd6bd,
0xd6bd,
0xd6bd,
0xd6bd,
0xd6bd,
0xd6bd,
0xb6bd,
0xb5b5,
0x95b5,
0x95b5,
0x75b5,
0x95b5,
0x75ad,
0x75ad,
0x54ad,
0x54ad,
0x55ad,
0x54ad,
0x54ad,
0x34a5,
0x34a5,
0x54ad,
0x55ad,
0x75ad,
0x75ad,
0x75ad,
0x75ad,
0x75ad,
0x75ad,
0x95b5,
0xd6bd,
0xd6bd,
0xd7bd,
0xb6b5,
0xb6b5,
0xb6bd,
0xb6bd,
0x96b5,
0xb6b5,
0xb6b5,
0xd6bd,
0xb6b5,
0x96b5,
0x95b5,
0x95ad,
0x95ad,
0x75ad,
0x149d,
0xf39c,
0xd394,
0xb294,
0x928c,
0xf49c,
0x75ad,
0x95b5,
0x96b5,
0xb394,
0x9294,
0xb394,
0xd39c,
0xf49c,
0xf494,
0x149d,
0x55a5,
0x55a5,
0x55a5,
0x55a5,
0x75ad,
0x76ad,
0x76ad,
0x96ad,
0x96ad,
0x76ad,
0x76ad,
0x75ad,
0x55a5,
0x35a5,
0x359d,
0x359d,
0x359d,
0x159d,
0x159d,
0x159d,
0x359d,
0x359d,
0x359d,
0x55a5,
0x55a5,
0x55a5,
0x359d,
0x55a5,
0x55a5,
0x55a5,
0x159d,
0xf494,
0xd494,
0xd494,
0xb38c,
0xb38c,
0xb394,
0xb394,
0x928c,
0x928c,
0x928c,
0xb28c,
0x728c,
0x5184,
0x718c,
0x718c,
0x718c,
0x718c,
0x928c,
0x928c,
0x928c,
0x928c,
0x928c,
0x928c,
0xd394,
0xd394,
0xd394,
0xd394,
0xf494,
0xd494,
0xf494,
0x149d,
0x359d,
0x359d,
0x359d,
0x76a5,
0x96a5,
0x96ad,
0x96ad,
0x96ad,
0x96ad,
0x96ad,
0x96b5,
0x75ad,
0x75ad,
0x75ad,
0x75ad,
0x75ad,
0x75ad,
0x55ad,
0x55ad,
0x55ad,
0x54ad,
0x54ad,
0x75b5,
0xd6bd,
0xd6bd,
0xd6bd,
0xb6b5,
0x95b5,
0xb6b5,
0xb6bd,
0x95b5,
0x95b5,
0x95b5,
0x95b5,
0x95b5,
0x75ad,
0x54ad,
0x34a5,
0x34a5,
0x14a5,
0xf39c,
0xd39c,
0xb294,
0xd394,
0xd394,
0xd394,
0xd394,
0xb394,
0xb394,
0xb394,
0xd394,
0xd394,
0xd394,
0xf49c,
0xf49c,
0xd394,
0xd394,
0xb38c,
0xb38c,
0x7284,
0x7284,
0x938c,
0x5284,
0x317c,
0x317c,
0x327c,
0xb38c,
0xb394,
0xf49c,
0x149d,
0x96ad,
0xf7bd,
0x349d,
0x928c,
0xb38c,
0x527c,
0x6f5b,
0xee4a,
0x9063,
0xf16b,
0x317c,
0x317c,
0xb294,
0x14a5,
0xf39c,
0xd394,
0xd394,
0xd394,
0xd394,
0xd394,
0x149d,
0x14a5,
0x34a5,
0x34a5,
0x95b5,
0x75ad,
0x55ad,
0x54ad,
0x34a5,
0x54ad,
0x54ad,
0x34a5,
0x34a5,
0x75ad,
0x55ad,
0x55ad,
0x55ad,
0xb6b5,
0xd7bd,
0x17c6,
0xf7c5,
0xb6bd,
0xb6bd,
0xb6bd,
0x75ad,
0x34a5,
0x14a5,
0xd39c,
0xf39c,
0x149d,
0x149d,
0xf49c,
0xf49c,
0xf39c,
0xf39c,
0xf39c,
0xf39c,
0xd39c,
0xf39c,
0xf39c,
0xf39c,
0xf39c,
0xf39c,
0xf39c,
0xf39c,
0xf39c,
0xf39c,
0xd39c,
0xd394,
0xd394,
0xd394,
0xf39c,
0xf39c,
0x139d,
0x13a5,
0x13a5,
0x33a5,
0x34ad,
0x33ad,
0x53ad,
0x33ad,
0x33ad,
0x33ad,
0x33ad,
0x33ad,
0x33ad,
0x33ad,
0x33ad,
0x33ad,
0x33ad,
0x33ad,
0x33ad,
0x13a5,
0x33ad,
0x34ad,
0x34ad,
0x33a5,
0x33a5,
0xf3a4,
0x14a5,
0x13a5,
0xf39c,
0x14a5,
0x14a5,
0x34a5,
0x34a5,
0x34a5,
0x34a5,
0x13a5,
0x34a5,
0x34a5,
0x34a5,
0x34ad,
0x54ad,
0x54ad,
0x75ad,
0x75ad,
0x75ad,
0x95b5,
0x95b5,
0x95b5,
0x96b5,
0x96b5,
0x96b5,
0x96b5,
0x96b5,
0x95b5,
0x95b5,
0x95b5,
0x95b5,
0x95b5,
0x95b5,
0x95b5,
0x95b5,
0x95b5,
0x95b5,
0x75b5,
0x75b5,
0x75b5,
0x74ad,
0x54ad,
0x54ad,
0x34ad,
0x34a5,
0x13a5,
0x13a5,
0x54ad,
0x13a5,
0x139d,
0x34a5,
0x34a5,
0x34a5,
0x14a5,
0x55ad,
0x96b5,
0x75ad,
0x95b5,
0xd6bd,
0xf7c5,
0x18c6,
0x38c6,
0xf7c5,
0xb6bd,
0x95b5,
0x95b5,
0x96b5,
0x96ad,
0xd7bd,
0xf7bd,
0xf7bd,
0xd6bd,
0xd6bd,
0xb6b5,
0xb6b5,
0xb6b5,
0xd6bd,
0xb6b5,
0x96b5,
0x96b5,
0x95b5,
0xb6b5,
0xb6b5,
0xb6b5,
0x95b5,
0x95b5,
0x95b5,
0x54a5,
0xf39c,
0x728c,
0xb394,
0xb394,
0xf173,
0x117c,
0x1184,
0xb073,
0x5284,
0x728c,
0x3284,
0x5284,
0x938c,
0xf494,
0xf49c,
0xf49c,
0xf49c,
0x359d,
0x359d,
0x35a5,
0x359d,
0x359d,
0x359d,
0x359d,
0x938c,
0xb38c,
0xd494,
0xb38c,
0xb38c,
0xb38c,
0xb38c,
0xb38c,
0xd48c,
0xd494,
0xf594,
0x159d,
0x359d,
0x359d,
0x1595,
0x1595,
0x159d,
0x1595,
0xf594,
0x1595,
0x1595,
0xf594,
0xf494,
0xf494,
0xf494,
0xd494,
0xd48c,
0xd494,
0xf494,
0xf494,
0x1495,
0xf494,
0xd48c,
0xb38c,
0xb38c,
0xd494,
0xd394,
0xd494,
0xd394,
0xd494,
0xf494,
0xf494,
0xf494,
0xf494,
0xf494,
0xd494,
0x159d,
0x56a5,
0x56a5,
0x55a5,
0x76a5,
0x97ad,
0xb7ad,
0xb7ad,
0xb7b5,
0xd7b5,
0xb7b5,
0xb6b5,
0x96ad,
0x75ad,
0x55a5,
0x75ad,
0x75ad,
0x96ad,
0x75ad,
0x55ad,
0x75ad,
0x55a5,
0x55a5,
0x34a5,
0x34a5,
0x34a5,
0x75ad,
0x95b5,
0x95b5,
0x95b5,
0x95b5,
0x95b5,
0x95b5,
0xb6b5,
0xb6b5,
0xb6bd,
0xb6bd,
0x96b5,
0x95ad,
0x95ad,
0x55ad,
0x14a5,
0xd394,
0x928c,
0x5184,
0x107c,
0x307c,
0x307c,
0x307c,
0x317c,
0x317c,
0x3184,
0x5184,
0x7284,
0xb394,
0xf49c,
0x349d,
0x34a5,
0x149d,
0x938c,
0x5284,
0xb063,
0xf16b,
0x7284,
0x7284,
0x938c,
0x1174,
0xb06b,
0x3184,
0xf39c,
0x75ad,
0x96b5,
0x96b5,
0xb6b5,
0xb6b5,
0x96b5,
0x75ad,
0xd394,
0xd394,
0x149d,
0x149d,
0xf494,
0x7284,
0x7284,
0x7284,
0x317c,
0x317c,
0x5184,
0x718c,
0xb294,
0xd39c,
0x33a5,
0x54ad,
0x54b5,
0x34a5,
0x9294,
0xb294,
0xd394,
0xf39c,
0xf39c,
0xf39c,
0xf39c,
0x14a5,
0x34a5,
0xd39c,
0x13a5,
0x14a5,
0xf39c,
0x14a5,
0xd39c,
0x55a5,
0x35a5,
0x55a5,
0x34a5,
0xd294,
0xb294,
0xb394,
0xb394,
0xd394,
0xb394,
0xd394,
0xb294,
0xb294,
0xb294,
0xb294,
0xb394,
0xb394,
0xb394,
0xb394,
0xb394,
0xb394,
0xd394,
0xd394,
0xd394,
0xd394,
0xd394,
0xd394,
0xd39c,
0xf39c,
0xf39c,
0xf39c,
0xf39c,
0x13a5,
0x13a5,
0x33a5,
0x33ad,
0x33ad,
0x33ad,
0x33ad,
0x54ad,
0x33ad,
0x54ad,
0x54ad,
0x54ad,
0x33ad,
0x33ad,
0x33ad,
0x54b5,
0x54ad,
0x33ad,
0x54ad,
0x54ad,
0x33ad,
0x54ad,
0x33ad,
0x33ad,
0x33ad,
0x33ad,
0x33ad,
0x13ad,
0x13ad,
0x33ad,
0x33ad,
0x33ad,
0x34a5,
0x34ad,
0x34ad,
0x54ad,
0x54ad,
0x55ad,
0x55ad,
0x75ad,
0x75ad,
0x75ad,
0x75ad,
0x75ad,
0x75ad,
0x75ad,
0x75ad,
0x75ad,
0x75ad,
0x75ad,
0x75ad,
0x75ad,
0x75ad,
0x55ad,
0x75ad,
0x75ad,
0x75ad,
0x54ad,
0x54ad,
0x54ad,
0x54ad,
0x54ad,
0x54ad,
0x54ad,
0x34a5,
0x34a5,
0x34a5,
0x34a5,
0x34a5,
0x34a5,
0x34a5,
0x13a5,
0x34a5,
0x34a5,
0x34a5,
0x13a5,
0x13a5,
0x34a5,
0x139d,
0x14a5,
0xf39c,
0xf39c,
0xd394,
0x34a5,
0x34a5,
0x14a5,
0x75b5,
0x95b5,
0x75ad,
0x75ad,
0x55ad,
0x95b5,
0x95b5,
0x95b5,
0xb6b5,
0xb6b5,
0xb6b5,
0x96b5,
0x95b5,
0x96b5,
0x96b5,
0x96b5,
0x96b5,
0x96b5,
0x96b5,
0xb6b5,
0xb6b5,
0xb6b5,
0xb6bd,
0xb6b5,
0xd6bd,
0xb6bd,
0xb6b5,
0xb6b5,
0xb6b5,
0x96b5,
0x96b5,
0x95b5,
0x75ad,
0x55ad,
0x149d,
0xd394,
0xf49c,
0x35a5,
0xf49c,
0x9394,
0xb394,
0xf49c,
0xd49c,
0x1184,
0x906b,
0xd173,
0xb073,
0x327c,
0x938c,
0x728c,
0x938c,
0x728c,
0xb394,
0xb38c,
0xb38c,
0x938c,
0x35a5,
0x5284,
0xce4a,
0x2f5b,
0x916b,
0xb16b,
0x5284,
0x938c,
0x327c,
0x327c,
0x7384,
0x327c,
0x938c,
0xd494,
0x55a5,
0x96ad,
0x56a5,
0x35a5,
0x359d,
0x359d,
0x359d,
0x159d,
0xf594,
0xd48c,
0x9384,
0xb48c,
0xb48c,
0xb48c,
0xb48c,
0x9384,
0x537c,
0x537c,
0x9384,
0xb48c,
0xb48c,
0xf494,
0xf494,
0xf494,
0xd48c,
0xd48c,
0xb38c,
0xf594,
0x159d,
0x359d,
0x359d,
0x359d,
0x159d,
0xf494,
0x359d,
0x149d,
0x35a5,
0x35a5,
0x55a5,
0x55a5,
0x359d,
0x149d,
0x149d,
0x149d,
0xd494,
0xd494,
0x149d,
0x55a5,
0x35a5,
0x35a5,
0x149d,
0xf49c,
0xb394,
0xb394,
0xf39c,
0x34a5,
0x55ad,
0x75ad,
0x55ad,
0x54ad,
0x54ad,
0x75b5,
0x96b5,
0xb6b5,
0xd6bd,
0xd6bd,
0x95b5,
0xd7bd,
0xd7bd,
0xb6b5,
0x96b5,
0x75ad,
0x34a5,
0xd394,
0x928c,
0x728c,
0x928c,
0xb294,
0xd394,
0xd394,
0xf49c,
0x349d,
0x349d,
0x349d,
0x359d,
0x359d,
0xf494,
0xb38c,
0xf494,
0xf494,
0xf49c,
0xb394,
0x928c,
0x5284,
0x317c,
0xf49c,
0xf494,
0xf494,
0x159d,
0xf494,
0x75a5,
0x35a5,
0x75ad,
0x96ad,
0x96b5,
0x96b5,
0xb6b5,
0xb6b5,
0xb6b5,
0xf7bd,
0xf7bd,
0xf7bd,
0xd7bd,
0xd7b5,
0xd7b5,
0xd7b5,
0xd7b5,
0xd7b5,
0xd7b5,
0xf7b5,
0xd7b5,
0x18be,
0xf8bd,
0xd7bd,
0xd7b5,
0x95ad,
0x75ad,
0x55ad,
0x54ad,
0x14a5,
0x96b5,
0x95b5,
0x96b5,
0xb6b5,
0xd7bd,
0x75ad,
0x75ad,
0x55a5,
0x75ad,
0x75ad,
0x55ad,
0x34a5,
0xf39c,
0xf39c,
0xb29c,
0xb294,
0xb294,
0x9194,
0xb294,
0xb294,
0xd29c,
0xd29c,
0xd29c,
0xd29c,
0xf3a4,
0xf3a4,
0x13a5,
0x13a5,
0x13a5,
0x13a5,
0x33a5,
0x33a5,
0x33a5,
0x13a5,
0x33a5,
0x13a5,
0x33a5,
0x33ad,
0x33ad,
0x34ad,
0x54ad,
0x54ad,
0x33ad,
0x33ad,
0x13a5,
0x13a5,
0x33ad,
0x33ad,
0x33ad,
0x33ad,
0x33ad,
0x33ad,
0x33ad,
0x33ad,
0x33ad,
0x33ad,
0x13ad,
0x33ad,
0x33ad,
0x54ad,
0x54ad,
0x74b5,
0x54b5,
0x54ad,
0x74b5,
0x33ad,
0x33ad,
0x13a5,
0x13a5,
0x13a5,
0x13a5,
0x13a5,
0x13a5,
0xf39c,
0x14a5,
0x34a5,
0x14a5,
0x34a5,
0x54a5,
0x55ad,
0x75ad,
0x75ad,
0x75ad,
0x75ad,
0x75ad,
0x75ad,
0x75ad,
0x75ad,
0x75ad,
0x75ad,
0x55ad,
0x75ad,
0x75ad,
0x55ad,
0x55a5,
0x55ad,
0x55ad,
0x55ad,
0x55ad,
0x55ad,
0x54a5,
0x34a5,
0x34a5,
0x34a5,
0x34a5,
0x34a5,
0x34a5,
0x34a5,
0x34a5,
0x34a5,
0x34a5,
0x34a5,
0x34a5,
0x34a5,
0x14a5,
0x13a5,
0x14a5,
0x14a5,
0x34a5,
0x14a5,
0x139d,
0x14a5,
0x149d,
0x14a5,
0xd394,
0xd394,
0xf39c,
0x14a5,
0x149d,
0x149d,
0x34a5,
0x55ad,
0x34a5,
0x34a5,
0x55ad,
0x54a5,
0x55ad,
0x75ad,
0x95b5,
0x96b5,
0xb6b5,
0xb6b5,
0xb6bd,
0xb6b5,
0xb6b5,
0xb6bd,
0xd6bd,
0xd6bd,
0xd6bd,
0xd6bd,
0xd6bd,
0xd6bd,
0xf6bd,
0xf7bd,
0xf7c5,
0xf7c5,
0xf7c5,
0xd6bd,
0xf7bd,
0xf6bd,
0xd6bd,
0xf7bd,
0xf7bd,
0xf7bd,
0xf7c5,
0xf7bd,
0xd6bd,
0xb6bd,
0x75ad,
0x35a5,
0x728c,
0xb16b,
0xf17b,
0x2f63,
0xee52,
0x2f5b,
0x906b,
0x327c,
0x728c,
0xd39c,
0xb394,
0x9394,
0x149d,
0x149d,
0xf49c,
0xd39c,
0x75ad,
0xd494,
0x938c,
0x35a5,
0x35a5,
0xb6b5,
0x38ce,
0x58d6,
0x38ce,
0x17c6,
0xd6bd,
0x75b5,
0x14a5,
0x3284,
0xb073,
0xd49c,
0xd494,
0x56a5,
0xd16b,
0x5063,
0x528c,
0x5284,
0xb394,
0x127c,
0xf173,
0x1274,
0x327c,
0x7284,
0x938c,
0x5284,
0xb16b,
0xb494,
0x56a5,
0xd7bd,
0xd7b5,
0xb7b5,
0x96ad,
0x55a5,
0x76ad,
0xb6b5,
0xb6b5,
0x96b5,
0x35a5,
0x35a5,
0x35a5,
0x35a5,
0xf49c,
0x14a5,
0x76ad,
0x159d,
0x96ad,
0xb6b5,
0xb6b5,
0xb6b5,
0x75ad,
0x55a5,
0x34a5,
0x34a5,
0x34a5,
0x55ad,
0x55ad,
0x54ad,
0x34a5,
0x34a5,
0x34a5,
0x54ad,
0x34a5,
0x55ad,
0x75ad,
0x96b5,
0xf7bd,
0x17c6,
0x38c6,
0x59ce,
0x58ce,
0x38c6,
0x18c6,
0x38c6,
0x18c6,
0x38c6,
0x18c6,
0xd7bd,
0xd6bd,
0x96ad,
0x75ad,
0x75ad,
0x34a5,
0x55ad,
0x75ad,
0x55ad,
0xd7bd,
0xf7bd,
0x96b5,
0xd7b5,
0xb6b5,
0x76ad,
0x75a5,
0x76ad,
0x35a5,
0xb38c,
0x527c,
0xb38c,
0x7284,
0xb38c,
0xd494,
0x1495,
0x159d,
0x96ad,
0x75ad,
0x35a5,
0x34a5,
0x149d,
0x149d,
0x34a5,
0x35a5,
0x75ad,
0xb6b5,
0xd7b5,
0xd7b5,
0xd7b5,
0xf7bd,
0xd7bd,
0xd7b5,
0xd7bd,
0xf7bd,
0x18c6,
0x38c6,
0x59ce,
0x38c6,
0x18c6,
0x38c6,
0x99d6,
0x38c6,
0x18c6,
0xf7bd,
0xf7bd,
0xf7bd,
0xd7bd,
0xd7bd,
0xd7b5,
0xb6b5,
0xd7b5,
0xd7bd,
0xb6b5,
0xd6bd,
0xd7bd,
0xf7bd,
0xd6bd,
0xd6bd,
0xb6bd,
0xd6bd,
0xf7bd,
0xf7bd,
0xd7bd,
0xb6bd,
0xb6b5,
0xb6b5,
0xd6bd,
0xb6bd,
0xb6bd,
0x75b5,
0x75ad,
0x55ad,
0x95b5,
0x34ad,
0x34a5,
0x34a5,
0x54ad,
0x34a5,
0x34a5,
0x54ad,
0x54ad,
0x54ad,
0x34ad,
0x34ad,
0x54ad,
0x34ad,
0x34ad,
0x34ad,
0x54ad,
0x34ad,
0x54ad,
0x54ad,
0x54ad,
0x54ad,
0x54ad,
0x33ad,
0x33ad,
0x54ad,
0x33ad,
0x34ad,
0x33ad,
0x33ad,
0x34ad,
0x33ad,
0x54ad,
0x54ad,
0x54ad,
0x33ad,
0x33ad,
0x33ad,
0x33ad,
0x33ad,
0x54ad,
0x33ad,
0x34ad,
0x54ad,
0x34ad,
0x54ad,
0x54ad,
0x34ad,
0x34a5,
0x34a5,
0x34a5,
0x34a5,
0x55ad,
0x55ad,
0x55a5,
0x55a5,
0x55ad,
0x55a5,
0x55a5,
0x55a5,
0x55ad,
0x75ad,
0x75ad,
0x75ad,
0x75ad,
0x75ad,
0x75ad,
0x75ad,
0x75ad,
0x95ad,
0x95ad,
0x95ad,
0x95ad,
0x95ad,
0x95ad,
0x96ad,
0x96b5,
0x96b5,
0x96b5,
0x96b5,
0x96b5,
0x96b5,
0x96b5,
0x95b5,
0x96b5,
0x95b5,
0x95b5,
0x95b5,
0x95b5,
0x96b5,
0x95b5,
0x95b5,
0x95b5,
0x95ad,
0x75ad,
0x75ad,
0x75ad,
0x75ad,
0x75ad,
0x75ad,
0x75b5,
0x75ad,
0x75ad,
0x75ad,
0x75ad,
0x75ad,
0x75ad,
0x75ad,
0x75ad,
0x75ad,
0x75ad,
0x75ad,
0x75ad,
0x75ad,
0x75ad,
0x95ad,
0x95b5,
0x96b5,
0xb6b5,
0xb6b5,
0xb6b5,
0xb6b5,
0xb6b5,
0xb6bd,
0xb6bd,
0xb6b5,
0xd6bd,
0xd6bd,
0xf7bd,
0xf7c5,
0xf6bd,
0xf7bd,
0xf7c5,
0xf7c5,
0x17c6,
0x17c6,
0x17c6,
0x17c6,
0x17c6,
0xf7c5,
0xf7c5,
0xf7c5,
0x17c6,
0x17c6,
0x17c6,
0xf7c5,
0xf7c5,
0xf7c5,
0xf7c5,
0xf7bd,
0xd6bd,
0xb6b5,
0x75ad,
0x76ad,
0x35a5,
0x55ad,
0x76ad,
0x55a5,
0x55ad,
0xb6b5,
0xb6b5,
0x35a5,
0x75a5,
0x149d,
0x55a5,
0x349d,
0x35a5,
0xf7bd,
0x17c6,
0x58ce,
0x58ce,
0x58ce,
0x58ce,
0x38ce,
0x18c6,
0x38ce,
0x17c6,
0x38c6,
0x38c6,
0x38c6,
0x38ce,
0xf7bd,
0xb6b5,
0xf7bd,
0xf7bd,
0xb6b5,
0xd7bd,
0xd7bd,
0x17c6,
0xf7c5,
0x76ad,
0x35a5,
0x55ad,
0x55a5,
0xd39c,
0x75ad,
0x55ad,
0x35a5,
0xf7bd,
0x58ce,
0x38ce,
0x17c6,
0xd6bd,
0xd6bd,
0xb6b5,
0xb6b5,
0xd6bd,
0xd6bd,
0xd6bd,
0xb6bd,
0xb6b5,
0xb6b5,
0xb6b5,
0xb6b5,
0xd7bd,
0xb6b5,
0x96ad,
0xb6b5,
0xb6b5,
0x96b5,
0xb6b5,
0xf7bd,
0xf7bd,
0xb6bd,
0xb6b5,
0xb6b5,
0x96b5,
0xd6bd,
0xb6bd,
0xb6b5,
0xd6bd,
0xf7bd,
0x17c6,
0x58ce,
0x99d6,
0xbade,
0xdade,
0xbad6,
0xbade,
0xbade,
0xdade,
0xbad6,
0x9ad6,
0xbad6,
0x79ce,
0x58ce,
0x79ce,
0x58ce,
0x38c6,
0x38c6,
0x38c6,
0x38c6,
0x58ce,
0x18c6,
0x18c6,
0x18c6,
0xd7bd,
0xf7bd,
0xd7bd,
0xb7b5,
0xb6b5,
0x96ad,
0x76ad,
0x55a5,
0x76a5,
0x76a5,
0x55a5,
0x359d,
0x76ad,
0x55a5,
0x75a5,
0x76ad,
0x96ad,
0x96ad,
0x96ad,
0x96ad,
0x95ad,
0x75ad,
0x75ad,
0x75ad,
0x55ad,
0x54ad,
0x54ad,
0x55ad,
0x54ad,
0x95b5,
0xb6b5,
0x96b5,
0xb6bd,
0xd7bd,
0xd6bd,
0xf7bd,
0x17c6,
0x38c6,
0x38ce,
0x17c6,
0x17c6,
0x38c6,
0x38c6,
0xf7bd,
0x38c6,
0x38c6,
0x58ce,
0x17c6,
0xf7c5,
0xf7bd,
0x17c6,
0x37c6,
0xf7c5,
0x17c6,
0xf7c5,
0x17c6,
0x17c6,
0x17c6,
0x17c6,
0xf6c5,
0xd6bd,
0xf7c5,
0xf7c5,
0x17c6,
0x17c6,
0xf7c5,
0x17c6,
0x17c6,
0x38ce,
0x58ce,
0x58ce,
0x38c6,
0x58ce,
0x59ce,
0x59ce,
0x79ce,
0x59c6,
0x38c6,
0x59ce,
0x38c6,
0x18c6,
0x18be,
0xf7bd,
0xd7bd,
0xd7bd,
0xd7b5,
0xb7b5,
0xb6b5,
0xb6b5,
0xb6b5,
0xb6b5,
0x96b5,
0x96ad,
0x96ad,
0x75ad,
0x75ad,
0x96ad,
0x96ad,
0x75ad,
0x75ad,
0x75ad,
0x75ad,
0x95ad,
0x95ad,
0x95ad,
0x96b5,
0x96b5,
0x96b5,
0x96b5,
0x96b5,
0x96b5,
0x96b5,
0x96b5,
0x96b5,
0x95b5,
0x96b5,
0x95b5,
0x95ad,
0x96b5,
0x96b5,
0x96b5,
0x96b5,
0x95ad,
0x95b5,
0x95b5,
0x96b5,
0x96b5,
0x95b5,
0x96b5,
0x95ad,
0x75ad,
0x95ad,
0x75ad,
0x75ad,
0x95ad,
0x95b5,
0x96b5,
0x96b5,
0xb6b5,
0xb6b5,
0xb6bd,
0xd6bd,
0xd6bd,
0xd6bd,
0xd6bd,
0xd6bd,
0xd6bd,
0xd6bd,
0xd6bd,
0xd7bd,
0xd7bd,
0xd7bd,
0xd7bd,
0xd7bd,
0xd7bd,
0xd7bd,
0xf7bd,
0xf7bd,
0xf7bd,
0xf7bd,
0xf7bd,
0xf7bd,
0xf7bd,
0xf7bd,
0xf7bd,
0xf7bd,
0xf7bd,
0xf7bd,
0xd6bd,
0xd6bd,
0xd6bd,
0xd6bd,
0xd6bd,
0xd6bd,
0xd6bd,
0xd6bd,
0xd6bd,
0xd6bd,
0xd6bd,
0xd6bd,
0xd6bd,
0xb6bd,
0xb6bd,
0xb6b5,
0xb6bd,
0xb6bd,
0xb6bd,
0xb6b5,
0x96b5,
0x96b5,
0x95b5,
0x95ad,
0x75ad,
0x75ad,
0x75ad,
0x75ad,
0x75ad,
0x75ad,
0x95ad,
0x95ad,
0x96b5,
0xb6bd,
0xd6bd,
0xd6bd,
0xf7c5,
0xf7c5,
0xf7c5,
0x17c6,
0x17c6,
0x17c6,
0x17c6,
0xf7c5,
0x17c6,
0x17c6,
0x17c6,
0x17c6,
0x17c6,
0x17c6,
0xf7c5,
0xf7c5,
0x17c6,
0x17c6,
0x17c6,
0x17c6,
0x17c6,
0x37ce,
0x17c6,
0x17c6,
0x17c6,
0xf7c5,
0xf7bd,
0xf7bd,
0xd7bd,
0xd6bd,
0xf7bd,
0xf7c5,
0x17c6,
0xf7c5,
0xf7bd,
0xf7bd,
0xb6b5,
0x78d6,
0x78d6,
0x78d6,
0x58ce,
0x78d6,
0x78d6,
0x78d6,
0x79d6,
0x79d6,
0x99d6,
0x99d6,
0x79d6,
0x78d6,
0x79d6,
0x99d6,
0x99d6,
0x79d6,
0x78d6,
0x99d6,
0x78d6,
0x78d6,
0x58d6,
0x58ce,
0x58ce,
0x58d6,
0x99d6,
0x78d6,
0x78d6,
0x99d6,
0x78d6,
0x58ce,
0x58ce,
0x58ce,
0x58ce,
0x37ce,
0x37ce,
0x58ce,
0x58ce,
0x37ce,
0x17c6,
0xf7c5,
0x17ce,
0x38ce,
0x58d6,
0x99d6,
0x99d6,
0x79d6,
0x78d6,
0x79d6,
0x99de,
0x99de,
0x79d6,
0x79d6,
0x58ce,
0x58d6,
0x17c6,
0xf7c5,
0x17c6,
0x17c6,
0xf7bd,
0xd6bd,
0xd6bd,
0xb6bd,
0x17c6,
0x58ce,
0x38ce,
0x17c6,
0x38c6,
0x78d6,
0x38ce,
0xd6bd,
0xd6bd,
0x17c6,
0x18c6,
0x17c6,
0x18c6,
0x17c6,
0x58ce,
0x79ce,
0x58ce,
0x18c6,
0x18c6,
0x17c6,
0x17c6,
0xd7bd,
0xf7bd,
0xf7bd,
0x17be,
0x18c6,
0x38c6,
0x38c6,
0x38c6,
0x38c6,
0x38c6,
0x38c6,
0x18c6,
0x18c6,
0x38c6,
0x38c6,
0x38c6,
0x38c6,
0x38c6,
0x38c6,
0x38c6,
0x38c6,
0x38c6,
0x38c6,
0x38c6,
0x38c6,
0x58ce,
0x38c6,
0x58ce,
0x58ce,
0x38ce,
0x58ce,
0x58ce,
0x59ce,
0x59ce,
0x58ce,
0x58ce,
0x38ce,
0x58ce,
0x58ce,
0x78ce,
0x58ce,
0x58ce,
0x79ce,
0x58ce,
0x58ce,
0x58ce,
0x79ce,
0x79ce,
0x79ce,
0x99d6,
0x99d6,
0x79ce,
0x79ce,
0x79d6,
0x79ce,
0x79d6,
0x79d6,
0x79d6,
0x79d6,
0x79d6,
0x9ad6,
0x9ad6,
0x99d6,
0x99d6,
0x9ad6,
0xbad6,
0xbad6,
0x9ad6,
0x9ad6,
0x99d6,
0x99d6,
0x9ad6,
0xdad6,
0xdade,
0xbad6,
0xbad6,
0xfbde,
0xfbde,
0xdade,
0xdade,
0xdad6,
0xbad6,
0xbad6,
0xbad6,
0x9ad6,
0x9ad6,
0x9ad6,
0x99d6,
0x99d6,
0x79ce,
0x99d6,
0x99d6,
0x79ce,
0x58ce,
0x58ce,
0x38c6,
0x38c6,
0x38c6,
0x38c6,
0x38c6,
0x38c6,
0x38c6,
0x18c6,
0x18c6,
0x18c6,
0x17c6,
0xf7bd,
0x17c6,
0x18c6,
0x18c6,
0x38c6,
0x17c6,
0x17c6,
0x18c6,
0x38c6,
0x38c6,
0x18c6,
0x38ce,
0x38ce,
0x58ce,
0x58ce,
0x38c6,
0x38c6,
0x18c6,
0x17c6,
0x17c6,
0x38ce,
0x38ce,
0x38ce,
0x38ce,
0x38ce,
0x38ce,
0x17c6,
0x17c6,
0x37c6,
0x17c6,
0x37c6,
0x58ce,
0x58ce,
0x38ce,
0x38ce,
0x17c6,
0x38ce,
0x38ce,
0x17c6,
0x17c6,
0x17c6,
0x17c6,
0x17c6,
0x38c6,
0x38ce,
0x38ce,
0x38ce,
0x38ce,
0x38ce,
0x38ce,
0x38ce,
0x38ce,
0x38ce,
0x38ce,
0x38ce,
0x38ce,
0x38ce,
0x38ce,
0x38ce,
0x38ce,
0x38ce,
0x38ce,
0x38ce,
0x38ce,
0x38ce,
0x38ce,
0x38ce,
0x38ce,
0x38ce,
0x38ce,
0x38ce,
0x38ce,
0x38ce,
0x38ce,
0x38ce,
0x38ce,
0x38ce,
0x38ce,
0x38ce,
0x38ce,
0x38ce,
0x38ce,
0x37ce,
0x37ce,
0x37ce,
0x37c6,
0x17c6,
0x17c6,
0x17c6,
0xf7c5,
0xf7bd,
0xd7bd,
0xd7bd,
0xd6bd,
0xd6bd,
0xd6bd,
0xb6b5,
0xb6b5,
0xb6bd,
0xd6bd,
0xd6bd,
0xd6bd,
0xd6bd,
0xf7bd,
0xd7bd,
0xf7bd,
0xf7bd,
0xf7bd,
0xf7c5,
0x17c6,
0x17c6,
0x37c6,
0x37ce,
0x38ce,
0x38ce,
0x38ce,
0x38ce,
0x38ce,
0x58ce,
0x58ce,
0x58ce,
0x58ce,
0x58ce,
0x58ce,
0x58ce,
0x58ce,
0x58ce,
0x58ce,
0x58ce,
0x58ce,
0x58ce,
0x38ce,
0x58ce,
0x58ce,
0x58d6,
0x78d6,
0x78d6,
0x78d6,
0x79d6,
0x37ce,
0x99d6,
0x99d6,
0x99de,
0x99d6,
0x99d6,
0x99d6,
0x99d6,
0x99d6,
0x99d6,
0x99d6,
0x99d6,
0x99d6,
0x99d6,
0x99de,
0x99de,
0x99de,
0x99de,
0x99de,
0x99de,
0x99d6,
0x99d6,
0x99de,
0x99de,
0x99de,
0xb9de,
0xb9de,
0xb9de,
0xb9de,
0x99de,
0x99de,
0x99de,
0xb9de,
0xb9de,
0xb9de,
0xbade,
0xbade,
0xbade,
0xbade,
0xb9de,
0xb9de,
0x99de,
0xb9de,
0xb9de,
0x99de,
0xb9de,
0xb9de,
0xb9de,
0xb9de,
0xb9de,
0xb9de,
0x99de,
0x99de,
0x99de,
0x99de,
0xb9de,
0xb9de,
0xb9de,
0x99de,
0xb9de,
0x99de,
0x99d6,
0x79d6,
0x79d6,
0x99d6,
0x99de,
0xb9de,
0xb9de,
0xb9de,
0xb9de,
0x99de,
0x79d6,
0x79d6,
0x79d6,
0x79d6,
0x99d6,
0x79d6,
0x79d6,
0x99d6,
0xb9de,
0xb9de,
0xb9de,
0x99d6,
0x99d6,
0x99d6,
0x78d6,
0x58ce,
0x58ce,
0x78ce,
0x79d6,
0x99d6,
0x99d6,
0xbade,
0xdade,
0xdade,
0xdade,
0xdade,
0xdade,
0xdade,
0xdade,
0xb9de,
0x99d6,
0xb9d6,
0xdade,
0xdae6,
0xdade,
0xbade,
0x99de,
0x99d6,
0x99d6,
0xb9de,
0xb9de,
0xb9de,
0xb9de,
0xbade,
0xbade,
0xdade,
0xdade,
0xbade,
0xb9de,
0xbade,
0xb9de,
0xb9de,
0xb9de,
0xb9de,
0xdade,
0xbade,
0xb9de,
0xb9de,
0xdade,
0xdade,
0xdade,
0xdade,
0xdade,
0xdade,
0xdade,
0xdade,
0xdade,
0xdade,
0xdae6,
0xdae6,
0xdae6,
0xdae6,
0xfae6,
0xfae6,
0xdade,
0xdae6,
0xdade,
0xdade,
0xdae6,
0xfae6,
0xfbe6,
0xfae6,
0xdade,
0x99d6,
0x78ce,
0x99de,
0xdade,
0xdae6,
0xdade,
0xdade,
0xdade,
0xdae6,
0xdae6,
0xdae6,
0xdade,
0xdade,
0xb9de,
0xb9de,
0xb9de,
0xb9de,
0xb9de,
0xb9de,
0xbade,
0xdade,
0xdae6,
0xdade,
0xdade,
0xb9de,
0xb9de,
0xb9de,
0x99de,
0xb9de,
0xb9de,
0x99de,
0x99de,
0x99de,
0x99de,
0xb9de,
0xb9de,
0xb9de,
0xb9de,
0xb9de,
0xb9de,
0xb9de,
0xb9de,
0x99d6,
0x99d6,
0x99de,
0xb9de,
0x99de,
0x99d6,
0x99d6,
0xb9de,
0xb9de,
0x99d6,
0x79d6,
0x79d6,
0x79d6,
0x78d6,
0x79d6,
0x99d6,
0x99d6,
0x79d6,
0x99d6,
0x99d6,
0x99de,
0x99d6,
0x79d6,
0x99d6,
0x79d6,
0x78d6,
0x78d6,
0x99d6,
0x79d6,
0x78d6,
0x78d6,
0x79d6,
0x99d6,
0x79d6,
0x79d6,
0x79d6,
0x79d6,
0x79d6,
0x79d6,
0x79d6,
0x78d6,
0x79d6,
0x79d6,
0x79d6,
0x79d6,
0x99d6,
0x99d6,
0x99d6,
0x99d6,
0x99d6,
0x99d6,
0x99d6,
0x99d6,
0x99d6,
0x99d6,
0x99d6,
0x99d6,
0x99d6,
0x99d6,
0x99d6,
0x99d6,
0x99d6,
0x99d6,
0x99d6,
0x99d6,
0x99d6,
0x99d6,
0x99d6,
0x99d6,
0x99d6,
0x79d6,
0x99d6,
0x99d6,
0x99d6,
0x99d6,
0x99d6,
0x99d6,
0x99d6,
0x99d6,
0x99d6,
0x99d6,
0x99d6,
0x99d6,
0x99d6,
0x99d6,
0x99d6,
0x99d6,
0x99d6,
0x99de,
0x99d6,
0x99de,
0x99de,
0x99de,
0x99de,
0x99d6,
0x99d6,
0x99d6,
0x99d6,
0x99d6,
0x99d6,
0x99d6,
0x99d6,
0x99d6,
0x99d6,
0x99d6,
0x99d6,
0x99d6,
0x99d6,
0x99d6,
0x99d6,
0x99d6,
0x99d6,
0x99d6,
0x99d6,
0x99d6,
0x99d6,
0x99d6,
0x99d6,
0x99d6,
0x99d6,
0x99d6,
0x99d6,
0x99d6,
0x99d6,
0x99d6,
0x99d6,
0x99de,
0x99d6,
0x99d6,
0x99d6,
0x99d6,
0x99d6,
0x99d6,
0x99de,
0x58ce};