#include <cstdint>
#include "flags.h"
const uint16_t FLAG_PALETTE[16] = {
0x0000, 0xFFFF, 0x00F8, 0xE007, 0x1F00, 0xE0FF, 0xFF07, 0x1FF8, 0x20FD, 0xDCAE, 0x1084, 0x0842, 0x0004, 0x0080, 0x1000, 0x56FB
};

const uint8_t flag_Flag_of_Albania[192] = {
0x22, 0x22, 0x22, 0x22, 0x22, 0x22, 0x22, 0x22, 0x22, 0x22, 0x22, 0x22, 0x22, 0x22, 0x22, 0x22, 0x22, 0x22, 0x22, 0x22, 0x22, 0x22, 0x22, 0x22, 0x22, 0x22, 0x22, 0x22, 0x22, 0x22, 0x22, 0x22, 0x22, 0x22, 0x22, 0x22, 0x22, 0x22, 0x22, 0x2D, 0x2D, 0xD2, 0x2D, 0xD2, 0xD2, 0x22, 0x22, 0x22, 0x22, 0x22, 0x22, 0x2D, 0xD0, 0xD0, 0x0D, 0x0D, 0xD2, 0x22, 0x22, 0x22, 0x22, 0x22, 0x22, 0x2D, 0xD0, 0x00, 0x00, 0x0D, 0xD2, 0x22, 0x22, 0x22, 0x22, 0x22, 0x22, 0x2D, 0xD0, 0x00, 0x00, 0x0D, 0xD2, 0x22, 0x22, 0x22, 0x22, 0x22, 0x22, 0x2D, 0xD0, 0x00, 0x00, 0x0D, 0xD2, 0x22, 0x22, 0x22, 0x22, 0x22, 0x22, 0x2D, 0xDD, 0xD0, 0x0D, 0xDD, 0xD2, 0x22, 0x22, 0x22, 0x22, 0x22, 0x22, 0x2D, 0xDD, 0xDD, 0xDD, 0xDD, 0xD2, 0x22, 0x22, 0x22, 0x22, 0x22, 0x22, 0x22, 0x22, 0xD0, 0x0D, 0x22, 0x22, 0x22, 0x22, 0x22, 0x22, 0x22, 0x22, 0x22, 0x22, 0x2D, 0xD2, 0x22, 0x22, 0x22, 0x22, 0x22, 0x22, 0x22, 0x22, 0x22, 0x22, 0x2D, 0xD2, 0x22, 0x22, 0x22, 0x22, 0x22, 0x22, 0x22, 0x22, 0x22, 0x22, 0x22, 0x22, 0x22, 0x22, 0x22, 0x22, 0x22, 0x22, 0x22, 0x22, 0x22, 0x22, 0x22, 0x22, 0x22, 0x22, 0x22, 0x22, 0x22, 0x22, 0x22, 0x22, 0x22, 0x22, 0x22, 0x22, 0x22, 0x22, 0x22, 0x22, 0x22
};

const uint8_t flag_Flag_of_Argentina[192] = {
0x99, 0x99, 0x99, 0x99, 0x99, 0x99, 0x99, 0x99, 0x99, 0x99, 0x99, 0x99, 0x99, 0x99, 0x99, 0x99, 0x99, 0x99, 0x99, 0x99, 0x99, 0x99, 0x99, 0x99, 0x99, 0x99, 0x99, 0x99, 0x99, 0x99, 0x99, 0x99, 0x99, 0x99, 0x99, 0x99, 0x99, 0x99, 0x99, 0x99, 0x99, 0x99, 0x99, 0x99, 0x99, 0x99, 0x99, 0x99, 0x99, 0x99, 0x99, 0x99, 0x99, 0x99, 0x99, 0x99, 0x99, 0x99, 0x99, 0x99, 0x99, 0x99, 0x99, 0x99, 0x99, 0x99, 0x99, 0x99, 0x99, 0x99, 0x99, 0x99, 0x11, 0x11, 0x11, 0x11, 0x11, 0x1F, 0xF1, 0x11, 0x11, 0x11, 0x11, 0x11, 0x11, 0x11, 0x11, 0x11, 0x11, 0xF8, 0x8F, 0x11, 0x11, 0x11, 0x11, 0x11, 0x11, 0x11, 0x11, 0x11, 0x11, 0xF8, 0x8F, 0x11, 0x11, 0x11, 0x11, 0x11, 0x11, 0x11, 0x11, 0x11, 0x11, 0x1F, 0xF1, 0x11, 0x11, 0x11, 0x11, 0x11, 0x99, 0x99, 0x99, 0x99, 0x99, 0x99, 0x99, 0x99, 0x99, 0x99, 0x99, 0x99, 0x99, 0x99, 0x99, 0x99, 0x99, 0x99, 0x99, 0x99, 0x99, 0x99, 0x99, 0x99, 0x99, 0x99, 0x99, 0x99, 0x99, 0x99, 0x99, 0x99, 0x99, 0x99, 0x99, 0x99, 0x99, 0x99, 0x99, 0x99, 0x99, 0x99, 0x99, 0x99, 0x99, 0x99, 0x99, 0x99, 0x99, 0x99, 0x99, 0x99, 0x99, 0x99, 0x99, 0x99, 0x99, 0x99, 0x99, 0x99, 0x99, 0x99, 0x99, 0x99, 0x99, 0x99, 0x99, 0x99, 0x99, 0x99, 0x99, 0x99
};

const uint8_t flag_Flag_of_Australia[192] = {
0xF9, 0xAE, 0xEF, 0xFE, 0xEB, 0xFF, 0xEE, 0xEE, 0xEE, 0xEE, 0xEE, 0xEE, 0xEA, 0xFA, 0xE2, 0x2E, 0xAF, 0x9E, 0xEE, 0xEE, 0xEE, 0xEE, 0xEE, 0xEE, 0xAA, 0xF1, 0x1F, 0xF9, 0xF1, 0xAA, 0xEE, 0xEE, 0xEA, 0xAE, 0xEE, 0xEE, 0x22, 0x22, 0x22, 0x22, 0x22, 0x22, 0xEE, 0xEE, 0xEE, 0xEE, 0xEE, 0xEE, 0x22, 0x22, 0x22, 0x22, 0x22, 0x22, 0xEE, 0xEE, 0xEE, 0xEE, 0xEE, 0xEE, 0xAA, 0x1F, 0x9F, 0xF1, 0x1F, 0xAA, 0xEE, 0xEE, 0xEE, 0xEE, 0x9E, 0xEE, 0xA9, 0xFA, 0xE2, 0x2E, 0xAF, 0xAE, 0xEE, 0xAA, 0xEE, 0xEE, 0xAE, 0xEE, 0xFF, 0xEE, 0xEF, 0xFE, 0xEA, 0x9F, 0xEE, 0xAA, 0xEE, 0xEE, 0xEE, 0xEE, 0xEE, 0xEE, 0xEE, 0xEE, 0xEE, 0xEE, 0xEE, 0xEE, 0xEE, 0xEA, 0xEE, 0xEE, 0xEE, 0xEE, 0xEE, 0xEE, 0xEE, 0xEE, 0xEE, 0xEE, 0xEE, 0xEE, 0xEE, 0xEE, 0xEE, 0xEE, 0xEA, 0xAE, 0xEE, 0xEE, 0xEE, 0xEE, 0xEE, 0xEE, 0xEE, 0xEE, 0xEE, 0xEE, 0xE1, 0x1E, 0xEE, 0xEE, 0xEE, 0xEE, 0xEE, 0xEE, 0xEE, 0xEE, 0xEE, 0xEE, 0xE1, 0x1E, 0xEE, 0xEE, 0xEE, 0xEE, 0xEE, 0xEE, 0xEE, 0xEE, 0xEE, 0xEE, 0xEA, 0xAE, 0xEE, 0xEE, 0xEE, 0xEE, 0xEA, 0xAE, 0xEE, 0xEE, 0xEE, 0xEE, 0xEE, 0xEE, 0xEE, 0xEE, 0xEE, 0xEE, 0xEE, 0xEE, 0xEE, 0xEE, 0xEE, 0xEE, 0xEE, 0xEE, 0xEE, 0xEE, 0xEE, 0xEE, 0xEE, 0xEE, 0xEE, 0xEE
};

const uint8_t flag_Flag_of_Austria[192] = {
0x22, 0x22, 0x22, 0x22, 0x22, 0x22, 0x22, 0x22, 0x22, 0x22, 0x22, 0x22, 0x22, 0x22, 0x22, 0x22, 0x22, 0x22, 0x22, 0x22, 0x22, 0x22, 0x22, 0x22, 0x22, 0x22, 0x22, 0x22, 0x22, 0x22, 0x22, 0x22, 0x22, 0x22, 0x22, 0x22, 0x22, 0x22, 0x22, 0x22, 0x22, 0x22, 0x22, 0x22, 0x22, 0x22, 0x22, 0x22, 0x22, 0x22, 0x22, 0x22, 0x22, 0x22, 0x22, 0x22, 0x22, 0x22, 0x22, 0x22, 0xFF, 0xFF, 0xFF, 0xFF, 0xFF, 0xFF, 0xFF, 0xFF, 0xFF, 0xFF, 0xFF, 0xFF, 0x11, 0x11, 0x11, 0x11, 0x11, 0x11, 0x11, 0x11, 0x11, 0x11, 0x11, 0x11, 0x11, 0x11, 0x11, 0x11, 0x11, 0x11, 0x11, 0x11, 0x11, 0x11, 0x11, 0x11, 0x11, 0x11, 0x11, 0x11, 0x11, 0x11, 0x11, 0x11, 0x11, 0x11, 0x11, 0x11, 0x11, 0x11, 0x11, 0x11, 0x11, 0x11, 0x11, 0x11, 0x11, 0x11, 0x11, 0x11, 0xFF, 0xFF, 0xFF, 0xFF, 0xFF, 0xFF, 0xFF, 0xFF, 0xFF, 0xFF, 0xFF, 0xFF, 0x22, 0x22, 0x22, 0x22, 0x22, 0x22, 0x22, 0x22, 0x22, 0x22, 0x22, 0x22, 0x22, 0x22, 0x22, 0x22, 0x22, 0x22, 0x22, 0x22, 0x22, 0x22, 0x22, 0x22, 0x22, 0x22, 0x22, 0x22, 0x22, 0x22, 0x22, 0x22, 0x22, 0x22, 0x22, 0x22, 0x22, 0x22, 0x22, 0x22, 0x22, 0x22, 0x22, 0x22, 0x22, 0x22, 0x22, 0x22, 0x22, 0x22, 0x22, 0x22, 0x22, 0x22, 0x22, 0x22, 0x22, 0x22, 0x22, 0x22
};

const uint8_t flag_Flag_of_Bangladesh[192] = {
0xBB, 0xBB, 0xBB, 0xBC, 0xCC, 0xCC, 0xCC, 0xCB, 0xBB, 0xBB, 0xBB, 0xBB, 0xBB, 0xBB, 0xBB, 0xBB, 0xBB, 0xBB, 0xBB, 0xBB, 0xBB, 0xBB, 0xBB, 0xBB, 0xBB, 0xBB, 0xCC, 0xBB, 0xBB, 0xBB, 0xBB, 0xBC, 0xCB, 0xBB, 0xBB, 0xBB, 0xBB, 0xBB, 0xCC, 0xBB, 0xBD, 0xDD, 0xDB, 0xBB, 0xCC, 0xBB, 0xBB, 0xBB, 0xBB, 0xBB, 0xBB, 0xBB, 0xD2, 0x22, 0x2D, 0xBB, 0xBB, 0xBB, 0xBB, 0xBB, 0xBC, 0xBB, 0xBB, 0xBD, 0x22, 0x22, 0x22, 0xBB, 0xBB, 0xBB, 0xBB, 0xBB, 0xBC, 0xCB, 0xBB, 0xBD, 0x22, 0x22, 0x22, 0xDB, 0xBB, 0xBC, 0xBB, 0xBB, 0xBC, 0xCB, 0xBB, 0xB2, 0x22, 0x22, 0x22, 0xDB, 0xBB, 0xBC, 0xBB, 0xBB, 0xBC, 0xCB, 0xBB, 0xB2, 0x22, 0x22, 0x22, 0xDB, 0xBB, 0xBC, 0xBB, 0xBB, 0xBC, 0xCB, 0xBB, 0xBD, 0x22, 0x22, 0x22, 0xDB, 0xBB, 0xBC, 0xBB, 0xBB, 0xBC, 0xBB, 0xBB, 0xBD, 0x22, 0x22, 0x22, 0xBB, 0xBB, 0xBB, 0xBB, 0xBB, 0xBB, 0xBB, 0xBB, 0xBB, 0xD2, 0x22, 0x2D, 0xBB, 0xBB, 0xBB, 0xBB, 0xBB, 0xBB, 0xBB, 0xCC, 0xBB, 0xBD, 0xDD, 0xDB, 0xBB, 0xCC, 0xBB, 0xBB, 0xBB, 0xBB, 0xBB, 0xCC, 0xBB, 0xBB, 0xBB, 0xBB, 0xBC, 0xCB, 0xBB, 0xBB, 0xBB, 0xBB, 0xBB, 0xBB, 0xBB, 0xBB, 0xBB, 0xBB, 0xBB, 0xBB, 0xBB, 0xBB, 0xBB, 0xBB, 0xBB, 0xBB, 0xBC, 0xCC, 0xCC, 0xCC, 0xCB, 0xBB, 0xBB, 0xBB, 0xBB
};

const uint8_t flag_Flag_of_Belarus[192] = {
0xFF, 0xF2, 0x22, 0x22, 0x22, 0x22, 0x22, 0x22, 0x22, 0x22, 0x22, 0x22, 0xFF, 0xF2, 0x22, 0x22, 0x22, 0x22, 0x22, 0x22, 0x22, 0x22, 0x22, 0x22, 0xFF, 0xF2, 0x22, 0x22, 0x22, 0x22, 0x22, 0x22, 0x22, 0x22, 0x22, 0x22, 0xFF, 0xF2, 0x22, 0x22, 0x22, 0x22, 0x22, 0x22, 0x22, 0x22, 0x22, 0x22, 0xFF, 0x22, 0x22, 0x22, 0x22, 0x22, 0x22, 0x22, 0x22, 0x22, 0x22, 0x22, 0xFF, 0xF2, 0x22, 0x22, 0x22, 0x22, 0x22, 0x22, 0x22, 0x22, 0x22, 0x22, 0xFF, 0xF2, 0x22, 0x22, 0x22, 0x22, 0x22, 0x22, 0x22, 0x22, 0x22, 0x22, 0xFF, 0xF2, 0x22, 0x22, 0x22, 0x22, 0x22, 0x22, 0x22, 0x22, 0x22, 0x22, 0xFF, 0xF2, 0x22, 0x22, 0x22, 0x22, 0x22, 0x22, 0x22, 0x22, 0x22, 0x22, 0xFF, 0xF2, 0x22, 0x22, 0x22, 0x22, 0x22, 0x22, 0x22, 0x22, 0x22, 0x22, 0xFF, 0xAD, 0xDD, 0xDD, 0xDD, 0xDD, 0xDD, 0xDD, 0xDD, 0xDD, 0xDD, 0xDD, 0xAF, 0xAC, 0xCC, 0xCC, 0xCC, 0xCC, 0xCC, 0xCC, 0xCC, 0xCC, 0xCC, 0xCC, 0xFF, 0xAC, 0xCC, 0xCC, 0xCC, 0xCC, 0xCC, 0xCC, 0xCC, 0xCC, 0xCC, 0xCC, 0xFF, 0xAC, 0xCC, 0xCC, 0xCC, 0xCC, 0xCC, 0xCC, 0xCC, 0xCC, 0xCC, 0xCC, 0xFF, 0xAC, 0xCC, 0xCC, 0xCC, 0xCC, 0xCC, 0xCC, 0xCC, 0xCC, 0xCC, 0xCC, 0xFF, 0xAC, 0xCC, 0xCC, 0xCC, 0xCC, 0xCC, 0xCC, 0xCC, 0xCC, 0xCC, 0xCC
};

const uint8_t flag_Flag_of_Belgium[192] = {
0x00, 0x00, 0x00, 0x00, 0x85, 0x55, 0x55, 0x58, 0x22, 0x22, 0x22, 0x22, 0x00, 0x00, 0x00, 0x00, 0x85, 0x55, 0x55, 0x58, 0x22, 0x22, 0x22, 0x22, 0x00, 0x00, 0x00, 0x00, 0x85, 0x55, 0x55, 0x58, 0x22, 0x22, 0x22, 0x22, 0x00, 0x00, 0x00, 0x00, 0x85, 0x55, 0x55, 0x58, 0x22, 0x22, 0x22, 0x22, 0x00, 0x00, 0x00, 0x00, 0x85, 0x55, 0x55, 0x58, 0x22, 0x22, 0x22, 0x22, 0x00, 0x00, 0x00, 0x00, 0x85, 0x55, 0x55, 0x58, 0x22, 0x22, 0x22, 0x22, 0x00, 0x00, 0x00, 0x00, 0x85, 0x55, 0x55, 0x58, 0x22, 0x22, 0x22, 0x22, 0x00, 0x00, 0x00, 0x00, 0x85, 0x55, 0x55, 0x58, 0x22, 0x22, 0x22, 0x22, 0x00, 0x00, 0x00, 0x00, 0x85, 0x55, 0x55, 0x58, 0x22, 0x22, 0x22, 0x22, 0x00, 0x00, 0x00, 0x00, 0x85, 0x55, 0x55, 0x58, 0x22, 0x22, 0x22, 0x22, 0x00, 0x00, 0x00, 0x00, 0x85, 0x55, 0x55, 0x58, 0x22, 0x22, 0x22, 0x22, 0x00, 0x00, 0x00, 0x00, 0x85, 0x55, 0x55, 0x58, 0x22, 0x22, 0x22, 0x22, 0x00, 0x00, 0x00, 0x00, 0x85, 0x55, 0x55, 0x58, 0x22, 0x22, 0x22, 0x22, 0x00, 0x00, 0x00, 0x00, 0x85, 0x55, 0x55, 0x58, 0x22, 0x22, 0x22, 0x22, 0x00, 0x00, 0x00, 0x00, 0x85, 0x55, 0x55, 0x58, 0x22, 0x22, 0x22, 0x22, 0x00, 0x00, 0x00, 0x00, 0x85, 0x55, 0x55, 0x58, 0x22, 0x22, 0x22, 0x22
};

const uint8_t flag_Flag_of_Bolivia[192] = {
0x22, 0x22, 0x22, 0x22, 0x22, 0x22, 0x22, 0x22, 0x22, 0x22, 0x22, 0x22, 0x22, 0x22, 0x22, 0x22, 0x22, 0x22, 0x22, 0x22, 0x22, 0x22, 0x22, 0x22, 0x22, 0x22, 0x22, 0x22, 0x22, 0x22, 0x22, 0x22, 0x22, 0x22, 0x22, 0x22, 0x22, 0x22, 0x22, 0x22, 0x22, 0x22, 0x22, 0x22, 0x22, 0x22, 0x22, 0x22, 0x22, 0x22, 0x22, 0x22, 0x22, 0x22, 0x22, 0x22, 0x22, 0x22, 0x22, 0x22, 0x88, 0x88, 0x88, 0x88, 0x88, 0x88, 0x88, 0x88, 0x88, 0x88, 0x88, 0x88, 0x55, 0x55, 0x55, 0x55, 0x55, 0x55, 0x55, 0x55, 0x55, 0x55, 0x55, 0x55, 0x55, 0x55, 0x55, 0x55, 0x55, 0x55, 0x55, 0x55, 0x55, 0x55, 0x55, 0x55, 0x55, 0x55, 0x55, 0x55, 0x55, 0x55, 0x55, 0x55, 0x55, 0x55, 0x55, 0x55, 0x55, 0x55, 0x55, 0x55, 0x55, 0x55, 0x55, 0x55, 0x55, 0x55, 0x55, 0x55, 0x88, 0x88, 0x88, 0x88, 0x88, 0x88, 0x88, 0x88, 0x88, 0x88, 0x88, 0x88, 0xCC, 0xCC, 0xCC, 0xCC, 0xCC, 0xCC, 0xCC, 0xCC, 0xCC, 0xCC, 0xCC, 0xCC, 0xCC, 0xCC, 0xCC, 0xCC, 0xCC, 0xCC, 0xCC, 0xCC, 0xCC, 0xCC, 0xCC, 0xCC, 0xCC, 0xCC, 0xCC, 0xCC, 0xCC, 0xCC, 0xCC, 0xCC, 0xCC, 0xCC, 0xCC, 0xCC, 0xCC, 0xCC, 0xCC, 0xCC, 0xCC, 0xCC, 0xCC, 0xCC, 0xCC, 0xCC, 0xCC, 0xCC, 0xCC, 0xCC, 0xCC, 0xCC, 0xCC, 0xCC, 0xCC, 0xCC, 0xCC, 0xCC, 0xCC, 0xCC
};

const uint8_t flag_Flag_of_Bosnia_and_Herzegovina[192] = {
0xEE, 0xEA, 0xAE, 0xB5, 0x88, 0x88, 0x88, 0x88, 0x85, 0xBE, 0xEE, 0xEE, 0xEE, 0xEE, 0xE9, 0xAA, 0x58, 0x88, 0x88, 0x88, 0x85, 0xBE, 0xEE, 0xEE, 0xEE, 0xEE, 0xE9, 0xAE, 0x85, 0x88, 0x88, 0x88, 0x85, 0xBE, 0xEE, 0xEE, 0xEE, 0xEE, 0xEE, 0xA9, 0xE8, 0x88, 0x88, 0x88, 0x85, 0xBE, 0xEE, 0xEE, 0xEE, 0xEE, 0xEE, 0xAA, 0xEB, 0x58, 0x88, 0x88, 0x85, 0xBE, 0xEE, 0xEE, 0xEE, 0xEE, 0xEE, 0xEE, 0x9A, 0xA5, 0x88, 0x88, 0x85, 0xBE, 0xEE, 0xEE, 0xEE, 0xEE, 0xEE, 0xEE, 0x9A, 0xE8, 0x58, 0x88, 0x85, 0xBE, 0xEE, 0xEE, 0xEE, 0xEE, 0xEE, 0xEE, 0xEA, 0x9E, 0x88, 0x88, 0x85, 0xBE, 0xEE, 0xEE, 0xEE, 0xEE, 0xEE, 0xEE, 0xEA, 0xAE, 0xB5, 0x88, 0x85, 0xBE, 0xEE, 0xEE, 0xEE, 0xEE, 0xEE, 0xEE, 0xEE, 0xE9, 0xAA, 0x58, 0x85, 0xBE, 0xEE, 0xEE, 0xEE, 0xEE, 0xEE, 0xEE, 0xEE, 0xE9, 0xAE, 0x85, 0x85, 0xBE, 0xEE, 0xEE, 0xEE, 0xEE, 0xEE, 0xEE, 0xEE, 0xEE, 0xA9, 0xE8, 0x85, 0xBE, 0xEE, 0xEE, 0xEE, 0xEE, 0xEE, 0xEE, 0xEE, 0xEE, 0xAA, 0xEB, 0x85, 0xBE, 0xEE, 0xEE, 0xEE, 0xEE, 0xEE, 0xEE, 0xEE, 0xEE, 0xEE, 0x9A, 0xB5, 0xBE, 0xEE, 0xEE, 0xEE, 0xEE, 0xEE, 0xEE, 0xEE, 0xEE, 0xEE, 0x9A, 0xE8, 0xAE, 0xEE, 0xEE, 0xEE, 0xEE, 0xEE, 0xEE, 0xEE, 0xEE, 0xEE, 0xEA, 0x9B, 0xBE, 0xEE, 0xEE
};

const uint8_t flag_Flag_of_Brazil[192] = {
0xCC, 0xCC, 0xCC, 0xCC, 0xCC, 0xCC, 0xCC, 0xCC, 0xCC, 0xCC, 0xCC, 0xCC, 0xCC, 0xCC, 0xCC, 0xCC, 0xCC, 0xCC, 0xCC, 0xCC, 0xCC, 0xCC, 0xCC, 0xCC, 0xCC, 0xCC, 0xCC, 0xCC, 0xCC, 0xC8, 0x8C, 0xCC, 0xCC, 0xCC, 0xCC, 0xCC, 0xCC, 0xCC, 0xCC, 0xCC, 0xC8, 0x58, 0x85, 0x8C, 0xCC, 0xCC, 0xCC, 0xCC, 0xCC, 0xCC, 0xCC, 0xCA, 0x88, 0xBB, 0xBB, 0x88, 0xAC, 0xCC, 0xCC, 0xCC, 0xCC, 0xCC, 0xCC, 0x85, 0x8E, 0xEE, 0xEE, 0xE8, 0x58, 0xCC, 0xCC, 0xCC, 0xCC, 0xCC, 0xA8, 0x88, 0xAA, 0xAA, 0xAB, 0xEB, 0x88, 0x8A, 0xCC, 0xCC, 0xCC, 0xA8, 0x88, 0x88, 0xBB, 0xBA, 0xAA, 0xAB, 0x85, 0x88, 0x8A, 0xCC, 0xCC, 0xA8, 0x88, 0x58, 0xEE, 0xEE, 0xEE, 0xAA, 0x88, 0x88, 0x8A, 0xCC, 0xCC, 0xCC, 0xA8, 0x88, 0xBE, 0xBB, 0xBB, 0xEA, 0x88, 0x8A, 0xCC, 0xCC, 0xCC, 0xCC, 0xCC, 0x85, 0x8E, 0xEE, 0xEE, 0xE8, 0x58, 0xCC, 0xCC, 0xCC, 0xCC, 0xCC, 0xCC, 0xCA, 0x88, 0xBB, 0xBB, 0x88, 0xAC, 0xCC, 0xCC, 0xCC, 0xCC, 0xCC, 0xCC, 0xCC, 0xC8, 0x58, 0x85, 0x8C, 0xCC, 0xCC, 0xCC, 0xCC, 0xCC, 0xCC, 0xCC, 0xCC, 0xCC, 0xC8, 0x8C, 0xCC, 0xCC, 0xCC, 0xCC, 0xCC, 0xCC, 0xCC, 0xCC, 0xCC, 0xCC, 0xCC, 0xCC, 0xCC, 0xCC, 0xCC, 0xCC, 0xCC, 0xCC, 0xCC, 0xCC, 0xCC, 0xCC, 0xCC, 0xCC, 0xCC, 0xCC, 0xCC, 0xCC, 0xCC
};

const uint8_t flag_Flag_of_Bulgaria[192] = {
0x11, 0x11, 0x11, 0x11, 0x11, 0x11, 0x11, 0x11, 0x11, 0x11, 0x11, 0x11, 0x11, 0x11, 0x11, 0x11, 0x11, 0x11, 0x11, 0x11, 0x11, 0x11, 0x11, 0x11, 0x11, 0x11, 0x11, 0x11, 0x11, 0x11, 0x11, 0x11, 0x11, 0x11, 0x11, 0x11, 0x11, 0x11, 0x11, 0x11, 0x11, 0x11, 0x11, 0x11, 0x11, 0x11, 0x11, 0x11, 0x11, 0x11, 0x11, 0x11, 0x11, 0x11, 0x11, 0x11, 0x11, 0x11, 0x11, 0x11, 0xAA, 0xAA, 0xAA, 0xAA, 0xAA, 0xAA, 0xAA, 0xAA, 0xAA, 0xAA, 0xAA, 0xAA, 0xCC, 0xCC, 0xCC, 0xCC, 0xCC, 0xCC, 0xCC, 0xCC, 0xCC, 0xCC, 0xCC, 0xCC, 0xCC, 0xCC, 0xCC, 0xCC, 0xCC, 0xCC, 0xCC, 0xCC, 0xCC, 0xCC, 0xCC, 0xCC, 0xCC, 0xCC, 0xCC, 0xCC, 0xCC, 0xCC, 0xCC, 0xCC, 0xCC, 0xCC, 0xCC, 0xCC, 0xCC, 0xCC, 0xCC, 0xCC, 0xCC, 0xCC, 0xCC, 0xCC, 0xCC, 0xCC, 0xCC, 0xCC, 0xBB, 0xBB, 0xBB, 0xBB, 0xBB, 0xBB, 0xBB, 0xBB, 0xBB, 0xBB, 0xBB, 0xBB, 0x22, 0x22, 0x22, 0x22, 0x22, 0x22, 0x22, 0x22, 0x22, 0x22, 0x22, 0x22, 0x22, 0x22, 0x22, 0x22, 0x22, 0x22, 0x22, 0x22, 0x22, 0x22, 0x22, 0x22, 0x22, 0x22, 0x22, 0x22, 0x22, 0x22, 0x22, 0x22, 0x22, 0x22, 0x22, 0x22, 0x22, 0x22, 0x22, 0x22, 0x22, 0x22, 0x22, 0x22, 0x22, 0x22, 0x22, 0x22, 0x22, 0x22, 0x22, 0x22, 0x22, 0x22, 0x22, 0x22, 0x22, 0x22, 0x22, 0x22
};

const uint8_t flag_Flag_of_Canada[192] = {
0x22, 0x22, 0x22, 0x11, 0x11, 0x11, 0x11, 0x11, 0x11, 0x22, 0x22, 0x22, 0x22, 0x22, 0x22, 0x11, 0x11, 0x11, 0x11, 0x11, 0x11, 0x22, 0x22, 0x22, 0x22, 0x22, 0x22, 0x11, 0x11, 0x1F, 0xF1, 0x11, 0x11, 0x22, 0x22, 0x22, 0x22, 0x22, 0x22, 0x11, 0x11, 0xF2, 0x2F, 0x11, 0x11, 0x22, 0x22, 0x22, 0x22, 0x22, 0x22, 0x11, 0x11, 0x22, 0x22, 0x11, 0x11, 0x22, 0x22, 0x22, 0x22, 0x22, 0x22, 0x11, 0x1F, 0xF2, 0x2F, 0xF1, 0x11, 0x22, 0x22, 0x22, 0x22, 0x22, 0x22, 0x1F, 0x22, 0xF2, 0x2F, 0x22, 0xF1, 0x22, 0x22, 0x22, 0x22, 0x22, 0x22, 0x11, 0x22, 0x22, 0x22, 0x22, 0x11, 0x22, 0x22, 0x22, 0x22, 0x22, 0x22, 0x1F, 0x22, 0x22, 0x22, 0x22, 0xF1, 0x22, 0x22, 0x22, 0x22, 0x22, 0x22, 0x11, 0xF2, 0x22, 0x22, 0x2F, 0x11, 0x22, 0x22, 0x22, 0x22, 0x22, 0x22, 0x11, 0x1F, 0x22, 0x22, 0xF1, 0x11, 0x22, 0x22, 0x22, 0x22, 0x22, 0x22, 0x11, 0x1F, 0x2F, 0xF2, 0xF1, 0x11, 0x22, 0x22, 0x22, 0x22, 0x22, 0x22, 0x11, 0x11, 0x11, 0x11, 0x11, 0x11, 0x22, 0x22, 0x22, 0x22, 0x22, 0x22, 0x11, 0x11, 0x11, 0x11, 0x11, 0x11, 0x22, 0x22, 0x22, 0x22, 0x22, 0x22, 0x11, 0x11, 0x11, 0x11, 0x11, 0x11, 0x22, 0x22, 0x22, 0x22, 0x22, 0x22, 0x11, 0x11, 0x11, 0x11, 0x11, 0x11, 0x22, 0x22, 0x22
};

const uint8_t flag_Flag_of_Chile[192] = {
0xEE, 0xEE, 0xEE, 0xEE, 0x11, 0x11, 0x11, 0x11, 0x11, 0x11, 0x11, 0x11, 0xEE, 0xEE, 0xEE, 0xEE, 0x11, 0x11, 0x11, 0x11, 0x11, 0x11, 0x11, 0x11, 0xEE, 0xEE, 0xEE, 0xEE, 0x11, 0x11, 0x11, 0x11, 0x11, 0x11, 0x11, 0x11, 0xEE, 0xA9, 0x9A, 0xEE, 0x11, 0x11, 0x11, 0x11, 0x11, 0x11, 0x11, 0x11, 0xEE, 0xE1, 0x1E, 0xEE, 0x11, 0x11, 0x11, 0x11, 0x11, 0x11, 0x11, 0x11, 0xEE, 0xEE, 0xEE, 0xEE, 0x11, 0x11, 0x11, 0x11, 0x11, 0x11, 0x11, 0x11, 0xEE, 0xEE, 0xEE, 0xEE, 0x11, 0x11, 0x11, 0x11, 0x11, 0x11, 0x11, 0x11, 0xEE, 0xEE, 0xEE, 0xEE, 0x11, 0x11, 0x11, 0x11, 0x11, 0x11, 0x11, 0x11, 0x22, 0x22, 0x22, 0x22, 0x22, 0x22, 0x22, 0x22, 0x22, 0x22, 0x22, 0x22, 0x22, 0x22, 0x22, 0x22, 0x22, 0x22, 0x22, 0x22, 0x22, 0x22, 0x22, 0x22, 0x22, 0x22, 0x22, 0x22, 0x22, 0x22, 0x22, 0x22, 0x22, 0x22, 0x22, 0x22, 0x22, 0x22, 0x22, 0x22, 0x22, 0x22, 0x22, 0x22, 0x22, 0x22, 0x22, 0x22, 0x22, 0x22, 0x22, 0x22, 0x22, 0x22, 0x22, 0x22, 0x22, 0x22, 0x22, 0x22, 0x22, 0x22, 0x22, 0x22, 0x22, 0x22, 0x22, 0x22, 0x22, 0x22, 0x22, 0x22, 0x22, 0x22, 0x22, 0x22, 0x22, 0x22, 0x22, 0x22, 0x22, 0x22, 0x22, 0x22, 0x22, 0x22, 0x22, 0x22, 0x22, 0x22, 0x22, 0x22, 0x22, 0x22, 0x22, 0x22
};

const uint8_t flag_Flag_of_China[192] = {
0x22, 0x22, 0x22, 0x22, 0x22, 0x22, 0x22, 0x22, 0x22, 0x22, 0x22, 0x22, 0x22, 0x22, 0x22, 0x28, 0x82, 0x22, 0x22, 0x22, 0x22, 0x22, 0x22, 0x22, 0x22, 0x28, 0x82, 0x22, 0x22, 0x22, 0x22, 0x22, 0x22, 0x22, 0x22, 0x22, 0x22, 0x85, 0x58, 0x22, 0x28, 0x22, 0x22, 0x22, 0x22, 0x22, 0x22, 0x22, 0x22, 0x25, 0x52, 0x22, 0x22, 0x22, 0x22, 0x22, 0x22, 0x22, 0x22, 0x22, 0x22, 0x28, 0x82, 0x22, 0x28, 0x22, 0x22, 0x22, 0x22, 0x22, 0x22, 0x22, 0x22, 0x22, 0x22, 0x22, 0x22, 0x22, 0x22, 0x22, 0x22, 0x22, 0x22, 0x22, 0x22, 0x22, 0x22, 0x28, 0x82, 0x22, 0x22, 0x22, 0x22, 0x22, 0x22, 0x22, 0x22, 0x22, 0x22, 0x22, 0x22, 0x22, 0x22, 0x22, 0x22, 0x22, 0x22, 0x22, 0x22, 0x22, 0x22, 0x22, 0x22, 0x22, 0x22, 0x22, 0x22, 0x22, 0x22, 0x22, 0x22, 0x22, 0x22, 0x22, 0x22, 0x22, 0x22, 0x22, 0x22, 0x22, 0x22, 0x22, 0x22, 0x22, 0x22, 0x22, 0x22, 0x22, 0x22, 0x22, 0x22, 0x22, 0x22, 0x22, 0x22, 0x22, 0x22, 0x22, 0x22, 0x22, 0x22, 0x22, 0x22, 0x22, 0x22, 0x22, 0x22, 0x22, 0x22, 0x22, 0x22, 0x22, 0x22, 0x22, 0x22, 0x22, 0x22, 0x22, 0x22, 0x22, 0x22, 0x22, 0x22, 0x22, 0x22, 0x22, 0x22, 0x22, 0x22, 0x22, 0x22, 0x22, 0x22, 0x22, 0x22, 0x22, 0x22, 0x22, 0x22, 0x22, 0x22, 0x22
};

const uint8_t flag_Flag_of_Colombia[192] = {
0x88, 0x88, 0x88, 0x88, 0x88, 0x88, 0x88, 0x88, 0x88, 0x88, 0x88, 0x88, 0x88, 0x88, 0x88, 0x88, 0x88, 0x88, 0x88, 0x88, 0x88, 0x88, 0x88, 0x88, 0x88, 0x88, 0x88, 0x88, 0x88, 0x88, 0x88, 0x88, 0x88, 0x88, 0x88, 0x88, 0x88, 0x88, 0x88, 0x88, 0x88, 0x88, 0x88, 0x88, 0x88, 0x88, 0x88, 0x88, 0x88, 0x88, 0x88, 0x88, 0x88, 0x88, 0x88, 0x88, 0x88, 0x88, 0x88, 0x88, 0x88, 0x88, 0x88, 0x88, 0x88, 0x88, 0x88, 0x88, 0x88, 0x88, 0x88, 0x88, 0x88, 0x88, 0x88, 0x88, 0x88, 0x88, 0x88, 0x88, 0x88, 0x88, 0x88, 0x88, 0x88, 0x88, 0x88, 0x88, 0x88, 0x88, 0x88, 0x88, 0x88, 0x88, 0x88, 0x88, 0xEE, 0xEE, 0xEE, 0xEE, 0xEE, 0xEE, 0xEE, 0xEE, 0xEE, 0xEE, 0xEE, 0xEE, 0xEE, 0xEE, 0xEE, 0xEE, 0xEE, 0xEE, 0xEE, 0xEE, 0xEE, 0xEE, 0xEE, 0xEE, 0xEE, 0xEE, 0xEE, 0xEE, 0xEE, 0xEE, 0xEE, 0xEE, 0xEE, 0xEE, 0xEE, 0xEE, 0xEE, 0xEE, 0xEE, 0xEE, 0xEE, 0xEE, 0xEE, 0xEE, 0xEE, 0xEE, 0xEE, 0xEE, 0xDD, 0xDD, 0xDD, 0xDD, 0xDD, 0xDD, 0xDD, 0xDD, 0xDD, 0xDD, 0xDD, 0xDD, 0x22, 0x22, 0x22, 0x22, 0x22, 0x22, 0x22, 0x22, 0x22, 0x22, 0x22, 0x22, 0x22, 0x22, 0x22, 0x22, 0x22, 0x22, 0x22, 0x22, 0x22, 0x22, 0x22, 0x22, 0x22, 0x22, 0x22, 0x22, 0x22, 0x22, 0x22, 0x22, 0x22, 0x22, 0x22, 0x22
};

const uint8_t flag_Flag_of_Costa_Rica[192] = {
0xEE, 0xEE, 0xEE, 0xEE, 0xEE, 0xEE, 0xEE, 0xEE, 0xEE, 0xEE, 0xEE, 0xEE, 0xEE, 0xEE, 0xEE, 0xEE, 0xEE, 0xEE, 0xEE, 0xEE, 0xEE, 0xEE, 0xEE, 0xEE, 0xAA, 0xAA, 0xAA, 0xAA, 0xAA, 0xAA, 0xAA, 0xAA, 0xAA, 0xAA, 0xAA, 0xAA, 0x11, 0x11, 0x11, 0x11, 0x11, 0x11, 0x11, 0x11, 0x11, 0x11, 0x11, 0x11, 0x11, 0x11, 0x11, 0x11, 0x11, 0x11, 0x11, 0x11, 0x11, 0x11, 0x11, 0x11, 0xFF, 0xFF, 0xFF, 0xFF, 0xFF, 0xFF, 0xFF, 0xFF, 0xFF, 0xFF, 0xFF, 0xFF, 0x22, 0x22, 0x22, 0x22, 0x22, 0x22, 0x22, 0x22, 0x22, 0x22, 0x22, 0x22, 0x22, 0x22, 0x22, 0x22, 0x22, 0x22, 0x22, 0x22, 0x22, 0x22, 0x22, 0x22, 0x22, 0x22, 0x22, 0x22, 0x22, 0x22, 0x22, 0x22, 0x22, 0x22, 0x22, 0x22, 0x22, 0x22, 0x22, 0x22, 0x22, 0x22, 0x22, 0x22, 0x22, 0x22, 0x22, 0x22, 0xFF, 0xFF, 0xFF, 0xFF, 0xFF, 0xFF, 0xFF, 0xFF, 0xFF, 0xFF, 0xFF, 0xFF, 0x11, 0x11, 0x11, 0x11, 0x11, 0x11, 0x11, 0x11, 0x11, 0x11, 0x11, 0x11, 0x11, 0x11, 0x11, 0x11, 0x11, 0x11, 0x11, 0x11, 0x11, 0x11, 0x11, 0x11, 0xAA, 0xAA, 0xAA, 0xAA, 0xAA, 0xAA, 0xAA, 0xAA, 0xAA, 0xAA, 0xAA, 0xAA, 0xEE, 0xEE, 0xEE, 0xEE, 0xEE, 0xEE, 0xEE, 0xEE, 0xEE, 0xEE, 0xEE, 0xEE, 0xEE, 0xEE, 0xEE, 0xEE, 0xEE, 0xEE, 0xEE, 0xEE, 0xEE, 0xEE, 0xEE, 0xEE
};

const uint8_t flag_Flag_of_Croatia[192] = {
0x22, 0x22, 0x22, 0x22, 0x22, 0x22, 0x22, 0x22, 0x22, 0x22, 0x22, 0x22, 0x22, 0x22, 0x22, 0x22, 0x22, 0x22, 0x22, 0x22, 0x22, 0x22, 0x22, 0x22, 0x22, 0x22, 0x22, 0x22, 0x22, 0x2A, 0xA2, 0x22, 0x22, 0x22, 0x22, 0x22, 0x22, 0x22, 0x22, 0x22, 0x2A, 0xBA, 0xAA, 0xA2, 0x22, 0x22, 0x22, 0x22, 0x22, 0x22, 0x22, 0x22, 0x2A, 0xAB, 0xAA, 0xA2, 0x22, 0x22, 0x22, 0x22, 0xFF, 0xFF, 0xFF, 0xFF, 0xFF, 0xFF, 0xFF, 0xFF, 0xFF, 0xFF, 0xFF, 0xFF, 0x11, 0x11, 0x11, 0x11, 0x11, 0xFF, 0xFF, 0x11, 0x11, 0x11, 0x11, 0x11, 0x11, 0x11, 0x11, 0x11, 0x11, 0xFF, 0xFF, 0x11, 0x11, 0x11, 0x11, 0x11, 0x11, 0x11, 0x11, 0x11, 0x1F, 0xFF, 0xFF, 0xF1, 0x11, 0x11, 0x11, 0x11, 0x11, 0x11, 0x11, 0x11, 0x11, 0xFF, 0xFF, 0x11, 0x11, 0x11, 0x11, 0x11, 0x99, 0x99, 0x99, 0x99, 0x99, 0xFF, 0xFF, 0x99, 0x99, 0x99, 0x99, 0x99, 0xEE, 0xEE, 0xEE, 0xEE, 0xEE, 0xAF, 0xFA, 0xEE, 0xEE, 0xEE, 0xEE, 0xEE, 0xEE, 0xEE, 0xEE, 0xEE, 0xEE, 0xEE, 0xEE, 0xEE, 0xEE, 0xEE, 0xEE, 0xEE, 0xEE, 0xEE, 0xEE, 0xEE, 0xEE, 0xEE, 0xEE, 0xEE, 0xEE, 0xEE, 0xEE, 0xEE, 0xEE, 0xEE, 0xEE, 0xEE, 0xEE, 0xEE, 0xEE, 0xEE, 0xEE, 0xEE, 0xEE, 0xEE, 0xEE, 0xEE, 0xEE, 0xEE, 0xEE, 0xEE, 0xEE, 0xEE, 0xEE, 0xEE, 0xEE, 0xEE
};

const uint8_t flag_Flag_of_Cuba[192] = {
0xDE, 0xEE, 0xEE, 0xEE, 0xEE, 0xEE, 0xEE, 0xEE, 0xEE, 0xEE, 0xEE, 0xEE, 0x2D, 0xEE, 0xEE, 0xEE, 0xEE, 0xEE, 0xEE, 0xEE, 0xEE, 0xEE, 0xEE, 0xEE, 0x22, 0x2B, 0xEE, 0xEE, 0xEE, 0xEE, 0xEE, 0xEE, 0xEE, 0xEE, 0xEE, 0xEE, 0x22, 0x22, 0xA9, 0x99, 0x99, 0x99, 0x99, 0x99, 0x99, 0x99, 0x99, 0x99, 0x22, 0x22, 0x2F, 0x11, 0x11, 0x11, 0x11, 0x11, 0x11, 0x11, 0x11, 0x11, 0x22, 0x22, 0x22, 0x29, 0x11, 0x11, 0x11, 0x11, 0x11, 0x11, 0x11, 0x11, 0x22, 0x2F, 0x22, 0x22, 0xAA, 0xAA, 0xAA, 0xAA, 0xAA, 0xAA, 0xAA, 0xAA, 0x22, 0xF1, 0xF2, 0x22, 0x2D, 0xEE, 0xEE, 0xEE, 0xEE, 0xEE, 0xEE, 0xEE, 0x22, 0xF1, 0xF2, 0x22, 0x2D, 0xEE, 0xEE, 0xEE, 0xEE, 0xEE, 0xEE, 0xEE, 0x22, 0xFF, 0xF2, 0x22, 0xAA, 0xAA, 0xAA, 0xAA, 0xAA, 0xAA, 0xAA, 0xAA, 0x22, 0x22, 0x22, 0x29, 0x11, 0x11, 0x11, 0x11, 0x11, 0x11, 0x11, 0x11, 0x22, 0x22, 0x2F, 0x11, 0x11, 0x11, 0x11, 0x11, 0x11, 0x11, 0x11, 0x11, 0x22, 0x22, 0xA9, 0x99, 0x99, 0x99, 0x99, 0x99, 0x99, 0x99, 0x99, 0x99, 0x22, 0x2B, 0xEE, 0xEE, 0xEE, 0xEE, 0xEE, 0xEE, 0xEE, 0xEE, 0xEE, 0xEE, 0x2D, 0xEE, 0xEE, 0xEE, 0xEE, 0xEE, 0xEE, 0xEE, 0xEE, 0xEE, 0xEE, 0xEE, 0xDE, 0xEE, 0xEE, 0xEE, 0xEE, 0xEE, 0xEE, 0xEE, 0xEE, 0xEE, 0xEE, 0xEE
};

const uint8_t flag_Flag_of_Cyprus[192] = {
0x11, 0x11, 0x11, 0x11, 0x11, 0x11, 0x11, 0x11, 0x11, 0x11, 0x11, 0x11, 0x11, 0x11, 0x11, 0x11, 0x11, 0x11, 0x11, 0x11, 0x11, 0x11, 0x11, 0x11, 0x11, 0x11, 0x11, 0x11, 0x11, 0x11, 0x11, 0x11, 0x11, 0x89, 0x11, 0x11, 0x11, 0x11, 0x11, 0x11, 0x11, 0x11, 0x11, 0x11, 0x88, 0x11, 0x11, 0x11, 0x11, 0x11, 0x11, 0x11, 0x11, 0x88, 0xFF, 0x88, 0x81, 0x11, 0x11, 0x11, 0x11, 0x11, 0x11, 0x11, 0x99, 0x88, 0x88, 0x88, 0x11, 0x11, 0x11, 0x11, 0x11, 0x11, 0x11, 0xF8, 0x88, 0x88, 0x88, 0x88, 0xF1, 0x11, 0x11, 0x11, 0x11, 0x11, 0x11, 0x88, 0x88, 0x88, 0x88, 0x91, 0x11, 0x11, 0x11, 0x11, 0x11, 0x11, 0x11, 0x98, 0x88, 0x88, 0x8F, 0x11, 0x11, 0x11, 0x11, 0x11, 0x11, 0x11, 0x11, 0x11, 0xF8, 0x81, 0x11, 0x11, 0x11, 0x11, 0x11, 0x11, 0x11, 0x11, 0x11, 0x11, 0x11, 0x11, 0x11, 0x11, 0x11, 0x11, 0x11, 0x11, 0x11, 0x11, 0x11, 0x1A, 0x91, 0x11, 0x11, 0x19, 0xA1, 0x11, 0x11, 0x11, 0x11, 0x11, 0x11, 0x19, 0xAA, 0x91, 0x19, 0xAA, 0x91, 0x11, 0x11, 0x11, 0x11, 0x11, 0x11, 0x11, 0x19, 0xA9, 0x9A, 0x91, 0x11, 0x11, 0x11, 0x11, 0x11, 0x11, 0x11, 0x11, 0x11, 0x11, 0x11, 0x11, 0x11, 0x11, 0x11, 0x11, 0x11, 0x11, 0x11, 0x11, 0x11, 0x11, 0x11, 0x11, 0x11, 0x11, 0x11, 0x11
};

const uint8_t flag_Flag_of_Czech_Republic[192] = {
0xA1, 0x11, 0x11, 0x11, 0x11, 0x11, 0x11, 0x11, 0x11, 0x11, 0x11, 0x11, 0xEB, 0x91, 0x11, 0x11, 0x11, 0x11, 0x11, 0x11, 0x11, 0x11, 0x11, 0x11, 0xEE, 0xEA, 0x11, 0x11, 0x11, 0x11, 0x11, 0x11, 0x11, 0x11, 0x11, 0x11, 0xEE, 0xEE, 0xB9, 0x11, 0x11, 0x11, 0x11, 0x11, 0x11, 0x11, 0x11, 0x11, 0xEE, 0xEE, 0xEE, 0xA1, 0x11, 0x11, 0x11, 0x11, 0x11, 0x11, 0x11, 0x11, 0xEE, 0xEE, 0xEE, 0xEB, 0x91, 0x11, 0x11, 0x11, 0x11, 0x11, 0x11, 0x11, 0xEE, 0xEE, 0xEE, 0xEE, 0xEA, 0x11, 0x11, 0x11, 0x11, 0x11, 0x11, 0x11, 0xEE, 0xEE, 0xEE, 0xEE, 0xEE, 0xB9, 0x11, 0x11, 0x11, 0x11, 0x11, 0x11, 0xEE, 0xEE, 0xEE, 0xEE, 0xEE, 0xBD, 0x22, 0x22, 0x22, 0x22, 0x22, 0x22, 0xEE, 0xEE, 0xEE, 0xEE, 0xEB, 0x22, 0x22, 0x22, 0x22, 0x22, 0x22, 0x22, 0xEE, 0xEE, 0xEE, 0xEB, 0xD2, 0x22, 0x22, 0x22, 0x22, 0x22, 0x22, 0x22, 0xEE, 0xEE, 0xEE, 0xB2, 0x22, 0x22, 0x22, 0x22, 0x22, 0x22, 0x22, 0x22, 0xEE, 0xEE, 0xBD, 0x22, 0x22, 0x22, 0x22, 0x22, 0x22, 0x22, 0x22, 0x22, 0xEE, 0xEB, 0x22, 0x22, 0x22, 0x22, 0x22, 0x22, 0x22, 0x22, 0x22, 0x22, 0xEB, 0xD2, 0x22, 0x22, 0x22, 0x22, 0x22, 0x22, 0x22, 0x22, 0x22, 0x22, 0xB2, 0x22, 0x22, 0x22, 0x22, 0x22, 0x22, 0x22, 0x22, 0x22, 0x22, 0x22
};

const uint8_t flag_Flag_of_Denmark[192] = {
0x22, 0x22, 0x22, 0x2F, 0x11, 0xF2, 0x22, 0x22, 0x22, 0x22, 0x22, 0x22, 0x22, 0x22, 0x22, 0x2F, 0x11, 0xF2, 0x22, 0x22, 0x22, 0x22, 0x22, 0x22, 0x22, 0x22, 0x22, 0x2F, 0x11, 0xF2, 0x22, 0x22, 0x22, 0x22, 0x22, 0x22, 0x22, 0x22, 0x22, 0x2F, 0x11, 0xF2, 0x22, 0x22, 0x22, 0x22, 0x22, 0x22, 0x22, 0x22, 0x22, 0x2F, 0x11, 0xF2, 0x22, 0x22, 0x22, 0x22, 0x22, 0x22, 0x22, 0x22, 0x22, 0x22, 0x11, 0xF2, 0x22, 0x22, 0x22, 0x22, 0x22, 0x22, 0x22, 0x22, 0x22, 0x2F, 0x11, 0xF2, 0x22, 0x22, 0x22, 0x22, 0x22, 0x22, 0x11, 0x11, 0x11, 0x11, 0x11, 0x11, 0x11, 0x11, 0x11, 0x11, 0x11, 0x11, 0x11, 0x11, 0x11, 0x11, 0x11, 0x11, 0x11, 0x11, 0x11, 0x11, 0x11, 0x11, 0x22, 0x22, 0x22, 0x2F, 0x11, 0xF2, 0x22, 0x22, 0x22, 0x22, 0x22, 0x22, 0x22, 0x22, 0x22, 0x22, 0x11, 0xF2, 0x22, 0x22, 0x22, 0x22, 0x22, 0x22, 0x22, 0x22, 0x22, 0x2F, 0x11, 0xF2, 0x22, 0x22, 0x22, 0x22, 0x22, 0x22, 0x22, 0x22, 0x22, 0x2F, 0x11, 0xF2, 0x22, 0x22, 0x22, 0x22, 0x22, 0x22, 0x22, 0x22, 0x22, 0x2F, 0x11, 0xF2, 0x22, 0x22, 0x22, 0x22, 0x22, 0x22, 0x22, 0x22, 0x22, 0x2F, 0x11, 0xF2, 0x22, 0x22, 0x22, 0x22, 0x22, 0x22, 0x22, 0x22, 0x22, 0x2F, 0x11, 0xF2, 0x22, 0x22, 0x22, 0x22, 0x22, 0x22
};

const uint8_t flag_Flag_of_Dominican_Republic[192] = {
0xEE, 0xEE, 0xEE, 0xEE, 0xEE, 0x91, 0x1F, 0x22, 0x22, 0x22, 0x22, 0x22, 0xEE, 0xEE, 0xEE, 0xEE, 0xEE, 0x91, 0x1F, 0x22, 0x22, 0x22, 0x22, 0x22, 0xEE, 0xEE, 0xEE, 0xEE, 0xEE, 0x91, 0x1F, 0x22, 0x22, 0x22, 0x22, 0x22, 0xEE, 0xEE, 0xEE, 0xEE, 0xEE, 0x91, 0x1F, 0x22, 0x22, 0x22, 0x22, 0x22, 0xEE, 0xEE, 0xEE, 0xEE, 0xEE, 0x91, 0x1F, 0x22, 0x22, 0x22, 0x22, 0x22, 0xEE, 0xEE, 0xEE, 0xEE, 0xEE, 0x91, 0x1F, 0x22, 0x22, 0x22, 0x22, 0x22, 0x99, 0x99, 0x99, 0x99, 0x99, 0x99, 0x99, 0xFF, 0xFF, 0xFF, 0xFF, 0xFF, 0x11, 0x11, 0x11, 0x11, 0x11, 0x9A, 0xA9, 0x11, 0x11, 0x11, 0x11, 0x11, 0x11, 0x11, 0x11, 0x11, 0x11, 0x9A, 0xAA, 0x11, 0x11, 0x11, 0x11, 0x11, 0xFF, 0xFF, 0xFF, 0xFF, 0xFF, 0xFF, 0xF9, 0x99, 0x99, 0x99, 0x99, 0x99, 0x22, 0x22, 0x22, 0x22, 0x22, 0xF1, 0x19, 0xEE, 0xEE, 0xEE, 0xEE, 0xEE, 0x22, 0x22, 0x22, 0x22, 0x22, 0xF1, 0x19, 0xEE, 0xEE, 0xEE, 0xEE, 0xEE, 0x22, 0x22, 0x22, 0x22, 0x22, 0xF1, 0x19, 0xEE, 0xEE, 0xEE, 0xEE, 0xEE, 0x22, 0x22, 0x22, 0x22, 0x22, 0xF1, 0x19, 0xEE, 0xEE, 0xEE, 0xEE, 0xEE, 0x22, 0x22, 0x22, 0x22, 0x22, 0xF1, 0x19, 0xEE, 0xEE, 0xEE, 0xEE, 0xEE, 0x22, 0x22, 0x22, 0x22, 0x22, 0xF1, 0x19, 0xEE, 0xEE, 0xEE, 0xEE, 0xEE
};

const uint8_t flag_Flag_of_Ecuador[192] = {
0x55, 0x55, 0x55, 0x55, 0x55, 0x55, 0x55, 0x55, 0x55, 0x55, 0x55, 0x55, 0x55, 0x55, 0x55, 0x55, 0x55, 0x55, 0x55, 0x55, 0x55, 0x55, 0x55, 0x55, 0x55, 0x55, 0x55, 0x55, 0x55, 0x55, 0x55, 0x55, 0x55, 0x55, 0x55, 0x55, 0x55, 0x55, 0x55, 0x55, 0x55, 0x55, 0x55, 0x55, 0x55, 0x55, 0x55, 0x55, 0x55, 0x55, 0x55, 0x55, 0x58, 0xBA, 0xAB, 0x85, 0x55, 0x55, 0x55, 0x55, 0x55, 0x55, 0x55, 0x55, 0x58, 0x8B, 0xA8, 0x85, 0x55, 0x55, 0x55, 0x55, 0x55, 0x55, 0x55, 0x55, 0x58, 0xAA, 0xAA, 0x85, 0x55, 0x55, 0x55, 0x55, 0x55, 0x55, 0x55, 0x55, 0x58, 0xA9, 0x9A, 0x85, 0x55, 0x55, 0x55, 0x55, 0xEE, 0xEE, 0xEE, 0xEE, 0xEA, 0xAA, 0xAA, 0xAE, 0xEE, 0xEE, 0xEE, 0xEE, 0xEE, 0xEE, 0xEE, 0xEE, 0xEA, 0xAA, 0xAA, 0xAE, 0xEE, 0xEE, 0xEE, 0xEE, 0xEE, 0xEE, 0xEE, 0xEE, 0xEA, 0xAA, 0xAA, 0xAE, 0xEE, 0xEE, 0xEE, 0xEE, 0xEE, 0xEE, 0xEE, 0xEE, 0xEE, 0xEA, 0xAE, 0xEE, 0xEE, 0xEE, 0xEE, 0xEE, 0x22, 0x22, 0x22, 0x22, 0x22, 0x22, 0x22, 0x22, 0x22, 0x22, 0x22, 0x22, 0x22, 0x22, 0x22, 0x22, 0x22, 0x22, 0x22, 0x22, 0x22, 0x22, 0x22, 0x22, 0x22, 0x22, 0x22, 0x22, 0x22, 0x22, 0x22, 0x22, 0x22, 0x22, 0x22, 0x22, 0x22, 0x22, 0x22, 0x22, 0x22, 0x22, 0x22, 0x22, 0x22, 0x22, 0x22, 0x22
};

const uint8_t flag_Flag_of_Egypt[192] = {
0x22, 0x22, 0x22, 0x22, 0x22, 0x22, 0x22, 0x22, 0x22, 0x22, 0x22, 0x22, 0x22, 0x22, 0x22, 0x22, 0x22, 0x22, 0x22, 0x22, 0x22, 0x22, 0x22, 0x22, 0x22, 0x22, 0x22, 0x22, 0x22, 0x22, 0x22, 0x22, 0x22, 0x22, 0x22, 0x22, 0x22, 0x22, 0x22, 0x22, 0x22, 0x22, 0x22, 0x22, 0x22, 0x22, 0x22, 0x22, 0x22, 0x22, 0x22, 0x22, 0x22, 0x22, 0x22, 0x22, 0x22, 0x22, 0x22, 0x22, 0xFF, 0xFF, 0xFF, 0xFF, 0xFF, 0xFF, 0xFF, 0xFF, 0xFF, 0xFF, 0xFF, 0xFF, 0x11, 0x11, 0x11, 0x11, 0x11, 0x11, 0x11, 0x11, 0x11, 0x11, 0x11, 0x11, 0x11, 0x11, 0x11, 0x11, 0x11, 0x55, 0x55, 0x11, 0x11, 0x11, 0x11, 0x11, 0x11, 0x11, 0x11, 0x11, 0x11, 0x51, 0x15, 0x11, 0x11, 0x11, 0x11, 0x11, 0x11, 0x11, 0x11, 0x11, 0x11, 0x11, 0x11, 0x11, 0x11, 0x11, 0x11, 0x11, 0xAA, 0xAA, 0xAA, 0xAA, 0xAA, 0xAA, 0xAA, 0xAA, 0xAA, 0xAA, 0xAA, 0xAA, 0x00, 0x00, 0x00, 0x00, 0x00, 0x00, 0x00, 0x00, 0x00, 0x00, 0x00, 0x00, 0x00, 0x00, 0x00, 0x00, 0x00, 0x00, 0x00, 0x00, 0x00, 0x00, 0x00, 0x00, 0x00, 0x00, 0x00, 0x00, 0x00, 0x00, 0x00, 0x00, 0x00, 0x00, 0x00, 0x00, 0x00, 0x00, 0x00, 0x00, 0x00, 0x00, 0x00, 0x00, 0x00, 0x00, 0x00, 0x00, 0x00, 0x00, 0x00, 0x00, 0x00, 0x00, 0x00, 0x00, 0x00, 0x00, 0x00, 0x00
};

const uint8_t flag_Flag_of_Estonia[192] = {
0x44, 0x44, 0x44, 0x44, 0x44, 0x44, 0x44, 0x44, 0x44, 0x44, 0x44, 0x44, 0x44, 0x44, 0x44, 0x44, 0x44, 0x44, 0x44, 0x44, 0x44, 0x44, 0x44, 0x44, 0x44, 0x44, 0x44, 0x44, 0x44, 0x44, 0x44, 0x44, 0x44, 0x44, 0x44, 0x44, 0x44, 0x44, 0x44, 0x44, 0x44, 0x44, 0x44, 0x44, 0x44, 0x44, 0x44, 0x44, 0x44, 0x44, 0x44, 0x44, 0x44, 0x44, 0x44, 0x44, 0x44, 0x44, 0x44, 0x44, 0xBB, 0xBB, 0xBB, 0xBB, 0xBB, 0xBB, 0xBB, 0xBB, 0xBB, 0xBB, 0xBB, 0xBB, 0x00, 0x00, 0x00, 0x00, 0x00, 0x00, 0x00, 0x00, 0x00, 0x00, 0x00, 0x00, 0x00, 0x00, 0x00, 0x00, 0x00, 0x00, 0x00, 0x00, 0x00, 0x00, 0x00, 0x00, 0x00, 0x00, 0x00, 0x00, 0x00, 0x00, 0x00, 0x00, 0x00, 0x00, 0x00, 0x00, 0x00, 0x00, 0x00, 0x00, 0x00, 0x00, 0x00, 0x00, 0x00, 0x00, 0x00, 0x00, 0xBB, 0xBB, 0xBB, 0xBB, 0xBB, 0xBB, 0xBB, 0xBB, 0xBB, 0xBB, 0xBB, 0xBB, 0x11, 0x11, 0x11, 0x11, 0x11, 0x11, 0x11, 0x11, 0x11, 0x11, 0x11, 0x11, 0x11, 0x11, 0x11, 0x11, 0x11, 0x11, 0x11, 0x11, 0x11, 0x11, 0x11, 0x11, 0x11, 0x11, 0x11, 0x11, 0x11, 0x11, 0x11, 0x11, 0x11, 0x11, 0x11, 0x11, 0x11, 0x11, 0x11, 0x11, 0x11, 0x11, 0x11, 0x11, 0x11, 0x11, 0x11, 0x11, 0x11, 0x11, 0x11, 0x11, 0x11, 0x11, 0x11, 0x11, 0x11, 0x11, 0x11, 0x11
};

const uint8_t flag_Flag_of_Ethiopia[192] = {
0xCC, 0xCC, 0xCC, 0xCC, 0xCC, 0xCC, 0xCC, 0xCC, 0xCC, 0xCC, 0xCC, 0xCC, 0xCC, 0xCC, 0xCC, 0xCC, 0xCC, 0xCC, 0xCC, 0xCC, 0xCC, 0xCC, 0xCC, 0xCC, 0xCC, 0xCC, 0xCC, 0xCC, 0xCC, 0xCB, 0xBC, 0xCC, 0xCC, 0xCC, 0xCC, 0xCC, 0xCC, 0xCC, 0xCC, 0xCC, 0xCC, 0xEE, 0xEE, 0xCC, 0xCC, 0xCC, 0xCC, 0xCC, 0xCC, 0xCC, 0xCC, 0xCC, 0xCE, 0xEA, 0xAE, 0xEC, 0xCC, 0xCC, 0xCC, 0xCC, 0x88, 0x88, 0x88, 0x88, 0xA4, 0xEA, 0xAE, 0x4A, 0x88, 0x88, 0x88, 0x88, 0x55, 0x55, 0x55, 0x55, 0xAA, 0xAA, 0xAA, 0xAA, 0x55, 0x55, 0x55, 0x55, 0x55, 0x55, 0x55, 0x55, 0xEA, 0xAA, 0xAA, 0xAE, 0x55, 0x55, 0x55, 0x55, 0x55, 0x55, 0x55, 0x58, 0xEE, 0xAA, 0xAA, 0xEE, 0x85, 0x55, 0x55, 0x55, 0x55, 0x55, 0x55, 0x55, 0xAE, 0xAA, 0xAA, 0xEA, 0x55, 0x55, 0x55, 0x55, 0x88, 0x88, 0x88, 0x88, 0xA4, 0xAA, 0xAA, 0x4A, 0x88, 0x88, 0x88, 0x88, 0x22, 0x22, 0x22, 0x22, 0x2E, 0xEE, 0xEE, 0xE2, 0x22, 0x22, 0x22, 0x22, 0x22, 0x22, 0x22, 0x22, 0x2D, 0xEE, 0xEE, 0xD2, 0x22, 0x22, 0x22, 0x22, 0x22, 0x22, 0x22, 0x22, 0x22, 0x2D, 0xD2, 0x22, 0x22, 0x22, 0x22, 0x22, 0x22, 0x22, 0x22, 0x22, 0x22, 0x22, 0x22, 0x22, 0x22, 0x22, 0x22, 0x22, 0x22, 0x22, 0x22, 0x22, 0x22, 0x22, 0x22, 0x22, 0x22, 0x22, 0x22, 0x22
};

const uint8_t flag_Flag_of_Fiji[192] = {
0xF9, 0xAE, 0xEF, 0xFE, 0xEB, 0xF9, 0x99, 0x99, 0x99, 0x99, 0x99, 0x99, 0xBA, 0xFA, 0xEA, 0xAE, 0xAF, 0x9A, 0x99, 0x99, 0x99, 0x99, 0x99, 0x99, 0xAA, 0xF1, 0x1F, 0xF9, 0xF1, 0xAA, 0x99, 0x99, 0x99, 0x99, 0x99, 0x99, 0xFF, 0xF2, 0x22, 0x22, 0xF2, 0x2F, 0x99, 0x9A, 0xAA, 0xAA, 0xA9, 0x99, 0xFF, 0x2F, 0x22, 0x22, 0x2F, 0x2F, 0x99, 0x9A, 0x88, 0x88, 0xA9, 0x99, 0xAA, 0x1F, 0x9F, 0xF1, 0x1F, 0xAA, 0x99, 0x9A, 0x88, 0x88, 0xA9, 0x99, 0xA9, 0xFA, 0xEA, 0xAE, 0xAF, 0xAB, 0x99, 0x9A, 0x9A, 0xAA, 0x99, 0x99, 0x9F, 0xBE, 0xEA, 0xAE, 0xEA, 0x9F, 0x99, 0x99, 0x9F, 0xF9, 0x99, 0x99, 0xA9, 0x99, 0x99, 0x99, 0x9A, 0x99, 0x99, 0x9A, 0xF2, 0x2F, 0xA9, 0x99, 0x99, 0x99, 0x99, 0x99, 0x99, 0x99, 0x99, 0x99, 0x9F, 0xFA, 0x99, 0x99, 0x99, 0x99, 0x99, 0x99, 0x99, 0x99, 0x99, 0x99, 0x1F, 0xAA, 0x99, 0x99, 0x99, 0x99, 0x99, 0x99, 0x99, 0x99, 0x99, 0x99, 0x9A, 0xA9, 0x99, 0x99, 0x99, 0x99, 0x99, 0x99, 0x99, 0x99, 0x99, 0x99, 0x99, 0x99, 0x99, 0x99, 0x99, 0x99, 0x99, 0x99, 0x99, 0x99, 0x99, 0x99, 0x99, 0x99, 0x99, 0x99, 0x99, 0x99, 0x99, 0x99, 0x99, 0x99, 0x99, 0x99, 0x99, 0x99, 0x99, 0x99, 0x99, 0x99, 0x99, 0x99, 0x99, 0x99, 0x99, 0x99, 0x99, 0x99, 0x99, 0x99
};

const uint8_t flag_Flag_of_Finland[192] = {
0x11, 0x11, 0x11, 0x9E, 0xEE, 0xA1, 0x11, 0x11, 0x11, 0x11, 0x11, 0x11, 0x11, 0x11, 0x11, 0x9E, 0xEE, 0xA1, 0x11, 0x11, 0x11, 0x11, 0x11, 0x11, 0x11, 0x11, 0x11, 0x9E, 0xEE, 0xA1, 0x11, 0x11, 0x11, 0x11, 0x11, 0x11, 0x11, 0x11, 0x11, 0x9E, 0xEE, 0xA1, 0x11, 0x11, 0x11, 0x11, 0x11, 0x11, 0x11, 0x11, 0x11, 0x9E, 0xEE, 0xA1, 0x11, 0x11, 0x11, 0x11, 0x11, 0x11, 0x99, 0x99, 0x99, 0xAE, 0xEE, 0xA9, 0x99, 0x99, 0x99, 0x99, 0x99, 0x99, 0xEE, 0xEE, 0xEE, 0xEE, 0xEE, 0xEE, 0xEE, 0xEE, 0xEE, 0xEE, 0xEE, 0xEE, 0xEE, 0xEE, 0xEE, 0xEE, 0xEE, 0xEE, 0xEE, 0xEE, 0xEE, 0xEE, 0xEE, 0xEE, 0xEE, 0xEE, 0xEE, 0xEE, 0xEE, 0xEE, 0xEE, 0xEE, 0xEE, 0xEE, 0xEE, 0xEE, 0xEE, 0xEE, 0xEE, 0xEE, 0xEE, 0xEE, 0xEE, 0xEE, 0xEE, 0xEE, 0xEE, 0xEE, 0x99, 0x99, 0x99, 0xAE, 0xEE, 0xA9, 0x99, 0x99, 0x99, 0x99, 0x99, 0x99, 0x11, 0x11, 0x11, 0x9E, 0xEE, 0xA1, 0x11, 0x11, 0x11, 0x11, 0x11, 0x11, 0x11, 0x11, 0x11, 0x9E, 0xEE, 0xA1, 0x11, 0x11, 0x11, 0x11, 0x11, 0x11, 0x11, 0x11, 0x11, 0x9E, 0xEE, 0xA1, 0x11, 0x11, 0x11, 0x11, 0x11, 0x11, 0x11, 0x11, 0x11, 0x9E, 0xEE, 0xA1, 0x11, 0x11, 0x11, 0x11, 0x11, 0x11, 0x11, 0x11, 0x11, 0x9E, 0xEE, 0xA1, 0x11, 0x11, 0x11, 0x11, 0x11, 0x11
};

const uint8_t flag_Flag_of_France[192] = {
0xEE, 0xEE, 0xEE, 0xEB, 0x11, 0x11, 0x11, 0x11, 0x22, 0x22, 0x22, 0x22, 0xEE, 0xEE, 0xEE, 0xEB, 0x11, 0x11, 0x11, 0x11, 0x22, 0x22, 0x22, 0x22, 0xEE, 0xEE, 0xEE, 0xEB, 0x11, 0x11, 0x11, 0x11, 0x22, 0x22, 0x22, 0x22, 0xEE, 0xEE, 0xEE, 0xEB, 0x11, 0x11, 0x11, 0x11, 0x22, 0x22, 0x22, 0x22, 0xEE, 0xEE, 0xEE, 0xEB, 0x11, 0x11, 0x11, 0x11, 0x22, 0x22, 0x22, 0x22, 0xEE, 0xEE, 0xEE, 0xEB, 0x11, 0x11, 0x11, 0x11, 0x22, 0x22, 0x22, 0x22, 0xEE, 0xEE, 0xEE, 0xEB, 0x11, 0x11, 0x11, 0x11, 0x22, 0x22, 0x22, 0x22, 0xEE, 0xEE, 0xEE, 0xEB, 0x11, 0x11, 0x11, 0x11, 0x22, 0x22, 0x22, 0x22, 0xEE, 0xEE, 0xEE, 0xEB, 0x11, 0x11, 0x11, 0x11, 0x22, 0x22, 0x22, 0x22, 0xEE, 0xEE, 0xEE, 0xEB, 0x11, 0x11, 0x11, 0x11, 0x22, 0x22, 0x22, 0x22, 0xEE, 0xEE, 0xEE, 0xEB, 0x11, 0x11, 0x11, 0x11, 0x22, 0x22, 0x22, 0x22, 0xEE, 0xEE, 0xEE, 0xEB, 0x11, 0x11, 0x11, 0x11, 0x22, 0x22, 0x22, 0x22, 0xEE, 0xEE, 0xEE, 0xEB, 0x11, 0x11, 0x11, 0x11, 0x22, 0x22, 0x22, 0x22, 0xEE, 0xEE, 0xEE, 0xEB, 0x11, 0x11, 0x11, 0x11, 0x22, 0x22, 0x22, 0x22, 0xEE, 0xEE, 0xEE, 0xEB, 0x11, 0x11, 0x11, 0x11, 0x22, 0x22, 0x22, 0x22, 0xEE, 0xEE, 0xEE, 0xEB, 0x11, 0x11, 0x11, 0x11, 0x22, 0x22, 0x22, 0x22
};

const uint8_t flag_Flag_of_Germany[192] = {
0x00, 0x00, 0x00, 0x00, 0x00, 0x00, 0x00, 0x00, 0x00, 0x00, 0x00, 0x00, 0x00, 0x00, 0x00, 0x00, 0x00, 0x00, 0x00, 0x00, 0x00, 0x00, 0x00, 0x00, 0x00, 0x00, 0x00, 0x00, 0x00, 0x00, 0x00, 0x00, 0x00, 0x00, 0x00, 0x00, 0x00, 0x00, 0x00, 0x00, 0x00, 0x00, 0x00, 0x00, 0x00, 0x00, 0x00, 0x00, 0x00, 0x00, 0x00, 0x00, 0x00, 0x00, 0x00, 0x00, 0x00, 0x00, 0x00, 0x00, 0xDD, 0xDD, 0xDD, 0xDD, 0xDD, 0xDD, 0xDD, 0xDD, 0xDD, 0xDD, 0xDD, 0xDD, 0x22, 0x22, 0x22, 0x22, 0x22, 0x22, 0x22, 0x22, 0x22, 0x22, 0x22, 0x22, 0x22, 0x22, 0x22, 0x22, 0x22, 0x22, 0x22, 0x22, 0x22, 0x22, 0x22, 0x22, 0x22, 0x22, 0x22, 0x22, 0x22, 0x22, 0x22, 0x22, 0x22, 0x22, 0x22, 0x22, 0x22, 0x22, 0x22, 0x22, 0x22, 0x22, 0x22, 0x22, 0x22, 0x22, 0x22, 0x22, 0x22, 0x22, 0x22, 0x22, 0x22, 0x22, 0x22, 0x22, 0x22, 0x22, 0x22, 0x22, 0x55, 0x55, 0x55, 0x55, 0x55, 0x55, 0x55, 0x55, 0x55, 0x55, 0x55, 0x55, 0x88, 0x88, 0x88, 0x88, 0x88, 0x88, 0x88, 0x88, 0x88, 0x88, 0x88, 0x88, 0x88, 0x88, 0x88, 0x88, 0x88, 0x88, 0x88, 0x88, 0x88, 0x88, 0x88, 0x88, 0x88, 0x88, 0x88, 0x88, 0x88, 0x88, 0x88, 0x88, 0x88, 0x88, 0x88, 0x88, 0x88, 0x88, 0x88, 0x88, 0x88, 0x88, 0x88, 0x88, 0x88, 0x88, 0x88, 0x88
};

const uint8_t flag_Flag_of_Greece[192] = {
0xEE, 0xE9, 0x1A, 0xEE, 0xEE, 0xEE, 0xEE, 0xEE, 0xEE, 0xEE, 0xEE, 0xEE, 0xEE, 0xE9, 0x1A, 0xEE, 0xEA, 0xAA, 0xAA, 0xAA, 0xAA, 0xAA, 0xAA, 0xAA, 0xEE, 0xEA, 0x1A, 0xEE, 0xA1, 0x11, 0x11, 0x11, 0x11, 0x11, 0x11, 0x11, 0x99, 0xA9, 0x19, 0xA9, 0x99, 0x99, 0x99, 0x99, 0x99, 0x99, 0x99, 0x99, 0x11, 0x11, 0x11, 0x11, 0x1E, 0xEE, 0xEE, 0xEE, 0xEE, 0xEE, 0xEE, 0xEE, 0xAA, 0xA9, 0x19, 0xAA, 0xA9, 0x99, 0x99, 0x99, 0x99, 0x99, 0x99, 0x99, 0xEE, 0xEA, 0x1A, 0xEE, 0xA1, 0x11, 0x11, 0x11, 0x11, 0x11, 0x11, 0x11, 0xEE, 0xE9, 0x1A, 0xEE, 0xEA, 0xAA, 0xAA, 0xAA, 0xAA, 0xAA, 0xAA, 0xAA, 0xAA, 0xA9, 0x1A, 0xAA, 0xAA, 0xAA, 0xAA, 0xAA, 0xAA, 0xAA, 0xAA, 0xAA, 0x11, 0x11, 0x11, 0x11, 0x11, 0x11, 0x11, 0x11, 0x11, 0x11, 0x11, 0x11, 0x99, 0x99, 0x99, 0x99, 0x99, 0x99, 0x99, 0x99, 0x99, 0x99, 0x99, 0x99, 0xEE, 0xEE, 0xEE, 0xEE, 0xEE, 0xEE, 0xEE, 0xEE, 0xEE, 0xEE, 0xEE, 0xEE, 0x99, 0x99, 0x99, 0x99, 0x99, 0x99, 0x99, 0x99, 0x99, 0x99, 0x99, 0x99, 0x11, 0x11, 0x11, 0x11, 0x11, 0x11, 0x11, 0x11, 0x11, 0x11, 0x11, 0x11, 0xAA, 0xAA, 0xAA, 0xAA, 0xAA, 0xAA, 0xAA, 0xAA, 0xAA, 0xAA, 0xAA, 0xAA, 0xEE, 0xEE, 0xEE, 0xEE, 0xEE, 0xEE, 0xEE, 0xEE, 0xEE, 0xEE, 0xEE, 0xEE
};

const uint8_t flag_Flag_of_Guam[192] = {
0xDB, 0xBB, 0xBB, 0xBB, 0xBB, 0xBB, 0xBB, 0xBB, 0xBB, 0xBB, 0xBB, 0xBD, 0xBE, 0xEE, 0xEE, 0xEE, 0xEE, 0xEE, 0xEE, 0xEE, 0xEE, 0xEE, 0xEE, 0xEB, 0xBE, 0xEE, 0xEE, 0xEE, 0xEE, 0xEE, 0xEE, 0xEE, 0xEE, 0xEE, 0xEE, 0xEB, 0xBE, 0xEE, 0xEE, 0xEE, 0xEE, 0xEE, 0xEE, 0xEE, 0xEE, 0xEE, 0xEE, 0xEB, 0xBE, 0xEE, 0xEE, 0xEE, 0xEE, 0xEA, 0xAE, 0xEE, 0xEE, 0xEE, 0xEE, 0xEB, 0xBE, 0xEE, 0xEE, 0xEE, 0xEE, 0xAA, 0xAA, 0xEE, 0xEE, 0xEE, 0xEE, 0xEB, 0xBE, 0xEE, 0xEE, 0xEE, 0xEE, 0x9A, 0xA9, 0xEE, 0xEE, 0xEE, 0xEE, 0xEB, 0xBE, 0xEE, 0xEE, 0xEE, 0xEB, 0x99, 0x99, 0xBE, 0xEE, 0xEE, 0xEE, 0xEB, 0xBE, 0xEE, 0xEE, 0xEE, 0xEB, 0x99, 0x99, 0xBE, 0xEE, 0xEE, 0xEE, 0xEB, 0xBE, 0xEE, 0xEE, 0xEE, 0xEE, 0xA9, 0xAA, 0xEE, 0xEE, 0xEE, 0xEE, 0xEB, 0xBE, 0xEE, 0xEE, 0xEE, 0xEE, 0xBA, 0xAB, 0xEE, 0xEE, 0xEE, 0xEE, 0xEB, 0xBE, 0xEE, 0xEE, 0xEE, 0xEE, 0xEA, 0xAE, 0xEE, 0xEE, 0xEE, 0xEE, 0xEB, 0xBE, 0xEE, 0xEE, 0xEE, 0xEE, 0xEE, 0xEE, 0xEE, 0xEE, 0xEE, 0xEE, 0xEB, 0xBE, 0xEE, 0xEE, 0xEE, 0xEE, 0xEE, 0xEE, 0xEE, 0xEE, 0xEE, 0xEE, 0xEB, 0xBE, 0xEE, 0xEE, 0xEE, 0xEE, 0xEE, 0xEE, 0xEE, 0xEE, 0xEE, 0xEE, 0xEB, 0xDB, 0xBB, 0xBB, 0xBB, 0xBB, 0xBB, 0xBB, 0xBB, 0xBB, 0xBB, 0xBB, 0xBD
};

const uint8_t flag_Flag_of_Hong_Kong[192] = {
0x22, 0x22, 0x22, 0x22, 0x22, 0x22, 0x22, 0x22, 0x22, 0x22, 0x22, 0x22, 0x22, 0x22, 0x22, 0x22, 0x22, 0x22, 0x22, 0x22, 0x22, 0x22, 0x22, 0x22, 0x22, 0x22, 0x22, 0x22, 0x22, 0x22, 0x22, 0x22, 0x22, 0x22, 0x22, 0x22, 0x22, 0x22, 0x22, 0x22, 0x22, 0x2F, 0xF2, 0x22, 0x22, 0x22, 0x22, 0x22, 0x22, 0x22, 0x22, 0x22, 0x22, 0xF1, 0x12, 0x22, 0x22, 0x22, 0x22, 0x22, 0x22, 0x22, 0x22, 0x22, 0x22, 0xF1, 0xFF, 0xF2, 0x22, 0x22, 0x22, 0x22, 0x22, 0x22, 0x22, 0x2F, 0x1F, 0xF1, 0xF1, 0x11, 0xF2, 0x22, 0x22, 0x22, 0x22, 0x22, 0x22, 0x22, 0x11, 0xFF, 0xFF, 0x1F, 0xF2, 0x22, 0x22, 0x22, 0x22, 0x22, 0x22, 0x22, 0xF1, 0x1F, 0xF1, 0xF2, 0x22, 0x22, 0x22, 0x22, 0x22, 0x22, 0x22, 0x22, 0x2F, 0xF1, 0xF1, 0x12, 0x22, 0x22, 0x22, 0x22, 0x22, 0x22, 0x22, 0x22, 0x21, 0x11, 0xF1, 0x12, 0x22, 0x22, 0x22, 0x22, 0x22, 0x22, 0x22, 0x22, 0x2F, 0xFF, 0x2F, 0x12, 0x22, 0x22, 0x22, 0x22, 0x22, 0x22, 0x22, 0x22, 0x22, 0x22, 0x22, 0x22, 0x22, 0x22, 0x22, 0x22, 0x22, 0x22, 0x22, 0x22, 0x22, 0x22, 0x22, 0x22, 0x22, 0x22, 0x22, 0x22, 0x22, 0x22, 0x22, 0x22, 0x22, 0x22, 0x22, 0x22, 0x22, 0x22, 0x22, 0x22, 0x22, 0x22, 0x22, 0x22, 0x22, 0x22, 0x22, 0x22, 0x22, 0x22, 0x22, 0x22
};

const uint8_t flag_Flag_of_Hungary[192] = {
0x22, 0x22, 0x22, 0x22, 0x22, 0x22, 0x22, 0x22, 0x22, 0x22, 0x22, 0x22, 0x22, 0x22, 0x22, 0x22, 0x22, 0x22, 0x22, 0x22, 0x22, 0x22, 0x22, 0x22, 0x22, 0x22, 0x22, 0x22, 0x22, 0x22, 0x22, 0x22, 0x22, 0x22, 0x22, 0x22, 0x22, 0x22, 0x22, 0x22, 0x22, 0x22, 0x22, 0x22, 0x22, 0x22, 0x22, 0x22, 0x22, 0x22, 0x22, 0x22, 0x22, 0x22, 0x22, 0x22, 0x22, 0x22, 0x22, 0x22, 0xFF, 0xFF, 0xFF, 0xFF, 0xFF, 0xFF, 0xFF, 0xFF, 0xFF, 0xFF, 0xFF, 0xFF, 0x11, 0x11, 0x11, 0x11, 0x11, 0x11, 0x11, 0x11, 0x11, 0x11, 0x11, 0x11, 0x11, 0x11, 0x11, 0x11, 0x11, 0x11, 0x11, 0x11, 0x11, 0x11, 0x11, 0x11, 0x11, 0x11, 0x11, 0x11, 0x11, 0x11, 0x11, 0x11, 0x11, 0x11, 0x11, 0x11, 0x11, 0x11, 0x11, 0x11, 0x11, 0x11, 0x11, 0x11, 0x11, 0x11, 0x11, 0x11, 0x99, 0x99, 0x99, 0x99, 0x99, 0x99, 0x99, 0x99, 0x99, 0x99, 0x99, 0x99, 0xBB, 0xBB, 0xBB, 0xBB, 0xBB, 0xBB, 0xBB, 0xBB, 0xBB, 0xBB, 0xBB, 0xBB, 0xBB, 0xBB, 0xBB, 0xBB, 0xBB, 0xBB, 0xBB, 0xBB, 0xBB, 0xBB, 0xBB, 0xBB, 0xBB, 0xBB, 0xBB, 0xBB, 0xBB, 0xBB, 0xBB, 0xBB, 0xBB, 0xBB, 0xBB, 0xBB, 0xBB, 0xBB, 0xBB, 0xBB, 0xBB, 0xBB, 0xBB, 0xBB, 0xBB, 0xBB, 0xBB, 0xBB, 0xBB, 0xBB, 0xBB, 0xBB, 0xBB, 0xBB, 0xBB, 0xBB, 0xBB, 0xBB, 0xBB, 0xBB
};

const uint8_t flag_Flag_of_Iceland[192] = {
0xEE, 0xEE, 0xEE, 0xA1, 0x2F, 0x9E, 0xEE, 0xEE, 0xEE, 0xEE, 0xEE, 0xEE, 0xEE, 0xEE, 0xEE, 0xA1, 0x2F, 0x9E, 0xEE, 0xEE, 0xEE, 0xEE, 0xEE, 0xEE, 0xEE, 0xEE, 0xEE, 0xA1, 0x2F, 0x9E, 0xEE, 0xEE, 0xEE, 0xEE, 0xEE, 0xEE, 0xEE, 0xEE, 0xEE, 0xA1, 0x2F, 0x9E, 0xEE, 0xEE, 0xEE, 0xEE, 0xEE, 0xEE, 0xEE, 0xEE, 0xEE, 0xA1, 0x2F, 0x9E, 0xEE, 0xEE, 0xEE, 0xEE, 0xEE, 0xEE, 0xEE, 0xEE, 0xEE, 0xA1, 0x2F, 0x9E, 0xEE, 0xEE, 0xEE, 0xEE, 0xEE, 0xEE, 0x99, 0x99, 0x99, 0x9F, 0x2F, 0x19, 0x99, 0x99, 0x99, 0x99, 0x99, 0x99, 0x22, 0x22, 0x22, 0x22, 0x22, 0x22, 0x22, 0x22, 0x22, 0x22, 0x22, 0x22, 0x22, 0x22, 0x22, 0x22, 0x22, 0x22, 0x22, 0x22, 0x22, 0x22, 0x22, 0x22, 0x99, 0x99, 0x99, 0x9F, 0x2F, 0x19, 0x99, 0x99, 0x99, 0x99, 0x99, 0x99, 0xEE, 0xEE, 0xEE, 0xA1, 0x2F, 0x9E, 0xEE, 0xEE, 0xEE, 0xEE, 0xEE, 0xEE, 0xEE, 0xEE, 0xEE, 0xA1, 0x2F, 0x9E, 0xEE, 0xEE, 0xEE, 0xEE, 0xEE, 0xEE, 0xEE, 0xEE, 0xEE, 0xA1, 0x2F, 0x9E, 0xEE, 0xEE, 0xEE, 0xEE, 0xEE, 0xEE, 0xEE, 0xEE, 0xEE, 0xA1, 0x2F, 0x9E, 0xEE, 0xEE, 0xEE, 0xEE, 0xEE, 0xEE, 0xEE, 0xEE, 0xEE, 0xA1, 0x2F, 0x9E, 0xEE, 0xEE, 0xEE, 0xEE, 0xEE, 0xEE, 0xEE, 0xEE, 0xEE, 0xA1, 0x2F, 0x9E, 0xEE, 0xEE, 0xEE, 0xEE, 0xEE, 0xEE
};

const uint8_t flag_Flag_of_India[192] = {
0x88, 0x88, 0x88, 0x88, 0x88, 0x88, 0x88, 0x88, 0x88, 0x88, 0x88, 0x88, 0x88, 0x88, 0x88, 0x88, 0x88, 0x88, 0x88, 0x88, 0x88, 0x88, 0x88, 0x88, 0x88, 0x88, 0x88, 0x88, 0x88, 0x88, 0x88, 0x88, 0x88, 0x88, 0x88, 0x88, 0x88, 0x88, 0x88, 0x88, 0x88, 0x88, 0x88, 0x88, 0x88, 0x88, 0x88, 0x88, 0x88, 0x88, 0x88, 0x88, 0x88, 0x88, 0x88, 0x88, 0x88, 0x88, 0x88, 0x88, 0x11, 0x11, 0x11, 0x11, 0x11, 0xFA, 0xAF, 0x11, 0x11, 0x11, 0x11, 0x11, 0x11, 0x11, 0x11, 0x11, 0x11, 0x99, 0x99, 0x11, 0x11, 0x11, 0x11, 0x11, 0x11, 0x11, 0x11, 0x11, 0x19, 0x9A, 0xA9, 0x91, 0x11, 0x11, 0x11, 0x11, 0x11, 0x11, 0x11, 0x11, 0x19, 0x9A, 0xA9, 0x91, 0x11, 0x11, 0x11, 0x11, 0x11, 0x11, 0x11, 0x11, 0x11, 0x99, 0x99, 0x11, 0x11, 0x11, 0x11, 0x11, 0x99, 0x99, 0x99, 0x99, 0x99, 0xAA, 0xAA, 0x99, 0x99, 0x99, 0x99, 0x99, 0xCC, 0xCC, 0xCC, 0xCC, 0xCC, 0xCC, 0xCC, 0xCC, 0xCC, 0xCC, 0xCC, 0xCC, 0xCC, 0xCC, 0xCC, 0xCC, 0xCC, 0xCC, 0xCC, 0xCC, 0xCC, 0xCC, 0xCC, 0xCC, 0xCC, 0xCC, 0xCC, 0xCC, 0xCC, 0xCC, 0xCC, 0xCC, 0xCC, 0xCC, 0xCC, 0xCC, 0xCC, 0xCC, 0xCC, 0xCC, 0xCC, 0xCC, 0xCC, 0xCC, 0xCC, 0xCC, 0xCC, 0xCC, 0xCC, 0xCC, 0xCC, 0xCC, 0xCC, 0xCC, 0xCC, 0xCC, 0xCC, 0xCC, 0xCC, 0xCC
};

const uint8_t flag_Flag_of_Indonesia[192] = {
0x22, 0x22, 0x22, 0x22, 0x22, 0x22, 0x22, 0x22, 0x22, 0x22, 0x22, 0x22, 0x22, 0x22, 0x22, 0x22, 0x22, 0x22, 0x22, 0x22, 0x22, 0x22, 0x22, 0x22, 0x22, 0x22, 0x22, 0x22, 0x22, 0x22, 0x22, 0x22, 0x22, 0x22, 0x22, 0x22, 0x22, 0x22, 0x22, 0x22, 0x22, 0x22, 0x22, 0x22, 0x22, 0x22, 0x22, 0x22, 0x22, 0x22, 0x22, 0x22, 0x22, 0x22, 0x22, 0x22, 0x22, 0x22, 0x22, 0x22, 0x22, 0x22, 0x22, 0x22, 0x22, 0x22, 0x22, 0x22, 0x22, 0x22, 0x22, 0x22, 0x22, 0x22, 0x22, 0x22, 0x22, 0x22, 0x22, 0x22, 0x22, 0x22, 0x22, 0x22, 0x22, 0x22, 0x22, 0x22, 0x22, 0x22, 0x22, 0x22, 0x22, 0x22, 0x22, 0x22, 0x11, 0x11, 0x11, 0x11, 0x11, 0x11, 0x11, 0x11, 0x11, 0x11, 0x11, 0x11, 0x11, 0x11, 0x11, 0x11, 0x11, 0x11, 0x11, 0x11, 0x11, 0x11, 0x11, 0x11, 0x11, 0x11, 0x11, 0x11, 0x11, 0x11, 0x11, 0x11, 0x11, 0x11, 0x11, 0x11, 0x11, 0x11, 0x11, 0x11, 0x11, 0x11, 0x11, 0x11, 0x11, 0x11, 0x11, 0x11, 0x11, 0x11, 0x11, 0x11, 0x11, 0x11, 0x11, 0x11, 0x11, 0x11, 0x11, 0x11, 0x11, 0x11, 0x11, 0x11, 0x11, 0x11, 0x11, 0x11, 0x11, 0x11, 0x11, 0x11, 0x11, 0x11, 0x11, 0x11, 0x11, 0x11, 0x11, 0x11, 0x11, 0x11, 0x11, 0x11, 0x11, 0x11, 0x11, 0x11, 0x11, 0x11, 0x11, 0x11, 0x11, 0x11, 0x11, 0x11
};

const uint8_t flag_Flag_of_Iran[192] = {
0xCC, 0xCC, 0xCC, 0xCC, 0xCC, 0xCC, 0xCC, 0xCC, 0xCC, 0xCC, 0xCC, 0xCC, 0xCC, 0xCC, 0xCC, 0xCC, 0xCC, 0xCC, 0xCC, 0xCC, 0xCC, 0xCC, 0xCC, 0xCC, 0xCC, 0xCC, 0xCC, 0xCC, 0xCC, 0xCC, 0xCC, 0xCC, 0xCC, 0xCC, 0xCC, 0xCC, 0xCC, 0xCC, 0xCC, 0xCC, 0xCC, 0xCC, 0xCC, 0xCC, 0xCC, 0xCC, 0xCC, 0xCC, 0xAA, 0xAA, 0xAA, 0xAA, 0xAA, 0xAA, 0xAA, 0xAA, 0xAA, 0xAA, 0xAA, 0xAA, 0x91, 0x11, 0x11, 0x11, 0x11, 0x11, 0x11, 0x11, 0x11, 0x11, 0x11, 0x11, 0x11, 0x11, 0x11, 0x11, 0x11, 0x1F, 0xF1, 0x11, 0x11, 0x11, 0x11, 0x11, 0x11, 0x11, 0x11, 0x11, 0x11, 0xFF, 0xFF, 0x11, 0x11, 0x11, 0x11, 0x11, 0x11, 0x11, 0x11, 0x11, 0x11, 0xFF, 0xFF, 0x11, 0x11, 0x11, 0x11, 0x11, 0x11, 0x11, 0x11, 0x11, 0x11, 0x1F, 0xF1, 0x11, 0x11, 0x11, 0x11, 0x11, 0x11, 0x11, 0x11, 0x11, 0x11, 0x11, 0x11, 0x11, 0x11, 0x11, 0x11, 0x11, 0x22, 0x22, 0x22, 0x22, 0x22, 0x22, 0x22, 0x22, 0x22, 0x22, 0x22, 0x22, 0x22, 0x22, 0x22, 0x22, 0x22, 0x22, 0x22, 0x22, 0x22, 0x22, 0x22, 0x22, 0x22, 0x22, 0x22, 0x22, 0x22, 0x22, 0x22, 0x22, 0x22, 0x22, 0x22, 0x22, 0x22, 0x22, 0x22, 0x22, 0x22, 0x22, 0x22, 0x22, 0x22, 0x22, 0x22, 0x22, 0x22, 0x22, 0x22, 0x22, 0x22, 0x22, 0x22, 0x22, 0x22, 0x22, 0x22, 0x22
};

const uint8_t flag_Flag_of_Ireland[192] = {
0xCC, 0xCC, 0xCC, 0xCA, 0x11, 0x11, 0x11, 0x11, 0x88, 0x88, 0x88, 0x88, 0xCC, 0xCC, 0xCC, 0xCA, 0x11, 0x11, 0x11, 0x11, 0x88, 0x88, 0x88, 0x88, 0xCC, 0xCC, 0xCC, 0xCA, 0x11, 0x11, 0x11, 0x11, 0x88, 0x88, 0x88, 0x88, 0xCC, 0xCC, 0xCC, 0xCA, 0x11, 0x11, 0x11, 0x11, 0x88, 0x88, 0x88, 0x88, 0xCC, 0xCC, 0xCC, 0xCA, 0x11, 0x11, 0x11, 0x11, 0x88, 0x88, 0x88, 0x88, 0xCC, 0xCC, 0xCC, 0xCA, 0x11, 0x11, 0x11, 0x11, 0x88, 0x88, 0x88, 0x88, 0xCC, 0xCC, 0xCC, 0xCA, 0x11, 0x11, 0x11, 0x11, 0x88, 0x88, 0x88, 0x88, 0xCC, 0xCC, 0xCC, 0xCA, 0x11, 0x11, 0x11, 0x11, 0x88, 0x88, 0x88, 0x88, 0xCC, 0xCC, 0xCC, 0xCA, 0x11, 0x11, 0x11, 0x11, 0x88, 0x88, 0x88, 0x88, 0xCC, 0xCC, 0xCC, 0xCA, 0x11, 0x11, 0x11, 0x11, 0x88, 0x88, 0x88, 0x88, 0xCC, 0xCC, 0xCC, 0xCA, 0x11, 0x11, 0x11, 0x11, 0x88, 0x88, 0x88, 0x88, 0xCC, 0xCC, 0xCC, 0xCA, 0x11, 0x11, 0x11, 0x11, 0x88, 0x88, 0x88, 0x88, 0xCC, 0xCC, 0xCC, 0xCA, 0x11, 0x11, 0x11, 0x11, 0x88, 0x88, 0x88, 0x88, 0xCC, 0xCC, 0xCC, 0xCA, 0x11, 0x11, 0x11, 0x11, 0x88, 0x88, 0x88, 0x88, 0xCC, 0xCC, 0xCC, 0xCA, 0x11, 0x11, 0x11, 0x11, 0x88, 0x88, 0x88, 0x88, 0xCC, 0xCC, 0xCC, 0xCA, 0x11, 0x11, 0x11, 0x11, 0x88, 0x88, 0x88, 0x88
};

const uint8_t flag_Flag_of_Israel[192] = {
0x11, 0x11, 0x11, 0x11, 0x11, 0x11, 0x11, 0x11, 0x11, 0x11, 0x11, 0x11, 0x99, 0x99, 0x99, 0x99, 0x99, 0x99, 0x99, 0x99, 0x99, 0x99, 0x99, 0x99, 0xEE, 0xEE, 0xEE, 0xEE, 0xEE, 0xEE, 0xEE, 0xEE, 0xEE, 0xEE, 0xEE, 0xEE, 0xEE, 0xEE, 0xEE, 0xEE, 0xEE, 0xEE, 0xEE, 0xEE, 0xEE, 0xEE, 0xEE, 0xEE, 0x11, 0x11, 0x11, 0x11, 0x11, 0x11, 0x11, 0x11, 0x11, 0x11, 0x11, 0x11, 0x11, 0x11, 0x11, 0x11, 0x11, 0x1A, 0xA1, 0x11, 0x11, 0x11, 0x11, 0x11, 0x11, 0x11, 0x11, 0x11, 0x1A, 0xAA, 0xAA, 0xA1, 0x11, 0x11, 0x11, 0x11, 0x11, 0x11, 0x11, 0x11, 0x19, 0xA1, 0x1A, 0x91, 0x11, 0x11, 0x11, 0x11, 0x11, 0x11, 0x11, 0x11, 0x19, 0xA1, 0x1A, 0x91, 0x11, 0x11, 0x11, 0x11, 0x11, 0x11, 0x11, 0x11, 0x1A, 0xAA, 0xAA, 0xA1, 0x11, 0x11, 0x11, 0x11, 0x11, 0x11, 0x11, 0x11, 0x11, 0x1A, 0xA1, 0x11, 0x11, 0x11, 0x11, 0x11, 0x11, 0x11, 0x11, 0x11, 0x11, 0x11, 0x11, 0x11, 0x11, 0x11, 0x11, 0x11, 0xEE, 0xEE, 0xEE, 0xEE, 0xEE, 0xEE, 0xEE, 0xEE, 0xEE, 0xEE, 0xEE, 0xEE, 0xEE, 0xEE, 0xEE, 0xEE, 0xEE, 0xEE, 0xEE, 0xEE, 0xEE, 0xEE, 0xEE, 0xEE, 0x99, 0x99, 0x99, 0x99, 0x99, 0x99, 0x99, 0x99, 0x99, 0x99, 0x99, 0x99, 0x11, 0x11, 0x11, 0x11, 0x11, 0x11, 0x11, 0x11, 0x11, 0x11, 0x11, 0x11
};

const uint8_t flag_Flag_of_Italy[192] = {
0xCC, 0xCC, 0xCC, 0xCC, 0x11, 0x11, 0x11, 0x11, 0x22, 0x22, 0x22, 0x22, 0xCC, 0xCC, 0xCC, 0xCC, 0x11, 0x11, 0x11, 0x11, 0x22, 0x22, 0x22, 0x22, 0xCC, 0xCC, 0xCC, 0xCC, 0x11, 0x11, 0x11, 0x11, 0x22, 0x22, 0x22, 0x22, 0xCC, 0xCC, 0xCC, 0xCC, 0x11, 0x11, 0x11, 0x11, 0x22, 0x22, 0x22, 0x22, 0xCC, 0xCC, 0xCC, 0xCC, 0x11, 0x11, 0x11, 0x11, 0x22, 0x22, 0x22, 0x22, 0xCC, 0xCC, 0xCC, 0xCC, 0x11, 0x11, 0x11, 0x11, 0x22, 0x22, 0x22, 0x22, 0xCC, 0xCC, 0xCC, 0xCC, 0x11, 0x11, 0x11, 0x11, 0x22, 0x22, 0x22, 0x22, 0xCC, 0xCC, 0xCC, 0xCC, 0x11, 0x11, 0x11, 0x11, 0x22, 0x22, 0x22, 0x22, 0xCC, 0xCC, 0xCC, 0xCC, 0x11, 0x11, 0x11, 0x11, 0x22, 0x22, 0x22, 0x22, 0xCC, 0xCC, 0xCC, 0xCC, 0x11, 0x11, 0x11, 0x11, 0x22, 0x22, 0x22, 0x22, 0xCC, 0xCC, 0xCC, 0xCC, 0x11, 0x11, 0x11, 0x11, 0x22, 0x22, 0x22, 0x22, 0xCC, 0xCC, 0xCC, 0xCC, 0x11, 0x11, 0x11, 0x11, 0x22, 0x22, 0x22, 0x22, 0xCC, 0xCC, 0xCC, 0xCC, 0x11, 0x11, 0x11, 0x11, 0x22, 0x22, 0x22, 0x22, 0xCC, 0xCC, 0xCC, 0xCC, 0x11, 0x11, 0x11, 0x11, 0x22, 0x22, 0x22, 0x22, 0xCC, 0xCC, 0xCC, 0xCC, 0x11, 0x11, 0x11, 0x11, 0x22, 0x22, 0x22, 0x22, 0xCC, 0xCC, 0xCC, 0xCC, 0x11, 0x11, 0x11, 0x11, 0x22, 0x22, 0x22, 0x22
};

const uint8_t flag_Flag_of_Jamaica[192] = {
0x88, 0x8B, 0xCC, 0xCC, 0xCC, 0xCC, 0xCC, 0xCC, 0xCC, 0xCC, 0xB8, 0x88, 0x88, 0x88, 0xAC, 0xCC, 0xCC, 0xCC, 0xCC, 0xCC, 0xCC, 0xCA, 0x88, 0x88, 0xBB, 0x88, 0x88, 0xBC, 0xCC, 0xCC, 0xCC, 0xCC, 0xCB, 0x88, 0x88, 0xBB, 0xBB, 0xB8, 0x88, 0x8A, 0xCC, 0xCC, 0xCC, 0xCC, 0xA8, 0x88, 0x8B, 0xBB, 0xBB, 0xBB, 0xA8, 0x88, 0x8B, 0xCC, 0xCC, 0xB8, 0x88, 0x8A, 0xBB, 0xBB, 0xBB, 0xBB, 0xBB, 0x88, 0x88, 0xAC, 0xCA, 0x88, 0x88, 0xBB, 0xBB, 0xBB, 0xBB, 0xBB, 0xBB, 0xBA, 0x88, 0x88, 0x88, 0x88, 0xAB, 0xBB, 0xBB, 0xBB, 0xBB, 0xBB, 0xBB, 0xBB, 0xB8, 0x88, 0x88, 0x8B, 0xBB, 0xBB, 0xBB, 0xBB, 0xBB, 0xBB, 0xBB, 0xBB, 0xB8, 0x88, 0x88, 0x8B, 0xBB, 0xBB, 0xBB, 0xBB, 0xBB, 0xBB, 0xBB, 0xBA, 0x88, 0x88, 0x88, 0x88, 0xAB, 0xBB, 0xBB, 0xBB, 0xBB, 0xBB, 0xBB, 0x88, 0x88, 0xAC, 0xCA, 0x88, 0x88, 0xBB, 0xBB, 0xBB, 0xBB, 0xBB, 0xA8, 0x88, 0x8B, 0xCC, 0xCC, 0xB8, 0x88, 0x8A, 0xBB, 0xBB, 0xBB, 0xB8, 0x88, 0x8A, 0xCC, 0xCC, 0xCC, 0xCC, 0xA8, 0x88, 0x8B, 0xBB, 0xBB, 0x88, 0x88, 0xBC, 0xCC, 0xCC, 0xCC, 0xCC, 0xCB, 0x88, 0x88, 0xBB, 0x88, 0x88, 0xAC, 0xCC, 0xCC, 0xCC, 0xCC, 0xCC, 0xCC, 0xCA, 0x88, 0x88, 0x88, 0x8B, 0xCC, 0xCC, 0xCC, 0xCC, 0xCC, 0xCC, 0xCC, 0xCC, 0xB8, 0x88
};

const uint8_t flag_Flag_of_Japan[192] = {
0x11, 0x11, 0x11, 0x11, 0x11, 0x11, 0x11, 0x11, 0x11, 0x11, 0x11, 0x11, 0x11, 0x11, 0x11, 0x11, 0x11, 0x11, 0x11, 0x11, 0x11, 0x11, 0x11, 0x11, 0x11, 0x11, 0x11, 0x11, 0x11, 0x11, 0x11, 0x11, 0x11, 0x11, 0x11, 0x11, 0x11, 0x11, 0x11, 0x11, 0x11, 0xFA, 0xAF, 0x11, 0x11, 0x11, 0x11, 0x11, 0x11, 0x11, 0x11, 0x11, 0xFD, 0xDD, 0xDD, 0xDF, 0x11, 0x11, 0x11, 0x11, 0x11, 0x11, 0x11, 0x11, 0xDD, 0xDD, 0xDD, 0xDD, 0x11, 0x11, 0x11, 0x11, 0x11, 0x11, 0x11, 0x1F, 0xDD, 0xDD, 0xDD, 0xDD, 0xF1, 0x11, 0x11, 0x11, 0x11, 0x11, 0x11, 0x1A, 0xDD, 0xDD, 0xDD, 0xDD, 0xA1, 0x11, 0x11, 0x11, 0x11, 0x11, 0x11, 0x1A, 0xDD, 0xDD, 0xDD, 0xDD, 0xA1, 0x11, 0x11, 0x11, 0x11, 0x11, 0x11, 0x1F, 0xDD, 0xDD, 0xDD, 0xDD, 0xF1, 0x11, 0x11, 0x11, 0x11, 0x11, 0x11, 0x11, 0xDD, 0xDD, 0xDD, 0xDD, 0x11, 0x11, 0x11, 0x11, 0x11, 0x11, 0x11, 0x11, 0xFD, 0xDD, 0xDD, 0xDF, 0x11, 0x11, 0x11, 0x11, 0x11, 0x11, 0x11, 0x11, 0x11, 0xFA, 0xAF, 0x11, 0x11, 0x11, 0x11, 0x11, 0x11, 0x11, 0x11, 0x11, 0x11, 0x11, 0x11, 0x11, 0x11, 0x11, 0x11, 0x11, 0x11, 0x11, 0x11, 0x11, 0x11, 0x11, 0x11, 0x11, 0x11, 0x11, 0x11, 0x11, 0x11, 0x11, 0x11, 0x11, 0x11, 0x11, 0x11, 0x11, 0x11, 0x11, 0x11, 0x11
};

const uint8_t flag_Flag_of_Kenya[192] = {
0x00, 0x00, 0x00, 0x00, 0x00, 0x00, 0x00, 0x00, 0x00, 0x00, 0x00, 0x00, 0x00, 0x00, 0x00, 0x00, 0x00, 0x00, 0x00, 0x00, 0x00, 0x00, 0x00, 0x00, 0x00, 0x00, 0x00, 0x00, 0x00, 0x00, 0x00, 0x00, 0x00, 0x00, 0x00, 0x00, 0x00, 0x00, 0x00, 0x00, 0x0A, 0x0D, 0xD0, 0xA0, 0x00, 0x00, 0x00, 0x00, 0xBB, 0xBB, 0xBB, 0xBB, 0xBA, 0xBF, 0xFB, 0xAB, 0xBB, 0xBB, 0xBB, 0xBB, 0xFF, 0xFF, 0xFF, 0xFF, 0xFF, 0xDF, 0xFD, 0xFF, 0xFF, 0xFF, 0xFF, 0xFF, 0xDD, 0xDD, 0xDD, 0xDD, 0x2D, 0xD2, 0x2D, 0xD2, 0xDD, 0xDD, 0xDD, 0xDD, 0xDD, 0xDD, 0xDD, 0xDD, 0x2D, 0x02, 0x20, 0xD2, 0xDD, 0xDD, 0xDD, 0xDD, 0xDD, 0xDD, 0xDD, 0xDD, 0x2D, 0x02, 0x20, 0xD2, 0xDD, 0xDD, 0xDD, 0xDD, 0xDD, 0xDD, 0xDD, 0xDD, 0x2D, 0xD2, 0x2D, 0xD2, 0xDD, 0xDD, 0xDD, 0xDD, 0xFF, 0xFF, 0xFF, 0xFF, 0xFF, 0xDF, 0xFD, 0xFF, 0xFF, 0xFF, 0xFF, 0xFF, 0xBB, 0xBB, 0xBB, 0xBA, 0xBA, 0xBF, 0xFB, 0xAB, 0xAB, 0xBB, 0xBB, 0xBB, 0xCC, 0xCC, 0xCC, 0xCC, 0xCC, 0xCB, 0xBC, 0xCC, 0xCC, 0xCC, 0xCC, 0xCC, 0xCC, 0xCC, 0xCC, 0xCC, 0xCC, 0xCC, 0xCC, 0xCC, 0xCC, 0xCC, 0xCC, 0xCC, 0xCC, 0xCC, 0xCC, 0xCC, 0xCC, 0xCC, 0xCC, 0xCC, 0xCC, 0xCC, 0xCC, 0xCC, 0xCC, 0xCC, 0xCC, 0xCC, 0xCC, 0xCC, 0xCC, 0xCC, 0xCC, 0xCC, 0xCC, 0xCC
};

const uint8_t flag_Flag_of_Latvia[192] = {
0xDD, 0xDD, 0xDD, 0xDD, 0xDD, 0xDD, 0xDD, 0xDD, 0xDD, 0xDD, 0xDD, 0xDD, 0xDD, 0xDD, 0xDD, 0xDD, 0xDD, 0xDD, 0xDD, 0xDD, 0xDD, 0xDD, 0xDD, 0xDD, 0xDD, 0xDD, 0xDD, 0xDD, 0xDD, 0xDD, 0xDD, 0xDD, 0xDD, 0xDD, 0xDD, 0xDD, 0xDD, 0xDD, 0xDD, 0xDD, 0xDD, 0xDD, 0xDD, 0xDD, 0xDD, 0xDD, 0xDD, 0xDD, 0xDD, 0xDD, 0xDD, 0xDD, 0xDD, 0xDD, 0xDD, 0xDD, 0xDD, 0xDD, 0xDD, 0xDD, 0xDD, 0xDD, 0xDD, 0xDD, 0xDD, 0xDD, 0xDD, 0xDD, 0xDD, 0xDD, 0xDD, 0xDD, 0xFF, 0xFF, 0xFF, 0xFF, 0xFF, 0xFF, 0xFF, 0xFF, 0xFF, 0xFF, 0xFF, 0xFF, 0x11, 0x11, 0x11, 0x11, 0x11, 0x11, 0x11, 0x11, 0x11, 0x11, 0x11, 0x11, 0x11, 0x11, 0x11, 0x11, 0x11, 0x11, 0x11, 0x11, 0x11, 0x11, 0x11, 0x11, 0xFF, 0xFF, 0xFF, 0xFF, 0xFF, 0xFF, 0xFF, 0xFF, 0xFF, 0xFF, 0xFF, 0xFF, 0xDD, 0xDD, 0xDD, 0xDD, 0xDD, 0xDD, 0xDD, 0xDD, 0xDD, 0xDD, 0xDD, 0xDD, 0xDD, 0xDD, 0xDD, 0xDD, 0xDD, 0xDD, 0xDD, 0xDD, 0xDD, 0xDD, 0xDD, 0xDD, 0xDD, 0xDD, 0xDD, 0xDD, 0xDD, 0xDD, 0xDD, 0xDD, 0xDD, 0xDD, 0xDD, 0xDD, 0xDD, 0xDD, 0xDD, 0xDD, 0xDD, 0xDD, 0xDD, 0xDD, 0xDD, 0xDD, 0xDD, 0xDD, 0xDD, 0xDD, 0xDD, 0xDD, 0xDD, 0xDD, 0xDD, 0xDD, 0xDD, 0xDD, 0xDD, 0xDD, 0xDD, 0xDD, 0xDD, 0xDD, 0xDD, 0xDD, 0xDD, 0xDD, 0xDD, 0xDD, 0xDD, 0xDD
};

const uint8_t flag_Flag_of_Lithuania[192] = {
0x88, 0x88, 0x88, 0x88, 0x88, 0x88, 0x88, 0x88, 0x88, 0x88, 0x88, 0x88, 0x88, 0x88, 0x88, 0x88, 0x88, 0x88, 0x88, 0x88, 0x88, 0x88, 0x88, 0x88, 0x88, 0x88, 0x88, 0x88, 0x88, 0x88, 0x88, 0x88, 0x88, 0x88, 0x88, 0x88, 0x88, 0x88, 0x88, 0x88, 0x88, 0x88, 0x88, 0x88, 0x88, 0x88, 0x88, 0x88, 0x88, 0x88, 0x88, 0x88, 0x88, 0x88, 0x88, 0x88, 0x88, 0x88, 0x88, 0x88, 0xBB, 0xBB, 0xBB, 0xBB, 0xBB, 0xBB, 0xBB, 0xBB, 0xBB, 0xBB, 0xBB, 0xBB, 0xBB, 0xBB, 0xBB, 0xBB, 0xBB, 0xBB, 0xBB, 0xBB, 0xBB, 0xBB, 0xBB, 0xBB, 0xCC, 0xCC, 0xCC, 0xCC, 0xCC, 0xCC, 0xCC, 0xCC, 0xCC, 0xCC, 0xCC, 0xCC, 0xCC, 0xCC, 0xCC, 0xCC, 0xCC, 0xCC, 0xCC, 0xCC, 0xCC, 0xCC, 0xCC, 0xCC, 0xCC, 0xCC, 0xCC, 0xCC, 0xCC, 0xCC, 0xCC, 0xCC, 0xCC, 0xCC, 0xCC, 0xCC, 0xBB, 0xBB, 0xBB, 0xBB, 0xBB, 0xBB, 0xBB, 0xBB, 0xBB, 0xBB, 0xBB, 0xBB, 0x22, 0x22, 0x22, 0x22, 0x22, 0x22, 0x22, 0x22, 0x22, 0x22, 0x22, 0x22, 0xDD, 0xDD, 0xDD, 0xDD, 0xDD, 0xDD, 0xDD, 0xDD, 0xDD, 0xDD, 0xDD, 0xDD, 0x22, 0x22, 0x22, 0x22, 0x22, 0x22, 0x22, 0x22, 0x22, 0x22, 0x22, 0x22, 0x22, 0x22, 0x22, 0x22, 0x22, 0x22, 0x22, 0x22, 0x22, 0x22, 0x22, 0x22, 0x22, 0x22, 0x22, 0x22, 0x22, 0x22, 0x22, 0x22, 0x22, 0x22, 0x22, 0x22
};

const uint8_t flag_Flag_of_Luxembourg[192] = {
0x22, 0x22, 0x22, 0x22, 0x22, 0x22, 0x22, 0x22, 0x22, 0x22, 0x22, 0x22, 0x22, 0x22, 0x22, 0x22, 0x22, 0x22, 0x22, 0x22, 0x22, 0x22, 0x22, 0x22, 0x22, 0x22, 0x22, 0x22, 0x22, 0x22, 0x22, 0x22, 0x22, 0x22, 0x22, 0x22, 0xFF, 0xFF, 0xFF, 0xFF, 0xFF, 0xFF, 0xFF, 0xFF, 0xFF, 0xFF, 0xFF, 0xFF, 0xFF, 0xFF, 0xFF, 0xFF, 0xFF, 0xFF, 0xFF, 0xFF, 0xFF, 0xFF, 0xFF, 0xFF, 0xFF, 0xFF, 0xFF, 0xFF, 0xFF, 0xFF, 0xFF, 0xFF, 0xFF, 0xFF, 0xFF, 0xFF, 0x11, 0x11, 0x11, 0x11, 0x11, 0x11, 0x11, 0x11, 0x11, 0x11, 0x11, 0x11, 0x11, 0x11, 0x11, 0x11, 0x11, 0x11, 0x11, 0x11, 0x11, 0x11, 0x11, 0x11, 0x11, 0x11, 0x11, 0x11, 0x11, 0x11, 0x11, 0x11, 0x11, 0x11, 0x11, 0x11, 0x99, 0x99, 0x99, 0x99, 0x99, 0x99, 0x99, 0x99, 0x99, 0x99, 0x99, 0x99, 0x99, 0x99, 0x99, 0x99, 0x99, 0x99, 0x99, 0x99, 0x99, 0x99, 0x99, 0x99, 0x66, 0x66, 0x66, 0x66, 0x66, 0x66, 0x66, 0x66, 0x66, 0x66, 0x66, 0x66, 0x66, 0x66, 0x66, 0x66, 0x66, 0x66, 0x66, 0x66, 0x66, 0x66, 0x66, 0x66, 0x66, 0x66, 0x66, 0x66, 0x66, 0x66, 0x66, 0x66, 0x66, 0x66, 0x66, 0x66, 0x66, 0x66, 0x66, 0x66, 0x66, 0x66, 0x66, 0x66, 0x66, 0x66, 0x66, 0x66, 0x66, 0x66, 0x66, 0x66, 0x66, 0x66, 0x66, 0x66, 0x66, 0x66, 0x66, 0x66
};

const uint8_t flag_Flag_of_Malaysia[192] = {
0xEE, 0xEE, 0xEE, 0xEE, 0xEE, 0xEE, 0xD2, 0x22, 0x22, 0x22, 0x22, 0x22, 0xEE, 0xEB, 0xAB, 0xEE, 0xEE, 0xEE, 0x91, 0x11, 0x11, 0x11, 0x11, 0x11, 0xEE, 0xB8, 0xEE, 0xEB, 0xEE, 0xEE, 0x22, 0x22, 0x22, 0x22, 0x22, 0x22, 0xEE, 0xAB, 0xEE, 0xB8, 0xBE, 0xEE, 0xFF, 0xFF, 0xFF, 0xFF, 0xFF, 0xFF, 0xEE, 0x8B, 0xEE, 0x85, 0x8E, 0xEE, 0xFF, 0xFF, 0xFF, 0xFF, 0xFF, 0xFF, 0xEE, 0xAB, 0xEE, 0xA8, 0xAE, 0xEE, 0x22, 0x22, 0x22, 0x22, 0x22, 0x22, 0xEE, 0xB8, 0xEE, 0xBB, 0xBE, 0xEE, 0x91, 0x11, 0x11, 0x11, 0x11, 0x11, 0xEE, 0xEB, 0xAB, 0xEE, 0xEE, 0xEE, 0x22, 0x22, 0x22, 0x22, 0x22, 0x22, 0xEE, 0xEE, 0xEE, 0xEE, 0xEE, 0xEE, 0x11, 0x11, 0x11, 0x11, 0x11, 0x11, 0xDD, 0xDD, 0xDD, 0xDD, 0xDD, 0xDD, 0x22, 0x22, 0x22, 0x22, 0x22, 0x22, 0x11, 0x11, 0x11, 0x11, 0x11, 0x11, 0x99, 0x99, 0x99, 0x99, 0x99, 0x99, 0xFF, 0xFF, 0xFF, 0xFF, 0xFF, 0xFF, 0xFF, 0xFF, 0xFF, 0xFF, 0xFF, 0xFF, 0xFF, 0xFF, 0xFF, 0xFF, 0xFF, 0xFF, 0xFF, 0xFF, 0xFF, 0xFF, 0xFF, 0xFF, 0x99, 0x99, 0x99, 0x99, 0x99, 0x99, 0x99, 0x99, 0x99, 0x99, 0x99, 0x99, 0x22, 0x22, 0x22, 0x22, 0x22, 0x22, 0x22, 0x22, 0x22, 0x22, 0x22, 0x22, 0x11, 0x11, 0x11, 0x11, 0x11, 0x11, 0x11, 0x11, 0x11, 0x11, 0x11, 0x11
};

const uint8_t flag_Flag_of_Malta[192] = {
0x11, 0x11, 0x11, 0x11, 0x11, 0x11, 0x22, 0x22, 0x22, 0x22, 0x22, 0x22, 0x11, 0x11, 0x11, 0x11, 0x11, 0x11, 0x22, 0x22, 0x22, 0x22, 0x22, 0x22, 0x11, 0x99, 0x11, 0x11, 0x11, 0x11, 0x22, 0x22, 0x22, 0x22, 0x22, 0x22, 0x11, 0x99, 0x11, 0x11, 0x11, 0x11, 0x22, 0x22, 0x22, 0x22, 0x22, 0x22, 0x11, 0x11, 0x11, 0x11, 0x11, 0x11, 0x22, 0x22, 0x22, 0x22, 0x22, 0x22, 0x11, 0x11, 0x11, 0x11, 0x11, 0x11, 0x22, 0x22, 0x22, 0x22, 0x22, 0x22, 0x11, 0x11, 0x11, 0x11, 0x11, 0x11, 0x22, 0x22, 0x22, 0x22, 0x22, 0x22, 0x11, 0x11, 0x11, 0x11, 0x11, 0x11, 0x22, 0x22, 0x22, 0x22, 0x22, 0x22, 0x11, 0x11, 0x11, 0x11, 0x11, 0x11, 0x22, 0x22, 0x22, 0x22, 0x22, 0x22, 0x11, 0x11, 0x11, 0x11, 0x11, 0x11, 0x22, 0x22, 0x22, 0x22, 0x22, 0x22, 0x11, 0x11, 0x11, 0x11, 0x11, 0x11, 0x22, 0x22, 0x22, 0x22, 0x22, 0x22, 0x11, 0x11, 0x11, 0x11, 0x11, 0x11, 0x22, 0x22, 0x22, 0x22, 0x22, 0x22, 0x11, 0x11, 0x11, 0x11, 0x11, 0x11, 0x22, 0x22, 0x22, 0x22, 0x22, 0x22, 0x11, 0x11, 0x11, 0x11, 0x11, 0x11, 0x22, 0x22, 0x22, 0x22, 0x22, 0x22, 0x11, 0x11, 0x11, 0x11, 0x11, 0x11, 0x22, 0x22, 0x22, 0x22, 0x22, 0x22, 0x11, 0x11, 0x11, 0x11, 0x11, 0x11, 0x22, 0x22, 0x22, 0x22, 0x22, 0x22
};

const uint8_t flag_Flag_of_Mexico[192] = {
0xCC, 0xCC, 0xCB, 0xCB, 0x11, 0x11, 0x11, 0x11, 0x22, 0x22, 0x22, 0x22, 0xCC, 0xCC, 0xCB, 0xCB, 0x11, 0x11, 0x11, 0x11, 0x22, 0x22, 0x22, 0x22, 0xCC, 0xCC, 0xCB, 0xCB, 0x11, 0x11, 0x11, 0x11, 0x22, 0x22, 0x22, 0x22, 0xCC, 0xCC, 0xCB, 0xCB, 0x11, 0x11, 0x11, 0x11, 0x22, 0x22, 0x22, 0x22, 0xCC, 0xCC, 0xCB, 0xCB, 0x11, 0x11, 0x11, 0x11, 0x22, 0x22, 0x22, 0x22, 0xCC, 0xCC, 0xCB, 0xCB, 0x11, 0x1A, 0xBA, 0x11, 0x22, 0x22, 0x22, 0x22, 0xCC, 0xCC, 0xCB, 0xCB, 0x11, 0x1A, 0xBB, 0x11, 0x22, 0x22, 0x22, 0x22, 0xCC, 0xCC, 0xCB, 0xCB, 0x11, 0x9A, 0xBA, 0x91, 0x22, 0x22, 0x22, 0x22, 0xCC, 0xCC, 0xCB, 0xCB, 0x19, 0x9A, 0xAA, 0x91, 0x22, 0x22, 0x22, 0x22, 0xCC, 0xCC, 0xCB, 0xCB, 0x11, 0x9A, 0xA9, 0x11, 0x22, 0x22, 0x22, 0x22, 0xCC, 0xCC, 0xCB, 0xCB, 0x11, 0x99, 0x99, 0x11, 0x22, 0x22, 0x22, 0x22, 0xCC, 0xCC, 0xCB, 0xCB, 0x11, 0x11, 0x11, 0x11, 0x22, 0x22, 0x22, 0x22, 0xCC, 0xCC, 0xCB, 0xCB, 0x11, 0x11, 0x11, 0x11, 0x22, 0x22, 0x22, 0x22, 0xCC, 0xCC, 0xCB, 0xCB, 0x11, 0x11, 0x11, 0x11, 0x22, 0x22, 0x22, 0x22, 0xCC, 0xCC, 0xCB, 0xCB, 0x11, 0x11, 0x11, 0x11, 0x22, 0x22, 0x22, 0x22, 0xCC, 0xCC, 0xCB, 0xCB, 0x11, 0x11, 0x11, 0x11, 0x22, 0x22, 0x22, 0x22
};

const uint8_t flag_Flag_of_Morocco[192] = {
0x22, 0x22, 0x22, 0x22, 0x22, 0x22, 0x22, 0x22, 0x22, 0x22, 0x22, 0x22, 0x22, 0x22, 0x22, 0x22, 0x22, 0x22, 0x22, 0x22, 0x22, 0x22, 0x22, 0x22, 0x22, 0x22, 0x22, 0x22, 0x22, 0x22, 0x22, 0x22, 0x22, 0x22, 0x22, 0x22, 0x22, 0x22, 0x22, 0x22, 0x22, 0x22, 0x22, 0x22, 0x22, 0x22, 0x22, 0x22, 0x22, 0x22, 0x22, 0x22, 0x2D, 0x2D, 0xD2, 0xD2, 0x22, 0x22, 0x22, 0x22, 0x22, 0x22, 0x22, 0x22, 0x22, 0x2B, 0xB2, 0x22, 0x22, 0x22, 0x22, 0x22, 0x22, 0x22, 0x22, 0x22, 0xDD, 0xDB, 0xBD, 0xDD, 0x22, 0x22, 0x22, 0x22, 0x22, 0x22, 0x22, 0x22, 0xDB, 0xBB, 0xBB, 0xBD, 0x22, 0x22, 0x22, 0x22, 0x22, 0x22, 0x22, 0x22, 0x22, 0xBD, 0xDB, 0x22, 0x22, 0x22, 0x22, 0x22, 0x22, 0x22, 0x22, 0x22, 0x2D, 0xBB, 0xBB, 0xD2, 0x22, 0x22, 0x22, 0x22, 0x22, 0x22, 0x22, 0x22, 0x2D, 0xBD, 0xDB, 0xD2, 0x22, 0x22, 0x22, 0x22, 0x22, 0x22, 0x22, 0x22, 0x2D, 0x22, 0x22, 0xD2, 0x22, 0x22, 0x22, 0x22, 0x22, 0x22, 0x22, 0x22, 0x22, 0x22, 0x22, 0x22, 0x22, 0x22, 0x22, 0x22, 0x22, 0x22, 0x22, 0x22, 0x22, 0x22, 0x22, 0x22, 0x22, 0x22, 0x22, 0x22, 0x22, 0x22, 0x22, 0x22, 0x22, 0x22, 0x22, 0x22, 0x22, 0x22, 0x22, 0x22, 0x22, 0x22, 0x22, 0x22, 0x22, 0x22, 0x22, 0x22, 0x22, 0x22, 0x22, 0x22
};

const uint8_t flag_Flag_of_Namibia[192] = {
0xEE, 0xEE, 0xEE, 0xEE, 0xEE, 0xEE, 0xEE, 0xEE, 0xEE, 0x9F, 0x22, 0x22, 0xEE, 0xEE, 0xEE, 0xEE, 0xEE, 0xEE, 0xEE, 0xEE, 0xA9, 0xF2, 0x22, 0x22, 0xEE, 0xEB, 0xAB, 0xBE, 0xEE, 0xEE, 0xEE, 0xE9, 0xF2, 0x22, 0x22, 0x2F, 0xEE, 0xBA, 0x88, 0xAE, 0xEE, 0xEE, 0xEA, 0x9F, 0x22, 0x22, 0x22, 0xF9, 0xEE, 0xB8, 0x58, 0xAB, 0xEE, 0xEE, 0x9F, 0x22, 0x22, 0x22, 0xF9, 0xAC, 0xEE, 0xBA, 0x88, 0xBE, 0xEE, 0xA9, 0xF2, 0x22, 0x22, 0x2F, 0x9C, 0xCC, 0xEE, 0xEB, 0xBB, 0xBE, 0xE9, 0xF2, 0x22, 0x22, 0x2F, 0x9A, 0xCC, 0xCC, 0xEE, 0xEE, 0xEE, 0xEA, 0x9F, 0x22, 0x22, 0x22, 0xF9, 0xCC, 0xCC, 0xCC, 0xEE, 0xEE, 0xEE, 0x9F, 0x22, 0x22, 0x22, 0xF9, 0xAC, 0xCC, 0xCC, 0xCC, 0xEE, 0xEE, 0xA9, 0xF2, 0x22, 0x22, 0x2F, 0x9C, 0xCC, 0xCC, 0xCC, 0xCC, 0xEE, 0xE9, 0xF2, 0x22, 0x22, 0x2F, 0x9A, 0xCC, 0xCC, 0xCC, 0xCC, 0xCC, 0xEA, 0x9F, 0x22, 0x22, 0x22, 0xF9, 0xCC, 0xCC, 0xCC, 0xCC, 0xCC, 0xCC, 0x9F, 0x22, 0x22, 0x22, 0xF9, 0xAC, 0xCC, 0xCC, 0xCC, 0xCC, 0xCC, 0xCC, 0xF2, 0x22, 0x22, 0x2F, 0x9C, 0xCC, 0xCC, 0xCC, 0xCC, 0xCC, 0xCC, 0xCC, 0x22, 0x22, 0x2F, 0x9A, 0xCC, 0xCC, 0xCC, 0xCC, 0xCC, 0xCC, 0xCC, 0xCC, 0x22, 0x22, 0xF9, 0xCC, 0xCC, 0xCC, 0xCC, 0xCC, 0xCC, 0xCC, 0xCC, 0xCC
};

const uint8_t flag_Flag_of_Netherlands[192] = {
0xDD, 0xDD, 0xDD, 0xDD, 0xDD, 0xDD, 0xDD, 0xDD, 0xDD, 0xDD, 0xDD, 0xDD, 0xDD, 0xDD, 0xDD, 0xDD, 0xDD, 0xDD, 0xDD, 0xDD, 0xDD, 0xDD, 0xDD, 0xDD, 0xDD, 0xDD, 0xDD, 0xDD, 0xDD, 0xDD, 0xDD, 0xDD, 0xDD, 0xDD, 0xDD, 0xDD, 0xDD, 0xDD, 0xDD, 0xDD, 0xDD, 0xDD, 0xDD, 0xDD, 0xDD, 0xDD, 0xDD, 0xDD, 0xDD, 0xDD, 0xDD, 0xDD, 0xDD, 0xDD, 0xDD, 0xDD, 0xDD, 0xDD, 0xDD, 0xDD, 0xFF, 0xFF, 0xFF, 0xFF, 0xFF, 0xFF, 0xFF, 0xFF, 0xFF, 0xFF, 0xFF, 0xFF, 0x11, 0x11, 0x11, 0x11, 0x11, 0x11, 0x11, 0x11, 0x11, 0x11, 0x11, 0x11, 0x11, 0x11, 0x11, 0x11, 0x11, 0x11, 0x11, 0x11, 0x11, 0x11, 0x11, 0x11, 0x11, 0x11, 0x11, 0x11, 0x11, 0x11, 0x11, 0x11, 0x11, 0x11, 0x11, 0x11, 0x11, 0x11, 0x11, 0x11, 0x11, 0x11, 0x11, 0x11, 0x11, 0x11, 0x11, 0x11, 0x99, 0x99, 0x99, 0x99, 0x99, 0x99, 0x99, 0x99, 0x99, 0x99, 0x99, 0x99, 0xEE, 0xEE, 0xEE, 0xEE, 0xEE, 0xEE, 0xEE, 0xEE, 0xEE, 0xEE, 0xEE, 0xEE, 0xEE, 0xEE, 0xEE, 0xEE, 0xEE, 0xEE, 0xEE, 0xEE, 0xEE, 0xEE, 0xEE, 0xEE, 0xEE, 0xEE, 0xEE, 0xEE, 0xEE, 0xEE, 0xEE, 0xEE, 0xEE, 0xEE, 0xEE, 0xEE, 0xEE, 0xEE, 0xEE, 0xEE, 0xEE, 0xEE, 0xEE, 0xEE, 0xEE, 0xEE, 0xEE, 0xEE, 0xEE, 0xEE, 0xEE, 0xEE, 0xEE, 0xEE, 0xEE, 0xEE, 0xEE, 0xEE, 0xEE, 0xEE
};

const uint8_t flag_Flag_of_New_Zealand[192] = {
0xF9, 0xAE, 0xEF, 0xFE, 0xEB, 0xFF, 0xEE, 0xEE, 0xEE, 0xEE, 0xEE, 0xEE, 0xBA, 0xFA, 0xEA, 0xAE, 0xAF, 0x9B, 0xEE, 0xEE, 0xEE, 0xEE, 0xEE, 0xEE, 0xAA, 0xF1, 0x1F, 0xF9, 0xF1, 0xAA, 0xEE, 0xEE, 0xEB, 0xBE, 0xEE, 0xEE, 0xFF, 0xF2, 0x22, 0x22, 0xF2, 0xFF, 0xEE, 0xEE, 0xEA, 0xAE, 0xEE, 0xEE, 0xFF, 0x2F, 0x22, 0x22, 0x2F, 0xFA, 0xEE, 0xEE, 0xEE, 0xEE, 0xEE, 0xEE, 0xAA, 0x1F, 0x9F, 0xF1, 0x1F, 0xAA, 0xEE, 0xEE, 0xEE, 0xEE, 0xAE, 0xEE, 0xA9, 0xFA, 0xEF, 0xFE, 0xAF, 0xAB, 0xEE, 0xBA, 0xEE, 0xEE, 0xAE, 0xEE, 0xFA, 0xBE, 0xEA, 0xAE, 0xEA, 0x9F, 0xEE, 0xBA, 0xEE, 0xEE, 0xEE, 0xEE, 0xEE, 0xEE, 0xEE, 0xEE, 0xEE, 0xEE, 0xEE, 0xEE, 0xEE, 0xEE, 0xEE, 0xEE, 0xEE, 0xEE, 0xEE, 0xEE, 0xEE, 0xEE, 0xEE, 0xEE, 0xEE, 0xEE, 0xEE, 0xEE, 0xEE, 0xEE, 0xEE, 0xEE, 0xEE, 0xEE, 0xEE, 0xEE, 0xEE, 0xEE, 0xEE, 0xEE, 0xEE, 0xEE, 0xEE, 0xEE, 0xEE, 0xEE, 0xEE, 0xEE, 0xEE, 0xEE, 0xEE, 0xEE, 0xEE, 0xEE, 0xEE, 0xEE, 0xEE, 0xEE, 0xEE, 0xEE, 0xEA, 0xAE, 0xEE, 0xEE, 0xEE, 0xEE, 0xEE, 0xEE, 0xEE, 0xEE, 0xEE, 0xEE, 0xEB, 0xBE, 0xEE, 0xEE, 0xEE, 0xEE, 0xEE, 0xEE, 0xEE, 0xEE, 0xEE, 0xEE, 0xEE, 0xEE, 0xEE, 0xEE, 0xEE, 0xEE, 0xEE, 0xEE, 0xEE, 0xEE, 0xEE, 0xEE, 0xEE, 0xEE, 0xEE, 0xEE
};

const uint8_t flag_Flag_of_Nigeria[192] = {
0xCC, 0xCC, 0xCC, 0xCC, 0x11, 0x11, 0x11, 0x11, 0xCC, 0xCC, 0xCC, 0xCC, 0xCC, 0xCC, 0xCC, 0xCC, 0x11, 0x11, 0x11, 0x11, 0xCC, 0xCC, 0xCC, 0xCC, 0xCC, 0xCC, 0xCC, 0xCC, 0x11, 0x11, 0x11, 0x11, 0xCC, 0xCC, 0xCC, 0xCC, 0xCC, 0xCC, 0xCC, 0xCC, 0x11, 0x11, 0x11, 0x11, 0xCC, 0xCC, 0xCC, 0xCC, 0xCC, 0xCC, 0xCC, 0xCC, 0x11, 0x11, 0x11, 0x11, 0xCC, 0xCC, 0xCC, 0xCC, 0xCC, 0xCC, 0xCC, 0xCC, 0x11, 0x11, 0x11, 0x11, 0xCC, 0xCC, 0xCC, 0xCC, 0xCC, 0xCC, 0xCC, 0xCC, 0x11, 0x11, 0x11, 0x11, 0xCC, 0xCC, 0xCC, 0xCC, 0xCC, 0xCC, 0xCC, 0xCC, 0x11, 0x11, 0x11, 0x11, 0xCC, 0xCC, 0xCC, 0xCC, 0xCC, 0xCC, 0xCC, 0xCC, 0x11, 0x11, 0x11, 0x11, 0xCC, 0xCC, 0xCC, 0xCC, 0xCC, 0xCC, 0xCC, 0xCC, 0x11, 0x11, 0x11, 0x11, 0xCC, 0xCC, 0xCC, 0xCC, 0xCC, 0xCC, 0xCC, 0xCC, 0x11, 0x11, 0x11, 0x11, 0xCC, 0xCC, 0xCC, 0xCC, 0xCC, 0xCC, 0xCC, 0xCC, 0x11, 0x11, 0x11, 0x11, 0xCC, 0xCC, 0xCC, 0xCC, 0xCC, 0xCC, 0xCC, 0xCC, 0x11, 0x11, 0x11, 0x11, 0xCC, 0xCC, 0xCC, 0xCC, 0xCC, 0xCC, 0xCC, 0xCC, 0x11, 0x11, 0x11, 0x11, 0xCC, 0xCC, 0xCC, 0xCC, 0xCC, 0xCC, 0xCC, 0xCC, 0x11, 0x11, 0x11, 0x11, 0xCC, 0xCC, 0xCC, 0xCC, 0xCC, 0xCC, 0xCC, 0xCC, 0x11, 0x11, 0x11, 0x11, 0xCC, 0xCC, 0xCC, 0xCC
};

const uint8_t flag_Flag_of_North_Macedonia[192] = {
0x85, 0x55, 0x22, 0x22, 0x22, 0x25, 0x52, 0x22, 0x22, 0x22, 0x55, 0x58, 0x22, 0x85, 0x52, 0x22, 0x22, 0x25, 0x52, 0x22, 0x22, 0x25, 0x58, 0x22, 0x22, 0x28, 0x55, 0x82, 0x22, 0x28, 0x82, 0x22, 0x28, 0x55, 0x82, 0x22, 0x22, 0x22, 0x28, 0x58, 0x22, 0x28, 0x82, 0x22, 0x85, 0x82, 0x22, 0x22, 0x22, 0x22, 0x22, 0x85, 0x82, 0x28, 0x82, 0x28, 0x58, 0x22, 0x22, 0x22, 0x22, 0x22, 0x22, 0x22, 0x88, 0x22, 0x22, 0x88, 0x22, 0x22, 0x22, 0x22, 0x88, 0x82, 0x22, 0x22, 0x28, 0x85, 0x58, 0x82, 0x22, 0x22, 0x28, 0x88, 0x55, 0x55, 0x58, 0x88, 0x82, 0x85, 0x58, 0x28, 0x88, 0x85, 0x55, 0x55, 0x55, 0x55, 0x58, 0x88, 0x82, 0x85, 0x58, 0x28, 0x88, 0x85, 0x55, 0x55, 0x88, 0x82, 0x22, 0x22, 0x28, 0x85, 0x58, 0x82, 0x22, 0x22, 0x28, 0x88, 0x22, 0x22, 0x22, 0x22, 0x88, 0x22, 0x22, 0x88, 0x22, 0x22, 0x22, 0x22, 0x22, 0x22, 0x22, 0x85, 0x82, 0x28, 0x82, 0x28, 0x58, 0x22, 0x22, 0x22, 0x22, 0x22, 0x28, 0x58, 0x22, 0x28, 0x82, 0x22, 0x85, 0x82, 0x22, 0x22, 0x22, 0x28, 0x55, 0x82, 0x22, 0x28, 0x82, 0x22, 0x28, 0x55, 0x82, 0x22, 0x22, 0x85, 0x52, 0x22, 0x22, 0x25, 0x52, 0x22, 0x22, 0x25, 0x58, 0x22, 0x85, 0x55, 0x22, 0x22, 0x22, 0x25, 0x52, 0x22, 0x22, 0x22, 0x55, 0x58
};

const uint8_t flag_Flag_of_Norway[192] = {
0xDD, 0xDD, 0xDD, 0xF9, 0x0B, 0x1D, 0xDD, 0xDD, 0xDD, 0xDD, 0xDD, 0xDD, 0xDD, 0xDD, 0xDD, 0xF9, 0x0B, 0x1D, 0xDD, 0xDD, 0xDD, 0xDD, 0xDD, 0xDD, 0xDD, 0xDD, 0xDD, 0xF9, 0x0B, 0x1D, 0xDD, 0xDD, 0xDD, 0xDD, 0xDD, 0xDD, 0xDD, 0xDD, 0xDD, 0xF9, 0x0B, 0x1D, 0xDD, 0xDD, 0xDD, 0xDD, 0xDD, 0xDD, 0xDD, 0xDD, 0xDD, 0xF9, 0x0B, 0x1D, 0xDD, 0xDD, 0xDD, 0xDD, 0xDD, 0xDD, 0xDD, 0xDD, 0xDD, 0xF9, 0x0B, 0x1D, 0xDD, 0xDD, 0xDD, 0xDD, 0xDD, 0xDD, 0x11, 0x11, 0x11, 0x19, 0x0B, 0x11, 0x11, 0x11, 0x11, 0x11, 0x11, 0x11, 0xEE, 0xEE, 0xEE, 0xEE, 0xEE, 0xEE, 0xEE, 0xEE, 0xEE, 0xEE, 0xEE, 0xEE, 0xEE, 0xEE, 0xEE, 0xEE, 0xEE, 0xEE, 0xEE, 0xEE, 0xEE, 0xEE, 0xEE, 0xEE, 0x11, 0x11, 0x11, 0x19, 0x0B, 0x11, 0x11, 0x11, 0x11, 0x11, 0x11, 0x11, 0xDD, 0xDD, 0xDD, 0xF9, 0x0B, 0x1D, 0xDD, 0xDD, 0xDD, 0xDD, 0xDD, 0xDD, 0xDD, 0xDD, 0xDD, 0xF9, 0x0B, 0x1D, 0xDD, 0xDD, 0xDD, 0xDD, 0xDD, 0xDD, 0xDD, 0xDD, 0xDD, 0xF9, 0x0B, 0x1D, 0xDD, 0xDD, 0xDD, 0xDD, 0xDD, 0xDD, 0xDD, 0xDD, 0xDD, 0xF9, 0x0B, 0x1D, 0xDD, 0xDD, 0xDD, 0xDD, 0xDD, 0xDD, 0xDD, 0xDD, 0xDD, 0xF9, 0x0B, 0x1D, 0xDD, 0xDD, 0xDD, 0xDD, 0xDD, 0xDD, 0xDD, 0xDD, 0xDD, 0xF9, 0x0B, 0x1D, 0xDD, 0xDD, 0xDD, 0xDD, 0xDD, 0xDD
};

const uint8_t flag_Flag_of_Pakistan[192] = {
0x11, 0x11, 0x11, 0xB0, 0xCC, 0xCC, 0xCC, 0xCC, 0xCC, 0xCC, 0xCC, 0xCC, 0x11, 0x11, 0x11, 0xB0, 0xCC, 0xCC, 0xCC, 0xCC, 0xCC, 0xCC, 0xCC, 0xCC, 0x11, 0x11, 0x11, 0xB0, 0xCC, 0xCC, 0x00, 0xCC, 0xCC, 0xCC, 0xCC, 0xCC, 0x11, 0x11, 0x11, 0xB0, 0xCC, 0xC0, 0xBB, 0x0C, 0x00, 0x0C, 0xCC, 0xCC, 0x11, 0x11, 0x11, 0xB0, 0xCC, 0x0A, 0xA0, 0xB0, 0xBB, 0xBC, 0xCC, 0xCC, 0x11, 0x11, 0x11, 0xB0, 0xB0, 0xB1, 0xB0, 0xB0, 0xA1, 0xB0, 0xCC, 0xCC, 0x11, 0x11, 0x11, 0xB0, 0xB0, 0xA1, 0x0C, 0xC0, 0xA9, 0xB0, 0xCC, 0xCC, 0x11, 0x11, 0x11, 0xB0, 0xB0, 0x91, 0x0C, 0xC0, 0x0C, 0x0C, 0xCC, 0xCC, 0x11, 0x11, 0x11, 0xB0, 0xB0, 0x91, 0xB0, 0xBC, 0xCC, 0xC0, 0xCC, 0xCC, 0x11, 0x11, 0x11, 0xB0, 0xB0, 0xA1, 0x90, 0x0C, 0xC0, 0x0C, 0xCC, 0xCC, 0x11, 0x11, 0x11, 0xB0, 0xB0, 0xB1, 0x19, 0xB0, 0x0B, 0xAB, 0x0C, 0xCC, 0x11, 0x11, 0x11, 0xB0, 0xCC, 0x0A, 0x11, 0x19, 0x99, 0xA0, 0xCC, 0xCC, 0x11, 0x11, 0x11, 0xB0, 0xCC, 0xC0, 0xBA, 0x99, 0xAB, 0x0C, 0xCC, 0xCC, 0x11, 0x11, 0x11, 0xB0, 0xCC, 0xCC, 0x00, 0x00, 0x00, 0xCC, 0xCC, 0xCC, 0x11, 0x11, 0x11, 0xB0, 0xCC, 0xCC, 0xCB, 0xCC, 0xBC, 0xCC, 0xCC, 0xCC, 0x11, 0x11, 0x11, 0xB0, 0xCC, 0xCC, 0xCC, 0xCC, 0xCC, 0xCC, 0xCC, 0xCC
};

const uint8_t flag_Flag_of_Panama[192] = {
0x11, 0x11, 0x11, 0x11, 0x11, 0x11, 0x22, 0x22, 0x22, 0x22, 0x22, 0x22, 0x11, 0x11, 0x11, 0x11, 0x11, 0x11, 0x22, 0x22, 0x22, 0x22, 0x22, 0x22, 0x11, 0x11, 0x19, 0x91, 0x11, 0x11, 0x22, 0x22, 0x22, 0x22, 0x22, 0x22, 0x11, 0x11, 0x9A, 0xA9, 0x11, 0x11, 0x22, 0x22, 0x22, 0x22, 0x22, 0x22, 0x11, 0x11, 0x9E, 0xE9, 0x11, 0x11, 0x22, 0x22, 0x22, 0x22, 0x22, 0x22, 0x11, 0x11, 0x19, 0x91, 0x11, 0x11, 0x22, 0x22, 0x22, 0x22, 0x22, 0x22, 0x11, 0x11, 0x11, 0x11, 0x11, 0x11, 0x22, 0x22, 0x22, 0x22, 0x22, 0x22, 0x11, 0x11, 0x11, 0x11, 0x11, 0x11, 0x22, 0x22, 0x22, 0x22, 0x22, 0x22, 0xBB, 0xBB, 0xBB, 0xBB, 0xBB, 0xBB, 0x11, 0x11, 0x11, 0x11, 0x11, 0x11, 0xEE, 0xEE, 0xEE, 0xEE, 0xEE, 0xEB, 0x11, 0x11, 0x11, 0x11, 0x11, 0x11, 0xEE, 0xEE, 0xEE, 0xEE, 0xEE, 0xEB, 0x11, 0x11, 0x11, 0x11, 0x11, 0x11, 0xEE, 0xEE, 0xEE, 0xEE, 0xEE, 0xEB, 0x11, 0x11, 0xFF, 0xFF, 0x11, 0x11, 0xEE, 0xEE, 0xEE, 0xEE, 0xEE, 0xEB, 0x11, 0x11, 0x12, 0x21, 0x11, 0x11, 0xEE, 0xEE, 0xEE, 0xEE, 0xEE, 0xEB, 0x11, 0x11, 0x1F, 0xF1, 0x11, 0x11, 0xEE, 0xEE, 0xEE, 0xEE, 0xEE, 0xEB, 0x11, 0x11, 0x11, 0x11, 0x11, 0x11, 0xEE, 0xEE, 0xEE, 0xEE, 0xEE, 0xEB, 0x11, 0x11, 0x11, 0x11, 0x11, 0x11
};

const uint8_t flag_Flag_of_Paraguay[192] = {
0x22, 0x22, 0x22, 0x22, 0x22, 0x22, 0x22, 0x22, 0x22, 0x22, 0x22, 0x22, 0x22, 0x22, 0x22, 0x22, 0x22, 0x22, 0x22, 0x22, 0x22, 0x22, 0x22, 0x22, 0x22, 0x22, 0x22, 0x22, 0x22, 0x22, 0x22, 0x22, 0x22, 0x22, 0x22, 0x22, 0x22, 0x22, 0x22, 0x22, 0x22, 0x22, 0x22, 0x22, 0x22, 0x22, 0x22, 0x22, 0x22, 0x22, 0x22, 0x22, 0x22, 0x22, 0x22, 0x22, 0x22, 0x22, 0x22, 0x22, 0xFF, 0xFF, 0xFF, 0xFF, 0xFF, 0xFF, 0xFF, 0xFF, 0xFF, 0xFF, 0xFF, 0xFF, 0x11, 0x11, 0x11, 0x11, 0x11, 0x19, 0x91, 0x11, 0x11, 0x11, 0x11, 0x11, 0x11, 0x11, 0x11, 0x11, 0x11, 0x99, 0xA9, 0x11, 0x11, 0x11, 0x11, 0x11, 0x11, 0x11, 0x11, 0x11, 0x11, 0x99, 0xA9, 0x11, 0x11, 0x11, 0x11, 0x11, 0x11, 0x11, 0x11, 0x11, 0x11, 0x11, 0x91, 0x11, 0x11, 0x11, 0x11, 0x11, 0x99, 0x99, 0x99, 0x99, 0x99, 0x99, 0x99, 0x99, 0x99, 0x99, 0x99, 0x99, 0xEE, 0xEE, 0xEE, 0xEE, 0xEE, 0xEE, 0xEE, 0xEE, 0xEE, 0xEE, 0xEE, 0xEE, 0xEE, 0xEE, 0xEE, 0xEE, 0xEE, 0xEE, 0xEE, 0xEE, 0xEE, 0xEE, 0xEE, 0xEE, 0xEE, 0xEE, 0xEE, 0xEE, 0xEE, 0xEE, 0xEE, 0xEE, 0xEE, 0xEE, 0xEE, 0xEE, 0xEE, 0xEE, 0xEE, 0xEE, 0xEE, 0xEE, 0xEE, 0xEE, 0xEE, 0xEE, 0xEE, 0xEE, 0xEE, 0xEE, 0xEE, 0xEE, 0xEE, 0xEE, 0xEE, 0xEE, 0xEE, 0xEE, 0xEE, 0xEE
};

const uint8_t flag_Flag_of_Peru[192] = {
0x22, 0x22, 0x22, 0x22, 0x11, 0x11, 0x11, 0x11, 0x22, 0x22, 0x22, 0x22, 0x22, 0x22, 0x22, 0x22, 0x11, 0x11, 0x11, 0x11, 0x22, 0x22, 0x22, 0x22, 0x22, 0x22, 0x22, 0x22, 0x11, 0x11, 0x11, 0x11, 0x22, 0x22, 0x22, 0x22, 0x22, 0x22, 0x22, 0x22, 0x11, 0x11, 0x11, 0x11, 0x22, 0x22, 0x22, 0x22, 0x22, 0x22, 0x22, 0x22, 0x11, 0x11, 0x11, 0x11, 0x22, 0x22, 0x22, 0x22, 0x22, 0x22, 0x22, 0x22, 0x11, 0x11, 0x11, 0x11, 0x22, 0x22, 0x22, 0x22, 0x22, 0x22, 0x22, 0x22, 0x11, 0x11, 0x11, 0x11, 0x22, 0x22, 0x22, 0x22, 0x22, 0x22, 0x22, 0x22, 0x11, 0x11, 0x11, 0x11, 0x22, 0x22, 0x22, 0x22, 0x22, 0x22, 0x22, 0x22, 0x11, 0x11, 0x11, 0x11, 0x22, 0x22, 0x22, 0x22, 0x22, 0x22, 0x22, 0x22, 0x11, 0x11, 0x11, 0x11, 0x22, 0x22, 0x22, 0x22, 0x22, 0x22, 0x22, 0x22, 0x11, 0x11, 0x11, 0x11, 0x22, 0x22, 0x22, 0x22, 0x22, 0x22, 0x22, 0x22, 0x11, 0x11, 0x11, 0x11, 0x22, 0x22, 0x22, 0x22, 0x22, 0x22, 0x22, 0x22, 0x11, 0x11, 0x11, 0x11, 0x22, 0x22, 0x22, 0x22, 0x22, 0x22, 0x22, 0x22, 0x11, 0x11, 0x11, 0x11, 0x22, 0x22, 0x22, 0x22, 0x22, 0x22, 0x22, 0x22, 0x11, 0x11, 0x11, 0x11, 0x22, 0x22, 0x22, 0x22, 0x22, 0x22, 0x22, 0x22, 0x11, 0x11, 0x11, 0x11, 0x22, 0x22, 0x22, 0x22
};

const uint8_t flag_Flag_of_Philippines[192] = {
0x9E, 0xEE, 0xEE, 0xEE, 0xEE, 0xEE, 0xEE, 0xEE, 0xEE, 0xEE, 0xEE, 0xEE, 0x19, 0xEE, 0xEE, 0xEE, 0xEE, 0xEE, 0xEE, 0xEE, 0xEE, 0xEE, 0xEE, 0xEE, 0x11, 0x1A, 0xEE, 0xEE, 0xEE, 0xEE, 0xEE, 0xEE, 0xEE, 0xEE, 0xEE, 0xEE, 0x11, 0x11, 0x9E, 0xEE, 0xEE, 0xEE, 0xEE, 0xEE, 0xEE, 0xEE, 0xEE, 0xEE, 0x11, 0x11, 0x19, 0xEE, 0xEE, 0xEE, 0xEE, 0xEE, 0xEE, 0xEE, 0xEE, 0xEE, 0x11, 0x11, 0x11, 0x1A, 0xEE, 0xEE, 0xEE, 0xEE, 0xEE, 0xEE, 0xEE, 0xEE, 0x11, 0x15, 0x51, 0x11, 0x9E, 0xEE, 0xEE, 0xEE, 0xEE, 0xEE, 0xEE, 0xEE, 0x11, 0x58, 0x51, 0x11, 0x19, 0xEE, 0xEE, 0xEE, 0xEE, 0xEE, 0xEE, 0xEE, 0x11, 0x58, 0x51, 0x11, 0x1F, 0x22, 0x22, 0x22, 0x22, 0x22, 0x22, 0x22, 0x11, 0x15, 0x51, 0x11, 0xF2, 0x22, 0x22, 0x22, 0x22, 0x22, 0x22, 0x22, 0x11, 0x11, 0x11, 0x1F, 0x22, 0x22, 0x22, 0x22, 0x22, 0x22, 0x22, 0x22, 0x11, 0x11, 0x19, 0x22, 0x22, 0x22, 0x22, 0x22, 0x22, 0x22, 0x22, 0x22, 0x11, 0x11, 0xF2, 0x22, 0x22, 0x22, 0x22, 0x22, 0x22, 0x22, 0x22, 0x22, 0x11, 0x1F, 0x22, 0x22, 0x22, 0x22, 0x22, 0x22, 0x22, 0x22, 0x22, 0x22, 0x19, 0x22, 0x22, 0x22, 0x22, 0x22, 0x22, 0x22, 0x22, 0x22, 0x22, 0x22, 0xF2, 0x22, 0x22, 0x22, 0x22, 0x22, 0x22, 0x22, 0x22, 0x22, 0x22, 0x22
};

const uint8_t flag_Flag_of_Poland[192] = {
0x11, 0x11, 0x11, 0x11, 0x11, 0x11, 0x11, 0x11, 0x11, 0x11, 0x11, 0x11, 0x11, 0x11, 0x11, 0x11, 0x11, 0x11, 0x11, 0x11, 0x11, 0x11, 0x11, 0x11, 0x11, 0x11, 0x11, 0x11, 0x11, 0x11, 0x11, 0x11, 0x11, 0x11, 0x11, 0x11, 0x11, 0x11, 0x11, 0x11, 0x11, 0x11, 0x11, 0x11, 0x11, 0x11, 0x11, 0x11, 0x11, 0x11, 0x11, 0x11, 0x11, 0x11, 0x11, 0x11, 0x11, 0x11, 0x11, 0x11, 0x11, 0x11, 0x11, 0x11, 0x11, 0x11, 0x11, 0x11, 0x11, 0x11, 0x11, 0x11, 0x11, 0x11, 0x11, 0x11, 0x11, 0x11, 0x11, 0x11, 0x11, 0x11, 0x11, 0x11, 0x11, 0x11, 0x11, 0x11, 0x11, 0x11, 0x11, 0x11, 0x11, 0x11, 0x11, 0x11, 0x22, 0x22, 0x22, 0x22, 0x22, 0x22, 0x22, 0x22, 0x22, 0x22, 0x22, 0x22, 0x22, 0x22, 0x22, 0x22, 0x22, 0x22, 0x22, 0x22, 0x22, 0x22, 0x22, 0x22, 0x22, 0x22, 0x22, 0x22, 0x22, 0x22, 0x22, 0x22, 0x22, 0x22, 0x22, 0x22, 0x22, 0x22, 0x22, 0x22, 0x22, 0x22, 0x22, 0x22, 0x22, 0x22, 0x22, 0x22, 0x22, 0x22, 0x22, 0x22, 0x22, 0x22, 0x22, 0x22, 0x22, 0x22, 0x22, 0x22, 0x22, 0x22, 0x22, 0x22, 0x22, 0x22, 0x22, 0x22, 0x22, 0x22, 0x22, 0x22, 0x22, 0x22, 0x22, 0x22, 0x22, 0x22, 0x22, 0x22, 0x22, 0x22, 0x22, 0x22, 0x22, 0x22, 0x22, 0x22, 0x22, 0x22, 0x22, 0x22, 0x22, 0x22, 0x22, 0x22
};

const uint8_t flag_Flag_of_Portugal[192] = {
0xCC, 0xCC, 0xCC, 0xCC, 0xCD, 0x22, 0x22, 0x22, 0x22, 0x22, 0x22, 0x22, 0xCC, 0xCC, 0xCC, 0xCC, 0xCD, 0x22, 0x22, 0x22, 0x22, 0x22, 0x22, 0x22, 0xCC, 0xCC, 0xCC, 0xCC, 0xCD, 0x22, 0x22, 0x22, 0x22, 0x22, 0x22, 0x22, 0xCC, 0xCC, 0xCC, 0xCC, 0xCD, 0x22, 0x22, 0x22, 0x22, 0x22, 0x22, 0x22, 0xCC, 0xCC, 0xCC, 0xCC, 0xC8, 0x82, 0x22, 0x22, 0x22, 0x22, 0x22, 0x22, 0xCC, 0xCC, 0xCC, 0xC8, 0xDD, 0x28, 0x82, 0x22, 0x22, 0x22, 0x22, 0x22, 0xCC, 0xCC, 0xCC, 0x52, 0xF9, 0xF2, 0x82, 0x22, 0x22, 0x22, 0x22, 0x22, 0xCC, 0xCC, 0xCC, 0x88, 0x99, 0x92, 0x88, 0x22, 0x22, 0x22, 0x22, 0x22, 0xCC, 0xCC, 0xCC, 0xCD, 0xF9, 0x92, 0x88, 0x22, 0x22, 0x22, 0x22, 0x22, 0xCC, 0xCC, 0xCC, 0xCD, 0x8F, 0xF8, 0x52, 0x22, 0x22, 0x22, 0x22, 0x22, 0xCC, 0xCC, 0xCC, 0xC8, 0xD2, 0x28, 0x82, 0x22, 0x22, 0x22, 0x22, 0x22, 0xCC, 0xCC, 0xCC, 0xCC, 0xC8, 0x82, 0x22, 0x22, 0x22, 0x22, 0x22, 0x22, 0xCC, 0xCC, 0xCC, 0xCC, 0xCD, 0x22, 0x22, 0x22, 0x22, 0x22, 0x22, 0x22, 0xCC, 0xCC, 0xCC, 0xCC, 0xCD, 0x22, 0x22, 0x22, 0x22, 0x22, 0x22, 0x22, 0xCC, 0xCC, 0xCC, 0xCC, 0xCD, 0x22, 0x22, 0x22, 0x22, 0x22, 0x22, 0x22, 0xCC, 0xCC, 0xCC, 0xCC, 0xCD, 0x22, 0x22, 0x22, 0x22, 0x22, 0x22, 0x22
};

const uint8_t flag_Flag_of_Romania[192] = {
0xEE, 0xEE, 0xEE, 0xEE, 0x85, 0x88, 0x88, 0x58, 0x22, 0x22, 0x22, 0x22, 0xEE, 0xEE, 0xEE, 0xEE, 0x85, 0x88, 0x88, 0x58, 0x22, 0x22, 0x22, 0x22, 0xEE, 0xEE, 0xEE, 0xEE, 0x85, 0x88, 0x88, 0x58, 0x22, 0x22, 0x22, 0x22, 0xEE, 0xEE, 0xEE, 0xEE, 0x85, 0x88, 0x88, 0x58, 0x22, 0x22, 0x22, 0x22, 0xEE, 0xEE, 0xEE, 0xEE, 0x85, 0x88, 0x88, 0x58, 0x22, 0x22, 0x22, 0x22, 0xEE, 0xEE, 0xEE, 0xEE, 0x85, 0x88, 0x88, 0x58, 0x22, 0x22, 0x22, 0x22, 0xEE, 0xEE, 0xEE, 0xEE, 0x85, 0x88, 0x88, 0x58, 0x22, 0x22, 0x22, 0x22, 0xEE, 0xEE, 0xEE, 0xEE, 0x85, 0x88, 0x88, 0x58, 0x22, 0x22, 0x22, 0x22, 0xEE, 0xEE, 0xEE, 0xEE, 0x85, 0x88, 0x88, 0x58, 0x22, 0x22, 0x22, 0x22, 0xEE, 0xEE, 0xEE, 0xEE, 0x85, 0x88, 0x88, 0x58, 0x22, 0x22, 0x22, 0x22, 0xEE, 0xEE, 0xEE, 0xEE, 0x85, 0x88, 0x88, 0x58, 0x22, 0x22, 0x22, 0x22, 0xEE, 0xEE, 0xEE, 0xEE, 0x85, 0x88, 0x88, 0x58, 0x22, 0x22, 0x22, 0x22, 0xEE, 0xEE, 0xEE, 0xEE, 0x85, 0x88, 0x88, 0x58, 0x22, 0x22, 0x22, 0x22, 0xEE, 0xEE, 0xEE, 0xEE, 0x85, 0x88, 0x88, 0x58, 0x22, 0x22, 0x22, 0x22, 0xEE, 0xEE, 0xEE, 0xEE, 0x85, 0x88, 0x88, 0x58, 0x22, 0x22, 0x22, 0x22, 0xEE, 0xEE, 0xEE, 0xEE, 0x85, 0x88, 0x88, 0x58, 0x22, 0x22, 0x22, 0x22
};

const uint8_t flag_Flag_of_Russia[192] = {
0x11, 0x11, 0x11, 0x11, 0x11, 0x11, 0x11, 0x11, 0x11, 0x11, 0x11, 0x11, 0x11, 0x11, 0x11, 0x11, 0x11, 0x11, 0x11, 0x11, 0x11, 0x11, 0x11, 0x11, 0x11, 0x11, 0x11, 0x11, 0x11, 0x11, 0x11, 0x11, 0x11, 0x11, 0x11, 0x11, 0x11, 0x11, 0x11, 0x11, 0x11, 0x11, 0x11, 0x11, 0x11, 0x11, 0x11, 0x11, 0x11, 0x11, 0x11, 0x11, 0x11, 0x11, 0x11, 0x11, 0x11, 0x11, 0x11, 0x11, 0xAA, 0xAA, 0xAA, 0xAA, 0xAA, 0xAA, 0xAA, 0xAA, 0xAA, 0xAA, 0xAA, 0xAA, 0xEE, 0xEE, 0xEE, 0xEE, 0xEE, 0xEE, 0xEE, 0xEE, 0xEE, 0xEE, 0xEE, 0xEE, 0xEE, 0xEE, 0xEE, 0xEE, 0xEE, 0xEE, 0xEE, 0xEE, 0xEE, 0xEE, 0xEE, 0xEE, 0xEE, 0xEE, 0xEE, 0xEE, 0xEE, 0xEE, 0xEE, 0xEE, 0xEE, 0xEE, 0xEE, 0xEE, 0xEE, 0xEE, 0xEE, 0xEE, 0xEE, 0xEE, 0xEE, 0xEE, 0xEE, 0xEE, 0xEE, 0xEE, 0xBB, 0xBB, 0xBB, 0xBB, 0xBB, 0xBB, 0xBB, 0xBB, 0xBB, 0xBB, 0xBB, 0xBB, 0x22, 0x22, 0x22, 0x22, 0x22, 0x22, 0x22, 0x22, 0x22, 0x22, 0x22, 0x22, 0x22, 0x22, 0x22, 0x22, 0x22, 0x22, 0x22, 0x22, 0x22, 0x22, 0x22, 0x22, 0x22, 0x22, 0x22, 0x22, 0x22, 0x22, 0x22, 0x22, 0x22, 0x22, 0x22, 0x22, 0x22, 0x22, 0x22, 0x22, 0x22, 0x22, 0x22, 0x22, 0x22, 0x22, 0x22, 0x22, 0x22, 0x22, 0x22, 0x22, 0x22, 0x22, 0x22, 0x22, 0x22, 0x22, 0x22, 0x22
};

const uint8_t flag_Flag_of_Saudi_Arabia[192] = {
0xCC, 0xCC, 0xCC, 0xCC, 0xCC, 0xCC, 0xCC, 0xCC, 0xCC, 0xCC, 0xCC, 0xCC, 0xCC, 0xCC, 0xCC, 0xCC, 0xCC, 0xCC, 0xCC, 0xCC, 0xCC, 0xCC, 0xCC, 0xCC, 0xCC, 0xCC, 0xCC, 0xCC, 0xCC, 0xCC, 0xCC, 0xCC, 0xCC, 0xCC, 0xCC, 0xCC, 0xCC, 0xCC, 0xCC, 0xCC, 0xCC, 0xCC, 0xCB, 0xBB, 0xCB, 0xCC, 0xCC, 0xCC, 0xCC, 0xCC, 0xCC, 0xBA, 0xAB, 0xBA, 0xAA, 0xAA, 0xAB, 0xBC, 0xCC, 0xCC, 0xCC, 0xCC, 0xCC, 0xAA, 0xAA, 0xAA, 0xAA, 0xAB, 0xAA, 0xBC, 0xCC, 0xCC, 0xCC, 0xCC, 0xCC, 0xAA, 0xAA, 0xAA, 0xAA, 0xAA, 0xAA, 0xBC, 0xCC, 0xCC, 0xCC, 0xCC, 0xCC, 0xAA, 0xBA, 0xAA, 0xAB, 0xAA, 0xAB, 0xBC, 0xCC, 0xCC, 0xCC, 0xCC, 0xCC, 0xCC, 0xCC, 0xCC, 0xCC, 0xBC, 0xCC, 0xCC, 0xCC, 0xCC, 0xCC, 0xCC, 0xCC, 0xCC, 0xCC, 0xCC, 0xCC, 0xCC, 0xCC, 0xCC, 0xCC, 0xCC, 0xCC, 0xCC, 0xCC, 0xCC, 0xBB, 0xBB, 0xBB, 0xBB, 0xCC, 0xCC, 0xCC, 0xCC, 0xCC, 0xCC, 0xCC, 0xCB, 0xAA, 0xAA, 0xAB, 0xAA, 0xBC, 0xCC, 0xCC, 0xCC, 0xCC, 0xCC, 0xCC, 0xCC, 0xCC, 0xCC, 0xCC, 0xCC, 0xBC, 0xCC, 0xCC, 0xCC, 0xCC, 0xCC, 0xCC, 0xCC, 0xCC, 0xCC, 0xCC, 0xCC, 0xCC, 0xCC, 0xCC, 0xCC, 0xCC, 0xCC, 0xCC, 0xCC, 0xCC, 0xCC, 0xCC, 0xCC, 0xCC, 0xCC, 0xCC, 0xCC, 0xCC, 0xCC, 0xCC, 0xCC, 0xCC, 0xCC, 0xCC, 0xCC, 0xCC, 0xCC, 0xCC, 0xCC
};

const uint8_t flag_Flag_of_Serbia[192] = {
0x22, 0x22, 0x22, 0x22, 0x22, 0x22, 0x22, 0x22, 0x22, 0x22, 0x22, 0x22, 0x22, 0x22, 0x22, 0x22, 0xA2, 0x22, 0x22, 0x22, 0x22, 0x22, 0x22, 0x22, 0x22, 0x22, 0x22, 0xAA, 0xAA, 0xA2, 0x22, 0x22, 0x22, 0x22, 0x22, 0x22, 0x22, 0x22, 0x22, 0xAA, 0xAA, 0xAA, 0x22, 0x22, 0x22, 0x22, 0x22, 0x22, 0x22, 0x22, 0x22, 0xA8, 0x88, 0xA2, 0x22, 0x22, 0x22, 0x22, 0x22, 0x22, 0xBB, 0xBB, 0xBA, 0xAA, 0xAA, 0xAA, 0xBB, 0xBB, 0xBB, 0xBB, 0xBB, 0xBB, 0xEE, 0xEE, 0xEA, 0xFA, 0x1A, 0xFA, 0xEE, 0xEE, 0xEE, 0xEE, 0xEE, 0xEE, 0xEE, 0xEE, 0xEA, 0x1A, 0x9A, 0x1A, 0xEE, 0xEE, 0xEE, 0xEE, 0xEE, 0xEE, 0xEE, 0xEE, 0xEA, 0x19, 0x9F, 0x1A, 0xEE, 0xEE, 0xEE, 0xEE, 0xEE, 0xEE, 0xEE, 0xEE, 0xEA, 0x1F, 0x9F, 0x1A, 0xEE, 0xEE, 0xEE, 0xEE, 0xEE, 0xEE, 0xAA, 0xAA, 0xAA, 0x9A, 0xFA, 0x9A, 0xAA, 0xAA, 0xAA, 0xAA, 0xAA, 0xAA, 0x11, 0x11, 0x11, 0x8A, 0x1A, 0x81, 0x11, 0x11, 0x11, 0x11, 0x11, 0x11, 0x11, 0x11, 0x11, 0xFA, 0x1F, 0xF1, 0x11, 0x11, 0x11, 0x11, 0x11, 0x11, 0x11, 0x11, 0x11, 0x11, 0x91, 0x11, 0x11, 0x11, 0x11, 0x11, 0x11, 0x11, 0x11, 0x11, 0x11, 0x11, 0x11, 0x11, 0x11, 0x11, 0x11, 0x11, 0x11, 0x11, 0x11, 0x11, 0x11, 0x11, 0x11, 0x11, 0x11, 0x11, 0x11, 0x11, 0x11, 0x11
};

const uint8_t flag_Flag_of_Singapore[192] = {
0x22, 0x22, 0x22, 0x22, 0x22, 0x22, 0x22, 0x22, 0x22, 0x22, 0x22, 0x22, 0x22, 0x2F, 0xF2, 0xF2, 0x22, 0x22, 0x22, 0x22, 0x22, 0x22, 0x22, 0x22, 0x22, 0xF1, 0x22, 0xFF, 0x22, 0x22, 0x22, 0x22, 0x22, 0x22, 0x22, 0x22, 0x22, 0x1F, 0xFF, 0x2F, 0xF2, 0x22, 0x22, 0x22, 0x22, 0x22, 0x22, 0x22, 0x22, 0x1F, 0x2F, 0x22, 0x22, 0x22, 0x22, 0x22, 0x22, 0x22, 0x22, 0x22, 0x22, 0xF1, 0x2F, 0xFF, 0xF2, 0x22, 0x22, 0x22, 0x22, 0x22, 0x22, 0x22, 0x22, 0x2F, 0xF2, 0x22, 0x22, 0x22, 0x22, 0x22, 0x22, 0x22, 0x22, 0x22, 0x22, 0x22, 0x22, 0x22, 0x22, 0x22, 0x22, 0x22, 0x22, 0x22, 0x22, 0x22, 0x11, 0x11, 0x11, 0x11, 0x11, 0x11, 0x11, 0x11, 0x11, 0x11, 0x11, 0x11, 0x11, 0x11, 0x11, 0x11, 0x11, 0x11, 0x11, 0x11, 0x11, 0x11, 0x11, 0x11, 0x11, 0x11, 0x11, 0x11, 0x11, 0x11, 0x11, 0x11, 0x11, 0x11, 0x11, 0x11, 0x11, 0x11, 0x11, 0x11, 0x11, 0x11, 0x11, 0x11, 0x11, 0x11, 0x11, 0x11, 0x11, 0x11, 0x11, 0x11, 0x11, 0x11, 0x11, 0x11, 0x11, 0x11, 0x11, 0x11, 0x11, 0x11, 0x11, 0x11, 0x11, 0x11, 0x11, 0x11, 0x11, 0x11, 0x11, 0x11, 0x11, 0x11, 0x11, 0x11, 0x11, 0x11, 0x11, 0x11, 0x11, 0x11, 0x11, 0x11, 0x11, 0x11, 0x11, 0x11, 0x11, 0x11, 0x11, 0x11, 0x11, 0x11, 0x11, 0x11
};

const uint8_t flag_Flag_of_Slovakia[192] = {
0x11, 0x11, 0x11, 0x11, 0x11, 0x11, 0x11, 0x11, 0x11, 0x11, 0x11, 0x11, 0x11, 0x11, 0x11, 0x11, 0x11, 0x11, 0x11, 0x11, 0x11, 0x11, 0x11, 0x11, 0x11, 0x11, 0x11, 0x11, 0x11, 0x11, 0x11, 0x11, 0x11, 0x11, 0x11, 0x11, 0x11, 0x11, 0x11, 0x11, 0x11, 0x11, 0x11, 0x11, 0x11, 0x11, 0x11, 0x11, 0x11, 0x11, 0x22, 0xFF, 0x22, 0xF1, 0x11, 0x11, 0x11, 0x11, 0x11, 0x11, 0xAA, 0xA9, 0x22, 0xF1, 0xF2, 0xAA, 0xAA, 0xAA, 0xAA, 0xAA, 0xAA, 0xAA, 0xEE, 0xEA, 0x2F, 0xFF, 0xF2, 0xAE, 0xEE, 0xEE, 0xEE, 0xEE, 0xEE, 0xEE, 0xEE, 0xEA, 0x2F, 0xFF, 0xF2, 0xAE, 0xEE, 0xEE, 0xEE, 0xEE, 0xEE, 0xEE, 0xEE, 0xEA, 0x22, 0x2F, 0x22, 0xAE, 0xEE, 0xEE, 0xEE, 0xEE, 0xEE, 0xEE, 0xEE, 0xEE, 0xAB, 0xAE, 0xBA, 0xAE, 0xEE, 0xEE, 0xEE, 0xEE, 0xEE, 0xEE, 0xBB, 0xAB, 0xAA, 0xEE, 0xEA, 0xBB, 0xBB, 0xBB, 0xBB, 0xBB, 0xBB, 0xBB, 0x22, 0x22, 0x2F, 0xAA, 0xA2, 0x22, 0x22, 0x22, 0x22, 0x22, 0x22, 0x22, 0x22, 0x22, 0x22, 0x22, 0x22, 0x22, 0x22, 0x22, 0x22, 0x22, 0x22, 0x22, 0x22, 0x22, 0x22, 0x22, 0x22, 0x22, 0x22, 0x22, 0x22, 0x22, 0x22, 0x22, 0x22, 0x22, 0x22, 0x22, 0x22, 0x22, 0x22, 0x22, 0x22, 0x22, 0x22, 0x22, 0x22, 0x22, 0x22, 0x22, 0x22, 0x22, 0x22, 0x22, 0x22, 0x22, 0x22, 0x22
};

const uint8_t flag_Flag_of_Slovenia[192] = {
0x11, 0x11, 0x11, 0x11, 0x11, 0x11, 0x11, 0x11, 0x11, 0x11, 0x11, 0x11, 0x11, 0x11, 0x11, 0x11, 0x11, 0x11, 0x11, 0x11, 0x11, 0x11, 0x11, 0x11, 0x11, 0x11, 0x19, 0x91, 0x11, 0x11, 0x11, 0x11, 0x11, 0x11, 0x11, 0x11, 0x11, 0x11, 0x94, 0x49, 0x11, 0x11, 0x11, 0x11, 0x11, 0x11, 0x11, 0x11, 0x11, 0x11, 0x94, 0x49, 0x11, 0x11, 0x11, 0x11, 0x11, 0x11, 0x11, 0x11, 0x44, 0x44, 0x49, 0x94, 0x44, 0x44, 0x44, 0x44, 0x44, 0x44, 0x44, 0x44, 0x44, 0x44, 0x49, 0x94, 0x44, 0x44, 0x44, 0x44, 0x44, 0x44, 0x44, 0x44, 0x44, 0x44, 0x4A, 0xA4, 0x44, 0x44, 0x44, 0x44, 0x44, 0x44, 0x44, 0x44, 0x44, 0x44, 0x44, 0x44, 0x44, 0x44, 0x44, 0x44, 0x44, 0x44, 0x44, 0x44, 0x44, 0x44, 0x44, 0x44, 0x44, 0x44, 0x44, 0x44, 0x44, 0x44, 0x44, 0x44, 0xEE, 0xEE, 0xEE, 0xEE, 0xEE, 0xEE, 0xEE, 0xEE, 0xEE, 0xEE, 0xEE, 0xEE, 0x22, 0x22, 0x22, 0x22, 0x22, 0x22, 0x22, 0x22, 0x22, 0x22, 0x22, 0x22, 0x22, 0x22, 0x22, 0x22, 0x22, 0x22, 0x22, 0x22, 0x22, 0x22, 0x22, 0x22, 0x22, 0x22, 0x22, 0x22, 0x22, 0x22, 0x22, 0x22, 0x22, 0x22, 0x22, 0x22, 0x22, 0x22, 0x22, 0x22, 0x22, 0x22, 0x22, 0x22, 0x22, 0x22, 0x22, 0x22, 0x22, 0x22, 0x22, 0x22, 0x22, 0x22, 0x22, 0x22, 0x22, 0x22, 0x22, 0x22
};

const uint8_t flag_Flag_of_South_Africa[192] = {
0xCC, 0xCA, 0x1F, 0x22, 0x22, 0x22, 0x22, 0x22, 0x22, 0x22, 0x22, 0x22, 0xCC, 0xCC, 0xB9, 0x1F, 0x22, 0x22, 0x22, 0x22, 0x22, 0x22, 0x22, 0x22, 0x8B, 0xCC, 0xCC, 0xA1, 0xF2, 0x22, 0x22, 0x22, 0x22, 0x22, 0x22, 0x22, 0xD8, 0xAC, 0xCC, 0xCB, 0x91, 0xF2, 0x22, 0x22, 0x22, 0x22, 0x22, 0x22, 0x0B, 0x88, 0xBC, 0xCC, 0xCA, 0x1F, 0x22, 0x22, 0x22, 0x22, 0x22, 0x22, 0x00, 0x0B, 0x8A, 0xCC, 0xCC, 0xB9, 0x11, 0x11, 0x11, 0x11, 0x11, 0x11, 0x00, 0x00, 0xB8, 0x8B, 0xCC, 0xCC, 0xAA, 0xAA, 0xAA, 0xAA, 0xAA, 0xAA, 0x00, 0x00, 0x00, 0xB8, 0xAC, 0xCC, 0xCC, 0xCC, 0xCC, 0xCC, 0xCC, 0xCC, 0x00, 0x00, 0x00, 0xB8, 0xAC, 0xCC, 0xCC, 0xCC, 0xCC, 0xCC, 0xCC, 0xCC, 0x00, 0x00, 0xB8, 0x8B, 0xCC, 0xCC, 0xAA, 0xAA, 0xAA, 0xAA, 0xAA, 0xAA, 0x00, 0x0B, 0x8A, 0xCC, 0xCC, 0xB9, 0x19, 0x99, 0x99, 0x99, 0x99, 0x99, 0x0B, 0x88, 0xBC, 0xCC, 0xCA, 0x19, 0xEE, 0xEE, 0xEE, 0xEE, 0xEE, 0xEE, 0xD8, 0xAC, 0xCC, 0xCB, 0x99, 0xAE, 0xEE, 0xEE, 0xEE, 0xEE, 0xEE, 0xEE, 0x8B, 0xCC, 0xCC, 0xA1, 0x9E, 0xEE, 0xEE, 0xEE, 0xEE, 0xEE, 0xEE, 0xEE, 0xCC, 0xCC, 0xB9, 0x9A, 0xEE, 0xEE, 0xEE, 0xEE, 0xEE, 0xEE, 0xEE, 0xEE, 0xCC, 0xCA, 0x19, 0xEE, 0xEE, 0xEE, 0xEE, 0xEE, 0xEE, 0xEE, 0xEE, 0xEE
};

const uint8_t flag_Flag_of_South_Korea[192] = {
0x11, 0x11, 0x11, 0x11, 0x11, 0x11, 0x11, 0x11, 0x11, 0x11, 0x11, 0x11, 0x11, 0x11, 0x19, 0x91, 0x11, 0x11, 0x11, 0x11, 0x19, 0x91, 0x11, 0x11, 0x11, 0x11, 0x1B, 0xB9, 0x11, 0x11, 0x11, 0x11, 0x9B, 0xB1, 0x11, 0x11, 0x11, 0x11, 0xAB, 0xBB, 0x11, 0x11, 0x11, 0x11, 0xBB, 0xA9, 0x11, 0x11, 0x11, 0x19, 0xBB, 0xB9, 0x11, 0xF2, 0x2F, 0x11, 0x9A, 0xBB, 0x91, 0x11, 0x11, 0x11, 0x9B, 0xA1, 0x12, 0x22, 0x22, 0x21, 0x1A, 0xB9, 0x11, 0x11, 0x11, 0x11, 0x11, 0x11, 0xF2, 0x22, 0x22, 0x2F, 0x11, 0x11, 0x11, 0x11, 0x11, 0x11, 0x11, 0x11, 0xA2, 0x22, 0xBE, 0xBA, 0x11, 0x11, 0x11, 0x11, 0x11, 0x11, 0x11, 0x11, 0xEB, 0xDB, 0xEE, 0xEA, 0x11, 0x11, 0x11, 0x11, 0x11, 0x11, 0x11, 0x11, 0xAE, 0xEE, 0xEE, 0xEA, 0x11, 0x11, 0x11, 0x11, 0x11, 0x11, 0x9B, 0xA1, 0x9E, 0xEE, 0xEE, 0xE9, 0x1A, 0xB9, 0x11, 0x11, 0x11, 0x19, 0xBA, 0xB9, 0x19, 0xAE, 0xEA, 0x91, 0x9A, 0xAB, 0x91, 0x11, 0x11, 0x11, 0xAA, 0xAB, 0x11, 0x11, 0x11, 0x11, 0xBA, 0xA9, 0x11, 0x11, 0x11, 0x11, 0x1B, 0xB9, 0x11, 0x11, 0x11, 0x11, 0x9B, 0xB1, 0x11, 0x11, 0x11, 0x11, 0x19, 0x91, 0x11, 0x11, 0x11, 0x11, 0x19, 0x91, 0x11, 0x11, 0x11, 0x11, 0x11, 0x11, 0x11, 0x11, 0x11, 0x11, 0x11, 0x11, 0x11, 0x11
};

const uint8_t flag_Flag_of_Spain[192] = {
0xDD, 0xDD, 0xDD, 0xDD, 0xDD, 0xDD, 0xDD, 0xDD, 0xDD, 0xDD, 0xDD, 0xDD, 0xDD, 0xDD, 0xDD, 0xDD, 0xDD, 0xDD, 0xDD, 0xDD, 0xDD, 0xDD, 0xDD, 0xDD, 0xDD, 0xDD, 0xDD, 0xDD, 0xDD, 0xDD, 0xDD, 0xDD, 0xDD, 0xDD, 0xDD, 0xDD, 0xDD, 0xDD, 0xDD, 0xDD, 0xDD, 0xDD, 0xDD, 0xDD, 0xDD, 0xDD, 0xDD, 0xDD, 0x88, 0x88, 0x88, 0x88, 0x88, 0x88, 0x88, 0x88, 0x88, 0x88, 0x88, 0x88, 0x88, 0x88, 0x88, 0x88, 0x88, 0x88, 0x88, 0x88, 0x88, 0x88, 0x88, 0x88, 0x88, 0x88, 0x88, 0x8D, 0xD8, 0x88, 0x88, 0x88, 0x88, 0x88, 0x88, 0x88, 0x88, 0x88, 0x88, 0x8D, 0xAA, 0x88, 0x88, 0x88, 0x88, 0x88, 0x88, 0x88, 0x88, 0x88, 0x8A, 0xDB, 0xAA, 0x88, 0x88, 0x88, 0x88, 0x88, 0x88, 0x88, 0x88, 0x88, 0x88, 0x8D, 0xD8, 0x88, 0x88, 0x88, 0x88, 0x88, 0x88, 0x88, 0x88, 0x88, 0x8A, 0x8D, 0xD8, 0xA8, 0x88, 0x88, 0x88, 0x88, 0x88, 0x88, 0x88, 0x88, 0x88, 0x88, 0x88, 0x88, 0x88, 0x88, 0x88, 0x88, 0x88, 0x88, 0xDD, 0xDD, 0xDD, 0xDD, 0xDD, 0xDD, 0xDD, 0xDD, 0xDD, 0xDD, 0xDD, 0xDD, 0xDD, 0xDD, 0xDD, 0xDD, 0xDD, 0xDD, 0xDD, 0xDD, 0xDD, 0xDD, 0xDD, 0xDD, 0xDD, 0xDD, 0xDD, 0xDD, 0xDD, 0xDD, 0xDD, 0xDD, 0xDD, 0xDD, 0xDD, 0xDD, 0xDD, 0xDD, 0xDD, 0xDD, 0xDD, 0xDD, 0xDD, 0xDD, 0xDD, 0xDD, 0xDD, 0xDD
};

const uint8_t flag_Flag_of_Sri_Lanka[192] = {
0x88, 0x88, 0x88, 0x88, 0x88, 0x88, 0x88, 0x88, 0x88, 0x88, 0x88, 0x88, 0x8A, 0xAA, 0x88, 0x88, 0x88, 0x88, 0x88, 0x88, 0x88, 0x88, 0x88, 0x88, 0x8B, 0xBB, 0x88, 0x88, 0x88, 0xDD, 0xDD, 0xDD, 0xDD, 0xDD, 0xDA, 0x88, 0x8B, 0xBB, 0x88, 0x88, 0x8D, 0xDD, 0xDD, 0xDD, 0xD8, 0x8D, 0xDD, 0xD8, 0x8B, 0xBB, 0x88, 0x88, 0x8D, 0xDA, 0xD8, 0x88, 0x8D, 0xAA, 0xDD, 0xD8, 0x8B, 0xBB, 0x88, 0x88, 0x8D, 0xD8, 0xD8, 0x88, 0xAA, 0xDD, 0xDD, 0xD8, 0x8B, 0xBB, 0x88, 0x88, 0x8D, 0xD8, 0xDA, 0x88, 0xDD, 0xDD, 0xDD, 0xD8, 0x8B, 0xBB, 0x88, 0x88, 0x8D, 0xD8, 0xDA, 0x88, 0x88, 0x88, 0xDD, 0xD8, 0x8B, 0xBB, 0x88, 0x88, 0x8D, 0xD8, 0xD8, 0x88, 0x88, 0x88, 0xDD, 0xD8, 0x8B, 0xBB, 0x88, 0x88, 0x8D, 0xDB, 0x88, 0x88, 0x88, 0x88, 0xDD, 0xD8, 0x8B, 0xBB, 0x88, 0x88, 0x8D, 0xDA, 0xA8, 0x8A, 0xD8, 0x88, 0xDD, 0xD8, 0x8B, 0xBB, 0x88, 0x88, 0x8D, 0xDD, 0xDD, 0x8D, 0xDD, 0x88, 0xDD, 0xD8, 0x8B, 0xBB, 0x88, 0x88, 0x8D, 0xDD, 0xDD, 0x8D, 0xDA, 0x88, 0xDD, 0xD8, 0x8B, 0xBB, 0x88, 0x88, 0x88, 0xDD, 0xDD, 0xDD, 0xDD, 0xDD, 0xDA, 0x88, 0x8A, 0xAA, 0x88, 0x88, 0x88, 0x88, 0x88, 0x88, 0x88, 0x88, 0x88, 0x88, 0x88, 0x88, 0x88, 0x88, 0x88, 0x88, 0x88, 0x88, 0x88, 0x88, 0x88, 0x88
};

const uint8_t flag_Flag_of_Sweden[192] = {
0xEE, 0xEE, 0xEE, 0xEA, 0x55, 0xAE, 0xEE, 0xEE, 0xEE, 0xEE, 0xEE, 0xEE, 0xEE, 0xEE, 0xEE, 0xEA, 0x55, 0xAE, 0xEE, 0xEE, 0xEE, 0xEE, 0xEE, 0xEE, 0xEE, 0xEE, 0xEE, 0xEA, 0x55, 0xAE, 0xEE, 0xEE, 0xEE, 0xEE, 0xEE, 0xEE, 0xEE, 0xEE, 0xEE, 0xEA, 0x55, 0xAE, 0xEE, 0xEE, 0xEE, 0xEE, 0xEE, 0xEE, 0xEE, 0xEE, 0xEE, 0xEA, 0x55, 0xAE, 0xEE, 0xEE, 0xEE, 0xEE, 0xEE, 0xEE, 0xEE, 0xEE, 0xEE, 0xEA, 0x55, 0xAE, 0xEE, 0xEE, 0xEE, 0xEE, 0xEE, 0xEE, 0xAA, 0xAA, 0xAA, 0xA8, 0x88, 0x8A, 0xAA, 0xAA, 0xAA, 0xAA, 0xAA, 0xAA, 0x88, 0x88, 0x88, 0x58, 0x88, 0x85, 0x88, 0x88, 0x88, 0x88, 0x88, 0x88, 0x88, 0x88, 0x88, 0x58, 0x88, 0x85, 0x88, 0x88, 0x88, 0x88, 0x88, 0x88, 0xAA, 0xAA, 0xAA, 0xA8, 0x88, 0x8A, 0xAA, 0xAA, 0xAA, 0xAA, 0xAA, 0xAA, 0xEE, 0xEE, 0xEE, 0xEA, 0x55, 0xAE, 0xEE, 0xEE, 0xEE, 0xEE, 0xEE, 0xEE, 0xEE, 0xEE, 0xEE, 0xEA, 0x55, 0xAE, 0xEE, 0xEE, 0xEE, 0xEE, 0xEE, 0xEE, 0xEE, 0xEE, 0xEE, 0xEA, 0x55, 0xAE, 0xEE, 0xEE, 0xEE, 0xEE, 0xEE, 0xEE, 0xEE, 0xEE, 0xEE, 0xEA, 0x55, 0xAE, 0xEE, 0xEE, 0xEE, 0xEE, 0xEE, 0xEE, 0xEE, 0xEE, 0xEE, 0xEA, 0x55, 0xAE, 0xEE, 0xEE, 0xEE, 0xEE, 0xEE, 0xEE, 0xEE, 0xEE, 0xEE, 0xEA, 0x55, 0xAE, 0xEE, 0xEE, 0xEE, 0xEE, 0xEE, 0xEE
};

const uint8_t flag_Flag_of_Switzerland[192] = {
0x22, 0x22, 0x22, 0x22, 0x22, 0x22, 0x22, 0x22, 0x22, 0x22, 0x22, 0x22, 0x22, 0x22, 0x22, 0x22, 0x22, 0x22, 0x22, 0x22, 0x22, 0x22, 0x22, 0x22, 0x22, 0x22, 0x22, 0x22, 0x22, 0x22, 0x22, 0x22, 0x22, 0x22, 0x22, 0x22, 0x22, 0x22, 0x22, 0x22, 0x22, 0x11, 0x11, 0x22, 0x22, 0x22, 0x22, 0x22, 0x22, 0x22, 0x22, 0x22, 0x22, 0x11, 0x11, 0x22, 0x22, 0x22, 0x22, 0x22, 0x22, 0x22, 0x22, 0x22, 0x22, 0x11, 0x11, 0x22, 0x22, 0x22, 0x22, 0x22, 0x22, 0x22, 0x2F, 0xFF, 0xFF, 0x11, 0x11, 0xFF, 0xFF, 0xF2, 0x22, 0x22, 0x22, 0x22, 0xF1, 0x11, 0x11, 0x11, 0x11, 0x11, 0x11, 0x1F, 0x22, 0x22, 0x22, 0x22, 0xF1, 0x11, 0x11, 0x11, 0x11, 0x11, 0x11, 0x1F, 0x22, 0x22, 0x22, 0x22, 0x2F, 0xFF, 0xFF, 0x11, 0x11, 0xFF, 0xFF, 0xF2, 0x22, 0x22, 0x22, 0x22, 0x22, 0x22, 0x22, 0x11, 0x11, 0x22, 0x22, 0x22, 0x22, 0x22, 0x22, 0x22, 0x22, 0x22, 0x22, 0x11, 0x11, 0x22, 0x22, 0x22, 0x22, 0x22, 0x22, 0x22, 0x22, 0x22, 0x22, 0x11, 0x11, 0x22, 0x22, 0x22, 0x22, 0x22, 0x22, 0x22, 0x22, 0x22, 0x22, 0x22, 0x22, 0x22, 0x22, 0x22, 0x22, 0x22, 0x22, 0x22, 0x22, 0x22, 0x22, 0x22, 0x22, 0x22, 0x22, 0x22, 0x22, 0x22, 0x22, 0x22, 0x22, 0x22, 0x22, 0x22, 0x22, 0x22, 0x22, 0x22, 0x22, 0x22
};

const uint8_t flag_Flag_of_Taiwan[192] = {
0xEE, 0xEE, 0xEE, 0xEE, 0xEE, 0xEE, 0x22, 0x22, 0x22, 0x22, 0x22, 0x22, 0xEE, 0xEE, 0xEE, 0xEE, 0xEE, 0xEE, 0x22, 0x22, 0x22, 0x22, 0x22, 0x22, 0xEE, 0xEE, 0xA9, 0x9A, 0xEE, 0xEE, 0x22, 0x22, 0x22, 0x22, 0x22, 0x22, 0xEE, 0xEE, 0x91, 0x19, 0xEE, 0xEE, 0x22, 0x22, 0x22, 0x22, 0x22, 0x22, 0xEE, 0xEE, 0x91, 0x19, 0xEE, 0xEE, 0x22, 0x22, 0x22, 0x22, 0x22, 0x22, 0xEE, 0xEE, 0xA9, 0x9A, 0xEE, 0xEE, 0x22, 0x22, 0x22, 0x22, 0x22, 0x22, 0xEE, 0xEE, 0xEE, 0xEE, 0xEE, 0xEE, 0x22, 0x22, 0x22, 0x22, 0x22, 0x22, 0xEE, 0xEE, 0xEE, 0xEE, 0xEE, 0xEE, 0x22, 0x22, 0x22, 0x22, 0x22, 0x22, 0x22, 0x22, 0x22, 0x22, 0x22, 0x22, 0x22, 0x22, 0x22, 0x22, 0x22, 0x22, 0x22, 0x22, 0x22, 0x22, 0x22, 0x22, 0x22, 0x22, 0x22, 0x22, 0x22, 0x22, 0x22, 0x22, 0x22, 0x22, 0x22, 0x22, 0x22, 0x22, 0x22, 0x22, 0x22, 0x22, 0x22, 0x22, 0x22, 0x22, 0x22, 0x22, 0x22, 0x22, 0x22, 0x22, 0x22, 0x22, 0x22, 0x22, 0x22, 0x22, 0x22, 0x22, 0x22, 0x22, 0x22, 0x22, 0x22, 0x22, 0x22, 0x22, 0x22, 0x22, 0x22, 0x22, 0x22, 0x22, 0x22, 0x22, 0x22, 0x22, 0x22, 0x22, 0x22, 0x22, 0x22, 0x22, 0x22, 0x22, 0x22, 0x22, 0x22, 0x22, 0x22, 0x22, 0x22, 0x22, 0x22, 0x22, 0x22, 0x22, 0x22, 0x22, 0x22, 0x22
};

const uint8_t flag_Flag_of_Thailand[192] = {
0xDD, 0xDD, 0xDD, 0xDD, 0xDD, 0xDD, 0xDD, 0xDD, 0xDD, 0xDD, 0xDD, 0xDD, 0xDD, 0xDD, 0xDD, 0xDD, 0xDD, 0xDD, 0xDD, 0xDD, 0xDD, 0xDD, 0xDD, 0xDD, 0xAA, 0xAA, 0xAA, 0xAA, 0xAA, 0xAA, 0xAA, 0xAA, 0xAA, 0xAA, 0xAA, 0xAA, 0x11, 0x11, 0x11, 0x11, 0x11, 0x11, 0x11, 0x11, 0x11, 0x11, 0x11, 0x11, 0x11, 0x11, 0x11, 0x11, 0x11, 0x11, 0x11, 0x11, 0x11, 0x11, 0x11, 0x11, 0xAA, 0xAA, 0xAA, 0xAA, 0xAA, 0xAA, 0xAA, 0xAA, 0xAA, 0xAA, 0xAA, 0xAA, 0xBB, 0xBB, 0xBB, 0xBB, 0xBB, 0xBB, 0xBB, 0xBB, 0xBB, 0xBB, 0xBB, 0xBB, 0xBB, 0xBB, 0xBB, 0xBB, 0xBB, 0xBB, 0xBB, 0xBB, 0xBB, 0xBB, 0xBB, 0xBB, 0xBB, 0xBB, 0xBB, 0xBB, 0xBB, 0xBB, 0xBB, 0xBB, 0xBB, 0xBB, 0xBB, 0xBB, 0xBB, 0xBB, 0xBB, 0xBB, 0xBB, 0xBB, 0xBB, 0xBB, 0xBB, 0xBB, 0xBB, 0xBB, 0xAA, 0xAA, 0xAA, 0xAA, 0xAA, 0xAA, 0xAA, 0xAA, 0xAA, 0xAA, 0xAA, 0xAA, 0x11, 0x11, 0x11, 0x11, 0x11, 0x11, 0x11, 0x11, 0x11, 0x11, 0x11, 0x11, 0x11, 0x11, 0x11, 0x11, 0x11, 0x11, 0x11, 0x11, 0x11, 0x11, 0x11, 0x11, 0xAA, 0xAA, 0xAA, 0xAA, 0xAA, 0xAA, 0xAA, 0xAA, 0xAA, 0xAA, 0xAA, 0xAA, 0xDD, 0xDD, 0xDD, 0xDD, 0xDD, 0xDD, 0xDD, 0xDD, 0xDD, 0xDD, 0xDD, 0xDD, 0xDD, 0xDD, 0xDD, 0xDD, 0xDD, 0xDD, 0xDD, 0xDD, 0xDD, 0xDD, 0xDD, 0xDD
};

const uint8_t flag_Flag_of_the_Netherlands[192] = {
0xDD, 0xDD, 0xDD, 0xDD, 0xDD, 0xDD, 0xDD, 0xDD, 0xDD, 0xDD, 0xDD, 0xDD, 0xDD, 0xDD, 0xDD, 0xDD, 0xDD, 0xDD, 0xDD, 0xDD, 0xDD, 0xDD, 0xDD, 0xDD, 0xDD, 0xDD, 0xDD, 0xDD, 0xDD, 0xDD, 0xDD, 0xDD, 0xDD, 0xDD, 0xDD, 0xDD, 0xDD, 0xDD, 0xDD, 0xDD, 0xDD, 0xDD, 0xDD, 0xDD, 0xDD, 0xDD, 0xDD, 0xDD, 0xDD, 0xDD, 0xDD, 0xDD, 0xDD, 0xDD, 0xDD, 0xDD, 0xDD, 0xDD, 0xDD, 0xDD, 0xFF, 0xFF, 0xFF, 0xFF, 0xFF, 0xFF, 0xFF, 0xFF, 0xFF, 0xFF, 0xFF, 0xFF, 0x11, 0x11, 0x11, 0x11, 0x11, 0x11, 0x11, 0x11, 0x11, 0x11, 0x11, 0x11, 0x11, 0x11, 0x11, 0x11, 0x11, 0x11, 0x11, 0x11, 0x11, 0x11, 0x11, 0x11, 0x11, 0x11, 0x11, 0x11, 0x11, 0x11, 0x11, 0x11, 0x11, 0x11, 0x11, 0x11, 0x11, 0x11, 0x11, 0x11, 0x11, 0x11, 0x11, 0x11, 0x11, 0x11, 0x11, 0x11, 0x99, 0x99, 0x99, 0x99, 0x99, 0x99, 0x99, 0x99, 0x99, 0x99, 0x99, 0x99, 0xEE, 0xEE, 0xEE, 0xEE, 0xEE, 0xEE, 0xEE, 0xEE, 0xEE, 0xEE, 0xEE, 0xEE, 0xEE, 0xEE, 0xEE, 0xEE, 0xEE, 0xEE, 0xEE, 0xEE, 0xEE, 0xEE, 0xEE, 0xEE, 0xEE, 0xEE, 0xEE, 0xEE, 0xEE, 0xEE, 0xEE, 0xEE, 0xEE, 0xEE, 0xEE, 0xEE, 0xEE, 0xEE, 0xEE, 0xEE, 0xEE, 0xEE, 0xEE, 0xEE, 0xEE, 0xEE, 0xEE, 0xEE, 0xEE, 0xEE, 0xEE, 0xEE, 0xEE, 0xEE, 0xEE, 0xEE, 0xEE, 0xEE, 0xEE, 0xEE
};

const uint8_t flag_Flag_of_the_Peoples_Republic_of_China[192] = {
0x22, 0x22, 0x22, 0x22, 0x22, 0x22, 0x22, 0x22, 0x22, 0x22, 0x22, 0x22, 0x22, 0x22, 0x22, 0x28, 0x82, 0x22, 0x22, 0x22, 0x22, 0x22, 0x22, 0x22, 0x22, 0x28, 0x82, 0x22, 0x22, 0x22, 0x22, 0x22, 0x22, 0x22, 0x22, 0x22, 0x22, 0x85, 0x58, 0x22, 0x28, 0x22, 0x22, 0x22, 0x22, 0x22, 0x22, 0x22, 0x22, 0x25, 0x52, 0x22, 0x22, 0x22, 0x22, 0x22, 0x22, 0x22, 0x22, 0x22, 0x22, 0x28, 0x82, 0x22, 0x28, 0x22, 0x22, 0x22, 0x22, 0x22, 0x22, 0x22, 0x22, 0x22, 0x22, 0x22, 0x22, 0x22, 0x22, 0x22, 0x22, 0x22, 0x22, 0x22, 0x22, 0x22, 0x22, 0x28, 0x82, 0x22, 0x22, 0x22, 0x22, 0x22, 0x22, 0x22, 0x22, 0x22, 0x22, 0x22, 0x22, 0x22, 0x22, 0x22, 0x22, 0x22, 0x22, 0x22, 0x22, 0x22, 0x22, 0x22, 0x22, 0x22, 0x22, 0x22, 0x22, 0x22, 0x22, 0x22, 0x22, 0x22, 0x22, 0x22, 0x22, 0x22, 0x22, 0x22, 0x22, 0x22, 0x22, 0x22, 0x22, 0x22, 0x22, 0x22, 0x22, 0x22, 0x22, 0x22, 0x22, 0x22, 0x22, 0x22, 0x22, 0x22, 0x22, 0x22, 0x22, 0x22, 0x22, 0x22, 0x22, 0x22, 0x22, 0x22, 0x22, 0x22, 0x22, 0x22, 0x22, 0x22, 0x22, 0x22, 0x22, 0x22, 0x22, 0x22, 0x22, 0x22, 0x22, 0x22, 0x22, 0x22, 0x22, 0x22, 0x22, 0x22, 0x22, 0x22, 0x22, 0x22, 0x22, 0x22, 0x22, 0x22, 0x22, 0x22, 0x22, 0x22, 0x22, 0x22
};

const uint8_t flag_Flag_of_the_United_Arab_Emirates[192] = {
0x22, 0x22, 0x2D, 0xCC, 0xCC, 0xCC, 0xCC, 0xCC, 0xCC, 0xCC, 0xCC, 0xCC, 0x22, 0x22, 0x2D, 0xCC, 0xCC, 0xCC, 0xCC, 0xCC, 0xCC, 0xCC, 0xCC, 0xCC, 0x22, 0x22, 0x2D, 0xCC, 0xCC, 0xCC, 0xCC, 0xCC, 0xCC, 0xCC, 0xCC, 0xCC, 0x22, 0x22, 0x2D, 0xCC, 0xCC, 0xCC, 0xCC, 0xCC, 0xCC, 0xCC, 0xCC, 0xCC, 0x22, 0x22, 0x2D, 0xCC, 0xCC, 0xCC, 0xCC, 0xCC, 0xCC, 0xCC, 0xCC, 0xCC, 0x22, 0x22, 0x22, 0x99, 0x99, 0x99, 0x99, 0x99, 0x99, 0x99, 0x99, 0x99, 0x22, 0x22, 0x22, 0x11, 0x11, 0x11, 0x11, 0x11, 0x11, 0x11, 0x11, 0x11, 0x22, 0x22, 0x22, 0x11, 0x11, 0x11, 0x11, 0x11, 0x11, 0x11, 0x11, 0x11, 0x22, 0x22, 0x22, 0x11, 0x11, 0x11, 0x11, 0x11, 0x11, 0x11, 0x11, 0x11, 0x22, 0x22, 0x22, 0x11, 0x11, 0x11, 0x11, 0x11, 0x11, 0x11, 0x11, 0x11, 0x22, 0x22, 0x22, 0xAA, 0xAA, 0xAA, 0xAA, 0xAA, 0xAA, 0xAA, 0xAA, 0xAA, 0x22, 0x22, 0x2D, 0x00, 0x00, 0x00, 0x00, 0x00, 0x00, 0x00, 0x00, 0x00, 0x22, 0x22, 0x2D, 0x00, 0x00, 0x00, 0x00, 0x00, 0x00, 0x00, 0x00, 0x00, 0x22, 0x22, 0x2D, 0x00, 0x00, 0x00, 0x00, 0x00, 0x00, 0x00, 0x00, 0x00, 0x22, 0x22, 0x2D, 0x00, 0x00, 0x00, 0x00, 0x00, 0x00, 0x00, 0x00, 0x00, 0x22, 0x22, 0x2D, 0x00, 0x00, 0x00, 0x00, 0x00, 0x00, 0x00, 0x00, 0x00
};

const uint8_t flag_Flag_of_the_United_Kingdom[192] = {
0xF1, 0x1A, 0xEE, 0xEE, 0xEA, 0xF2, 0x2F, 0xAE, 0xEE, 0xEE, 0x9F, 0x2F, 0xF2, 0xF1, 0x9B, 0xEE, 0xEA, 0xF2, 0x2F, 0xAE, 0xEE, 0xAF, 0x2F, 0x11, 0xAF, 0x2F, 0x11, 0xAE, 0xEA, 0xF2, 0x2F, 0xAE, 0xEA, 0xF2, 0xF1, 0x9B, 0xEE, 0xAF, 0x2F, 0x19, 0xBA, 0xF2, 0x2F, 0xAB, 0xF2, 0xF1, 0x1A, 0xEE, 0xEE, 0xEB, 0xA2, 0xF1, 0x19, 0xF2, 0x2F, 0x9F, 0x2F, 0x19, 0xBE, 0xEE, 0x99, 0x99, 0x91, 0xF1, 0x11, 0xF2, 0x2F, 0x1F, 0x11, 0x19, 0x99, 0x99, 0xFF, 0xFF, 0xFF, 0xFF, 0xFF, 0xF2, 0x2F, 0xFF, 0xFF, 0xFF, 0xFF, 0xFF, 0x22, 0x22, 0x22, 0x22, 0x22, 0x22, 0x22, 0x22, 0x22, 0x22, 0x22, 0x22, 0x22, 0x22, 0x22, 0x22, 0x22, 0x22, 0x22, 0x22, 0x22, 0x22, 0x22, 0x22, 0xFF, 0xFF, 0xFF, 0xFF, 0xFF, 0xF2, 0x2F, 0xFF, 0xFF, 0xFF, 0xFF, 0xFF, 0x99, 0x99, 0x91, 0x11, 0xF1, 0xF2, 0x2F, 0x11, 0x1F, 0x19, 0x99, 0x99, 0xEE, 0xEB, 0x91, 0xF2, 0xF9, 0xF2, 0x2F, 0x91, 0x1F, 0x2A, 0xBE, 0xEE, 0xEE, 0xA1, 0x1F, 0x2F, 0xBA, 0xF2, 0x2F, 0xAB, 0x91, 0xF2, 0xFA, 0xEE, 0xB9, 0x1F, 0x2F, 0xAE, 0xEA, 0xF2, 0x2F, 0xAE, 0xEA, 0x11, 0xF2, 0xFA, 0x11, 0xF2, 0xFA, 0xEE, 0xEA, 0xF2, 0x2F, 0xAE, 0xEE, 0xB9, 0x1F, 0x2F, 0xF2, 0xF9, 0xEE, 0xEE, 0xEA, 0xF2, 0x2F, 0xAE, 0xEE, 0xEE, 0xA1, 0x1F
};

const uint8_t flag_Flag_of_the_United_States[192] = {
0xBB, 0xBB, 0xBB, 0xBB, 0xBB, 0xDD, 0xDD, 0xDD, 0xDD, 0xDD, 0xDD, 0xDD, 0xBB, 0xBB, 0xBB, 0xBB, 0xBA, 0x11, 0x11, 0x11, 0x11, 0x11, 0x11, 0x11, 0xBB, 0xBB, 0xBB, 0xBB, 0xBA, 0xFF, 0xFF, 0xFF, 0xFF, 0xFF, 0xFF, 0xFF, 0xBB, 0xBB, 0xBB, 0xBB, 0xBB, 0xFA, 0xAA, 0xAA, 0xAA, 0xAA, 0xAA, 0xAA, 0xBB, 0xBB, 0xBB, 0xBB, 0xBA, 0x11, 0x11, 0x11, 0x11, 0x11, 0x11, 0x11, 0xBB, 0xBB, 0xBB, 0xBB, 0xBB, 0xDD, 0xDD, 0xDD, 0xDD, 0xDD, 0xDD, 0xDD, 0xBB, 0xBB, 0xBB, 0xBB, 0xBA, 0x11, 0x11, 0x11, 0x11, 0x11, 0x11, 0x11, 0xBB, 0xBB, 0xBB, 0xBB, 0xBB, 0xFF, 0xFF, 0xFF, 0xFF, 0xFF, 0xFF, 0xFF, 0xAA, 0xAA, 0xAA, 0xAA, 0xAA, 0xFF, 0xFF, 0xFF, 0xFF, 0xFF, 0xFF, 0xFF, 0x11, 0x11, 0x11, 0x11, 0x11, 0x11, 0x11, 0x11, 0x11, 0x11, 0x11, 0x11, 0xDD, 0xDD, 0xDD, 0xDD, 0xDD, 0xDD, 0xDD, 0xDD, 0xDD, 0xDD, 0xDD, 0xDD, 0x11, 0x11, 0x11, 0x11, 0x11, 0x11, 0x11, 0x11, 0x11, 0x11, 0x11, 0x11, 0xAA, 0xAA, 0xAA, 0xAA, 0xAA, 0xAA, 0xAA, 0xAA, 0xAA, 0xAA, 0xAA, 0xAA, 0xFF, 0xFF, 0xFF, 0xFF, 0xFF, 0xFF, 0xFF, 0xFF, 0xFF, 0xFF, 0xFF, 0xFF, 0x11, 0x11, 0x11, 0x11, 0x11, 0x11, 0x11, 0x11, 0x11, 0x11, 0x11, 0x11, 0xDD, 0xDD, 0xDD, 0xDD, 0xDD, 0xDD, 0xDD, 0xDD, 0xDD, 0xDD, 0xDD, 0xDD
};

const uint8_t flag_Flag_of_Turkey[192] = {
0x22, 0x22, 0x22, 0x22, 0x22, 0x22, 0x22, 0x22, 0x22, 0x22, 0x22, 0x22, 0x22, 0x22, 0x22, 0x22, 0x22, 0x22, 0x22, 0x22, 0x22, 0x22, 0x22, 0x22, 0x22, 0x22, 0x22, 0x22, 0x22, 0x22, 0x22, 0x22, 0x22, 0x22, 0x22, 0x22, 0x22, 0x22, 0x22, 0x22, 0x22, 0x22, 0x22, 0x22, 0x22, 0x22, 0x22, 0x22, 0x22, 0x22, 0x22, 0xF1, 0xFF, 0x22, 0x22, 0x22, 0x22, 0x22, 0x22, 0x22, 0x22, 0x22, 0x21, 0x12, 0x22, 0x22, 0x22, 0x22, 0x22, 0x22, 0x22, 0x22, 0x22, 0x22, 0xF1, 0x22, 0x22, 0x22, 0x22, 0x22, 0x22, 0x22, 0x22, 0x22, 0x22, 0x22, 0x11, 0x22, 0x22, 0x22, 0xF1, 0x22, 0x22, 0x22, 0x22, 0x22, 0x22, 0x22, 0x11, 0x22, 0x22, 0x22, 0xF1, 0x22, 0x22, 0x22, 0x22, 0x22, 0x22, 0x22, 0xF1, 0x22, 0x22, 0x22, 0x22, 0x22, 0x22, 0x22, 0x22, 0x22, 0x22, 0x22, 0x21, 0x12, 0x22, 0x22, 0x22, 0x22, 0x22, 0x22, 0x22, 0x22, 0x22, 0x22, 0x22, 0xF1, 0xFF, 0x22, 0x22, 0x22, 0x22, 0x22, 0x22, 0x22, 0x22, 0x22, 0x22, 0x22, 0x22, 0x22, 0x22, 0x22, 0x22, 0x22, 0x22, 0x22, 0x22, 0x22, 0x22, 0x22, 0x22, 0x22, 0x22, 0x22, 0x22, 0x22, 0x22, 0x22, 0x22, 0x22, 0x22, 0x22, 0x22, 0x22, 0x22, 0x22, 0x22, 0x22, 0x22, 0x22, 0x22, 0x22, 0x22, 0x22, 0x22, 0x22, 0x22, 0x22, 0x22, 0x22, 0x22, 0x22
};

const uint8_t flag_Flag_of_Ukraine[192] = {
0xEE, 0xEE, 0xEE, 0xEE, 0xEE, 0xEE, 0xEE, 0xEE, 0xEE, 0xEE, 0xEE, 0xEE, 0xEE, 0xEE, 0xEE, 0xEE, 0xEE, 0xEE, 0xEE, 0xEE, 0xEE, 0xEE, 0xEE, 0xEE, 0xEE, 0xEE, 0xEE, 0xEE, 0xEE, 0xEE, 0xEE, 0xEE, 0xEE, 0xEE, 0xEE, 0xEE, 0xEE, 0xEE, 0xEE, 0xEE, 0xEE, 0xEE, 0xEE, 0xEE, 0xEE, 0xEE, 0xEE, 0xEE, 0xEE, 0xEE, 0xEE, 0xEE, 0xEE, 0xEE, 0xEE, 0xEE, 0xEE, 0xEE, 0xEE, 0xEE, 0xEE, 0xEE, 0xEE, 0xEE, 0xEE, 0xEE, 0xEE, 0xEE, 0xEE, 0xEE, 0xEE, 0xEE, 0xEE, 0xEE, 0xEE, 0xEE, 0xEE, 0xEE, 0xEE, 0xEE, 0xEE, 0xEE, 0xEE, 0xEE, 0xEE, 0xEE, 0xEE, 0xEE, 0xEE, 0xEE, 0xEE, 0xEE, 0xEE, 0xEE, 0xEE, 0xEE, 0x88, 0x88, 0x88, 0x88, 0x88, 0x88, 0x88, 0x88, 0x88, 0x88, 0x88, 0x88, 0x55, 0x55, 0x55, 0x55, 0x55, 0x55, 0x55, 0x55, 0x55, 0x55, 0x55, 0x55, 0x55, 0x55, 0x55, 0x55, 0x55, 0x55, 0x55, 0x55, 0x55, 0x55, 0x55, 0x55, 0x55, 0x55, 0x55, 0x55, 0x55, 0x55, 0x55, 0x55, 0x55, 0x55, 0x55, 0x55, 0x55, 0x55, 0x55, 0x55, 0x55, 0x55, 0x55, 0x55, 0x55, 0x55, 0x55, 0x55, 0x55, 0x55, 0x55, 0x55, 0x55, 0x55, 0x55, 0x55, 0x55, 0x55, 0x55, 0x55, 0x55, 0x55, 0x55, 0x55, 0x55, 0x55, 0x55, 0x55, 0x55, 0x55, 0x55, 0x55, 0x55, 0x55, 0x55, 0x55, 0x55, 0x55, 0x55, 0x55, 0x55, 0x55, 0x55, 0x55
};

const uint8_t flag_Flag_of_Uruguay[192] = {
0x11, 0x11, 0x11, 0x11, 0x11, 0x11, 0x11, 0x11, 0x11, 0x11, 0x11, 0x11, 0x11, 0x11, 0x11, 0x11, 0x19, 0x99, 0x99, 0x99, 0x99, 0x99, 0x99, 0x99, 0x11, 0x9A, 0xAA, 0x91, 0x9E, 0xEE, 0xEE, 0xEE, 0xEE, 0xEE, 0xEE, 0xEE, 0x11, 0xA8, 0x88, 0xA1, 0x1A, 0xAA, 0xAA, 0xAA, 0xAA, 0xAA, 0xAA, 0xAA, 0x11, 0xA8, 0x88, 0xA1, 0x11, 0x11, 0x11, 0x11, 0x11, 0x11, 0x11, 0x11, 0x11, 0xA8, 0x88, 0xA1, 0x1A, 0xAA, 0xAA, 0xAA, 0xAA, 0xAA, 0xAA, 0xAA, 0x11, 0x1A, 0xAA, 0x11, 0x9E, 0xEE, 0xEE, 0xEE, 0xEE, 0xEE, 0xEE, 0xEE, 0x11, 0x11, 0x11, 0x11, 0x11, 0x11, 0x11, 0x11, 0x11, 0x11, 0x11, 0x11, 0x11, 0x11, 0x11, 0x11, 0x11, 0x11, 0x11, 0x11, 0x11, 0x11, 0x11, 0x11, 0xEE, 0xEE, 0xEE, 0xEE, 0xEE, 0xEE, 0xEE, 0xEE, 0xEE, 0xEE, 0xEE, 0xEE, 0xAA, 0xAA, 0xAA, 0xAA, 0xAA, 0xAA, 0xAA, 0xAA, 0xAA, 0xAA, 0xAA, 0xAA, 0x11, 0x11, 0x11, 0x11, 0x11, 0x11, 0x11, 0x11, 0x11, 0x11, 0x11, 0x11, 0xAA, 0xAA, 0xAA, 0xAA, 0xAA, 0xAA, 0xAA, 0xAA, 0xAA, 0xAA, 0xAA, 0xAA, 0xEE, 0xEE, 0xEE, 0xEE, 0xEE, 0xEE, 0xEE, 0xEE, 0xEE, 0xEE, 0xEE, 0xEE, 0x99, 0x99, 0x99, 0x99, 0x99, 0x99, 0x99, 0x99, 0x99, 0x99, 0x99, 0x99, 0x11, 0x11, 0x11, 0x11, 0x11, 0x11, 0x11, 0x11, 0x11, 0x11, 0x11, 0x11
};

const uint8_t flag_Flag_of_Venezuela[192] = {
0x88, 0x88, 0x88, 0x88, 0x88, 0x88, 0x88, 0x88, 0x88, 0x88, 0x88, 0x88, 0x88, 0x88, 0x88, 0x88, 0x88, 0x88, 0x88, 0x88, 0x88, 0x88, 0x88, 0x88, 0x88, 0x88, 0x88, 0x88, 0x88, 0x88, 0x88, 0x88, 0x88, 0x88, 0x88, 0x88, 0x88, 0x88, 0x88, 0x88, 0x88, 0x88, 0x88, 0x88, 0x88, 0x88, 0x88, 0x88, 0x55, 0x55, 0x55, 0x55, 0x55, 0x55, 0x55, 0x55, 0x55, 0x55, 0x55, 0x55, 0xBB, 0xBB, 0xBB, 0xBB, 0xBB, 0xBB, 0xBB, 0xBB, 0xBB, 0xBB, 0xBB, 0xBB, 0xEE, 0xEE, 0xEE, 0xEE, 0xEE, 0xEA, 0xAE, 0xEE, 0xEE, 0xEE, 0xEE, 0xEE, 0xEE, 0xEE, 0xEE, 0xEE, 0xBA, 0xEE, 0xEE, 0xAB, 0xEE, 0xEE, 0xEE, 0xEE, 0xEE, 0xEE, 0xEE, 0xEE, 0xAE, 0xEE, 0xEE, 0xEA, 0xEE, 0xEE, 0xEE, 0xEE, 0xEE, 0xEE, 0xEE, 0xEA, 0xEE, 0xEE, 0xEE, 0xEE, 0xAE, 0xEE, 0xEE, 0xEE, 0xBB, 0xBB, 0xBB, 0xBB, 0xBB, 0xBB, 0xBB, 0xBB, 0xBB, 0xBB, 0xBB, 0xBB, 0x22, 0x22, 0x22, 0x22, 0x22, 0x22, 0x22, 0x22, 0x22, 0x22, 0x22, 0x22, 0x22, 0x22, 0x22, 0x22, 0x22, 0x22, 0x22, 0x22, 0x22, 0x22, 0x22, 0x22, 0x22, 0x22, 0x22, 0x22, 0x22, 0x22, 0x22, 0x22, 0x22, 0x22, 0x22, 0x22, 0x22, 0x22, 0x22, 0x22, 0x22, 0x22, 0x22, 0x22, 0x22, 0x22, 0x22, 0x22, 0x22, 0x22, 0x22, 0x22, 0x22, 0x22, 0x22, 0x22, 0x22, 0x22, 0x22, 0x22
};

const uint8_t flag_Flag_of_Vietnam[192] = {
0x22, 0x22, 0x22, 0x22, 0x22, 0x22, 0x22, 0x22, 0x22, 0x22, 0x22, 0x22, 0x22, 0x22, 0x22, 0x22, 0x22, 0x22, 0x22, 0x22, 0x22, 0x22, 0x22, 0x22, 0x22, 0x22, 0x22, 0x22, 0x22, 0x22, 0x22, 0x22, 0x22, 0x22, 0x22, 0x22, 0x22, 0x22, 0x22, 0x22, 0x22, 0x22, 0x22, 0x22, 0x22, 0x22, 0x22, 0x22, 0x22, 0x22, 0x22, 0x22, 0x22, 0x28, 0x82, 0x22, 0x22, 0x22, 0x22, 0x22, 0x22, 0x22, 0x22, 0x22, 0x22, 0x25, 0x52, 0x22, 0x22, 0x22, 0x22, 0x22, 0x22, 0x22, 0x22, 0x22, 0x88, 0x85, 0x58, 0x88, 0x22, 0x22, 0x22, 0x22, 0x22, 0x22, 0x22, 0x22, 0x85, 0x55, 0x55, 0x58, 0x22, 0x22, 0x22, 0x22, 0x22, 0x22, 0x22, 0x22, 0x22, 0x55, 0x55, 0x22, 0x22, 0x22, 0x22, 0x22, 0x22, 0x22, 0x22, 0x22, 0x22, 0x55, 0x55, 0x22, 0x22, 0x22, 0x22, 0x22, 0x22, 0x22, 0x22, 0x22, 0x28, 0x52, 0x25, 0x82, 0x22, 0x22, 0x22, 0x22, 0x22, 0x22, 0x22, 0x22, 0x28, 0x22, 0x22, 0x82, 0x22, 0x22, 0x22, 0x22, 0x22, 0x22, 0x22, 0x22, 0x22, 0x22, 0x22, 0x22, 0x22, 0x22, 0x22, 0x22, 0x22, 0x22, 0x22, 0x22, 0x22, 0x22, 0x22, 0x22, 0x22, 0x22, 0x22, 0x22, 0x22, 0x22, 0x22, 0x22, 0x22, 0x22, 0x22, 0x22, 0x22, 0x22, 0x22, 0x22, 0x22, 0x22, 0x22, 0x22, 0x22, 0x22, 0x22, 0x22, 0x22, 0x22, 0x22, 0x22
};

const Flag Flag_of_Albania = {24,16,flag_Flag_of_Albania};
const Flag Flag_of_Argentina = {24,16,flag_Flag_of_Argentina};
const Flag Flag_of_Australia = {24,16,flag_Flag_of_Australia};
const Flag Flag_of_Austria = {24,16,flag_Flag_of_Austria};
const Flag Flag_of_Bangladesh = {24,16,flag_Flag_of_Bangladesh};
const Flag Flag_of_Belarus = {24,16,flag_Flag_of_Belarus};
const Flag Flag_of_Belgium = {24,16,flag_Flag_of_Belgium};
const Flag Flag_of_Bolivia = {24,16,flag_Flag_of_Bolivia};
const Flag Flag_of_Bosnia_and_Herzegovina = {24,16,flag_Flag_of_Bosnia_and_Herzegovina};
const Flag Flag_of_Brazil = {24,16,flag_Flag_of_Brazil};
const Flag Flag_of_Bulgaria = {24,16,flag_Flag_of_Bulgaria};
const Flag Flag_of_Canada = {24,16,flag_Flag_of_Canada};
const Flag Flag_of_Chile = {24,16,flag_Flag_of_Chile};
const Flag Flag_of_China = {24,16,flag_Flag_of_China};
const Flag Flag_of_Colombia = {24,16,flag_Flag_of_Colombia};
const Flag Flag_of_Costa_Rica = {24,16,flag_Flag_of_Costa_Rica};
const Flag Flag_of_Croatia = {24,16,flag_Flag_of_Croatia};
const Flag Flag_of_Cuba = {24,16,flag_Flag_of_Cuba};
const Flag Flag_of_Cyprus = {24,16,flag_Flag_of_Cyprus};
const Flag Flag_of_Czech_Republic = {24,16,flag_Flag_of_Czech_Republic};
const Flag Flag_of_Denmark = {24,16,flag_Flag_of_Denmark};
const Flag Flag_of_Dominican_Republic = {24,16,flag_Flag_of_Dominican_Republic};
const Flag Flag_of_Ecuador = {24,16,flag_Flag_of_Ecuador};
const Flag Flag_of_Egypt = {24,16,flag_Flag_of_Egypt};
const Flag Flag_of_Estonia = {24,16,flag_Flag_of_Estonia};
const Flag Flag_of_Ethiopia = {24,16,flag_Flag_of_Ethiopia};
const Flag Flag_of_Fiji = {24,16,flag_Flag_of_Fiji};
const Flag Flag_of_Finland = {24,16,flag_Flag_of_Finland};
const Flag Flag_of_France = {24,16,flag_Flag_of_France};
const Flag Flag_of_Germany = {24,16,flag_Flag_of_Germany};
const Flag Flag_of_Greece = {24,16,flag_Flag_of_Greece};
const Flag Flag_of_Guam = {24,16,flag_Flag_of_Guam};
const Flag Flag_of_Hong_Kong = {24,16,flag_Flag_of_Hong_Kong};
const Flag Flag_of_Hungary = {24,16,flag_Flag_of_Hungary};
const Flag Flag_of_Iceland = {24,16,flag_Flag_of_Iceland};
const Flag Flag_of_India = {24,16,flag_Flag_of_India};
const Flag Flag_of_Indonesia = {24,16,flag_Flag_of_Indonesia};
const Flag Flag_of_Iran = {24,16,flag_Flag_of_Iran};
const Flag Flag_of_Ireland = {24,16,flag_Flag_of_Ireland};
const Flag Flag_of_Israel = {24,16,flag_Flag_of_Israel};
const Flag Flag_of_Italy = {24,16,flag_Flag_of_Italy};
const Flag Flag_of_Jamaica = {24,16,flag_Flag_of_Jamaica};
const Flag Flag_of_Japan = {24,16,flag_Flag_of_Japan};
const Flag Flag_of_Kenya = {24,16,flag_Flag_of_Kenya};
const Flag Flag_of_Latvia = {24,16,flag_Flag_of_Latvia};
const Flag Flag_of_Lithuania = {24,16,flag_Flag_of_Lithuania};
const Flag Flag_of_Luxembourg = {24,16,flag_Flag_of_Luxembourg};
const Flag Flag_of_Malaysia = {24,16,flag_Flag_of_Malaysia};
const Flag Flag_of_Malta = {24,16,flag_Flag_of_Malta};
const Flag Flag_of_Mexico = {24,16,flag_Flag_of_Mexico};
const Flag Flag_of_Morocco = {24,16,flag_Flag_of_Morocco};
const Flag Flag_of_Namibia = {24,16,flag_Flag_of_Namibia};
const Flag Flag_of_Netherlands = {24,16,flag_Flag_of_Netherlands};
const Flag Flag_of_New_Zealand = {24,16,flag_Flag_of_New_Zealand};
const Flag Flag_of_Nigeria = {24,16,flag_Flag_of_Nigeria};
const Flag Flag_of_North_Macedonia = {24,16,flag_Flag_of_North_Macedonia};
const Flag Flag_of_Norway = {24,16,flag_Flag_of_Norway};
const Flag Flag_of_Pakistan = {24,16,flag_Flag_of_Pakistan};
const Flag Flag_of_Panama = {24,16,flag_Flag_of_Panama};
const Flag Flag_of_Paraguay = {24,16,flag_Flag_of_Paraguay};
const Flag Flag_of_Peru = {24,16,flag_Flag_of_Peru};
const Flag Flag_of_Philippines = {24,16,flag_Flag_of_Philippines};
const Flag Flag_of_Poland = {24,16,flag_Flag_of_Poland};
const Flag Flag_of_Portugal = {24,16,flag_Flag_of_Portugal};
const Flag Flag_of_Romania = {24,16,flag_Flag_of_Romania};
const Flag Flag_of_Russia = {24,16,flag_Flag_of_Russia};
const Flag Flag_of_Saudi_Arabia = {24,16,flag_Flag_of_Saudi_Arabia};
const Flag Flag_of_Serbia = {24,16,flag_Flag_of_Serbia};
const Flag Flag_of_Singapore = {24,16,flag_Flag_of_Singapore};
const Flag Flag_of_Slovakia = {24,16,flag_Flag_of_Slovakia};
const Flag Flag_of_Slovenia = {24,16,flag_Flag_of_Slovenia};
const Flag Flag_of_South_Africa = {24,16,flag_Flag_of_South_Africa};
const Flag Flag_of_South_Korea = {24,16,flag_Flag_of_South_Korea};
const Flag Flag_of_Spain = {24,16,flag_Flag_of_Spain};
const Flag Flag_of_Sri_Lanka = {24,16,flag_Flag_of_Sri_Lanka};
const Flag Flag_of_Sweden = {24,16,flag_Flag_of_Sweden};
const Flag Flag_of_Switzerland = {24,16,flag_Flag_of_Switzerland};
const Flag Flag_of_Taiwan = {24,16,flag_Flag_of_Taiwan};
const Flag Flag_of_Thailand = {24,16,flag_Flag_of_Thailand};
const Flag Flag_of_the_Netherlands = {24,16,flag_Flag_of_the_Netherlands};
const Flag Flag_of_the_Peoples_Republic_of_China = {24,16,flag_Flag_of_the_Peoples_Republic_of_China};
const Flag Flag_of_the_United_Arab_Emirates = {24,16,flag_Flag_of_the_United_Arab_Emirates};
const Flag Flag_of_the_United_Kingdom = {24,16,flag_Flag_of_the_United_Kingdom};
const Flag Flag_of_the_United_States = {24,16,flag_Flag_of_the_United_States};
const Flag Flag_of_Turkey = {24,16,flag_Flag_of_Turkey};
const Flag Flag_of_Ukraine = {24,16,flag_Flag_of_Ukraine};
const Flag Flag_of_Uruguay = {24,16,flag_Flag_of_Uruguay};
const Flag Flag_of_Venezuela = {24,16,flag_Flag_of_Venezuela};
const Flag Flag_of_Vietnam = {24,16,flag_Flag_of_Vietnam};
