kHz:75;Time(UTC):93;Days:59;ITU:49;Station:201;Lng:49;Target:62;Remarks:135;P:35;Start:60;Stop:60;
16.3;0000-2400;;IND;VTX1 Indian Navy;;SAs;v;1;;
16.4;0000-2400;;NOR;JXN Noviken Sub comms;;NAO;no;1;;[0923]
17;0000-2400;;IND;VTX2 Indian Navy;;SAs;v;1;;
18.1;0000-2400;;RUS;RDL Russian Navy;-CW;RUS;xx;1;;[1219]
18.2;0000-2400;;IND;VTX3 Indian Navy;;SAs;v;1;;
19.2;0000-2400;;IND;VTX4 Indian Navy;;SAs;v;1;;
19.58;0000-2400;;G;GBZ Anthorn;;NAO;an;1;;[0923]
20.5;0741-0747;;BLR;RJH69 Molodechno;-TS;EEu;mo;1;;[0120]
20.5;0441-0447;;KGZ;RJH66 Bishkek;-TS;CAs;bk;1;;[0120]
20.5;1041-1047;;KGZ;RJH66 Bishkek;-TS;CAs;bk;1;;[0120]
20.5;1131-1141;;RUS;RJH63 Krasnodar;-TS;EEu;kd;1;;[0120]
20.5;0941-0947;;RUS;RJH77 Arkhangelsk;-TS;EEu;ak;1;;[0120]
20.5;0841-0847;;RUS;RJH99 Nizhni Novgorod;-TS;EEu;nn;1;;[0120]
23;0735-0741;;BLR;RJH69 Molodechno;-TS;EEu;mo;1;;[0120]
23;0435-0441;;KGZ;RJH66 Bishkek;-TS;CAs;bk;1;;[0120]
23;1035-1041;;KGZ;RJH66 Bishkek;-TS;CAs;bk;1;;[0120]
23;1126-1131;;RUS;RJH63 Krasnodar;-TS;EEu;kd;1;;[0120]
23;0935-0941;;RUS;RJH77 Arkhangelsk;-TS;EEu;ak;1;;[0120]
23;0835-0841;;RUS;RJH99 Nizhni Novgorod;-TS;EEu;nn;1;;[0120]
25;0700-0725;;BLR;RJH69 Molodechno;-TS;EEu;mo;1;;[0120]
25;0400-0425;;KGZ;RJH66 Bishkek;-TS;CAs;bk;1;;[0120]
25;1000-1025;;KGZ;RJH66 Bishkek;-TS;CAs;bk;1;;[0120]
25;1100-1120;;RUS;RJH63 Krasnodar;-TS;EEu;kd;1;;[0120]
25;0900-0925;;RUS;RJH77 Arkhangelsk;-TS;EEu;ak;1;;[0120]
25;0800-0825;;RUS;RJH99 Nizhni Novgorod;-TS;EEu;nn;1;;[0120]
25.1;0725-0730;;BLR;RJH69 Molodechno;-TS;EEu;mo;1;;[0120]
25.1;0425-0430;;KGZ;RJH66 Bishkek;-TS;CAs;bk;1;;[0120]
25.1;1025-1030;;KGZ;RJH66 Bishkek;-TS;CAs;bk;1;;[0120]
25.1;1120-1123;;RUS;RJH63 Krasnodar;-TS;EEu;kd;1;;[0120]
25.1;0925-0930;;RUS;RJH77 Arkhangelsk;-TS;EEu;ak;1;;[0120]
25.1;0825-0830;;RUS;RJH99 Nizhni Novgorod;-TS;EEu;nn;1;;[0120]
25.5;0730-0735;;BLR;RJH69 Molodechno;-TS;EEu;mo;1;;[0120]
25.5;0430-0435;;KGZ;RJH66 Bishkek;-TS;CAs;bk;1;;[0120]
25.5;1030-1035;;KGZ;RJH66 Bishkek;-TS;CAs;bk;1;;[0120]
25.5;1123-1126;;RUS;RJH63 Krasnodar;-TS;EEu;kd;1;;[0120]
25.5;0930-0935;;RUS;RJH77 Arkhangelsk;-TS;EEu;ak;1;;[0120]
25.5;0830-0835;;RUS;RJH99 Nizhni Novgorod;-TS;EEu;nn;1;;[0120]
27.3;0000-2400;;RUS;RDL Russian Navy;-CW;EEu;/BLR-mo;1;;[1019]
37.5;0000-2400;;ISL;TFK US Navy Grindavik;;NEu;g;1;;[1218]
40;0000-2400;;J;JJY (ID x15,x45);-TS;FE;o;1;;[0126]
60;0000-2400;;G;MSF Time from NPL;-TS;Eu;an;1;;[1123]
60;0000-2400;;J;JJY (ID x15,x45);-TS;FE;h;1;;[0122]
60;0000-2400;;USA;WWVB Colorado;-TS;USA;ff;1;;[0519]
66.66;0000-2400;;RUS;RBU Time Signal;-TS;EEu;t;1;;[0524]
68.5;0000-2100;;CHN;BPC Time Signal;-TS;FE;sq;1;;[0122]
77.5;0000-2400;;D;DCF77 Mainflingen;-TS;Eu;mf;1;;[1123]
100;0000-2400;;CHN;BPL Time Signal;-TS;FE;p;1;;[0519]
128.9;0000-2400;;D;EFR Teleswitch;;CEu;mf;1;;[1123]
135.4;0000-2400;;HNG;EFR Teleswitch;;CEu;lh;1;;[1123]
138.8;0000-2400;;D;EFR Teleswitch;;CEu;bu;1;;[1123]
147.3;0000-2400;;D;DWD 2 Pinneberg RTTY;E;Eu;pi;1;;[0326]
531;0450-1330;;ALG;R.Algiers Int.;A,F;NAf;fk;1;;
531;1330-1400;;ALG;R.Algiers Int.;E;NAf;fk;1;;
531;1400-1430;;ALG;R.Algiers Int.;S;NAf;fk;1;;
531;1430-1600;;ALG;R.Algiers Int.;A;NAf;fk;1;;
531;1600-1630;;ALG;R.Algiers Int.;F;NAf;fk;1;;
531;1630-1700;;ALG;R.Algiers Int.;A;NAf;fk;1;;
531;1700-1730;;ALG;R.Algiers Int.;F;NAf;fk;1;;
531;1730-1900;;ALG;R.Algiers Int.;A;NAf;fk;1;;
531;1900-1930;;ALG;R.Algiers Int.;E;NAf;fk;1;;[1124]
531;1930-2000;;ALG;R.Algiers Int.;S;NAf;fk;1;;[1124]
531;2000-2200;;ALG;R.Algiers Int.;A;NAf;fk;1;;
531;2200-2300;;ALG;R.Algiers Int.;F;NAf;fk;1;;
531;2300-2315;;ALG;R.Algiers Int.;E;NAf;fk;1;;[0126]
531;2315-2330;;ALG;R.Algiers Int.;S;NAf;fk;1;;
531;2330-0450;;ALG;R.Algiers Int.;A,F;NAf;fk;1;;
549;0000-0900;;CHN;CNR5 Cross-Strait Radio;M;TWN;pt;1;;
549;0900-1000;;CHN;CNR5 Cross-Strait Radio;M;TWN;pt;1;;
549;1000-1705;;CHN;CNR5 Cross-Strait Radio;M;TWN;pt;1;;
549;2055-2300;;CHN;CNR5 Cross-Strait Radio;M;TWN;pt;1;;
549;2300-2400;;CHN;CNR5 Cross-Strait Radio;M;TWN;pt;1;;
576;0450-1330;;ALG;R.Algiers Int.;A,F;NAf;b;1;;
576;1330-1400;;ALG;R.Algiers Int.;E;NAf;b;1;;
576;1400-1430;;ALG;R.Algiers Int.;S;NAf;b;1;;
576;1430-1600;;ALG;R.Algiers Int.;A;NAf;b;1;;
576;1600-1630;;ALG;R.Algiers Int.;F;NAf;b;1;;
576;1630-1700;;ALG;R.Algiers Int.;A;NAf;b;1;;
576;1700-1730;;ALG;R.Algiers Int.;F;NAf;b;1;;
576;1730-1900;;ALG;R.Algiers Int.;A;NAf;b;1;;
576;1900-1930;;ALG;R.Algiers Int.;E;NAf;b;1;;
576;1930-2000;;ALG;R.Algiers Int.;S;NAf;b;1;;
576;2000-2200;;ALG;R.Algiers Int.;A;NAf;b;1;;
576;2200-2300;;ALG;R.Algiers Int.;F;NAf;b;1;;
576;2300-2315;;ALG;R.Algiers Int.;E;NAf;b;1;;
576;2315-2330;;ALG;R.Algiers Int.;S;NAf;b;1;;
576;2330-0450;;ALG;R.Algiers Int.;A,F;NAf;b;1;;
576;0000-2400;;IRN;IRIB Voice of I.R.Iran;A;ME;mh;1;;
594;0030-0900;;IND;AIR Akashvani Ext.Sce;BE;BGD;ko;1;;
594;1000-1515;;IND;AIR Akashvani Ext.Sce;BE;BGD;ko;1;;
594;1515-1530;;IND;AIR Akashvani Ext.Sce;HI;BGD;ko;1;;
594;1530-1545;;IND;AIR Akashvani Ext.Sce;E;BGD;ko;1;;
594;1545-1830;;IND;AIR Akashvani Ext.Sce;BE;BGD;ko;1;;
603;0000-0100;;CHN;China Radio Int.;VN;SEA;d;1;;
603;0400-0600;;CHN;China Radio Int.;VN;SEA;d;1;;
603;1100-1200;;CHN;China Radio Int.;CA;SEA;d;1;;
603;1200-1300;;CHN;China Radio Int.;VN;SEA;d;1;;[0420]
603;1300-1400;;CHN;China Radio Int.;VN;SEA;d;1;;
603;1400-1500;;CHN;China Radio Int.;VN;SEA;d;1;;
603;1500-1600;;CHN;China Radio Int.;VN;SEA;d;1;;
603;1600-1700;;CHN;China Radio Int.;VN;SEA;d;1;;
603;2300-2400;;CHN;China Radio Int.;VN;SEA;d;1;;
603;1100-1200;Mo-Sa;ROU;Radio Bukarest;D;ROU;;2;;
612;0420-1520;;IRN;IRIB Voice of I.R.Iran;A;ME;q;1;;
612;1700-1715;Fr-Su;USA;Trans World Radio;KZ;CAs;/KGZ;1;;[0324]
612;1700-1730;Mo-Th;USA;Trans World Radio;;CAs;/KGZ;1;;
612;1715-1730;Fr-Su;USA;Trans World Radio;KG;CAs;/KGZ;1;;
621;0700-0900;;KRE;Voice of Korea;J;J;c;1;;
621;0900-1300;;KRE;Voice of Korea;J;J;c;1;;
621;2000-2050;;KRE;Voice of Korea KCBS;K;FE;c;1;;
621;2100-2400;;KRE;Voice of Korea;J;J;c;1;;
630;1000-1100;;ROU;Radio Temeswar;D;ROU;;2;;[1124]
639;0600-0700;;G;BBC;E;ME;/CYP;1;;
639;0700-0730;;G;BBC;A;ME;/CYP;1;;
639;1300-1400;;G;BBC;A;ME;/CYP;1;;
639;1400-1430;Mo-Fr;G;BBC;A;ME;/CYP;1;;
639;1400-1430;SaSu;G;BBC;E;ME;/CYP;1;;
639;1430-1500;;G;BBC;E;ME;/CYP;1;;
639;1500-1530;;G;BBC;A;ME;/CYP;1;;
639;1530-1700;;G;BBC;E;ME;/CYP;1;;
639;1700-1730;;G;BBC;A;ME;/CYP;1;;
639;1730-1800;;G;BBC;E;ME;/CYP;1;;
639;1800-1900;;G;BBC;A;ME;/CYP;1;;
639;1900-1930;Mo-Fr;G;BBC;A;ME;/CYP;1;;[0925]
639;1900-1930;SaSu;G;BBC;E;ME;/CYP;1;;
639;0420-0520;;IRN;IRIB Voice of I.R.Iran;KU;ME;bb;1;;
639;1320-1420;;IRN;IRIB Voice of I.R.Iran;KU;ME;bb;1;;
639;1420-1620;;IRN;IRIB Voice of I.R.Iran;KU;ME;bb;1;;
639;1820-1920;;IRN;IRIB Voice of I.R.Iran;TU;ME;bb;1;;
684;0000-0100;;CHN;China National Radio 6;AM;TWN;pt;1;;
684;0100-0200;;CHN;China National Radio 6;AM;TWN;pt;1;;
684;0200-0500;;CHN;China National Radio 6;AM;TWN;pt;1;;
684;0500-0600;;CHN;China National Radio 6;HK;TWN;pt;1;;
684;0600-0900;Th-Tu;CHN;China National Radio 6;HK;TWN;pt;1;;
684;0900-1100;;CHN;China National Radio 6;HK;TWN;pt;1;;
684;1100-1200;;CHN;China National Radio 6;M;TWN;pt;1;;
684;1200-1605;;CHN;China National Radio 6;M;TWN;pt;1;;
684;2155-2400;;CHN;China National Radio 6;AM;TWN;pt;1;;
684;0000-0100;;CHN;China Radio Int.;KH;SEA;d;1;;
684;0400-0600;;CHN;China Radio Int.;VN;SEA;d;1;;
684;1030-1130;;CHN;China Radio Int.;KH;SEA;d;1;;
684;1200-1300;;CHN;China Radio Int.;E;SEA;d;1;;
684;1300-1400;;CHN;China Radio Int.;VN;SEA;d;1;;
684;1400-1500;;CHN;China Radio Int.;KH;SEA;d;1;;
684;1500-1600;;CHN;China Radio Int.;VN;SEA;d;1;;
684;1600-1700;;CHN;China Radio Int.;VN;SEA;d;1;;
684;2300-2400;;CHN;China Radio Int.;KH;SEA;d;1;;
690;0000-2400;;B;Rádio Clube do Pará;P;B;be;1;;
693;1900-1930;;ALG;R.Algiers Int.;E;NAf;r;1;;
693;1930-2000;;ALG;R.Algiers Int.;S;NAf;r;1;;
693;2000-2200;;ALG;R.Algiers Int.;A;NAf;r;1;;
693;2200-2300;;ALG;R.Algiers Int.;F;NAf;r;1;;
700;0000-2400;;USA;WLW Cincinnati, OH;E;USA;ci;1;;
702;1630-1700;;G;BBC;FS;IRN;/OMA-a;1;;
702;1800-1830;;G;BBC;FS;IRN;/OMA-a;1;;
702;0050-0520;;IRN;IRIB Voice of I.R.Iran;AZ;Cau;ki;1;;
702;0520-0920;;IRN;IRIB Voice of I.R.Iran;TU;ME;ki;1;;
702;0920-1020;;IRN;IRIB Voice of I.R.Iran;TAL;Cau;ki;1;;
702;1420-1650;;IRN;IRIB Voice of I.R.Iran;AZ;Cau;ki;1;;
702;1720-1820;;IRN;IRIB Voice of I.R.Iran;TAL;Cau;ki;1;;
702;1820-1920;;IRN;IRIB Voice of I.R.Iran;TU;ME;ki;1;;
702;1820-1920;;IRN;IRIB Voice of I.R.Iran;D;ME;ki;1;;
702;1920-2020;;IRN;IRIB Voice of I.R.Iran;AR;Cau;ki;1;;
720;0600-0630;;G;BBC;A;ME;/CYP;1;;
720;0630-0700;;G;BBC;E;ME;/CYP;1;;
720;0700-0730;;G;BBC;A;ME;/CYP;1;;
720;1300-1400;;G;BBC;A;ME;/CYP;1;;
720;1400-1430;Mo-Fr;G;BBC;A;ME;/CYP;1;;
720;1400-1430;SaSu;G;BBC;E;ME;/CYP;1;;
720;1430-1500;;G;BBC;E;ME;/CYP;1;;
720;1500-1530;;G;BBC;A;ME;/CYP;1;;
720;1530-1630;;G;BBC;E;ME;/CYP;1;;
720;1630-1700;;G;BBC;FS;IRN;/CYP;1;;
720;1700-1730;;G;BBC;A;ME;/CYP;1;;
720;1730-1800;;G;BBC;E;ME;/CYP;1;;
720;1800-1830;;G;BBC;FS;IRN;/CYP;1;;
720;1830-1900;;G;BBC;A;ME;/CYP;1;;
720;1900-1930;Mo-Fr;G;BBC;A;ME;/CYP;1;;[0925]
720;1900-1930;SaSu;G;BBC;E;ME;/CYP;1;;
720;0050-0220;;IRN;IRIB Voice of I.R.Iran;TJ;CAs;t;1;;
720;0220-0320;;IRN;IRIB Voice of I.R.Iran;DR;AFG;t;1;;
720;0320-1520;;IRN;IRIB Voice of I.R.Iran;DR;AFG;t;1;;
720;1520-1720;;IRN;IRIB Voice of I.R.Iran;TJ;CAs;t;1;;
765;0000-0900;;CHN;CNR5 Cross-Strait Radio;M;TWN;f;1;;
765;0900-1000;;CHN;CNR5 Cross-Strait Radio;M;TWN;f;1;;
765;1000-1705;;CHN;CNR5 Cross-Strait Radio;M;TWN;f;1;;
765;2055-2300;;CHN;CNR5 Cross-Strait Radio;M;TWN;f;1;;[0324]
765;2300-2400;;CHN;CNR5 Cross-Strait Radio;M;TWN;f;1;;
765;0120-0220;;IRN;IRIB Voice of I.R.Iran;UR;SAs;c;1;;
765;0220-1250;;IRN;IRIB Voice of I.R.Iran;A;ME;c;1;;
765;1250-1420;;IRN;IRIB Voice of I.R.Iran;UR;SAs;c;1;;
765;1420-1520;;IRN;IRIB Voice of I.R.Iran;HI;SAs;c;1;;
765;1520-1620;;IRN;IRIB Voice of I.R.Iran;UR;SAs;c;1;;
765;1620-0120;;IRN;IRIB Voice of I.R.Iran;A;ME;c;1;;
783;1900-1930;;ALG;R.Algiers Int.;E;NAf;r;1;;
783;1930-2000;;ALG;R.Algiers Int.;S;NAf;r;1;;
783;2000-2200;;ALG;R.Algiers Int.;A;NAf;r;1;;
783;2200-2300;;ALG;R.Algiers Int.;F;NAf;r;1;;
800;0000-0230;;USA;Trans World Radio;S;CUB;/BES;1;;[1218]
800;0230-0330;Tu-Sa;USA;Trans World Radio;S;CUB;/BES;1;;[0319]
800;0830-0945;;USA;Trans World Radio;P;SAm;/BES;1;;
800;0945-1000;Sa;USA;Trans World Radio;MX;SAm;/BES;1;;
800;0945-1000;Su-Fr;USA;Trans World Radio;P;SAm;/BES;1;;
800;1000-1130;;USA;Trans World Radio;S;Car;/BES;1;;
800;2330-2400;;USA;Trans World Radio;E;Car;/BES;1;;
801;0258-2100;;ETH;Amhara State Radio;AH;EAf;b;1;;
837;0253-2000;;ETH;Radio Oromiya;OO;EAf;r;1;;[0325]
864;2000-2300;;CLA;Iran International TV;FS;IRN;/BUL-s;1;;[0426]
864;1630-1700;;CLA;Radio Iran Azad;FS;IRN;/ARM;1;;
873;0355-0943;;CHN;China Huayi BC;M;TWN;f;1;;[0824]
873;0943-1200;;CHN;China Huayi BC;M;TWN;f;1;;[0824]
873;0130-0330;;CLN;Sri Lanka BC;TAM;SAs;p;1;;
873;0600-0800;;HNG;Nemzetiségi Rádió;HR;HNG;lh;2;;
873;0600-0800;;HNG;Nemzetiségi Rádió;HR;HNG;p;2;;
873;0800-1000;;HNG;Nemzetiségi Rádió;D;HNG;lh;2;;[1218]
873;0800-1000;;HNG;Nemzetiségi Rádió;D;HNG;p;2;;
873;1100-1130;Sa;HNG;Nemzetiségi Rádió;AR;HNG;lh;2;;
873;1100-1130;Sa;HNG;Nemzetiségi Rádió;AR;HNG;p;2;;
873;1100-1130;We;HNG;Nemzetiségi Rádió;BU;HNG;lh;2;;
873;1100-1130;We;HNG;Nemzetiségi Rádió;BU;HNG;p;2;;
873;1100-1130;Th;HNG;Nemzetiségi Rádió;GR;HNG;lh;2;;[0221]
873;1100-1130;Th;HNG;Nemzetiségi Rádió;GR;HNG;p;2;;
873;1100-1130;Tu;HNG;Nemzetiségi Rádió;RU;HNG;lh;2;;
873;1100-1130;Tu;HNG;Nemzetiségi Rádió;RU;HNG;p;2;;
873;1100-1130;Mo;HNG;Nemzetiségi Rádió;SV;HNG;lh;2;;
873;1100-1130;Mo;HNG;Nemzetiségi Rádió;SV;HNG;p;2;;
873;1100-1130;Fr;HNG;Nemzetiségi Rádió;UK;HNG;lh;2;;
873;1100-1130;Fr;HNG;Nemzetiségi Rádió;UK;HNG;p;2;;
873;1130-1200;Sa;HNG;Nemzetiségi Rádió;PO;HNG;lh;2;;
873;1130-1200;Sa;HNG;Nemzetiségi Rádió;PO;HNG;p;2;;
873;2000-2200;irr;HNG;Nemzetiségi Rádió;D;HNG;lh;2;;[1018]
873;2000-2200;irr;HNG;Nemzetiségi Rádió;D;HNG;p;2;;
880;0000-2400;;B;Rádio Inconfidência;P;B;c;1;;[0526]
882;0000-0015;Su;IND;Trans World Radio;BNJ;SAs;/CLN-p;1;;
882;0000-0015;We;IND;Trans World Radio;HI;SAs;/CLN-p;1;;
882;0000-0015;Fr;IND;Trans World Radio;MAR;SAs;/CLN-p;1;;
882;0000-0015;Tu;IND;Trans World Radio;SRA;SAs;/CLN-p;1;;
882;0000-0015;Th;IND;Trans World Radio;TEL;SAs;/CLN-p;1;;
882;0000-0030;Mo;IND;Trans World Radio;MAL;SAs;/CLN-p;1;;
882;0000-0030;Sa;IND;Trans World Radio;OR;SAs;/CLN-p;1;;
882;0015-0030;Tu;IND;Trans World Radio;CHG;SAs;/CLN-p;1;;
882;0015-0030;We;IND;Trans World Radio;GON;SAs;/CLN-p;1;;
882;0015-0030;Th;IND;Trans World Radio;HI;SAs;/CLN-p;1;;
882;0015-0030;Su;IND;Trans World Radio;TUL;SAs;/CLN-p;1;;
882;0015-0045;Fr;IND;Trans World Radio;MAR;SAs;/CLN-p;1;;
882;0030-0045;We;IND;Trans World Radio;GM;SAs;/CLN-p;1;;
882;0030-0045;Tu;IND;Trans World Radio;KON;SAs;/CLN-p;1;;
882;0030-0045;Th;IND;Trans World Radio;KOY;SAs;/CLN-p;1;;
882;0030-0045;Mo;IND;Trans World Radio;KUI;SAs;/CLN-p;1;;
882;0030-0100;Su;IND;Trans World Radio;GU;SAs;/CLN-p;1;;
882;0030-0100;Sa;IND;Trans World Radio;OR;SAs;/CLN-p;1;;
882;0045-0100;Mo-Fr;IND;Trans World Radio;E;SAs;/CLN-p;1;;
882;1445-1500;Fr-Sa;IND;Trans World Radio;E;SAs;/CLN-p;1;;
882;1445-1500;Th;IND;Trans World Radio;OR;SAs;/CLN-p;1;;
882;1445-1500;Su-Tu;IND;Trans World Radio;TAM;SAs;/CLN-p;1;;
882;1445-1500;We;IND;Trans World Radio;TEL;SAs;/CLN-p;1;;
882;1500-1545;;IND;Trans World Radio;E;SAs;/CLN-p;1;;
891;0450-1330;;ALG;R.Algiers Int.;A,F;NAf;of;1;;
891;1330-1400;;ALG;R.Algiers Int.;E;NAf;of;1;;
891;1400-1430;;ALG;R.Algiers Int.;S;NAf;of;1;;
891;1430-1600;;ALG;R.Algiers Int.;A;NAf;of;1;;
891;1600-1630;;ALG;R.Algiers Int.;F;NAf;of;1;;
891;1630-1700;;ALG;R.Algiers Int.;A;NAf;of;1;;
891;1700-1730;;ALG;R.Algiers Int.;F;NAf;of;1;;
891;1730-1900;;ALG;R.Algiers Int.;A;NAf;of;1;;
891;1900-1930;;ALG;R.Algiers Int.;E;NAf;of;1;;
891;1930-2000;;ALG;R.Algiers Int.;S;NAf;of;1;;
891;2000-2200;;ALG;R.Algiers Int.;A;NAf;of;1;;
891;2200-2300;;ALG;R.Algiers Int.;F;NAf;of;1;;
891;2300-2315;;ALG;R.Algiers Int.;E;NAf;of;1;;
891;2315-2330;;ALG;R.Algiers Int.;S;NAf;of;1;;
891;2330-0450;;ALG;R.Algiers Int.;A,F;NAf;of;1;;
900;0200-0300;;CHN;China Radio Int.;BR;SEA;de;1;;
900;0700-0800;;CHN;China Radio Int.;BR;SEA;de;1;;
900;1400-1500;;CHN;China Radio Int.;BR;SEA;de;1;;
909;1100-1200;Mo-Sa;ROU;Radio Bukarest;D;ROU;;2;;[1218]
927;1900-1930;;ALG;R.Algiers Int.;E;NAf;tm;1;;
927;1930-2000;;ALG;R.Algiers Int.;S;NAf;tm;1;;
927;2000-2200;;ALG;R.Algiers Int.;A;NAf;tm;1;;
927;2200-2300;;ALG;R.Algiers Int.;F;NAf;tm;1;;
963;1100-1200;;CHN;China Radio Int.;R;FE;hd;1;;
963;1200-1300;;CHN;China Radio Int.;R;FE;hd;1;;
963;1300-1400;;CHN;China Radio Int.;R;FE;hd;1;;
963;1400-1500;;CHN;China Radio Int.;R;FE;hd;1;;
963;1500-1600;;CHN;China Radio Int.;R;FE;hd;1;;
963;0500-0903;;TUN;Radio Tunis Chaine Int.;F;TUN;;1;;
963;0903-1000;;TUN;Radio Tunis Chaine Int.;D;TUN;;1;;
963;1000-1303;;TUN;Radio Tunis Chaine Int.;F;TUN;;1;;
963;1303-1400;;TUN;Radio Tunis Chaine Int.;E;TUN;;1;;
963;1400-1403;;TUN;Radio Tunis Chaine Int.;F;TUN;;1;;
963;1403-1500;;TUN;Radio Tunis Chaine Int.;I;TUN;;1;;
963;1500-1817;;TUN;Radio Tunis Chaine Int.;F;TUN;;1;;[0924]
963;1817-1900;;TUN;Radio Tunis Chaine Int.;D;TUN;;1;;[0925]
963;1903-2000;;TUN;Radio Tunis Chaine Int.;S;TUN;;1;;[0825]
963;2000-0100;;TUN;Radio Tunis Chaine Int.;F;TUN;;1;;[1223]
972;0350-1400;;KOR;KBS Hanminjok;K;FE;d;1;;[1218]
972;1400-2400;;KOR;KBS Hanminjok;K;FE;d;1;;[0326]
972;1630-1700;;USA;VoA Radio Ashna;PS;AFG;/TJK;1;;
980;0150-0155;Tu-Sa;B;Rádio Nacional Amazônia;E;B;b;1;;
980;0155-0200;Tu-Sa;B;Rádio Nacional Amazônia;S;B;b;1;;
980;0625-0207;;B;Rádio Nacional Amazônia;P;B;b;1;;[0626]
980;0750-0755;Mo-Fr;B;Rádio Nacional Amazônia;E;B;b;1;;
980;0755-0800;Mo-Fr;B;Rádio Nacional Amazônia;S;B;b;1;;
980;1020-1025;Mo-Fr;B;Rádio Nacional Amazônia;E;B;b;1;;
980;1025-1030;Mo-Fr;B;Rádio Nacional Amazônia;S;B;b;1;;
999;1100-1500;;RUS;Radio Rossii;R;EEu;/MDA;1;;
1010;0000-2400;;CAN;CFRX Toronto, CFRB 1010;E;NAm;t;1;;[0523]
1017;1000-1100;;CHN;China National Radio 8;K;CHN;cc;1;;
1017;1100-1300;;CHN;China Radio Int.;K;FE;cc;1;;
1017;1300-1400;;CHN;China Radio Int.;K;FE;cc;1;;
1017;1400-1500;;CHN;China Radio Int.;K;FE;cc;1;;[1218]
1017;1500-1600;;CHN;China Radio Int.;K;FE;cc;1;;
1017;2100-2300;;CHN;China Radio Int.;K;FE;cc;1;;
1035;0253-2000;;ETH;Radio Oromiya;OO;EAf;ad;1;;[0325]
1044;1100-1300;;CHN;China Radio Int.;J;FE;ch;1;;
1044;1300-1400;;CHN;China Radio Int.;J;FE;ch;1;;
1044;1400-1500;;CHN;China Radio Int.;J;FE;ch;1;;
1044;1500-1600;;CHN;China Radio Int.;J;FE;ch;1;;
1053;0253-2000;;ETH;Radio Oromiya;OO;EAf;n;1;;
1060;1200-2200;;MEX;Radio Educación;S;CAm;e;1;;
1060;2200-1200;;MEX;Radio Educación;S;CAm;e;1;;[1124]
1071;0100-0130;;IND;AIR Akashvani Ext.Sce;SD;PAK;j;1;;
1071;0400-0745;;IND;AIR Akashvani Ext.Sce;UR;PAK;j;1;;
1071;0930-1130;;IND;AIR Akashvani Ext.Sce;UR;PAK;j;1;;
1071;1130-1200;;IND;AIR Akashvani Ext.Sce;SIR;PAK;j;1;;
1071;1200-1330;;IND;AIR Akashvani Ext.Sce;PJ;PAK;j;1;;
1071;1545-1930;;IND;AIR Akashvani Ext.Sce;UR;PAK;j;1;;[0424]
1071;2330-0100;;IND;AIR Akashvani Ext.Sce;PJ;PAK;j;1;;
1071;0400-0430;;VTN;Voice of Vietnam;E;SEA;pd;1;;
1071;1000-1030;;VTN;Voice of Vietnam;E;SEA;pd;1;;
1071;0430-0500;;VTN;Voice of Vietnam;M;SEA;pd;1;;
1071;1030-1100;;VTN;Voice of Vietnam;M;SEA;pd;1;;
1071;2145-1700;;VTN;Voice of Vietnam 1;VN;SEA;pd;1;;
1080;1130-1230;;CHN;China Radio Int.;T;SEA;xw;1;;
1080;1230-1330;;CHN;China Radio Int.;LAO;SEA;xw;1;;
1080;1330-1430;;CHN;China Radio Int.;T;SEA;xw;1;;
1080;1430-1530;;CHN;China Radio Int.;LAO;SEA;xw;1;;
1080;1600-1700;;CHN;China Radio Int.;E;SEA;xw;1;;
1080;1700-1800;;CHN;China Radio Int.;E;SEA;xw;1;;[0424]
1080;0255-2101;;ETH;Fana Broadcasting Corp.;AH;EAf;a;1;;[0325]
1089;1900-1930;;ALG;R.Algiers Int.;E;NAf;ad;1;;
1089;1930-2000;;ALG;R.Algiers Int.;S;NAf;ad;1;;
1089;2000-2200;;ALG;R.Algiers Int.;A;NAf;ad;1;;
1089;2200-2300;;ALG;R.Algiers Int.;F;NAf;ad;1;;
1089;0000-0100;;CHN;China National Radio 6;AM;TWN;f;1;;
1089;0100-0200;;CHN;China National Radio 6;AM;TWN;f;1;;
1089;0200-0500;;CHN;China National Radio 6;AM;TWN;f;1;;
1089;0500-0600;;CHN;China National Radio 6;HK;TWN;f;1;;
1089;0600-0900;Th-Tu;CHN;China National Radio 6;HK;TWN;f;1;;
1089;0900-1100;;CHN;China National Radio 6;HK;TWN;f;1;;
1089;1100-1200;;CHN;China National Radio 6;M;TWN;f;1;;
1089;1200-1605;;CHN;China National Radio 6;M;TWN;f;1;;[0324]
1089;2155-2400;;CHN;China National Radio 6;AM;TWN;f;1;;
1098;0120-0220;;IRN;IRIB Voice of I.R.Iran;UR;SAs;zb;1;;
1098;0220-0320;;IRN;IRIB Voice of I.R.Iran;PS;AFG;zb;1;;
1098;0320-1520;;IRN;IRIB Voice of I.R.Iran;DR;AFG;zb;1;;
1098;1650-1750;;IRN;IRIB Voice of I.R.Iran;PS;AFG;zb;1;;
1098;1200-1300;;TWN;Radio Taiwan Int.;AM;SEA;k;1;;
1098;1300-1400;;TWN;Radio Taiwan Int.;M;SEA;k;1;;[1218]
1098;1400-1500;;TWN;Radio Taiwan Int.;M;SEA;k;1;;
1098;1500-1600;;TWN;Radio Taiwan Int.;M;SEA;k;1;;[0325]
1098;1600-1700;;TWN;Radio Taiwan Int.;M;SEA;k;1;;[1218]
1134;0600-0850;We-Mo;CHN;China National Radio 1;M;CHN;q;1;;
1134;0850-1805;;CHN;China National Radio 1;M;CHN;q;1;;
1134;2023-0600;;CHN;China National Radio 1;M;CHN;q;1;;
1160;0000-2400;;USA;KSL Salt Lake City, UT;E;USA;ks;1;;
1161;1900-1930;;ALG;R.Algiers Int.;E;NAf;s;1;;
1161;1930-2000;;ALG;R.Algiers Int.;S;NAf;s;1;;
1161;2000-2200;;ALG;R.Algiers Int.;A;NAf;s;1;;
1161;2200-2300;;ALG;R.Algiers Int.;F;NAf;s;1;;
1161;0130-0420;;IRN;IRIB Voice of I.R.Iran;A;ME;q;1;;
1161;1520-2020;;IRN;IRIB Voice of I.R.Iran;A;ME;q;1;;
1170;0000-0350;;KOR;KBS Hanminjok;K;FE;k;1;;
1170;0950-1000;;KOR;KBS Hanminjok;K;FE;k;1;;
1170;1400-2400;;KOR;KBS Hanminjok;K;FE;k;1;;[1025]
1170;1000-1100;;KOR;KBS World Radio;K;FE;k;1;;
1170;1100-1200;;KOR;KBS World Radio;J;FE;k;1;;
1170;1200-1300;;KOR;KBS World Radio;R;FE;k;1;;
1170;1300-1400;;KOR;KBS World Radio;M;FE;k;1;;
1170;1800-1830;Mo-Sa;SWZ;Trans World Radio;SHO;SAf;;1;;[0426]
1170;1800-1850;Su;SWZ;Trans World Radio;E;SAf;;1;;
1170;1830-1921;Mo-Fr;SWZ;Trans World Radio;E;SAf;;1;;
1170;1830-1932;Su;SWZ;Trans World Radio;E,Z;SAf;;1;;
1170;1921-1951;Mo-Fr;SWZ;Trans World Radio;Z;SAf;;1;;
1170;1951-2051;Mo-Fr;SWZ;Trans World Radio;E;SAf;;1;;[0526]
1188;1100-1200;;CHN;China Radio Int.;BR;SEA;k;1;;
1188;1200-1300;;CHN;China Radio Int.;E;SAs;k;1;;
1188;1300-1400;;CHN;China Radio Int.;BE;SAs;k;1;;
1188;1400-1500;;CHN;China Radio Int.;NE;SAs;k;1;;[0424]
1188;1500-1600;;CHN;China Radio Int.;E;SAs;k;1;;[0424]
1188;1600-1700;;CHN;China Radio Int.;HI;SAs;k;1;;
1188;0600-0800;;HNG;Nemzetiségi Rádió;HR;HNG;m;2;;[1224]
1188;0600-0800;;HNG;Nemzetiségi Rádió;HR;HNG;sz;2;;
1188;0800-1000;;HNG;Nemzetiségi Rádió;D;HNG;m;2;;[0625]
1188;0800-1000;;HNG;Nemzetiségi Rádió;D;HNG;sz;2;;
1188;1100-1130;Sa;HNG;Nemzetiségi Rádió;AR;HNG;m;2;;
1188;1100-1130;Sa;HNG;Nemzetiségi Rádió;AR;HNG;sz;2;;
1188;1100-1130;We;HNG;Nemzetiségi Rádió;BU;HNG;m;2;;
1188;1100-1130;We;HNG;Nemzetiségi Rádió;BU;HNG;sz;2;;
1188;1100-1130;Th;HNG;Nemzetiségi Rádió;GR;HNG;m;2;;[0221]
1188;1100-1130;Th;HNG;Nemzetiségi Rádió;GR;HNG;sz;2;;
1188;1100-1130;Tu;HNG;Nemzetiségi Rádió;RU;HNG;m;2;;
1188;1100-1130;Tu;HNG;Nemzetiségi Rádió;RU;HNG;sz;2;;
1188;1100-1130;Mo;HNG;Nemzetiségi Rádió;SV;HNG;m;2;;
1188;1100-1130;Mo;HNG;Nemzetiségi Rádió;SV;HNG;sz;2;;
1188;1100-1130;Fr;HNG;Nemzetiségi Rádió;UK;HNG;m;2;;
1188;1100-1130;Fr;HNG;Nemzetiségi Rádió;UK;HNG;sz;2;;
1188;1130-1200;Sa;HNG;Nemzetiségi Rádió;PO;HNG;m;2;;
1188;1130-1200;Sa;HNG;Nemzetiségi Rádió;PO;HNG;sz;2;;
1188;2000-2200;irr;HNG;Nemzetiségi Rádió;D;HNG;m;2;;
1188;2000-2200;irr;HNG;Nemzetiségi Rádió;D;HNG;sz;2;;
1188;0000-2400;;PHL;FEBC Manila;K;FE;/KOR-db;1;;
1197;1100-1200;Mo-Sa;ROU;Radio Bukarest;D;ROU;;2;;
1197;1800-1900;Mo-Sa;ROU;Radio Neumarkt;D;ROU;;2;;[0326]
1215;0000-0100;;CHN;CNR 7 Greater Bay Area;CA;CHN;zh;1;;
1215;0100-1100;;CHN;CNR 7 Greater Bay Area;CA;CHN;zh;1;;
1215;1100-1805;;CHN;CNR 7 Greater Bay Area;CA;CHN;zh;1;;
1215;2055-2400;;CHN;CNR 7 Greater Bay Area;CA;CHN;zh;1;;
1224;0000-2400;;IRN;IRIB Voice of I.R.Iran;A;ME;ke;1;;
1242;1300-1400;;VTN;Voice of Vietnam;LAO;SEA;t;1;;
1242;1400-1430;;VTN;Voice of Vietnam;KH;SEA;t;1;;
1242;1430-1500;;VTN;Voice of Vietnam;T;SEA;t;1;;[1218]
1242;1500-1600;;VTN;Voice of Vietnam;VN;SEA;t;1;;[1125]
1251;1630-1650;;J;NHK Radio Japan;FS;IRN;/TJK-y;1;;
1269;1100-1200;;CHN;China Radio Int.;E;SEA;xw;1;;
1269;1200-1300;;CHN;China Radio Int.;E;SEA;xw;1;;
1269;1300-1400;;CHN;China Radio Int.;HI;SAs;xw;1;;
1269;1400-1500;;CHN;China Radio Int.;BE;SAs;xw;1;;
1269;1600-1700;;CHN;China Radio Int.;HI;SAs;xw;1;;
1269;1700-1800;;CHN;China Radio Int.;HI;SAs;xw;1;;
1296;1100-1200;;CHN;China Radio Int.;VN;SEA;k;1;;
1296;1200-1300;;CHN;China Radio Int.;VN;SEA;k;1;;[0420]
1296;1300-1400;;CHN;China Radio Int.;VN;SEA;k;1;;
1296;1400-1500;;CHN;China Radio Int.;VN;SEA;k;1;;[0424]
1296;1500-1600;;CHN;China Radio Int.;VN;SEA;k;1;;
1296;1600-1700;;CHN;China Radio Int.;VN;SEA;k;1;;
1296;1630-1700;;G;BBC;FS;IRN;/TJK;1;;
1296;1800-1830;;G;BBC;FS;IRN;/TJK;1;;
1314;1100-1200;Mo-Sa;ROU;Radio Bukarest;D;ROU;;2;;[1223]
1323;1100-1200;;CHN;China Radio Int.;R;FE;hu;1;;
1323;1100-1200;;CHN;China Radio Int.;R;FE;sy;1;;
1323;1100-1300;;CHN;China Radio Int.;K;FE;hd;1;;
1323;1200-1300;;CHN;China Radio Int.;MO;FE;hu;1;;
1323;1200-1300;;CHN;China Radio Int.;R;FE;sy;1;;
1323;1300-1400;;CHN;China Radio Int.;K;FE;hd;1;;
1323;1300-1400;;CHN;China Radio Int.;R;FE;hu;1;;
1323;1300-1400;;CHN;China Radio Int.;R;FE;sy;1;;
1323;1400-1500;;CHN;China Radio Int.;K;FE;hd;1;;
1323;1400-1500;;CHN;China Radio Int.;R;FE;hu;1;;
1323;1400-1500;;CHN;China Radio Int.;R;FE;sy;1;;
1323;1500-1600;;CHN;China Radio Int.;E;SAs;hu;1;;
1323;1500-1600;;CHN;China Radio Int.;K;FE;hd;1;;
1323;1500-1600;;CHN;China Radio Int.;R;FE;sy;1;;
1323;1600-1700;;CHN;China Radio Int.;E;SAs;hu;1;;
1323;1700-1800;;CHN;China Radio Int.;E;SAs;hu;1;;
1323;2100-2300;;CHN;China Radio Int.;K;FE;hd;1;;
1323;1900-2310;;I;IRRS Milano;E;CEu;p;1;;
1323;0050-0520;;IRN;IRIB Voice of I.R.Iran;AZ;ME;j;1;;
1323;0520-0920;;IRN;IRIB Voice of I.R.Iran;AZ;ME;j;1;;
1323;1420-1650;;IRN;IRIB Voice of I.R.Iran;AZ;ME;j;1;;
1323;1100-1200;Mo-Sa;ROU;Radio Bukarest;D;ROU;;2;;
1323;1800-1900;Mo-Sa;ROU;Radio Neumarkt;D;ROU;;2;;[0325]
1341;1130-1200;;CHN;China Radio Int.;TAG;SEA;gz;1;;
1341;1200-1300;;CHN;China Radio Int.;E;SEA;gz;1;;
1341;1300-1400;;CHN;China Radio Int.;E;SEA;gz;1;;
1341;1430-1500;;CHN;China Radio Int.;TAG;SEA;gz;1;;
1350;0600-0800;;HNG;Nemzetiségi Rádió;HR;HNG;g;2;;
1350;0800-1000;;HNG;Nemzetiségi Rádió;D;HNG;g;2;;[0625]
1350;1100-1130;Sa;HNG;Nemzetiségi Rádió;AR;HNG;g;2;;
1350;1100-1130;We;HNG;Nemzetiségi Rádió;BU;HNG;g;2;;
1350;1100-1130;Th;HNG;Nemzetiségi Rádió;GR;HNG;g;2;;
1350;1100-1130;Tu;HNG;Nemzetiségi Rádió;RU;HNG;g;2;;
1350;1100-1130;Mo;HNG;Nemzetiségi Rádió;SV;HNG;g;2;;
1350;1100-1130;Fr;HNG;Nemzetiségi Rádió;UK;HNG;g;2;;
1350;1130-1200;Sa;HNG;Nemzetiségi Rádió;PO;HNG;g;2;;
1350;2000-2200;irr;HNG;Nemzetiségi Rádió;D;HNG;g;2;;
1377;0600-0850;We-Mo;CHN;China National Radio 1;M;WNW;xy;1;;
1377;0850-1805;;CHN;China National Radio 1;M;WNW;xy;1;;[1224]
1377;2023-0600;;CHN;China National Radio 1;M;WNW;xy;1;;[0326]
1377;0300-0600;;CHN;Xizang RTV;M;CHN;t;1;;
1377;0600-0900;We-Mo;CHN;Xizang RTV;M;CHN;t;1;;
1377;0900-1000;We-Mo;CHN;Xizang RTV;M;CHN;t;1;;
1377;1000-1800;;CHN;Xizang RTV;M;CHN;t;1;;[0324]
1377;2000-2100;We-Mo;CHN;Xizang RTV;M;CHN;t;1;;[1220]
1377;2100-0300;;CHN;Xizang RTV;M;CHN;t;1;;[0324]
1377;1710-1725;;USA;Trans World Radio;TK;CAs;/ARM;1;;
1377;1725-1740;;USA;Trans World Radio;KZ;CAs;/ARM;1;;
1377;1740-1755;;USA;Trans World Radio;KPK;CAs;/ARM;1;;[1025]
1377;1800-1930;;USA;Trans World Radio;FS;IRN;/ARM;1;;[1025]
1377;1930-2045;;USA;Trans World Radio;UK;UKR;/ARM;2;;[1124]
1386;1830-1900;;G;BBC;R;EEu;/LTU-v;6;2903;3006[0725]
1386;1900-2000;;G;BBC;E;EEu;/LTU-v;6;2903;3006[1125]
1386;2000-2030;;G;BBC;R;EEu;/LTU-v;6;2903;3006[0725]
1386;2030-2100;;G;BBC;E;EEu;/LTU-v;6;2903;3006
1386;1500-1515;Mo-Fr;J;NHK Radio Japan;R;EEu;/LTU-v;1;;
1386;1500-1520;SaSu;J;NHK Radio Japan;R;EEu;/LTU-v;1;;
1386;1700-1720;;J;NHK Radio Japan;R;EEu;/LTU-v;1;;
1386;1730-1750;;J;NHK Radio Japan;R;EEu;/LTU-v;1;;
1386;0400-0500;;POL;Polskie Radio;BY;BLR;/LTU-v;1;;
1386;0500-0530;;POL;Polskie Radio;UK;BLR;/LTU-v;1;;[0222]
1386;1300-1400;;POL;Polskie Radio;E;EEu;/LTU-v;1;;
1386;1530-1600;;POL;Polskie Radio;PO;BLR;/LTU-v;5;;
1386;1530-1600;;POL;Polskie Radio;D;EEu;/LTU-v;4;;
1386;1600-1630;;POL;Polskie Radio;R;BLR;/LTU-v;1;;[0724]
1386;1630-1700;;POL;Polskie Radio;D;EEu;/LTU-v;5;;[0326]
1386;1630-1700;;POL;Polskie Radio;PO;BLR;/LTU-v;4;;
1386;0200-0208;2356;UKR;Ukrainian Radio;BY;EEu;/LTU-v;1;;
1386;2100-2130;;UKR;Ukrainian Radio;RO;EEu;/LTU-v;6;2903;3006[0626]
1386;2130-0330;;UKR;Ukrainian Radio;UK;EEu;/LTU-v;1;;[0226]
1386;2200-2208;Mo-Th;UKR;Ukrainian Radio;BU;EEu;/LTU-v;1;;
1386;2300-2308;Mo-Fr;UKR;Ukrainian Radio;SK;EEu;/LTU-v;1;;
1386;0530-0830;;USA;Radio Liberty;R;EEu;/LTU-v;1;;[1225]
1386;1830-2130;;USA;Radio Liberty;R;EEu;/LTU-v;1;0107;
1395;1730-1800;;G;BBC;FS;IRN;/ARM;1;;
1395;1930-2000;;G;BBC;FS;IRN;/ARM;1;;
1395;1420-1820;;IRN;IRIB Voice of I.R.Iran;TK;CAs;g;1;;
1395;1800-1820;;J;NHK Radio Japan;FS;ME;/ARM;0;;
1395;1500-1700;;USA;Radio Farda;FS;IRN;/ARM;1;;
1413;0030-0100;;G;BBC;DR;AFG;/OMA-a;1;;
1413;0100-0200;;G;BBC;E;SAs;/OMA-a;1;;
1413;0200-0230;;G;BBC;E;SAs;/OMA-a;1;;
1413;0230-0300;;G;BBC;E;ME;/OMA-a;1;;
1413;0300-0400;;G;BBC;E;ME;/OMA-a;1;;
1413;0400-0500;;G;BBC;E;ME;/OMA-a;1;;
1413;1300-1400;;G;BBC;E;SAs;/OMA-a;1;;
1413;1400-1500;;G;BBC;E;SAs;/OMA-a;1;;
1413;1500-1600;;G;BBC;E;SAs;/OMA-a;1;;
1413;1600-1700;;G;BBC;E;ME;/OMA-a;1;;[0925]
1413;1700-1800;;G;BBC;E;SAs;/OMA-a;1;;
1413;1800-1900;;G;BBC;PS;AFG;/OMA-a;1;;[0424]
1413;1900-2000;;G;BBC;E;ME;/OMA-a;1;;[1122]
1413;2000-2100;;G;BBC;E;ME;/OMA-a;1;;
1413;1800-0500;;RUS;Vesti FM;R;EEu;/MDA;1;;[1125]
1422;0700-0800;;CHN;China National Radio 1;M;CHN;ka;1;;
1422;0900-1100;;CHN;China National Radio 1;M;CHN;ka;1;;
1422;1300-1400;;CHN;China Radio Int.;HI;SAs;ka;1;;
1422;1400-1500;;CHN;China Radio Int.;UR;SAs;ka;1;;
1422;1500-1600;;CHN;China Radio Int.;UR;SAs;ka;1;;
1422;1600-1700;;CHN;China Radio Int.;HI;SAs;ka;1;;
1422;0100-0200;Fr;TWN;Radio Taiwan Int.;IN;FE;m;1;;
1422;0100-0200;Th;TWN;Radio Taiwan Int.;T;FE;m;1;;
1422;0100-0200;We;TWN;Radio Taiwan Int.;VN;FE;m;1;;
1422;1200-1300;Th;TWN;Radio Taiwan Int.;IN;FE;m;1;;
1422;1200-1300;We;TWN;Radio Taiwan Int.;T;FE;m;1;;
1422;1200-1300;Tu;TWN;Radio Taiwan Int.;VN;FE;m;1;;
1449;1420-1820;;IRN;IRIB Voice of I.R.Iran;TK;CAs;b;1;;
1467;1330-1400;Su;IND;Trans World Radio;KS;SAs;/KGZ;1;;
1467;1330-1400;Mo-Sa;IND;Trans World Radio;UR;SAs;/KGZ;1;;
1467;1400-1415;Sa;IND;Trans World Radio;KNG;SAs;/KGZ;1;;
1467;1400-1430;Su;IND;Trans World Radio;HZ;SAs;/KGZ;1;;
1467;1400-1430;Th;IND;Trans World Radio;PS;SAs;/KGZ;1;;
1467;1400-1430;Mo-We;IND;Trans World Radio;UR;SAs;/KGZ;1;;
1467;1415-1430;Sa;IND;Trans World Radio;SIR;SAs;/KGZ;1;;
1467;1430-1445;Th-Sa;IND;Trans World Radio;HZ;SAs;/KGZ;1;;
1467;1430-1445;Tu;IND;Trans World Radio;PJ;SAs;/KGZ;1;;
1467;1430-1445;We;IND;Trans World Radio;SD;SAs;/KGZ;1;;
1467;1430-1445;Su-Mo;IND;Trans World Radio;UR;SAs;/KGZ;1;;
1467;1445-1500;;IND;Trans World Radio;UR;SAs;/KGZ;1;;[0122]
1467;1500-1530;;IND;Trans World Radio;DR;AFG;/KGZ;1;;
1467;1530-1545;Tu,Th;IND;Trans World Radio;DR;AFG;/KGZ;1;;
1467;1530-1545;13567;IND;Trans World Radio;PS;AFG;/KGZ;1;;
1467;1545-1630;;IND;Trans World Radio;PS;AFG;/KGZ;1;;[0324]
1476;0419-0530;Mo-Fr;SWZ;Trans World Radio;HA;NIG;/BEN-p;1;;
1476;0530-0646;Mo-Fr;SWZ;Trans World Radio;IG;NIG;/BEN-p;1;;
1476;1755-1826;Mo-Fr;SWZ;Trans World Radio;E;NIG;/BEN-p;1;;
1476;1826-1911;;SWZ;Trans World Radio;E;NIG;/BEN-p;1;;
1476;1911-1921;Su;SWZ;Trans World Radio;HA;NIG;/BEN-p;1;;
1476;1911-1931;Sa;SWZ;Trans World Radio;E;NIG;/BEN-p;1;;
1476;1911-1935;Mo-Fr;SWZ;Trans World Radio;E;NIG;/BEN-p;1;;
1476;1926-1942;Su;SWZ;Trans World Radio;KNU;NIG;/BEN-p;1;;
1476;1932-1940;Sa;SWZ;Trans World Radio;YO;NIG;/BEN-p;1;;
1476;1937-2010;Mo-Fr;SWZ;Trans World Radio;YO;NIG;/BEN-p;1;;
1476;1941-1957;Sa;SWZ;Trans World Radio;KNU;NIG;/BEN-p;1;;
1476;1943-2014;Su;SWZ;Trans World Radio;FU;WAf;/BEN-p;1;;
1476;2012-2027;Mo;SWZ;Trans World Radio;FU;WAf;/BEN-p;1;;
1521;0000-0100;;CHN;China Radio Int.;R;Sib;hu;1;;
1521;0100-0200;;CHN;China Radio Int.;R;CAs;hu;1;;
1521;1100-1200;;CHN;China Radio Int.;R;CAs;hu;1;;
1521;1200-1300;;CHN;China Radio Int.;R;CAs;hu;1;;
1521;1300-1400;;CHN;China Radio Int.;R;CAs;hu;1;;
1521;1400-1500;;CHN;China Radio Int.;R;CAs;hu;1;;
1521;1500-1600;;CHN;China Radio Int.;R;CAs;hu;1;;[0122]
1521;1600-1700;;CHN;China Radio Int.;R;CAs;hu;1;;[0925]
1521;1700-1800;;CHN;China Radio Int.;R;CAs;hu;1;;[0925]
1521;1800-1900;;CHN;China Radio Int.;R;CAs;hu;1;;[0925]
1521;1900-2000;;CHN;China Radio Int.;R;CAs;hu;1;;[0526]
1530;0000-2400;;CLM;Alcaravan Radio;S;SAm;pl;1;;
1548;0000-2400;;USA;Voice of America;FS;IRN;/KWT;1;;
1557;0900-1700;;CHN;CNR1 DIGITAL;M;FE;zn;1;;
1557;1100-1200;;KOR;KBS World Radio;M;FE;/TWN-k;1;;
1557;0800-0900;;TWN;Radio Taiwan Int.;VN;SEA;k;1;;
1557;0900-1000;;TWN;Radio Taiwan Int.;M;FE;k;1;;
1557;1000-1100;;TWN;Radio Taiwan Int.;M;FE;k;1;;
1557;1200-1300;;TWN;Radio Taiwan Int.;M;FE;k;1;;[1218]
1557;1300-1400;;TWN;Radio Taiwan Int.;M;FE;k;1;;
1557;1400-1500;;TWN;Radio Taiwan Int.;M;FE;k;1;;[1020]
1557;1500-1600;;TWN;Radio Taiwan Int.;M;FE;k;1;;[1025]
1557;1600-1700;;TWN;Radio Taiwan Int.;M;FE;k;1;;[0925]
1557;2300-2400;;TWN;Radio Taiwan Int.;VN;SEA;k;1;;
1566;1100-1230;;CHN;Chinese Jammer;M;FE;ya;1;;
1566;1345-1600;;CHN;Chinese Jammer;M;FE;ya;1;;
1566;1830-1900;;CHN;Chinese Jammer;M;FE;ya;1;;
1566;1100-1230;;HKG;FEBC Radio Liangyou;M;CHN;/KOR-j;1;;
1566;1345-1630;;HKG;FEBC Radio Liangyou;M;CHN;/KOR-j;1;;[1025]
1566;1230-1345;;PHL;FEBC Manila;J;J;/KOR-j;1;;[0119]
1566;1630-1700;;PHL;FEBC Manila;R;FE;/KOR-j;1;;[0925]
1566;1700-1000;;PHL;FEBC Manila;K;FE;/KOR-j;1;;[0526]
1566;1916-1946;Mo-Fr;SWZ;Trans World Radio;TWI;WAf;/BEN-p;1;;
1566;1946-1955;Mo-Fr;SWZ;Trans World Radio;-MX;WAf;/BEN-p;1;;
1566;1955-2010;Mo;SWZ;Trans World Radio;DEN;WAf;/BEN-p;1;;
1566;1955-2010;Sa;SWZ;Trans World Radio;DIT;WAf;/BEN-p;1;;
1566;1955-2010;We;SWZ;Trans World Radio;F;WAf;/BEN-p;1;;
1566;1955-2010;Su;SWZ;Trans World Radio;LOK;WAf;/BEN-p;1;;
1566;1955-2025;Th;SWZ;Trans World Radio;BM;WAf;/BEN-p;1;;
1566;1955-2025;Fr;SWZ;Trans World Radio;KIS;WAf;/BEN-p;1;;
1566;1955-2025;Tu;SWZ;Trans World Radio;SFO;WAf;/BEN-p;1;;
1566;2010-2025;Sa;SWZ;Trans World Radio;DY;WAf;/BEN-p;1;;
1566;2010-2025;Mo;SWZ;Trans World Radio;FON;WAf;/BEN-p;1;;
1566;2010-2025;We;SWZ;Trans World Radio;SFO;WAf;/BEN-p;1;;
1566;2010-2025;Su;SWZ;Trans World Radio;TWI;WAf;/BEN-p;1;;
1566;2025-2040;Su;SWZ;Trans World Radio;DEN;WAf;/BEN-p;1;;
1566;2025-2040;Sa;SWZ;Trans World Radio;TMJ;WAf;/BEN-p;1;;
1566;2025-2055;Mo-Fr;SWZ;Trans World Radio;FON;WAf;/BEN-p;1;;
1566;2040-2055;Su;SWZ;Trans World Radio;BRB;WAf;/BEN-p;1;;
1566;2040-2125;Sa;SWZ;Trans World Radio;BM;WAf;/BEN-p;1;;
1566;2055-2110;Th;SWZ;Trans World Radio;BRB;WAf;/BEN-p;1;;
1566;2055-2110;Mo;SWZ;Trans World Radio;DEN;WAf;/BEN-p;1;;
1566;2055-2110;Tu-We;SWZ;Trans World Radio;FON;WAf;/BEN-p;1;;
1566;2055-2110;Fr;SWZ;Trans World Radio;ZA;WAf;/BEN-p;1;;
1566;2055-2135;Su;SWZ;Trans World Radio;BM;WAf;/BEN-p;1;;
1566;2110-2140;Mo-Fr;SWZ;Trans World Radio;BAO;WAf;/BEN-p;1;;
1566;2125-2140;Sa;SWZ;Trans World Radio;MNA;WAf;/BEN-p;1;;
1566;2135-2210;Su;SWZ;Trans World Radio;F;WAf;/BEN-p;1;;
1566;2140-2155;Mo-Fr;SWZ;Trans World Radio;;WAf;/BEN-p;1;;
1566;2155-2210;Tu;SWZ;Trans World Radio;BAO;WAf;/BEN-p;1;;
1566;2155-2210;Mo;SWZ;Trans World Radio;BET;WAf;/BEN-p;1;;
1566;2155-2210;Th;SWZ;Trans World Radio;FU;WAf;/BEN-p;1;;
1566;2155-2210;We;SWZ;Trans World Radio;GUN;WAf;/BEN-p;1;;
1566;2155-2210;Fr;SWZ;Trans World Radio;ZA;WAf;/BEN-p;1;;
1566;2210-2240;Mo-Fr;SWZ;Trans World Radio;F;WAf;/BEN-p;1;;
1593;1100-1200;Mo-Sa;ROU;Radio Bukarest;D;ROU;;2;;[1223]
1593;1800-1900;Mo-Sa;ROU;Radio Neumarkt;D;ROU;;2;;[0325]
1602;0000-1800;1.Sa;FIN;Scandinavian Weekend R.;FI;FIN;v;5;;
1602;0000-1900;1.Sa;FIN;Scandinavian Weekend R.;FI;FIN;v;4;;[1123]
1602;1800-2100;1.Sa;FIN;Scandinavian Weekend R.;FI;FIN;v;2;;
1602;2100-2400;1.Fr;FIN;Scandinavian Weekend R.;FI;FIN;v;5;;
1602;2200-2400;1.Fr;FIN;Scandinavian Weekend R.;FI;FIN;v;4;;
1620;0000-2400;;CUB;Radio Rebelde;S;Car;;1;;[1025]
1635;0233-0248;;NOR;Telenor Kystradio North;NO;NEu;hf;1;;
1635;0633-0648;;NOR;Telenor Kystradio North;NO;NEu;hf;1;;
1635;1033-1048;;NOR;Telenor Kystradio North;NO;NEu;hf;1;;
1635;1203-1218;;NOR;Telenor Kystradio North;E;NEu;hf;1;;
1635;1433-1448;;NOR;Telenor Kystradio North;NO;NEu;hf;1;;
1635;1833-1848;;NOR;Telenor Kystradio North;NO;NEu;hf;1;;
1635;2233-2248;;NOR;Telenor Kystradio North;NO;NEu;hf;1;;[1121]
1635;2303-2318;;NOR;Telenor Kystradio North;E;NEu;hf;1;;[1121]
1644;0000-2400;;CNR;Arrecife Radio;S;NAO;pr;1;;
1644;0633-0648;;CNR;Arrecife Radio;S;NAO;pr;1;;
1644;1040-1055;;CNR;Arrecife Radio;S;NAO;pr;1;;
1644;1603-1618;;CNR;Arrecife Radio;S;NAO;pr;1;;
1644;2034-2049;;CNR;Arrecife Radio;E,S;NAO;pr;1;;[1121]
1644;2110-2125;;CNR;Arrecife Radio;S;NAO;pr;1;;[0526]
1644;2235-2250;;CNR;Las Palmas Radio;S;NAO;pr;1;;[0125]
1650;0000-0015;;F;CROSS Corsen Radio Wx;F;WEu;oe;4;;
1650;0403-0418;;F;CROSS Corsen Radio Wx;F;WEu;oe;2;;[1121]
1650;0500-0515;;F;CROSS Corsen Radio Wx;F;WEu;oe;2;;
1650;0535-0545;;F;CROSS Corsen Radio Wx;F;WEu;oe;2;;
1650;0615-0630;;F;CROSS Corsen Radio Wx;F;WEu;oe;2;;
1650;1735-1745;;F;CROSS Corsen Radio Wx;F;WEu;oe;2;;
1650;1815-1830;;F;CROSS Corsen Radio Wx;F;WEu;oe;2;;[0226]
1650;1900-1915;;F;CROSS Corsen Radio Wx;F;WEu;oe;2;;[1118]
1650;2100-2105;;F;CROSS Corsen Radio Wx;F;WEu;oe;2;;[0426]
1650;2300-2315;;F;CROSS Corsen Radio Wx;F;WEu;oe;1;;[1121]
1650;0000-2400;;ISL;Reykjavik Radio TFA;IS;NAO;rs;1;;
1656;0000-2400;;E;Valencia Radio;S;SEu;hv;1;;
1656;0233-0248;;E;Valencia Radio;S;SEu;hv;1;;[1121]
1656;0840-0855;;E;Valencia Radio;S;SEu;hv;1;;
1656;0903-0918;;E;Valencia Radio;S;SEu;hv;1;;
1656;1503-1518;;E;Valencia Radio;S;SEu;hv;1;;
1656;2003-2018;;E;Valencia Radio;S;SEu;hv;1;;[0424]
1656;2135-2141;;E;Valencia Radio;S;SEu;hv;1;;[0925]
1656;2303-2318;;E;Valencia Radio;S;SEu;hv;1;;[1121]
1659;0205-0220;;ISL;Reykjavik Radio;E;NAO;hf;1;;
1659;0505-0520;;ISL;Reykjavik Radio;E;NAO;hf;1;;
1659;0805-0820;;ISL;Reykjavik Radio;E;NAO;hf;1;;
1659;1105-1120;;ISL;Reykjavik Radio;E;NAO;hf;1;;
1659;1405-1420;;ISL;Reykjavik Radio;E;NAO;hf;1;;
1659;1705-1720;;ISL;Reykjavik Radio;E;NAO;hf;1;;
1659;2005-2020;;ISL;Reykjavik Radio;E;NAO;hf;1;;
1659;2305-2320;;ISL;Reykjavik Radio;E;NAO;hf;1;;
1659;0233-0248;;NOR;Telenor Kystradio North;NO;NEu;at;1;;[1121]
1659;0633-0648;;NOR;Telenor Kystradio North;NO;NEu;at;1;;
1659;1033-1048;;NOR;Telenor Kystradio North;NO;NEu;at;1;;
1659;1203-1218;;NOR;Telenor Kystradio North;E;NEu;at;1;;
1659;1433-1448;;NOR;Telenor Kystradio North;NO;NEu;at;1;;
1659;1833-1848;;NOR;Telenor Kystradio North;NO;NEu;at;1;;
1659;2233-2248;;NOR;Telenor Kystradio North;NO;NEu;at;1;;[1121]
1659;2303-2318;;NOR;Telenor Kystradio North;E;NEu;at;1;;
1677;0000-2400;;E;Coruña Radio;S;SEu;rs;1;;
1677;0703-0718;;E;Coruña Radio;S;SEu;rs;1;;[1219]
1677;0903-0918;;E;Coruña Radio;S;SEu;rs;1;;
1677;1503-1518;;E;Coruña Radio;S;SEu;rs;1;;
1677;1900-1919;;E;Coruña Radio;S,E;SEu;rs;1;;[0125]
1677;1935-1944;;E;Coruña Radio;S,E;SEu;rs;1;;[0125]
1677;2033-2048;;E;Coruña Radio;S,E;SEu;rs;1;;[0424]
1677;2135-2141;;E;Coruña Radio;S;SEu;rs;1;;[0925]
1677;2303-2318;;E;Coruña Radio;S;SEu;rs;1;;[1121]
1677;0033-0048;;IRL;Malin Head Coastguard;E;WEu;mh;1;;[0817]
1677;0433-0448;;IRL;Malin Head Coastguard;E;WEu;mh;1;;
1677;0833-0848;;IRL;Malin Head Coastguard;E;WEu;mh;1;;
1677;1233-1248;;IRL;Malin Head Coastguard;E;WEu;mh;1;;
1677;1633-1648;;IRL;Malin Head Coastguard;E;WEu;mh;1;;
1677;2033-2048;;IRL;Malin Head Coastguard;E;WEu;mh;1;;[1121]
1680;0233-0248;;NOR;Telenor Kystradio South;NO;NEu;f;1;;[1121]
1680;0633-0648;;NOR;Telenor Kystradio South;NO;NEu;f;1;;[1121]
1680;1033-1048;;NOR;Telenor Kystradio South;NO;NEu;f;1;;
1680;1215-1230;;NOR;Telenor Kystradio South;E;NEu;f;1;;
1680;1433-1448;;NOR;Telenor Kystradio South;NO;NEu;f;1;;
1680;1833-1848;;NOR;Telenor Kystradio South;E;NEu;f;1;;[1225]
1680;2150-2200;;NOR;Telenor Kystradio South;NO;NEu;f;1;;
1680;2133-2148;;NOR;Telenor Kystradio South;NO;NEu;f;2;;[0724]
1680;2315-2330;;NOR;Telenor Kystradio South;E;NEu;f;1;;[1121]
1689;0000-2400;;CNR;Las Palmas Radio;S;SEu;lm;1;;
1689;0633-0648;;CNR;Las Palmas Radio;S;SEu;lm;1;;
1689;1040-1055;;CNR;Las Palmas Radio;S;SEu;lm;1;;
1689;1603-1618;;CNR;Las Palmas Radio;S;SEu;lm;1;;
1689;2110-2125;;CNR;Las Palmas Radio;S;SEu;lm;1;;[0824]
1689;2235-2250;;CNR;Las Palmas Radio;S;SEu;lm;1;;[0125]
1692;0233-0248;;NOR;Telenor Kystradio South;NO;NEu;ro;1;;[1121]
1692;0633-0648;;NOR;Telenor Kystradio South;NO;NEu;ro;1;;[1121]
1692;1033-1048;;NOR;Telenor Kystradio South;NO;NEu;ro;1;;
1692;1215-1230;;NOR;Telenor Kystradio South;E;NEu;ro;1;;
1692;1433-1448;;NOR;Telenor Kystradio South;NO;NEu;ro;1;;
1692;1833-1848;;NOR;Telenor Kystradio South;E;NEu;ro;1;;[0125]
1692;2150-2200;;NOR;Telenor Kystradio South;NO;NEu;ro;1;;[1225]
1692;2133-2148;;NOR;Telenor Kystradio South;NO;NEu;ro;2;;[0226]
1692;2315-2330;;NOR;Telenor Kystradio South;E;NEu;ro;1;;[1121]
1695;0233-0248;;NOR;Telenor Kystradio North;NO;NEu;bv;1;;[1121]
1695;0633-0648;;NOR;Telenor Kystradio North;NO;NEu;bv;1;;
1695;1033-1048;;NOR;Telenor Kystradio North;NO;NEu;bv;1;;
1695;1203-1218;;NOR;Telenor Kystradio North;E;NEu;bv;1;;
1695;1433-1448;;NOR;Telenor Kystradio North;NO;NEu;bv;1;;
1695;1833-1848;;NOR;Telenor Kystradio North;NO;NEu;bv;1;;
1695;2233-2248;;NOR;Telenor Kystradio North;NO;NEu;bv;1;;[1121]
1695;2303-2318;;NOR;Telenor Kystradio North;E;NEu;bv;1;;[1121]
1696;0003-0018;;F;CROSS La Garde Radio Wx;F,E;WEu;g;4;;
1696;0303-0318;;F;CROSS La Garde Radio Wx;F,E;WEu;g;2;;
1696;0503-0518;;F;CROSS La Garde Radio Wx;F,E;WEu;g;2;;
1696;0607-0617;;F;CROSS La Garde Radio Wx;F,E;WEu;g;2;;[0320]
1696;0633-0643;;F;CROSS La Garde Radio Wx;F,E;WEu;g;2;;
1696;0703-0718;;F;CROSS La Garde Radio Wx;F,E;WEu;g;2;;
1696;0833-0848;;F;CROSS La Garde Radio Wx;F,E;WEu;g;1;;
1696;1103-1118;;F;CROSS La Garde Radio Wx;F,E;WEu;g;2;;
1696;1233-1248;;F;CROSS La Garde Radio Wx;F,E;WEu;g;2;;
1696;1403-1418;;F;CROSS La Garde Radio Wx;F,E;WEu;g;5;;
1696;1503-1518;;F;CROSS La Garde Radio Wx;F,E;WEu;g;1;;
1696;1603-1618;;F;CROSS La Garde Radio Wx;F,E;WEu;g;4;;
1696;1650-1715;;F;CROSS La Garde Radio Wx;F,E;WEu;g;2;;
1696;1900-1910;;F;CROSS La Garde Radio Wx;F,E;WEu;g;4;;[0126]
1696;1903-1913;;F;CROSS La Garde Radio Wx;F,E;WEu;g;2;;[0422]
1696;2101-2116;;F;CROSS La Garde Radio Wx;F,E;WEu;g;5;;
1696;2200-2210;;F;CROSS La Garde Radio Wx;F,E;WEu;g;1;;[0526]
1696;2303-2318;;F;CROSS La Garde Radio Wx;F,E;WEu;g;5;;
1698;0000-2400;;E;Coruña Radio;S;SEu;pz;1;;
1698;0703-0718;;E;Coruña Radio;S;SEu;pz;1;;[1219]
1698;0903-0918;;E;Coruña Radio;S;SEu;pz;1;;
1698;1503-1518;;E;Coruña Radio;S;SEu;pz;1;;
1698;1900-1919;;E;Coruña Radio;S,E;SEu;pz;1;;[0125]
1698;1935-1944;;E;Coruña Radio;S,E;SEu;pz;1;;[0125]
1698;2003-2018;;E;Coruña Radio;S;SEu;pz;1;;[0326]
1698;2035-2050;;E;Coruña Radio;S;SEu;pz;1;;[0424]
1698;2303-2318;;E;Coruña Radio;S;SEu;pz;1;;
1704;0000-2400;;E;Cabo de Gata Radio;S;SEu;cg;1;;
1704;0840-0855;;E;Cabo de Gata Radio;S;SEu;cg;1;;
1704;1003-1018;;E;Cabo de Gata Radio;S;SEu;cg;1;;
1704;1533-1548;;E;Cabo de Gata Radio;S;SEu;cg;1;;
1704;2003-2018;;E;Cabo de Gata Radio;S;SEu;cg;1;;[0326]
1704;2105-2156;;E;Cabo de Gata Radio;S,E;SEu;cg;1;;[0925]
1704;2333-2348;;E;Cabo de Gata Radio;S;SEu;cg;1;;[1118]
1707;0000-2400;;E;Coruña Radio;S;SEu;ar;1;;
1707;0703-0718;;E;Coruña Radio;S;SEu;ar;1;;
1707;0903-0918;;E;Coruña Radio;S;SEu;ar;1;;
1707;1503-1518;;E;Coruña Radio;S;SEu;ar;1;;
1707;1900-1919;;E;Coruña Radio;S,E;SEu;ar;1;;[0125]
1707;1935-1944;;E;Coruña Radio;S,E;SEu;ar;1;;[0125]
1707;2003-2018;;E;Coruña Radio;S;SEu;ar;1;;[0326]
1707;2035-2050;;E;Coruña Radio;S;SEu;ar;1;;[0424]
1707;2303-2318;;E;Coruña Radio;S;SEu;ar;1;;[1121]
1710;0233-0248;;NOR;Telenor Kystradio North;NO;NEu;sa;1;;[1121]
1710;0633-0648;;NOR;Telenor Kystradio North;NO;NEu;sa;1;;[1121]
1710;1033-1048;;NOR;Telenor Kystradio North;NO;NEu;sa;1;;
1710;1203-1218;;NOR;Telenor Kystradio North;E;NEu;sa;1;;
1710;1433-1448;;NOR;Telenor Kystradio North;NO;NEu;sa;1;;
1710;1833-1848;;NOR;Telenor Kystradio North;NO;NEu;sa;1;;
1710;2233-2248;;NOR;Telenor Kystradio North;NO;NEu;sa;1;;[0324]
1710;2303-2318;;NOR;Telenor Kystradio North;E;NEu;sa;1;;[1221]
1713;0205-0220;;ISL;Reykjavik Radio;E;NAO;sh;1;;
1713;0505-0520;;ISL;Reykjavik Radio;E;NAO;sh;1;;
1713;0805-0820;;ISL;Reykjavik Radio;E;NAO;sh;1;;
1713;1105-1120;;ISL;Reykjavik Radio;E;NAO;sh;1;;
1713;1405-1420;;ISL;Reykjavik Radio;E;NAO;sh;1;;
1713;1705-1720;;ISL;Reykjavik Radio;E;NAO;sh;1;;
1713;2005-2020;;ISL;Reykjavik Radio;E;NAO;sh;1;;
1713;2305-2320;;ISL;Reykjavik Radio;E;NAO;sh;1;;
1713;0233-0248;;NOR;Telenor Kystradio North;NO;NEu;va;1;;
1713;0633-0648;;NOR;Telenor Kystradio North;NO;NEu;va;1;;
1713;1033-1048;;NOR;Telenor Kystradio North;NO;NEu;va;1;;
1713;1203-1218;;NOR;Telenor Kystradio North;E;NEu;va;1;;
1713;1433-1448;;NOR;Telenor Kystradio North;NO;NEu;va;1;;
1713;1833-1848;;NOR;Telenor Kystradio North;NO;NEu;va;1;;
1713;2233-2248;;NOR;Telenor Kystradio North;NO;NEu;va;1;;[1118]
1713;2303-2318;;NOR;Telenor Kystradio North;E;NEu;va;1;;
1722;0233-0248;;NOR;Telenor Kystradio North;NO;NEu;bj;1;;
1722;0633-0648;;NOR;Telenor Kystradio North;NO;NEu;bj;1;;
1722;1033-1048;;NOR;Telenor Kystradio North;NO;NEu;bj;1;;
1722;1433-1448;;NOR;Telenor Kystradio North;NO;NEu;bj;1;;
1722;1833-1848;;NOR;Telenor Kystradio North;NO;NEu;bj;1;;
1722;2233-2248;;NOR;Telenor Kystradio North;NO;NEu;bj;1;;
1728;0233-0248;;NOR;Telenor Kystradio South;NO;NEu;ma;1;;[1121]
1728;0633-0648;;NOR;Telenor Kystradio South;NO;NEu;ma;1;;[1121]
1728;1033-1048;;NOR;Telenor Kystradio South;NO;NEu;ma;1;;
1728;1215-1230;;NOR;Telenor Kystradio South;E;NEu;ma;1;;
1728;1433-1448;;NOR;Telenor Kystradio South;NO;NEu;ma;1;;
1728;1833-1848;;NOR;Telenor Kystradio South;E;NEu;ma;1;;[1225]
1728;2150-2200;;NOR;Telenor Kystradio South;NO;NEu;ma;1;;
1728;2133-2148;;NOR;Telenor Kystradio South;NO;NEu;ma;2;;[0226]
1728;2315-2330;;NOR;Telenor Kystradio South;E;NEu;ma;1;;[1121]
1731;0233-0248;;NOR;Telenor Kystradio North;NO;NEu;ly;1;;
1731;0633-0648;;NOR;Telenor Kystradio North;NO;NEu;ly;1;;
1731;1033-1048;;NOR;Telenor Kystradio North;NO;NEu;ly;1;;
1731;1203-1218;;NOR;Telenor Kystradio North;E;NEu;ly;1;;
1731;1433-1448;;NOR;Telenor Kystradio North;NO;NEu;ly;1;;
1731;1833-1848;;NOR;Telenor Kystradio North;NO;NEu;ly;1;;
1731;2233-2248;;NOR;Telenor Kystradio North;NO;NEu;ly;1;;[1220]
1731;2303-2318;;NOR;Telenor Kystradio North;E;NEu;ly;1;;[1121]
1734;0133-0143;;DNK;Lyngby Radio;E;NEu;bl;1;;[1121]
1734;0533-0543;;DNK;Lyngby Radio;E;NEu;bl;1;;
1734;0933-0943;;DNK;Lyngby Radio;E;NEu;bl;1;;
1734;1333-1343;;DNK;Lyngby Radio;E;NEu;bl;1;;
1734;1743-1803;;DNK;Lyngby Radio;E;NEu;bl;1;;[0125]
1734;2035-2050;;DNK;Lyngby Radio;E;NEu;bl;1;;[1121]
1734;2133-2153;;DNK;Lyngby Radio;E;NEu;bl;1;;[0626]
1734;2200-2215;;DNK;Lyngby Radio;DA;NEu;bl;1;;[0226]
1743;0010-0030;;G;Stornoway Coastguard Wx;E;WEu;st;2;;[1121]
1743;0310-0325;;G;Stornoway Coastguard Wx;E;WEu;st;2;;
1743;0610-0625;;G;Stornoway Coastguard Wx;E;WEu;st;2;;
1743;0910-0925;;G;Stornoway Coastguard Wx;E;WEu;st;2;;
1743;1210-1230;;G;Stornoway Coastguard Wx;E;WEu;st;2;;
1743;1510-1525;;G;Stornoway Coastguard Wx;E;WEu;st;2;;
1743;1810-1825;;G;Stornoway Coastguard Wx;E;WEu;st;2;;
1743;2110-2125;;G;Stornoway Coastguard Wx;E;WEu;st;2;;[0824]
1743;0233-0248;;NOR;Telenor Kystradio North;NO;NEu;jm;1;;
1743;0633-0648;;NOR;Telenor Kystradio North;NO;NEu;jm;1;;
1743;1033-1048;;NOR;Telenor Kystradio North;NO;NEu;jm;1;;
1743;1203-1218;;NOR;Telenor Kystradio North;E;NEu;jm;1;;
1743;1433-1448;;NOR;Telenor Kystradio North;NO;NEu;jm;1;;
1743;1833-1848;;NOR;Telenor Kystradio North;NO;NEu;jm;1;;
1743;2233-2248;;NOR;Telenor Kystradio North;NO;NEu;jm;1;;
1743;2303-2318;;NOR;Telenor Kystradio North;E;NEu;jm;1;;[1221]
1750;1103-2310;;NOR;Hopen Island Meteo;E;NEu;hp;1;;
1750;2303-2310;;NOR;Hopen Island Meteo;E;NEu;hp;1;;[1121]
1752;0233-0248;;IRL;Valentia Radio;E;WEu;v;1;;[0320]
1752;0633-0648;;IRL;Valentia Radio;E;WEu;v;1;;
1752;0830-0845;;IRL;Valentia Radio;E;WEu;v;1;;
1752;1033-1048;;IRL;Valentia Radio;E;WEu;v;1;;
1752;1433-1448;;IRL;Valentia Radio;E;WEu;v;1;;
1752;1833-1848;;IRL;Valentia Radio;E;WEu;v;1;;[1116]
1752;2030-2045;;IRL;Valentia Radio;E;WEu;v;1;;
1752;2233-2248;;IRL;Valentia Radio;E;WEu;v;1;;[0121]
1755;0000-2400;;E;EAO Palma Radio;S;SEu;mx;1;;
1755;0803-0818;;E;EAO Palma Radio;S;SEu;mx;1;;
1755;1003-1018;;E;EAO Palma Radio;S;SEu;mx;1;;
1755;1533-1548;;E;EAO Palma Radio;S;SEu;mx;1;;
1755;1933-1948;;E;EAO Palma Radio;S;SEu;mx;1;;[0324]
1755;2145-2155;;E;EAO Palma Radio;S,E;SEu;mx;1;;[0125]
1755;2333-2348;;E;EAO Palma Radio;S;SEu;mx;1;;
1757;1005-1015;;NOR;Bjørnøya Radio;E;NEu;bj;1;;
1757;2205-2215;;NOR;Bjørnøya Radio;E;NEu;bj;1;;[1121]
1758;0133-0143;;DNK;Lyngby Radio;E;NEu;sg;1;;[1121]
1758;0533-0543;;DNK;Lyngby Radio;E;NEu;sg;1;;
1758;0933-0943;;DNK;Lyngby Radio;E;NEu;sg;1;;
1758;1333-1343;;DNK;Lyngby Radio;E;NEu;sg;1;;
1758;1733-1803;;DNK;Lyngby Radio;E;NEu;sg;1;;[0125]
1758;2035-2050;;DNK;Lyngby Radio;E;NEu;sg;1;;[1121]
1758;2133-2153;;DNK;Lyngby Radio;E;NEu;sg;1;;[0626]
1758;2200-2215;;DNK;Lyngby Radio;DA;NEu;sg;1;;[0226]
1761;0205-0220;;ISL;Reykjavik Radio;E;NAO;n;1;;
1761;0505-0520;;ISL;Reykjavik Radio;E;NAO;n;1;;
1761;0805-0820;;ISL;Reykjavik Radio;E;NAO;n;1;;
1761;1105-1120;;ISL;Reykjavik Radio;E;NAO;n;1;;
1761;1405-1420;;ISL;Reykjavik Radio;E;NAO;n;1;;
1761;1705-1720;;ISL;Reykjavik Radio;E;NAO;n;1;;
1761;2005-2020;;ISL;Reykjavik Radio;E;NAO;n;1;;
1761;2305-2320;;ISL;Reykjavik Radio;E;NAO;n;1;;
1764;0703-0718;;E;Coruña Radio;S;SEu;fi;1;;
1764;1303-1318;;E;Coruña Radio;S;SEu;fi;1;;
1764;1903-1918;;E;Coruña Radio;S;SEu;fi;1;;
1767;0000-2400;;E;Cabo la Nao Radio;S;SEu;as;1;;
1767;0803-0818;;E;Cabo la Nao Radio;S;SEu;as;1;;
1767;1003-1018;;E;Cabo la Nao Radio;S;SEu;as;1;;
1767;1533-1548;;E;Cabo la Nao Radio;S;SEu;as;1;;
1767;1933-1948;;E;Cabo la Nao Radio;S;SEu;as;1;;[0226]
1767;2105-2156;;E;Cabo la Nao Radio;S,E;SEu;as;1;;[0925]
1767;2333-2348;;E;Cabo la Nao Radio;S;SEu;as;1;;[1118]
1770;0010-0025;;G;Shetland Coastguard;E;WEu;cf;2;;[1121]
1770;0310-0325;;G;Shetland Coastguard;E;WEu;cf;2;;
1770;0610-0625;;G;Shetland Coastguard;E;WEu;cf;2;;[1116]
1770;0910-0925;;G;Shetland Coastguard;E;WEu;cf;2;;
1770;1210-1225;;G;Shetland Coastguard;E;WEu;cf;2;;
1770;1510-1525;;G;Shetland Coastguard;E;WEu;cf;2;;
1770;1810-1825;;G;Shetland Coastguard;E;WEu;cf;2;;[0916]
1770;2110-2125;;G;Shetland Coastguard;E;WEu;cf;2;;[0418]
1770;0000-2400;;ISL;Reykjavik Radio TFA;IS;NAO;rs;1;;
1770;0233-0248;;NOR;Telenor Kystradio North;NO;NEu;bo;1;;
1770;0633-0648;;NOR;Telenor Kystradio North;NO;NEu;bo;1;;
1770;1033-1048;;NOR;Telenor Kystradio North;NO;NEu;bo;1;;
1770;1203-1218;;NOR;Telenor Kystradio North;E;NEu;bo;1;;
1770;1433-1448;;NOR;Telenor Kystradio North;NO;NEu;bo;1;;
1770;1833-1848;;NOR;Telenor Kystradio North;NO;NEu;bo;1;;
1770;2233-2248;;NOR;Telenor Kystradio North;NO;NEu;bo;1;;[1121]
1770;2315-2330;;NOR;Telenor Kystradio North;E;NEu;bo;1;;[1121]
1782;0233-0248;;NOR;Telenor Kystradio South;NO;NEu;or;1;;[1121]
1782;0633-0648;;NOR;Telenor Kystradio South;NO;NEu;or;1;;[1121]
1782;1033-1048;;NOR;Telenor Kystradio South;NO;NEu;or;1;;
1782;1215-1230;;NOR;Telenor Kystradio South;E;NEu;or;1;;
1782;1433-1448;;NOR;Telenor Kystradio South;NO;NEu;or;1;;
1782;1833-1848;;NOR;Telenor Kystradio South;E;NEu;or;1;;[1225]
1782;2150-2200;;NOR;Telenor Kystradio South;NO;NEu;or;1;;[1225]
1782;2133-2148;;NOR;Telenor Kystradio South;NO;NEu;or;2;;[0226]
1782;2315-2330;;NOR;Telenor Kystradio South;E;NEu;or;1;;[1121]
1785;0233-0248;;NOR;Telenor Kystradio South;NO;NEu;fs;1;;[1121]
1785;0633-0648;;NOR;Telenor Kystradio South;NO;NEu;fs;1;;[1121]
1785;1033-1048;;NOR;Telenor Kystradio South;NO;NEu;fs;1;;
1785;1215-1230;;NOR;Telenor Kystradio South;E;NEu;fs;1;;
1785;1433-1448;;NOR;Telenor Kystradio South;NO;NEu;fs;1;;
1785;1833-1848;;NOR;Telenor Kystradio South;E;NEu;fs;1;;[1225]
1785;2150-2200;;NOR;Telenor Kystradio South;NO;NEu;fs;1;;[1225]
1785;2133-2148;;NOR;Telenor Kystradio South;NO;NEu;fs;2;;[0226]
1785;2315-2330;;NOR;Telenor Kystradio South;E;NEu;fs;1;;[1222]
1797;0200-0240;;S;Stockholm Radio;E;NEu;gs;1;;[0121]
1797;0600-0640;;S;Stockholm Radio;E;NEu;gs;1;;[1220]
1797;0630-0645;;S;Stockholm Radio;SWE;NEu;gs;5;;
1797;0700-0715;;S;Stockholm Radio;SWE;NEu;gs;5;;
1797;1000-1040;;S;Stockholm Radio;E;NEu;gs;1;;
1797;1400-1440;;S;Stockholm Radio;E;NEu;gs;1;;
1797;1430-1445;;S;Stockholm Radio;SWE;NEu;gs;5;;
1797;1500-1515;;S;Stockholm Radio;SWE;NEu;gs;5;;
1797;1800-1840;;S;Stockholm Radio;E;NEu;gs;1;;[0426]
1797;2200-2240;;S;Stockholm Radio;E;NEu;gs;1;;[0426]
1852;0000-2400;;I;Romaradio IAR;I;SEu;pa;1;;[0125]
1855;0000-2400;;I;Romaradio IAR;I;SEu;b;1;;[0824]
1860;0000-0830;Su;USA;WA0RCR Gateway Newsltr.;E;NAm;wz;5;;
1860;0000-0930;Su;USA;WA0RCR Gateway Newsltr.;E;NAm;wz;4;;
1860;1700-2400;Sa;USA;WA0RCR Gateway Newsltr.;E;NAm;wz;5;;
1860;1800-2400;Sa;USA;WA0RCR Gateway Newsltr.;E;NAm;wz;4;;
1876;0000-2400;;I;Romaradio IAR;I;SEu;lm;1;;[0726]
1876;0205-0220;;ISL;Reykjavik Radio;E;NAO;rs;1;;
1876;0505-0520;;ISL;Reykjavik Radio;E;NAO;rs;1;;
1876;0805-0820;;ISL;Reykjavik Radio;E;NAO;rs;1;;[1121]
1876;1105-1120;;ISL;Reykjavik Radio;E;NAO;rs;1;;
1876;1405-1420;;ISL;Reykjavik Radio;E;NAO;rs;1;;
1876;1705-1720;;ISL;Reykjavik Radio;E;NAO;rs;1;;
1876;2005-2020;;ISL;Reykjavik Radio;E;NAO;rs;1;;
1876;2305-2320;;ISL;Reykjavik Radio;E;NAO;rs;1;;
1883;0210-0225;;G;Belfast Coastguard;E;WEu;ti;1;;
1883;0510-0525;;G;Belfast Coastguard;E;WEu;ti;1;;
1883;0810-0825;;G;Belfast Coastguard;E;WEu;ti;1;;
1883;1110-1125;;G;Belfast Coastguard;E;WEu;ti;1;;
1883;1410-1425;;G;Belfast Coastguard;E;WEu;ti;1;;
1883;1710-1725;;G;Belfast Coastguard;E;WEu;ti;1;;
1883;2010-2025;;G;Belfast Coastguard;E;WEu;ti;1;;
1883;2310-2325;;G;Belfast Coastguard;E;WEu;ti;1;;
1883;0205-0220;;ISL;Reykjavik Radio;E;NAO;s;1;;
1883;0505-0520;;ISL;Reykjavik Radio;E;NAO;s;1;;
1883;0805-0820;;ISL;Reykjavik Radio;E;NAO;s;1;;
1883;1105-1120;;ISL;Reykjavik Radio;E;NAO;s;1;;
1883;1405-1420;;ISL;Reykjavik Radio;E;NAO;s;1;;
1883;1705-1720;;ISL;Reykjavik Radio;E;NAO;s;1;;
1883;2005-2020;;ISL;Reykjavik Radio;E;NAO;s;1;;
1883;2305-2320;;ISL;Reykjavik Radio;E;NAO;s;1;;
1888;0000-2400;;I;Romaradio IAR;I;SEu;cv;1;;[0526]
1890;0000-2400;;ISL;Reykjavik Radio TFA;IS;NAO;rs;1;;
1925;0050-0105;;G;Humber Coastguard Wx;E;WEu;cu;2;;[1121]
1925;0350-0405;;G;Humber Coastguard Wx;E;WEu;cu;2;;
1925;0650-0705;;G;Humber Coastguard Wx;E;WEu;cu;2;;
1925;0950-1005;;G;Humber Coastguard Wx;E;WEu;cu;2;;
1925;1250-1305;;G;Humber Coastguard Wx;E;WEu;cu;2;;
1925;1550-1605;;G;Humber Coastguard Wx;E;WEu;cu;2;;
1925;1850-1905;;G;Humber Coastguard Wx;E;WEu;cu;2;;
1925;2150-2205;;G;Humber Coastguard Wx;E;WEu;cu;2;;
1925;0000-2400;;I;Romaradio IAR;I;SEu;li;1;;[0526]
2054;0340-0610;;ALS;NOJ Fax Kodiak;;WNA;k;1;;
2054;0950-1210;;ALS;NOJ Fax Kodiak;;WNA;k;1;;
2054;1540-1820;;ALS;NOJ Fax Kodiak;;WNA;k;1;;
2054;2150-0030;;ALS;NOJ Fax Kodiak;;WNA;k;1;;
2054;0000-2400;;CAN;VAJ Prince Rupert Radio;E;WNA;ap;1;;
2054;0000-2400;;CAN;VAJ Prince Rupert Radio;E;WNA;di;1;;
2054;0000-2400;;CAN;VAJ Prince Rupert Radio;E;WNA;hp;1;;
2054;0015-0030;;CAN;VAJ Prince Rupert Radio;E;WNA;di;2;;
2054;0015-0030;;CAN;VAJ Prince Rupert Radio;E;WNA;hp;2;;
2054;0050-0105;;CAN;VAJ Prince Rupert Radio;E;WNA;ap;4;;
2054;0550-0605;;CAN;VAJ Prince Rupert Radio;E;WNA;ap;2;;
2054;0615-0630;;CAN;VAJ Prince Rupert Radio;E;WNA;di;2;;
2054;0615-0630;;CAN;VAJ Prince Rupert Radio;E;WNA;hp;2;;
2054;1150-1205;;CAN;VAJ Prince Rupert Radio;E;WNA;hp;2;;
2054;1215-1230;;CAN;VAJ Prince Rupert Radio;E;WNA;di;2;;
2054;1215-1230;;CAN;VAJ Prince Rupert Radio;E;WNA;hp;2;;
2054;1750-1805;;CAN;VAJ Prince Rupert Radio;E;WNA;ap;2;;
2054;1815-1830;;CAN;VAJ Prince Rupert Radio;E;WNA;di;2;;
2054;1815-1830;;CAN;VAJ Prince Rupert Radio;E;WNA;hp;2;;
2054;2350-0005;;CAN;VAJ Prince Rupert Radio;E;WNA;ap;5;;
2056;1000-2300;;AUS;VMW Wiluna WA;E;AUS;w;1;;[0320]
2063.8;1800-0600;;F;FUG French Navy FSK;F;Eu;sa;1;;
2069;0000-2400;;CNR;Arrecife Radio;S;NAO;hy;1;;
2118;0000-2400;;CAN;VCS Halifax Radio;E,F;ENA;ki;1;;
2201;0800-2100;;AUS;VMC Charleville QL;E;AUS;c;1;;[1219]
2206;0000-2400;;CAN;VCS Halifax Radio;E,F;ENA;ki;1;;
2207;0003-0040;;NZL;ZLM Taupo Maritime R.;E;Oc;t;5;;
2207;0133-0210;;NZL;ZLM Taupo Maritime R.;E;Oc;t;3;;
2207;0533-0610;;NZL;ZLM Taupo Maritime R.;E;Oc;t;3;;
2207;0803-0840;;NZL;ZLM Taupo Maritime R.;E;Oc;t;3;;
2207;1333-1418;;NZL;ZLM Taupo Maritime R.;E;Oc;t;3;;
2207;1733-1810;;NZL;ZLM Taupo Maritime R.;E;Oc;t;3;;
2207;2003-2040;;NZL;ZLM Taupo Maritime R.;E;Oc;t;3;;
2207;2303-2340;;NZL;ZLM Taupo Maritime R.;E;Oc;t;4;;
2226;0030-0045;;G;Aberdeen Coastguard Wx;E;WEu;ab;2;;
2226;0330-0345;;G;Aberdeen Coastguard Wx;E;WEu;ab;2;;[1121]
2226;0630-0645;;G;Aberdeen Coastguard Wx;E;WEu;ab;2;;[0121]
2226;0930-0945;;G;Aberdeen Coastguard Wx;E;WEu;ab;2;;
2226;1230-1245;;G;Aberdeen Coastguard Wx;E;WEu;ab;2;;
2226;1530-1545;;G;Aberdeen Coastguard Wx;E;WEu;ab;2;;
2226;1830-1845;;G;Aberdeen Coastguard Wx;E;WEu;ab;2;;[0217]
2226;2130-2145;;G;Aberdeen Coastguard Wx;E;WEu;ab;2;;
2226;0010-0025;;G;Falmouth Coastguard Wx;E;WEu;sm;2;;
2226;0310-0325;;G;Falmouth Coastguard Wx;E;WEu;sm;2;;
2226;0610-0625;;G;Falmouth Coastguard Wx;E;WEu;sm;2;;
2226;0910-0925;;G;Falmouth Coastguard Wx;E;WEu;sm;2;;
2226;1210-1225;;G;Falmouth Coastguard Wx;E;WEu;sm;2;;
2226;1510-1525;;G;Falmouth Coastguard Wx;E;WEu;sm;2;;
2226;1810-1825;;G;Falmouth Coastguard Wx;E;WEu;sm;2;;
2226;2110-2125;;G;Falmouth Coastguard Wx;E;WEu;sm;2;;
2310;0000-2400;;AUS;Shortwave Australia;E;AUS;be;1;;[0426]
2355;0000-2400;irr;AUS;Tropical R.Program 4TRP;E;AUS;kr;1;;[0626]
2368.4;0000-2400;;AUS;Radio Symban;GR;AUS;hp;8;;[0825]
2500;0730-0100;;CHN;BPM Xian;-TS;CHN;p;1;;[0122]
2500;0000-2400;;HWA;WWVH Hawaii (f.ann.);-TS;USA;a;1;;[0626]
2500;0000-2400;;USA;WWV Colorado (m.ann.);-TS;USA;fa;1;;[0626]
2514;0000-2400;;CAN;VCF Les Escoumins QC;E,F;ENA;lv;1;;
2514;0000-2400;;CAN;VCP Placentia NL;E;ENA;sj;1;;
2514;0000-2400;;CAN;VCP Placentia NL;E;ENA;sl;1;;
2514;0000-2400;;CAN;VCS Halifax Radio;E,F;ENA;sm;1;;
2514;0000-2400;;CAN;VFF Iqaluit Radio;E;NAm;ch;1;0107;3110
2514;0000-2400;;CAN;VFF Iqaluit Radio;E;NAm;k;1;0107;2012
2514;0110-0130;;CAN;VFF Iqaluit Radio;E;ENA;ch;1;0107;3110
2514;1320-1400;;CAN;VFF Iqaluit Radio;E;ENA;ch;1;0701;3110
2514;1410-1430;;CAN;VFF Iqaluit Radio;E;ENA;k;1;0107;2012
2514;1705-1745;;CAN;VFF Iqaluit Radio;E;ENA;ch;1;0107;3110
2514;1705-1745;;CAN;VFF Iqaluit Radio;E;ENA;k;1;0107;2012
2514;2235-2315;;CAN;VFF Iqaluit Radio;E;ENA;k;1;0107;2012[1121]
2514;0000-2400;;CAN;VOJ Port aux Basques NL;E,F;ENA;sv;1;;
2530;0000-2400;;CAN;VCO Sydney Radio NS;E,F;ENA;pc;1;;
2538;0000-2400;;CAN;VCP Placentia NL;E;ENA;sj;1;;
2538;0000-2400;;CAN;VCS Halifax Radio;E,F;ENA;ym;1;;
2545;1333-1343;;MRT;CROSS Martinique Wx;F;Car;fc;1;;
2545;2215-2225;;MRT;CROSS Martinique Wx;F;Car;fc;1;;
2558;0000-2400;;CAN;VFF Iqaluit Radio;E;NAm;cb;1;0107;1510
2558;0000-2400;;CAN;VFF Iqaluit Radio;E;NAm;in;1;1505;3110
2579;0000-2400;;I;Romaradio IAR;I;SEu;ba;1;;[0226]
2582;0035-0045;;BER;ZBM Bermuda Harbor;E;BER;h;1;;[0316]
2582;0435-0445;;BER;ZBM Bermuda Harbor;E;BER;h;1;;[1216]
2582;0835-0845;;BER;ZBM Bermuda Harbor;E;BER;h;1;;[1121]
2582;1235-1245;;BER;ZBM Bermuda Harbor;E;BER;h;1;;
2582;1635-1645;;BER;ZBM Bermuda Harbor;E;BER;h;1;;
2582;2035-2045;;BER;ZBM Bermuda Harbor;E;BER;h;1;;
2582;0000-2400;;CAN;VCF Les Escoumins QC;E,F;ENA;lv;1;;
2582;0000-2400;;CAN;VCF Les Escoumins QC;E,F;ENA;na;1;;
2582;0000-2400;;CAN;VCO Sydney Radio NS;E,F;ENA;pc;1;;
2582;0000-2400;;CAN;VCP Placentia NL;E;ENA;sj;1;;
2582;0000-2400;;CAN;VCP Placentia NL;E;ENA;sl;1;;
2582;0000-2400;;CAN;VCS Halifax Radio;E,F;ENA;sm;1;;
2582;0000-2400;;CAN;VCS Halifax Radio;E,F;ENA;ym;1;;
2582;0000-2400;;CAN;VFF Iqaluit Radio;E;NAm;ch;1;0107;3110
2582;0000-2400;;CAN;VFF Iqaluit Radio;E;NAm;i;1;1505;2012
2582;0000-2400;;CAN;VFF Iqaluit Radio;E;NAm;k;1;0107;2012
2582;0000-2400;;CAN;VFF Iqaluit Radio;E;NAm;r;1;1507;3110
2582;1240-1300;;CAN;VFF Iqaluit Radio;E;ENA;r;1;1507;3110
2582;1410-1430;;CAN;VFF Iqaluit Radio;E;ENA;i;1;1505;2012
2582;1705-1745;;CAN;VFF Iqaluit Radio;E;ENA;i;1;1505;2012
2582;1705-1745;;CAN;VFF Iqaluit Radio;E;ENA;r;1;1507;3110
2582;2235-2315;;CAN;VFF Iqaluit Radio;E;ENA;i;1;1505;2012[1121]
2582;2310-2350;;CAN;VFF Iqaluit Radio;E;ENA;r;1;1507;3110
2582;0000-2400;;CAN;VOJ Port aux Basques NL;E,F;ENA;sv;1;;
2586;0133-0143;;DNK;Lyngby Radio;E;NEu;ro;1;;[1121]
2586;0533-0543;;DNK;Lyngby Radio;E;NEu;ro;1;;
2586;0933-0943;;DNK;Lyngby Radio;E;NEu;ro;1;;
2586;1305-1315;;DNK;Lyngby Radio;E;NEu;ro;1;;
2586;1333-1343;;DNK;Lyngby Radio;E;NEu;ro;1;;
2586;1733-1803;;DNK;Lyngby Radio;E;NEu;ro;1;;[0616]
2586;2133-2143;;DNK;Lyngby Radio;E;NEu;ro;1;;[0515]
2586;2200-2215;;DNK;Lyngby Radio;DA;NEu;ro;1;;[1225]
2598;0437-0500;;CAN;VCF Les Escoumins QC;F,E;ENA;na;1;;[0526]
2598;0847-0910;;CAN;VCF Les Escoumins QC;F,E;ENA;na;1;;
2598;0937-1000;;CAN;VCF Les Escoumins QC;F,E;ENA;na;1;;[0316]
2598;1407-1430;;CAN;VCF Les Escoumins QC;F,E;ENA;na;1;;
2598;1737-1800;;CAN;VCF Les Escoumins QC;F,E;ENA;na;1;;
2598;2317-2330;;CAN;VCF Les Escoumins QC;F,E;ENA;na;1;;[1122]
2598;0007-0030;;CAN;VCP Placentia NL;E;ENA;sj;1;;[1118]
2598;0048-0107;;CAN;VCP Placentia NL;E,F;ENA;sl;1;;[1125]
2598;0737-0805;;CAN;VCP Placentia NL;E;ENA;sl;1;;[0126]
2598;0837-0900;;CAN;VCP Placentia NL;E;ENA;sj;1;;[0326]
2598;1137-1200;;CAN;VCP Placentia NL;E;ENA;sl;1;;
2598;1307-1330;;CAN;VCP Placentia NL;E;ENA;sj;1;;
2598;1607-1630;;CAN;VCP Placentia NL;E;ENA;sl;1;;
2598;1637-1700;;CAN;VCP Placentia NL;E;ENA;sj;1;;
2598;1807-1830;;CAN;VCP Placentia NL;E;ENA;sl;1;;
2598;2007-2030;;CAN;VCP Placentia NL;E;ENA;sj;1;;[0120]
2598;2137-2200;;CAN;VCP Placentia NL;E;ENA;sl;1;;[0526]
2598;2207-2230;;CAN;VCP Placentia NL;E;ENA;sj;1;;
2598;0207-0233;;CAN;VOJ Port aux Basques NL;E,F;ENA;sv;1;;[0822]
2598;0807-0833;;CAN;VOJ Port aux Basques NL;E,F;ENA;sv;1;;[0126]
2598;1207-1233;;CAN;VOJ Port aux Basques NL;E,F;ENA;sv;1;;
2598;1507-1533;;CAN;VOJ Port aux Basques NL;E,F;ENA;sv;1;;
2598;1837-1903;;CAN;VOJ Port aux Basques NL;E,F;ENA;sv;1;;
2598;2107-2133;;CAN;VOJ Port aux Basques NL;E,F;ENA;sv;1;;
2598;0107-0130;;CAN;VOK Labrador Coastguard;E;ENA;sa;1;;[0418]
2598;0137-0200;;CAN;VOK Labrador Coastguard;E;ENA;cw;1;;[0725]
2598;0137-0200;;CAN;VOK Labrador Coastguard;E;ENA;hd;1;;[0317]
2598;0907-0930;;CAN;VOK Labrador Coastguard;E;ENA;sa;1;;
2598;1007-1030;;CAN;VOK Labrador Coastguard;E;ENA;cw;1;;[0216]
2598;1007-1030;;CAN;VOK Labrador Coastguard;E;ENA;hd;1;;[0216]
2598;1107-1130;;CAN;VOK Labrador Coastguard;E;ENA;cw;1;;
2598;1107-1130;;CAN;VOK Labrador Coastguard;E;ENA;hd;1;;
2598;1237-1300;;CAN;VOK Labrador Coastguard;E;ENA;sa;1;;
2598;1337-1400;;CAN;VOK Labrador Coastguard;E;ENA;sa;1;;
2598;1437-1500;;CAN;VOK Labrador Coastguard;E;ENA;cw;1;;
2598;1437-1500;;CAN;VOK Labrador Coastguard;E;ENA;hd;1;;
2598;1907-1930;;CAN;VOK Labrador Coastguard;E;ENA;sa;1;;
2598;1937-2000;;CAN;VOK Labrador Coastguard;E;ENA;sa;1;;
2598;2037-2100;;CAN;VOK Labrador Coastguard;E;ENA;cw;1;;[0120]
2598;2037-2100;;CAN;VOK Labrador Coastguard;E;ENA;hd;1;;
2598;2307-2330;;CAN;VOK Labrador Coastguard;E;ENA;cw;1;;
2598;2307-2330;;CAN;VOK Labrador Coastguard;E;ENA;hd;1;;
2600;0000-2400;;I;Romaradio IAR;I;SEu;mz;1;;[1225]
2618.5;2200-0500;;G;GYA Northwood Meteo Fax;;WEu;nw;1;;[0119]
2624;0633-0643;;GRC;Olimpia Radio;E;SEE;r;1;;
2624;0703-0713;;GRC;Olimpia Radio;E;SEE;r;1;;
2624;0903-0913;;GRC;Olimpia Radio;E;SEE;r;1;;
2624;1133-1143;;GRC;Olimpia Radio;E;SEE;r;1;;
2624;1533-1543;;GRC;Olimpia Radio;E;SEE;r;1;;
2624;1733-1743;;GRC;Olimpia Radio;E;SEE;r;1;;
2624;1930-1945;;GRC;Olimpia Radio;E;SEE;r;1;;[1225]
2624;2133-2153;;GRC;Olimpia Radio;E;SEE;r;1;;
2624;2333-2343;;GRC;Olimpia Radio;E;SEE;r;1;;
2624;0000-2400;;I;Romaradio IAR;I;SEu;t;1;;[0726]
2628;0900-0955;;AUS;VMC Charleville Met Fax;;Oc;c;1;;[0521]
2628;1015-1715;;AUS;VMC Charleville Met Fax;;Oc;c;1;;[0122]
2628;1800-1845;;AUS;VMC Charleville Met Fax;;Oc;c;1;;
2628;0000-2400;;I;Romaradio IAR;I;SEu;au;1;;[0626]
2632;0000-2400;;I;Romaradio IAR;I;SEu;na;1;;[0526]
2640;1300-1325;;RUS;St.Peterburg Wx Fax;R;NEu;pv;1;;[0221]
2642;0000-2400;;I;Romaradio IAR;I;SEu;ge;1;;[0726]
2656;0000-2400;;I;Romaradio IAR;I;SEu;an;1;;[0726]
2663;0000-2400;;I;Romaradio IAR;I;SEu;mp;1;;[0626]
2677;0535-0545;;F;CROSS Corsen Radio Wx;F;WEu;oe;2;;
2677;0615-0630;;F;CROSS Corsen Radio Wx;F;WEu;oe;2;;
2677;1735-1745;;F;CROSS Corsen Radio Wx;F;WEu;oe;2;;
2677;1815-1830;;F;CROSS Corsen Radio Wx;F;WEu;oe;2;;[0226]
2677;1900-1915;;F;CROSS Corsen Radio Wx;F;WEu;oe;2;;[0217]
2677;2000-2015;;F;CROSS Corsen Radio Wx;F;WEu;oe;2;;[1125]
2677;2105-2110;;F;CROSS Corsen Radio Wx;F;WEu;oe;2;;[0426]
2677;0003-0018;;F;CROSS La Garde Radio Wx;F,E;WEu;g;4;;
2677;0303-0318;;F;CROSS La Garde Radio Wx;F,E;WEu;g;2;;
2677;0503-0518;;F;CROSS La Garde Radio Wx;F,E;WEu;g;2;;[1121]
2677;0607-0617;;F;CROSS La Garde Radio Wx;F,E;WEu;g;2;;[0320]
2677;0633-0643;;F;CROSS La Garde Radio Wx;F,E;WEu;g;5;;
2677;0703-0718;;F;CROSS La Garde Radio Wx;F,E;WEu;g;2;;
2677;0733-0743;;F;CROSS La Garde Radio Wx;F,E;WEu;g;4;;[1220]
2677;1000-1003;;F;CROSS La Garde Radio Wx;F,E;WEu;g;1;;
2677;1103-1118;;F;CROSS La Garde Radio Wx;F,E;WEu;g;2;;
2677;1403-1418;;F;CROSS La Garde Radio Wx;F,E;WEu;g;5;;
2677;1503-1518;;F;CROSS La Garde Radio Wx;F,E;WEu;g;1;;
2677;1600-1603;;F;CROSS La Garde Radio Wx;F,E;WEu;g;1;;
2677;1603-1618;;F;CROSS La Garde Radio Wx;F,E;WEu;g;4;;
2677;1910-1915;;F;CROSS La Garde Radio Wx;F,E;WEu;g;4;;[0126]
2677;1903-1913;;F;CROSS La Garde Radio Wx;F,E;WEu;g;2;;[1215]
2677;2200-2210;;F;CROSS La Garde Radio Wx;F,E;WEu;g;1;;[0526]
2677;2303-2318;;F;CROSS La Garde Radio Wx;F,E;WEu;g;5;;
2680;0000-2400;;I;Romaradio IAR;I;SEu;cg;1;;[0726]
2680;0000-2400;;ISR;4XZ Israeli Navy Haifa;-CW;;;1;;[0321]
2719;0000-2400;;I;Romaradio IAR;I;SEu;pt;1;;[0726]
2724;0205-0220;;ISL;Reykjavik Radio;E;NAO;if;1;;[1121]
2724;0505-0520;;ISL;Reykjavik Radio;E;NAO;if;1;;[1121]
2724;0805-0820;;ISL;Reykjavik Radio;E;NAO;if;1;;[1121]
2724;1105-1120;;ISL;Reykjavik Radio;E;NAO;if;1;;
2724;1405-1420;;ISL;Reykjavik Radio;E;NAO;if;1;;
2724;1705-1720;;ISL;Reykjavik Radio;E;NAO;if;1;;
2724;2005-2020;;ISL;Reykjavik Radio;E;NAO;if;1;;
2724;2305-2320;;ISL;Reykjavik Radio;E;NAO;if;1;;
2730;0000-2400;;GRC;Olimpia Radio;-TY;SEE;L;1;;[1218]
2730;0033-0043;;GRC;Olimpia Radio;E;SEE;L;1;;
2730;0633-0643;;GRC;Olimpia Radio;E;SEE;L;1;;
2730;0703-0713;;GRC;Olimpia Radio;E;SEE;L;1;;
2730;0903-0913;;GRC;Olimpia Radio;E;SEE;L;1;;
2730;1033-1043;;GRC;Olimpia Radio;E;SEE;L;1;;
2730;1533-1543;;GRC;Olimpia Radio;E;SEE;L;1;;
2730;1633-1643;;GRC;Olimpia Radio;E;SEE;L;1;;
2730;1800-1810;;GRC;Olimpia Radio;E;SEE;L;1;;[0125]
2730;2133-2153;;GRC;Olimpia Radio;E;SEE;L;1;;[0526]
2749;0437-0500;;CAN;VCF Les Escoumins QC;F,E;ENA;lv;1;;[0526]
2749;0847-0910;;CAN;VCF Les Escoumins QC;F,E;ENA;lv;1;;
2749;0937-1000;;CAN;VCF Les Escoumins QC;F,E;ENA;lv;1;;
2749;1407-1430;;CAN;VCF Les Escoumins QC;F,E;ENA;lv;1;;
2749;1737-1800;;CAN;VCF Les Escoumins QC;F,E;ENA;lv;1;;
2749;2317-2330;;CAN;VCF Les Escoumins QC;F,E;ENA;lv;1;;[1122]
2749;0040-0100;;CAN;VCO Sydney Radio NS;E,F;ENA;pc;1;;[1125]
2749;0740-0800;;CAN;VCO Sydney Radio NS;E,F;ENA;pc;1;;[0226]
2749;1440-1500;;CAN;VCO Sydney Radio NS;E,F;ENA;pc;1;;
2749;2010-2030;;CAN;VCO Sydney Radio NS;E,F;ENA;pc;1;;[0120]
2749;0140-0200;;CAN;VCS Halifax Radio;E,F;ENA;ym;1;;[1124]
2749;0240-0310;;CAN;VCS Halifax Radio;E,F;ENA;sm;1;;[0525]
2749;0810-0830;;CAN;VCS Halifax Radio;E,F;ENA;sm;1;;[0824]
2749;1040-1100;;CAN;VCS Halifax Radio;E,F;ENA;ym;1;;
2749;1540-1600;;CAN;VCS Halifax Radio;E;ENA;sm;1;;
2749;1640-1700;;CAN;VCS Halifax Radio;E,F;ENA;ym;1;;
2749;2040-2100;;CAN;VCS Halifax Radio;E,F;ENA;ym;1;;
2749;2120-2140;;CAN;VCS Halifax Radio;E;ENA;sm;1;;[1118]
2750;0000-2400;;CHN;XSV Tianjin Radio;M;FE;tj;1;;
2753;0000-2400;;HOL;PFC Navy Den Helder;E;Eu;cg;1;;[1218]
2761;0233-0248;;BEL;OSU Oostende Radio;E;WEu;r;1;;[0320]
2761;0520-0532;;BEL;OSU Oostende Radio;E;WEu;r;2;;[0126]
2761;0633-0648;;BEL;OSU Oostende Radio;NL;WEu;r;1;;[1220]
2761;0820-0830;;BEL;OSU Oostende Radio;E;WEu;r;1;;
2761;1033-1048;;BEL;OSU Oostende Radio;E;WEu;r;1;;
2761;1433-1448;;BEL;OSU Oostende Radio;E;WEu;r;1;;[0126]
2761;1720-1730;;BEL;OSU Oostende Radio;E;WEu;r;1;;[1120]
2761;1833-1848;;BEL;OSU Oostende Radio;E;WEu;r;1;;[0126]
2761;2233-2258;;BEL;OSU Oostende Radio;E;WEu;r;1;;[0126]
2789;0000-2400;;I;Romaradio IAR;I;SEu;me;1;;[0726]
2799;0633-0643;;GRC;Olimpia Radio;E;SEE;i;1;;
2799;0703-0713;;GRC;Olimpia Radio;E;SEE;i;1;;
2799;0903-0913;;GRC;Olimpia Radio;E;SEE;i;1;;
2799;1133-1143;;GRC;Olimpia Radio;E;SEE;i;1;;
2799;1533-1543;;GRC;Olimpia Radio;E;SEE;i;1;;
2799;1733-1743;;GRC;Olimpia Radio;E;SEE;i;1;;
2799;1800-1810;;GRC;Olimpia Radio;E;SEE;i;1;;[0125]
2799;1930-1945;;GRC;Olimpia Radio;E;SEE;i;1;;[0126]
2799;2133-2153;;GRC;Olimpia Radio;E;SEE;i;1;;[0526]
2799;2333-2343;;GRC;Olimpia Radio;E;SEE;i;1;;
2830;0033-0043;;GRC;Olimpia Radio;E;SEE;k;1;;
2830;0633-0643;;GRC;Olimpia Radio;E;SEE;k;1;;
2830;0703-0713;;GRC;Olimpia Radio;E;SEE;k;1;;
2830;0903-0913;;GRC;Olimpia Radio;E;SEE;k;1;;
2830;1033-1043;;GRC;Olimpia Radio;E;SEE;k;1;;
2830;1533-1543;;GRC;Olimpia Radio;E;SEE;k;1;;
2830;1633-1643;;GRC;Olimpia Radio;E;SEE;k;1;;
2830;2133-2153;;GRC;Olimpia Radio;E;SEE;k;1;;
2860;0000-2400;;IRL;Shannon Aeradio I;E;NAO;s;1;;
2863;0000-2400;;HKG;Hongkong Volmet x15,x45;E;FE;a;1;;
2863;0000-2400;;J;Tokyo Volmet x10,x40;E;FE;tv;1;;[0419]
2869;0000-2400;;IRL;Shannon Aeradio J;E;NAO;s;1;;
2869;1100-2300;;RUS;Novosibir Volmet x07,37;R;CIS;nv;1;;
2869;1400-0200;;RUS;Samara Volmet x15,45;R;CIS;sv;1;;[0418]
2869;1500-0300;;RUS;Syktyvkar Volmet x00,30;R;CIS;sy;1;;[0725]
2869;0000-2400;;USA;San Francisco Radio CEP;E;EOc;dx;1;;
2872;0000-2400;;CAN;Gander Radio C;E;NAO;g;1;;[1222]
2872;1800-0900;;IRL;Shannon Aeradio C;E;NAO;s;1;;[1121]
2872;0000-2400;;ISL;Iceland Radio C;E;NAO;;1;;
2881;0000-2400;;ARG;Ezeiza Volmet x01;S;SAm;e;1;;
2881;0000-2400;;IRL;Shannon Aeradio I;E;NAO;s;1;;
2887;0000-2400;;USA;New York Radio;E;Car;bg;1;;[1119]
2890;0000-2400;;IRL;Shannon Aeradio I;E;NAO;s;1;;
2899;0000-2400;;CAN;Gander Radio B;E;NAO;g;1;;[1219]
2899;1800-0900;;IRL;Shannon Aeradio B;E;NAO;s;1;;
2899;0000-2400;;ISL;Iceland Radio B;E;NAO;;1;;
2941;0000-2400;;KOR;Seoul Muan HFDL (ID10);-HF;FE;m;1;;
2941;1500-0300;;RUS;Rostov Volmet x25,55;R;CIS;rv;1;;[0725]
2944;0000-2400;;ALS;Barrow HFDL (ID9);-HF;NOc;ba;1;;
2944;0000-2400;;IRL;Shannon Aeradio J;E;NAO;s;1;;[1219]
2962;0000-2400;;AZR;Santa Maria Radio E;E;NAO;sm;1;;
2962;0000-2400;;USA;New York Radio;E;NAO;bg;1;;
2965;1305-0240;;IND;Kolkata Volmet x05,x35;E;SAs;kv;1;;
2965;1325-0300;;IND;Mumbai Volmet x25,x55;E;SAs;mv;1;;[1023]
2965;0000-2400;;IRL;Shannon Aeradio H;E;NAO;s;1;;
2965;1210-2245;;THA;Bangkok Volmet x10,x40;E;SAs;bv;1;;[0726]
2971;0000-2400;;ARG;ResistenciaVolmetx20x50;S;ARG;r;1;;
2971;0100-0800;;IRL;Shannon Aeradio D;E;NAO;s;1;;[1118]
2986;0000-2400;;BHR;Al Muharraq HFDL (ID15);-HF;ME;m;1;;[0424]
2992;0000-2400;;ALS;Barrow HFDL (ID9);-HF;NOc;ba;1;;
2992;0000-2400;;IRL;Shannon Aeradio J;E;NAO;s;1;;
2998;0000-2400;;IRL;Shannon HFDL (ID7);-HF;NAO;s;1;;[0120]
2998;0000-2400;;USA;San Francisco Radio CWP;E;WOc;/GUM-b;1;;
2998;0000-2400;;USA;San Francisco Radio CWP;E;WOc;/HWA-m;1;;
3007;0000-2400;;ALS;Barrow HFDL (ID9);-HF;NOc;ba;1;;
3016;0000-2400;;AFS;Johannesburg HFDL (ID8);-HF;SAf;j;1;;
3016;2100-0800;;AZR;Santa Maria Radio A;E;NAO;sm;1;;[0223]
3016;0000-2400;;CAN;Gander Radio A;E;NAO;g;1;;[0322]
3016;0100-0900;;IRL;Shannon Aeradio A;E;NAO;s;1;;
3016;1800-2200;;IRL;Shannon Aeradio A;E;NAO;s;1;;
3016;0000-2400;;USA;New York Radio;E;NAO;bg;1;;[0221]
3023;0000-2400;;XUU;Search and Rescue Coord;E;;;1;;
3044;0000-2400;;F;FUE French Navy USB/FSK;F;NAO;br;1;;
3107;0000-2400;;F;Armor French Ny USB/FSK;F;NAO;br;1;;
3168.5;0000-2400;;RUS;Channel Marker L;-CW;RUS;pt;1;;[0318]
3205;1950-1800;;KRE;KCBS DIGITAL;K;KRE;k;1;;[0126]
3243;1400-0530;;RUS;Goose Channel Marker;;EEu;sk;1;0111;2802[0124]
3243;1600-0430;;RUS;Goose Channel Marker;;EEu;sk;1;0103;3004
3243;1630-0430;;RUS;Goose Channel Marker;;EEu;sk;1;0109;3110
3243;2000-0430;;RUS;Goose Channel Marker;;EEu;sk;1;0105;3108
3250;1950-1800;;KRE;KCBS Pyongyang;K;KRE;p;1;;[0526]
3265;0000-0100;Sa;USA;WBCQ The Planet;E;NAm;q;5;;[0526]
3310;0900-1300;;BOL;Radio Mosoj Chaski;S,Q;BOL;cb;1;;[0726]
3310;2030-0204;;BOL;Radio Mosoj Chaski;S,Q;BOL;cb;1;;[0726]
3325;1000-1100;;INS;Voice of Indonesia;E;INS;p;8;;[0925]
3325;1100-1200;;INS;Voice of Indonesia;M;INS;p;8;;[0125]
3325;1200-1300;;INS;Voice of Indonesia;J;INS;p;8;;[0125]
3325;1300-1400;;INS;Voice of Indonesia;E;INS;p;8;;[0425]
3325;1400-1500;;INS;Voice of Indonesia;IN;INS;p;8;;[0224]
3325;1500-1600;;INS;Voice of Indonesia;M;INS;p;8;;[0224]
3325;1600-1700;;INS;Voice of Indonesia;A;INS;p;8;;[0521]
3325;1700-1800;;INS;Voice of Indonesia;S;INS;p;8;;[0521]
3325;1800-1900;;INS;Voice of Indonesia;D;INS;p;8;;[1121]
3325;1900-2000;;INS;Voice of Indonesia;NL;INS;p;8;;
3325;2000-2100;;INS;Voice of Indonesia;F;INS;p;8;;[0525]
3325;2100-2200;;INS;Voice of Indonesia;E;INS;p;8;;[0525]
3325;2200-2300;;INS;Voice of Indonesia;J;INS;p;8;;[0120]
3325;2300-2400;;INS;Voice of Indonesia;E;INS;p;8;;[0525]
3330;0000-2400;;CAN;CHU Ottawa;-TS;NAm;o;6;2903;2106[0626]
3330;0000-1410;22Jun;CAN;CHU Ottawa;-TS;NAm;o;6;1306;2206
3364;1410-0600;;RUS;The Squeaky Wheel;;RUS;rp;1;0111;2802
3364;1500-0500;;RUS;The Squeaky Wheel;;RUS;rp;1;0109;3110
3364;1545-0500;;RUS;The Squeaky Wheel;;RUS;rp;1;0103;3004
3364;1830-0430;;RUS;The Squeaky Wheel;;RUS;rp;1;0105;3108[0822]
3407;0000-2400;;UZB;Tashkent Volmet x20,x50;R;CAs;a;1;;[0716]
3413;0000-2400;;IRL;Shannon Volmet;E;Eu;s;1;;[0326]
3413;0000-2400;;USA;San Francisco Radio CEP;E;EOc;dx;1;;
3434;0000-2400;;ARG;Córdoba Volmet x25, x45;S;SAm;co;1;;
3446;0000-2400;;IRL;Shannon Aeradio J;E;NAO;s;1;;[1219]
3450;1430-0400;;RUS;Khanty-Mansiysk Volmet;E,R;RUS;km;1;;[1219]
3452;0000-2400;;USA;San Francisco Radio CEP;E;EOc;dx;1;;
3455;0000-2400;;IRL;Shannon HFDL (ID7);-HF;NAO;s;1;;
3455;0000-2400;;USA;New York Radio;E;NAO;bg;1;;[1221]
3455;0000-2400;;USA;San Francisco Radio CWP;E;WOc;/HWA-m;1;;
3458;0000-2400;LSB;CHN;Beijing Volmet x15,x45;E;FE;;1;;[0122]
3458;0800-2345;USB;CHN;Guangzhou Volmet x00,30;E;FE;;1;;[0122]
3458;0000-2400;;IRL;Shannon Aeradio I;E;NAO;s;1;;
3467;0000-2400;;AUS;Brisbane Radio;E;Oc;ae;1;;
3467;0000-2400;;FJI;Nadi Radio;E;Oc;n;1;;[1119]
3467;0000-2400;;NZL;Auckland Radio;E;Oc;a;1;;
3467;0000-2400;;OCE;Tahiti Radio;E;Oc;fa;1;;
3467;0000-2400;;USA;San Francisco Radio SP;E;Oc;/HWA-m;1;;
3470;0000-2400;;CLN;Colombo Radio;E;SAs;;1;;[1218]
3473;0000-2400;;IRL;Shannon Aeradio I;E;NAO;s;1;;
3473;0000-2400;;IRL;Shannon Aeradio J;E;NAO;s;1;;
3476;0000-2400;;CAN;Gander Radio F;E;NAO;g;1;;[0523]
3476;0100-0800;;IRL;Shannon Aeradio F;E;NAO;s;1;;[1219]
3488;0000-2400;;IRL;Shannon Aeradio I;E;NAO;s;1;;
3491;0000-2400;;AZR;Santa Maria Radio H;E;NAO;sm;1;;[0323]
3491;0000-2400;;IRL;Shannon Aeradio H;E;NAO;s;1;;[0324]
3494;0000-2400;;USA;New York Radio;E;NAO;bg;1;;
3494;0000-2400;;USA;San Francisco R. LDOC;E;Oc;dx;1;;
3497;0000-2400;;ALS;Barrow HFDL (ID9);-HF;NOc;ba;1;;
3560;1800-1900;;KRE;Voice of Korea;E;FE;u;1;;[0724]
3560;1900-2000;;KRE;Voice of Korea;S;FE;u;1;;[0724]
3560;2000-2100;;KRE;Voice of Korea;F;FE;u;1;;[0724]
3560;2100-2200;;KRE;Voice of Korea;E;FE;u;1;;[0724]
3560;2200-2300;;KRE;Voice of Korea;S;FE;u;1;;
3585;1200-2400;;KOR;HLL Seoul Meteo Fax;;FE;sg;1;;[0222]
3593.7;0000-2400;;RUS;Channel Marker D;-CW;EEu;se;1;;
3593.8;0000-2400;;RUS;Channel Marker P;-CW;RUS;kl;1;;[0116]
3593.9;0000-2400;;RUS;Channel Marker S;-CW;RUS;sm;1;;
3594;0000-2400;;RUS;Channel Marker C;-CW;RUS;m;1;;
3594.1;0000-2400;;RUS;Channel Marker A;-CW;RUS;as;1;;[0116]
3594.2;0000-2400;;RUS;Channel Marker F;-CW;FE;vl;1;;[1119]
3594.3;0000-2400;;RUS;Channel Marker K;-CW;FE;pk;1;;
3594.4;0000-2400;;RUS;Channel Marker M;-CW;FE;mg;1;;
3622.5;0000-2400;;J;JMH Japan Meteo Fax;;FE;k;1;;[0222]
3673;0333-0343;;HOL;Netherlands Coastgd Wx;E;WEu;cg;1;;
3673;0733-0743;;HOL;Netherlands Coastgd Wx;E;WEu;cg;1;;
3673;0940-0950;;HOL;Netherlands Coastgd Wx;E;WEu;cg;1;;[0918]
3673;1133-1143;;HOL;Netherlands Coastgd Wx;E;WEu;cg;1;;
3673;1533-1543;;HOL;Netherlands Coastgd Wx;E;WEu;cg;1;;[0217]
3673;1933-1943;;HOL;Netherlands Coastgd Wx;E;WEu;cg;1;;
3673;2140-2150;;HOL;Netherlands Coastgd Wx;E;WEu;cg;1;;[0121]
3673;2333-2343;;HOL;Netherlands Coastgd Wx;E;WEu;cg;1;;
3740;0704-0743;;BUL;LZW Varna Radio;E;BUL;va;1;;[1221]
3740;1333-1343;;BUL;LZW Varna Radio;E;BUL;va;1;;
3740;1933-1943;;BUL;LZW Varna Radio;E;BUL;va;1;;
3756;1400-0530;;RUS;The Pip (Kaplya) Rostov;-TS;EEu;rp;1;0111;2802[1125]
3756;1600-0430;;RUS;The Pip (Kaplya) Rostov;-TS;EEu;rp;1;0103;3004[0324]
3756;1630-0430;;RUS;The Pip (Kaplya) Rostov;-TS;EEu;rp;1;0109;3110[1019]
3756;1730-0300;;RUS;The Pip (Kaplya) Rostov;-TS;EEu;rp;1;0105;3108[0626]
3850;1400-0530;;RUS;Baron Channel Marker;;EEu;vo;1;0112;2802
3850;1600-0430;;RUS;Baron Channel Marker;;EEu;vo;1;0103;3004
3850;1630-0430;;RUS;Baron Channel Marker;;EEu;vo;1;0109;3110
3850;1730-0400;;RUS;Baron Channel Marker;;EEu;vo;1;0105;3108
3855;0430-0545;;D;DWD Pinneberg Met Fax;;Eu;pi;1;;[0518]
3855;0638-1155;;D;DWD Pinneberg Met Fax;;Eu;pi;1;;[0816]
3855;1236-1551;;D;DWD Pinneberg Met Fax;;Eu;pi;1;;[1216]
3855;1636-1655;;D;DWD Pinneberg Met Fax;;Eu;pi;1;;
3855;1800-1947;;D;DWD Pinneberg Met Fax;;Eu;pi;1;;[0723]
3855;2035-2300;;D;DWD Pinneberg Met Fax;;Eu;pi;1;;[1221]
3900;0900-1440;;CHN;PBS Hulun Buir;M;CHN;ha;1;;[0225]
3900;2130-0700;;CHN;PBS Hulun Buir;M;CHN;ha;1;;[0324]
3900;0000-2400;;ISL;Reykjavik HFDL (ID3);-HF;NAO;r;1;;
3900;0800-0830;Last7;NZL;NZART Official Broadc.;E;NZL;xx;3;;
3900;0900-0930;Last7;NZL;NZART Official Broadc.;E;NZL;xx;3;;
3909;0000-2400;;F;FUE French Navy USB/FSK;F;NAO;br;1;;
3920;1950-1800;irr;KRE;KCBS Pyongyang;K;KRE;e;1;;[0921]
3925;0750-1500;Mo-Fr;J;Radio Nikkei 1;J;FE;n;1;;[0726]
3925;2200-2300;Su-Th;J;Radio Nikkei 1;J;FE;n;1;;
3940;1900-0400;irr;RUS;Music Wave Radio;R;EEu;k;1;;[1225]
3942;0000-2400;;F;FUO French Navy USB/FSK;F;Eu;to;1;;
3945;0557-1105;;VUT;Radio Vanuatu;BSL;VUT;;6;0107;0407
3945;0757-1105;;VUT;Radio Vanuatu;BSL;VUT;;1;0507;[0826]
3950;1200-1800;;CHN;PBS Xinjiang;M;CHN;uc;4;;[0324]
3950;2310-0300;;CHN;PBS Xinjiang;M;CHN;uc;4;;[0326]
3955;0700-2000;;D;Channel 292;D,E;Eu;r;1;;
3955;2100-0459;;D;Channel 292;D,E;Eu;r;1;;[0626]
3955;2100-2200;;D;SM Radio Dessau;D;Eu;r;6;0105;0105
3955;0500-0600;;G;BBC DIGITAL;E;CEu;w;6;0109;2510
3955;2000-2100;;KOR;KBS World Radio;D;Eu;/G-w;1;;
3955;2100-2200;;KOR;KBS World Radio;F;Eu;/G-w;4;;
3959;1950-1800;;KRE;KCBS Pyongyang;K;KRE;k;1;;[0324]
3965;0000-2400;;DNK;World Music Radio;E;Eu;hv;1;1905;[0726]
3975;0800-1600;SaSu;D;Shortwave Radio Gold;D,E;WEu;wa;4;;
3975;1500-2200;;D;Shortwave Radio Gold;D,E;WEu;wa;5;;[0726]
3975;1600-1800;;D;Shortwave Radio Gold;D,E;WEu;wa;4;;
3975;1800-2000;;D;Shortwave Radio Gold;D,E;WEu;wa;4;;
3975;2000-2300;;D;Shortwave Radio Gold;D,E;WEu;wa;4;;[0126]
3975;2200-2400;;D;Shortwave Radio Gold;D,E;WEu;wa;5;;
3975;2300-0100;;D;Shortwave Radio Gold;D,E;WEu;wa;4;;
3985;0900-1200;;CHN;CNR 2 China Business R.;M;CHN;q;4;;
3985;1200-1605;;CHN;CNR 2 China Business R.;M;CHN;q;1;;[0122]
3985;1652-2050;31May;HOL;Free Radio Sce Holland;E;Eu;xx;6;2705;3105
3985;1500-2400;Fr-Sa;HOL;Radio Delta Int.;NL;Eu;e;1;1505;[0626]
3990;0350-0650;;CHN;PBS Gannan;TB;CHN;he;4;;
3990;1020-1410;;CHN;PBS Gannan;TB;CHN;he;1;;[0324]
3990;2215-0120;;CHN;PBS Gannan;TB;CHN;he;1;;[1023]
3990;1135-1200;;CHN;PBS Xinjiang;UI;CHN;uc;4;;
3990;1200-1225;;CHN;PBS Xinjiang;UI;CHN;uc;4;;
3990;1225-1800;;CHN;PBS Xinjiang;UI;CHN;uc;4;;[1224]
3990;2310-0300;;CHN;PBS Xinjiang;UI;CHN;uc;4;;[1125]
3995;0000-0300;;EQA;HCJB Voice of Andes;D;CEu;/D-we;5;;[0724]
3995;0000-0400;;EQA;HCJB Voice of Andes;D;CEu;/D-we;4;;
3995;0300-0400;;EQA;HCJB Voice of Andes;R;CEu;/D-we;2;;[0824]
3995;0400-2200;;EQA;HCJB Voice of Andes;D;CEu;/D-we;2;;[0726]
3995;2200-2400;;EQA;HCJB Voice of Andes;R;CEu;/D-we;5;;[0324]
3995;2300-0100;;EQA;HCJB Voice of Andes;R;CEu;/D-we;4;;
4005;0000-2400;;B;Rádio Casa AM;P;B;am;1;;[0523]
4005;0000-2400;;USA;NSS US Navy;-TY;NAm;a;1;;
4125;0000-2400;;CAN;VAJ Prince Rupert Radio;E;WNA;ap;1;;
4125;0000-2400;;CAN;VAJ Prince Rupert Radio;E;WNA;di;1;;
4125;0000-2400;;CAN;VFF Iqaluit Radio;E;NAm;i;1;1505;2012
4146;0020-0035;;CHL;CBM Magellanes Radio;S;CHL;pa;1;;[0525]
4146;1220-1235;;CHL;CBM Magellanes Radio;S;CHL;pa;1;;
4146;1150-1205;;CHL;CBP Puerto Montt R.;S;CHL;pm;1;;
4146;2350-0005;;CHL;CBP Puerto Montt R.;S;CHL;pm;1;;[0525]
4146;0003-0040;;NZL;ZLM Taupo Maritime R.;E;Oc;t;5;;
4146;0133-0210;;NZL;ZLM Taupo Maritime R.;E;Oc;t;3;;
4146;0533-0610;;NZL;ZLM Taupo Maritime R.;E;Oc;t;3;;
4146;0803-0840;;NZL;ZLM Taupo Maritime R.;E;Oc;t;3;;
4146;1333-1418;;NZL;ZLM Taupo Maritime R.;E;Oc;t;3;;[1117]
4146;1733-1810;;NZL;ZLM Taupo Maritime R.;E;Oc;t;3;;
4146;2003-2040;;NZL;ZLM Taupo Maritime R.;E;Oc;t;3;;
4146;2303-2340;;NZL;ZLM Taupo Maritime R.;E;Oc;t;4;;
4149;2300-1000;;AUS;VMW Wiluna WA;E;AUS;w;1;;
4159.5;0000-0540;;CHN;XSQ Guangzhou Meteo Fax;E;FE;gx;1;;
4159.5;0815-0840;irr;CHN;XSQ Guangzhou Meteo Fax;E;FE;gx;1;;
4159.5;1225-1715;;CHN;XSQ Guangzhou Meteo Fax;E;FE;gx;1;;
4159.5;2015-2040;irr;CHN;XSQ Guangzhou Meteo Fax;E;FE;gx;1;;
4170;0000-0155;;CHN;XSG Shanghai Radio Fax;M;FE;sh;1;;
4170;0230-0655;;CHN;XSG Shanghai Radio Fax;M;FE;sh;1;;
4170;0730-1030;;CHN;XSG Shanghai Radio Fax;M;FE;sh;1;;
4170;1425-1450;;CHN;XSG Shanghai Radio Fax;M;FE;sh;1;;
4170;2025-2050;;CHN;XSG Shanghai Radio Fax;M;FE;sh;1;;
4177.5;0000-2400;;CAN;VFF Iqaluit Radio;-TY;NAm;i;1;1505;2012
4181;1910-1920;We,Sa;POL;E11 Polish Spy Numbers;E;;p;1;0103;3004[0323]
4181;1910-1920;We,Sa;POL;E11 Polish Spy Numbers;E;;p;1;0109;3110
4207.5;0000-2400;;CAN;VFF Iqaluit Radio;-TY;NAm;i;1;1505;2012
4209.5;0000-2400;;TUR;TAH Turk Radio Istanbul;-CW;ME;is;1;;[1025]
4212;0000-2400;;CHN;XSQ Guangzhou Radio;-TY;FE;gx;1;;[0222]
4212.5;0000-2400;;CHN;XSV Tianjin Radio;-TY;FE;tj;1;;
4215.5;0000-2400;;CHN;XSG Shanghai Radio;-TY;FE;sh;1;;[0222]
4216;0000-2400;;TUR;TAH Turk Radio Istanbul;-CW;ME;is;1;;[1219]
4219;0000-2400;;CHN;XSQ Guangzhou Radio;-TY;FE;gx;1;;[0222]
4228;1115-1200;;CHL;CBV Valparaiso Met Fax;;SAm;v;1;;
4228;1630-1715;;CHL;CBV Valparaiso Met Fax;;SAm;v;1;;
4228;1915-2100;;CHL;CBV Valparaiso Met Fax;;SAm;v;1;;
4228;2200-2355;;CHL;CBV Valparaiso Met Fax;;SAm;v;1;;[0223]
4235;0230-0505;;USA;NMF Fax Boston MA;;ENA;bo;1;;[0824]
4235;0745-1040;;USA;NMF Fax Boston MA;;ENA;bo;1;;
4259;0000-2400;;CHN;XSG Shanghai Radio;M;FE;sh;1;;
4271;2200-1000;;CAN;CFH Halifax Radio;-TY;NAm;hx;1;;
4274;0700-0715;Tu,Fr;J;JFX Kagoshima Fish.Fax;;WOc;m;1;;
4274;0730-0745;Tu,Fr;J;JFX Kagoshima Fish.Fax;;WOc;m;1;;
4274;1100-1115;;J;JFX Kagoshima Fish.Fax;;WOc;m;1;;
4298;0340-0610;;ALS;NOJ Fax Kodiak;;WNA;k;1;;
4298;0950-1210;;ALS;NOJ Fax Kodiak;;WNA;k;1;;[1218]
4298;1540-1820;;ALS;NOJ Fax Kodiak;;WNA;k;1;;
4298;2150-0030;;ALS;NOJ Fax Kodiak;;WNA;k;1;;
4310;0430-1600;;RUS;Goose Channel Marker;;EEu;sk;1;0103;3004
4310;0430-1630;;RUS;Goose Channel Marker;;EEu;sk;1;0109;3110
4310;0430-2000;;RUS;Goose Channel Marker;;EEu;sk;1;0105;3108
4310;0530-1400;;RUS;Goose Channel Marker;;EEu;sk;1;0111;2802
4316;0330-0410;;USA;NMG USCG New Orleans;E;NAm;nm;1;;[0124]
4316;0515-0550;;USA;NMG USCG New Orleans;E;NAm;nm;1;;[0321]
4316;0930-1015;;USA;NMG USCG New Orleans;E;NAm;nm;1;;[0726]
4316;1115-1150;;USA;NMG USCG New Orleans;E;NAm;nm;1;;
4316;1530-1605;;USA;NMG USCG New Orleans;E;NAm;nm;1;;
4316;1715-1750;;USA;NMG USCG New Orleans;E;NAm;nm;1;;
4316;2130-2245;;USA;NMG USCG New Orleans;E;NAm;nm;1;;[0120]
4316;2315-2350;;USA;NMG USCG New Orleans;E;NAm;nm;1;;[0317]
4317.9;0000-0305;;USA;NMG Fax New Orleans;;Car;nm;1;;[0321]
4317.9;0600-0855;;USA;NMG Fax New Orleans;;Car;nm;1;;
4317.9;1200-1505;;USA;NMG Fax New Orleans;;Car;nm;1;;[0918]
4317.9;1800-2105;;USA;NMG Fax New Orleans;;Car;nm;1;;
4331;0000-2400;;ISR;4XZ Israeli Navy Haifa;-CW;;;1;;[0425]
4346;0140-0415;;USA;NMC Fax Pt Reyes CA;;WNA;pr;1;;[0921]
4346;0655-1015;;USA;NMC Fax Pt Reyes CA;;WNA;pr;1;;[0522]
4346;1120-1235;;USA;NMC Fax Pt Reyes CA;;WNA;pr;1;;[0421]
4346;1400-1615;;USA;NMC Fax Pt Reyes CA;;WNA;-pr;1;;
4357;1135-1150;;CHL;CBA Antofagasta Radio;S;CHL;a;1;;
4357;2335-2350;;CHL;CBA Antofagasta Radio;S;CHL;a;1;;
4357;0005-0020;;CHL;CBV Valparaíso Radio;S;CHL;v;1;;[0525]
4357;1205-1220;;CHL;CBV Valparaíso Radio;S;CHL;v;1;;
4357;0233-0248;;NOR;Telenor Kystradio North;NO;NEu;ly;1;;
4357;0633-0648;;NOR;Telenor Kystradio North;NO;NEu;ly;1;;
4357;1033-1048;;NOR;Telenor Kystradio North;NO;NEu;ly;1;;
4357;1203-1218;;NOR;Telenor Kystradio North;E;NEu;ly;1;;
4357;1433-1448;;NOR;Telenor Kystradio North;NO;NEu;ly;1;;
4357;1833-1848;;NOR;Telenor Kystradio North;NO;NEu;ly;1;;
4357;2233-2248;;NOR;Telenor Kystradio North;NO;NEu;ly;1;;
4357;2303-2318;;NOR;Telenor Kystradio North;E;NEu;ly;1;;
4363;0000-2400;;CAN;VFF Iqaluit Radio;E;NAm;cb;1;0107;1510
4363;0000-2400;;CAN;VFF Iqaluit Radio;E;NAm;ch;1;0107;3110
4363;0000-2400;;CAN;VFF Iqaluit Radio;E;NAm;hr;1;1505;3110
4363;0000-2400;;CAN;VFF Iqaluit Radio;E;NAm;i;1;1505;2012
4363;0000-2400;;CAN;VFF Iqaluit Radio;E;NAm;in;1;1505;3110
4363;0000-2400;;CAN;VFF Iqaluit Radio;E;NAm;k;1;0107;2012
4363;0000-2400;;CAN;VFF Iqaluit Radio;E;NAm;r;1;1507;3110
4363;0115-0200;;CAN;VFF Iqaluit Radio;E;NAm;hr;1;1505;3110
4363;0235-0300;;CAN;VFF Iqaluit Radio;E;NAm;cb;1;0107;1510
4363;1240-1300;;CAN;VFF Iqaluit Radio;E;NAm;r;1;1507;3110
4363;1315-1400;;CAN;VFF Iqaluit Radio;E;NAm;hr;1;1505;3110
4363;1410-1430;;CAN;VFF Iqaluit Radio;E;NAm;i;1;1505;2012
4363;1705-1745;;CAN;VFF Iqaluit Radio;E;NAm;cb;1;0107;1510
4375;1815-1845;;AFS;ZSC Cape Town Radio;E;SAf;ct;1;;[0125]
4384;0000-2400;;CHN;XSQ Guangzhou Radio;M;FE;gx;1;;
4387;0000-2400;;TUR;TAH Turk Radio Istanbul;E;ME;is;1;;
4399;0000-2400;;CHN;XSV Tianjin Radio;M;FE;tj;1;;
4399;1400-1405;;CHN;XSV Tianjin Radio;M;NAs;tj;1;0107;3110
4405;0955-1020;;TUR;TAH Turk Radio Istanbul;TU;ME;is;1;;[0125]
4405;1700-1730;;TUR;TAH Turk Radio Istanbul;TU;ME;is;1;;[1116]
4405;1755-1820;;TUR;TAH Turk Radio Istanbul;TU;ME;is;1;;[0321]
4405;1820-1840;;TUR;TAH Turk Radio Istanbul;E;ME;is;1;;[0526]
4414;0000-2400;;TUR;TAH Turk Radio Istanbul;E;ME;is;1;;
4416;2200-2240;;CAN;VCO Sydney Meteo Fax;;ENA;sm;1;;[1219]
4416;2331-2400;;CAN;VCO Sydney Meteo Fax;;ENA;sm;1;;
4417;0000-2400;;I;Romaradio IAR;I;SEu;r;1;;
4426;2100-0800;;AUS;VMC Charleville QL;E;AUS;c;1;;
4426;0430-0505;;USA;NMC USCG Point Reyes;E;NAm;pr;1;;[1121]
4426;1030-1105;;USA;NMC USCG Point Reyes;E;NAm;pr;1;;[1125]
4426;0330-0430;;USA;NMN USCG Chesapeake;E;NAm;ch;1;;[0724]
4426;0515-0615;;USA;NMN USCG Chesapeake;E;NAm;ch;1;;[0321]
4426;0930-1030;;USA;NMN USCG Chesapeake;E;NAm;ch;1;;[0824]
4481.3;0845-1100;;GRC;SWA18 Athens Meteo Fax;;SEE;o;1;;[0419]
4500;1210-1800;;CHN;PBS Xinjiang;MO;CHN;uc;4;;[1225]
4500;2315-0330;;CHN;PBS Xinjiang;MO;CHN;uc;4;;[1125]
4505;1530-1540;SaSu;POL;E11 Polish Spy Numbers;E;;p;1;0103;3004
4505;1530-1540;SaSu;POL;E11 Polish Spy Numbers;E;;p;1;0109;3110
4505;1645-1655;Su;POL;E11 Polish Spy Numbers;E;;p;1;0103;3004
4505;1645-1655;Su;POL;E11 Polish Spy Numbers;E;;p;1;0109;3110[0924]
4505;1910-1920;We,Sa;POL;E11 Polish Spy Numbers;E;;p;1;0111;2802[0223]
4557.7;0000-2400;;RUS;Channel Marker D;-CW;EEu;se;1;;[1025]
4557.8;0000-2400;;RUS;Channel Marker P;-CW;RUS;kl;1;;[1219]
4557.9;0000-2400;;RUS;Channel Marker S;-CW;RUS;sm;1;;[0324]
4558;0000-2400;;RUS;Channel Marker C;-CW;RUS;m;1;;
4558.1;0000-2400;;RUS;Channel Marker A;-CW;RUS;as;1;;[0321]
4558.2;0000-2400;;RUS;Channel Marker F;-CW;FE;vl;1;;
4558.3;0000-2400;;RUS;Channel Marker K;-CW;FE;pk;1;;
4558.4;0000-2400;;RUS;Channel Marker M;-CW;FE;mg;1;;
4560;0000-2400;;TUR;TAH Turk Radio Istanbul;-TY;ME;is;1;;[0321]
4583;0000-2400;;D;DWD 1 Pinneberg RTTY;E;Eu;pi;1;;[0825]
4603;0000-2400;;RUS;Channel Marker D;-CW;RUS;;1;;[1119]
4610;0500-0600;;G;GYA Northwood Meteo Fax;;WEu;nw;1;;[0426]
4610;0600-2000;;G;GYA Northwood Meteo Fax;;WEu;nw;1;;[0425]
4610;2000-2200;;G;GYA Northwood Meteo Fax;;WEu;nw;1;;
4610;2200-0500;;G;GYA Northwood Meteo Fax;;WEu;nw;1;;
4625;0000-2400;;RUS;The Buzzer;;RUS;B2;1;;[0726]
4651;0000-2400;;IRL;Shannon Aeradio J;E;NAO;s;1;;[1025]
4654;0000-2400;;ALS;Barrow HFDL (ID9);-HF;NOc;ba;1;;
4660;0000-2400;;BOL;Santa Cruz HFDL (ID13);-HF;SAm;sz;1;;
4666;0000-2400;;IRL;Shannon Aeradio J;E;NAO;s;1;;
4666;0000-2400;;J;Tokyo Radio;E;FE;;1;;[0718]
4666;0000-2400;;USA;San Francisco Radio CWP;E;WOc;/HWA-m;1;;[0519]
4675;0000-2400;;ARG;ResistenciaVolmetx20x50;S;ARG;r;1;;
4675;0000-2400;;CAN;Gander Radio;E;NAO;g;1;;[0122]
4675;0100-0800;;IRL;Shannon Aeradio D;E;NAO;s;1;;
4675;1100-1800;;IRL;Shannon Aeradio D;E;NAO;s;1;;
4675;0000-2400;;ISL;Iceland Radio;E;NAO;g;1;;[0120]
4681;0000-2400;;AFS;Johannesburg HFDL (ID8);-HF;SAf;j;1;;[0420]
4684;0000-2400;;IRL;Shannon Aeradio J;E;NAO;s;1;;
4687;0000-2400;;ALS;Barrow HFDL (ID9);-HF;NOc;ba;1;;
4724;0000-2400;;USA;US Air Force Messages;E;NAm;;1;;[1225]
4750;0600-0900;We-Mo;CHN;China National Radio 1;M;CHN;ha;1;;
4750;0900-1730;;CHN;China National Radio 1;M;CHN;ha;1;;[0522]
4750;1955-2023;;CHN;China National Radio 1;M;CHN;ha;1;;[0420]
4750;2023-0600;;CHN;China National Radio 1;M;CHN;ha;1;;[0324]
4752;1047-1330;;PRU;Radio Huanta 2000;Q,S;PRU;hu;1;2004;
4752;2200-0133;;PRU;Radio Huanta 2000;Q,S;PRU;hu;1;2004;[0626]
4755;1000-1100;;INS;Voice of Indonesia;E;INS;j;1;;[0726]
4755;1100-1200;;INS;Voice of Indonesia;M;INS;j;1;;[0626]
4755;1200-1300;;INS;Voice of Indonesia;J;INS;j;1;;[0826]
4755;1300-1400;;INS;Voice of Indonesia;E;INS;j;1;;[1125]
4755;1400-1500;;INS;Voice of Indonesia;IN;INS;j;1;;[0726]
4755;1500-1600;;INS;Voice of Indonesia;M;INS;j;1;;[1224]
4755;1600-1700;;INS;Voice of Indonesia;A;INS;j;1;;[1224]
4755;1700-1800;;INS;Voice of Indonesia;S;INS;j;1;;
4755;1800-1900;;INS;Voice of Indonesia;D;INS;j;1;;[0426]
4755;1900-2000;;INS;Voice of Indonesia;NL;INS;j;1;;[1025]
4755;2000-2100;;INS;Voice of Indonesia;F;INS;j;1;;[0726]
4755;2100-2200;;INS;Voice of Indonesia;E;INS;j;1;;[0326]
4755;2200-2300;;INS;Voice of Indonesia;J;INS;j;1;;[0526]
4765;0030-0400;;CUB;Radio Progreso;S;Car;b;2;;[1125]
4770;0000-2400;;RUS;Alarm Channel Marker;;RUS;sk;1;;[0525]
4775;0000-0220;Tu-Su;PRU;Radio Tarma;S;PRU;ta;1;;[0726]
4775;0950-1050;Mo-Sa;PRU;Radio Tarma;S;PRU;ta;1;;[0726]
4775;1050-1400;;PRU;Radio Tarma;S;PRU;ta;1;;[1125]
4775;2000-2200;Su;PRU;Radio Tarma;S;PRU;ta;1;;
4775;2200-2400;Mo-Sa;PRU;Radio Tarma;S;PRU;ta;1;;[0626]
4783;1910-1920;We,Sa;POL;E11 Polish Spy Numbers;E;;p;1;0105;3108
4790;1230-1330;;CHN;CNR1 Jammer/Firedrake;M;CHN;;1;;
4800;0600-0900;We-Mo;CHN;China National Radio 1;M;CHN;q;1;;[1220]
4800;0900-1805;;CHN;China National Radio 1;M;CHN;q;1;;[1225]
4800;2023-0600;;CHN;China National Radio 1;M;CHN;q;1;;[1225]
4810;0755-1500;;PRU;Radio Logos;S,Q;PRU;cz;1;;[0726]
4810;2100-0300;;PRU;Radio Logos;S,Q;PRU;cz;1;;[0426]
4820;0300-0600;;CHN;Xizang RTV;M;CHN;t;1;;
4820;0600-0900;We-Mo;CHN;Xizang RTV;M;CHN;t;1;;
4820;0900-1000;We-Mo;CHN;Xizang RTV;M;CHN;t;1;;
4820;1000-1800;;CHN;Xizang RTV;M;CHN;t;1;;[0626]
4820;2000-2100;We-Mo;CHN;Xizang RTV;M;CHN;t;1;;[0726]
4820;2100-0300;;CHN;Xizang RTV;M;CHN;t;1;;[0326]
4820;0755-1300;;PRU;Radio Senda Cristiana;S,Q;PRU;vv;1;;[0526]
4820;2100-0302;;PRU;Radio Senda Cristiana;S,Q;PRU;vv;1;;[0626]
4835;0000-2400;;AUS;Shortwave Australia;E;AUS;be;1;;[0726]
4840;0000-1200;;USA;WWCR 3 Nashville, TN;E;NAm;n;2;;
4850;0000-0330;;CHN;PBS Xinjiang;KZ;CHN;uc;4;;[1125]
4850;1155-1800;;CHN;PBS Xinjiang;KZ;CHN;uc;4;;[1225]
4900;0840-1132;;CHN;Voice of Strait;M;FE;gu;1;;[0626]
4905;0200-0700;;CHN;Xizang RTV;TB;CHN;t;1;;[1220]
4905;0700-0800;We-Mo;CHN;Xizang RTV;E;CHN;t;1;;[1124]
4905;0800-1000;We-Mo;CHN;Xizang RTV;TB;CHN;t;1;;[0325]
4905;1000-1600;;CHN;Xizang RTV;TB;CHN;t;1;;[0222]
4905;1600-1700;;CHN;Xizang RTV;E;CHN;t;1;;[0326]
4905;1700-1805;;CHN;Xizang RTV;TB;CHN;t;1;;[0426]
4905;2050-0200;;CHN;Xizang RTV;TB;CHN;t;1;;[0726]
4909;0450-0500;Mo;POL;E11 Polish Spy Numbers;E;;p;1;0111;2802
4909;1300-1310;Mo,Th;POL;E11 Polish Spy Numbers;E;;p;1;0111;2802[1221]
4909;1530-1540;SaSu;POL;E11 Polish Spy Numbers;E;;p;1;0111;2802[1122]
4920;0200-0700;;CHN;Xizang RTV;TB;CHN;t;1;;[1219]
4920;0700-0800;We-Mo;CHN;Xizang RTV;E;CHN;t;1;;
4920;0800-1000;We-Mo;CHN;Xizang RTV;TB;CHN;t;1;;
4920;1000-1600;;CHN;Xizang RTV;TB;CHN;t;1;;[0325]
4920;1600-1700;;CHN;Xizang RTV;E;CHN;t;1;;[1225]
4920;1700-1805;;CHN;Xizang RTV;TB;CHN;t;1;;[0426]
4920;2050-0200;;CHN;Xizang RTV;TB;CHN;t;1;;[0326]
4930;1200-1400;Tu,Fr;USA;Voice of America;E;Af;/BOT;6;2205;2510
4940;2300-1100;irr;CLM;Estación 4940;S;VEN;;1;;[0726]
4940;0400-1730;;RUS;Baron Channel Marker;;EEu;vo;1;0105;3108
4940;0430-1600;;RUS;Baron Channel Marker;;EEu;vo;1;0103;3004
4940;0430-1630;;RUS;Baron Channel Marker;;EEu;vo;1;0109;3110
4940;0530-1400;;RUS;Baron Channel Marker;;EEu;vo;1;0112;2802
4940;0530-0700;Tu,Fr;USA;Voice of America;E;SAf;/BOT;6;2305;2510
4955;1000-1400;;PRU;R.Cultura Amauta, Huanta;S,Q;PRU;hu;1;;[1025]
4955;2100-0115;;PRU;R.Cultura Amauta, Huanta;S,Q;PRU;hu;1;;[0726]
4970;0000-2400;irr;AUS;Radio 567;E;AUS;be;1;2004;[0726]
4980;1135-1200;;CHN;PBS Xinjiang;UI;CHN;uc;4;;
4980;1200-1225;;CHN;PBS Xinjiang;UI;CHN;uc;4;;
4980;1225-1800;;CHN;PBS Xinjiang;UI;CHN;uc;4;;[1225]
4980;2310-0300;;CHN;PBS Xinjiang;UI;CHN;uc;4;;[0326]
4985;0000-2400;;USA;NSS US Navy;-TY;NAm;a;1;;[0823]
4990;0300-0500;;CHN;PBS Hunan;M;FE;xt;1;;
4990;0900-1700;;CHN;PBS Hunan;M;FE;xt;1;;[1025]
4990;2030-0100;;CHN;PBS Hunan;M;FE;xt;1;;[0924]
4996;0000-2400;;RUS;RWM Moscow;-TS;RUS;t;1;;[0626]
5000;0000-2400;;CHN;BPM Xian;-TS;CHN;p;1;;[0326]
5000;0000-2400;;HWA;WWVH Hawaii (f.ann.);-TS;USA;b;1;;[0526]
5000;0000-2400;;KOR;HLA Taedok;-TS;KOR;t;1;;[0420]
5000;0000-2400;;USA;WWV Colorado (m.ann.);-TS;USA;fb;1;;[0526]
5006;0000-2400;;J;JG2XA Propag.Studies;-CW;FE;f;6;2903;0207[0923]
5006;0000-2400;;RUS;RJD59 Russian Navy;-TY;EEu;kl;1;;[0922]
5010;0000-0030;;CZE;Radio Prague;S;Car;/USA-o;1;;
5010;0230-0300;;CZE;Radio Prague;S;Car;/USA-o;1;;
5010;0030-0100;;SVK;Radio Slovakia Int.;S;Car;/USA-o;1;;
5010;0200-0230;;TWN;Radio Taiwan Int.;S;Car;/USA-o;1;;
5010;0100-0200;;USA;WRMI Radio Miami Int.;E;Car;o;1;;
5010;2300-2400;;USA;WRMI Radio Miami Int.;E;Car;o;1;;
5020;0500-1203;;SLM;Solomon Islands B.C.;E;SLM;;8;;[0526]
5020;1203-1900;irr;SLM;Solomon Islands B.C.;-MX;SLM;;8;;[1225]
5020;1900-2200;;SLM;Solomon Islands B.C.;E;SLM;;8;;[1225]
5025;0000-2400;irr;CUB;Radio Rebelde;S;Car;q;1;;[0726]
5035;1000-2345;;B;R.Educacao Rural, Coari;P;B;co;1;;[0726]
5040;0557-1105;;VUT;Radio Vanuatu;BSL;VUT;;6;0405;3006[0626]
5040;1830-2000;;VUT;Radio Vanuatu;BSL;VUT;;1;;[0526]
5045;0400-2400;;AUS;Bay Islands Radio;E;AUS;ri;1;;[0726]
5050;0000-0005;We;CHN;Beibu Bay Radio;BR;FE;n;1;;
5050;0000-0005;Mo,Sa;CHN;Beibu Bay Radio;KH;FE;n;1;;
5050;0000-0005;Tu;CHN;Beibu Bay Radio;LAO;FE;n;1;;
5050;0000-0005;Th;CHN;Beibu Bay Radio;T;FE;n;1;;
5050;0000-0005;Fr;CHN;Beibu Bay Radio;VN;FE;n;1;;
5050;0005-0100;;CHN;Beibu Bay Radio;T;FE;n;1;;
5050;0100-0102;;CHN;Beibu Bay Radio;M;FE;n;1;;
5050;0945-1100;;CHN;Beibu Bay Radio;M;FE;n;1;;[1025]
5050;1200-1300;;CHN;Beibu Bay Radio;VN;FE;n;1;;[1125]
5050;1300-1530;;CHN;Beibu Bay Radio;M;FE;n;1;;
5050;1330-1340;We;CHN;Beibu Bay Radio;BR;FE;n;1;;
5050;1330-1340;Mo;CHN;Beibu Bay Radio;KH;FE;n;1;;
5050;1330-1340;Tu;CHN;Beibu Bay Radio;LAO;FE;n;1;;
5050;1330-1340;Th;CHN;Beibu Bay Radio;T;FE;n;1;;
5050;1330-1340;Fr;CHN;Beibu Bay Radio;VN;FE;n;1;;
5050;1515-1518;;CHN;Beibu Bay Radio;E;FE;n;1;;[1225]
5050;1530-1545;;CHN;Beibu Bay Radio;T;FE;n;1;;
5050;1545-1603;;CHN;Beibu Bay Radio;M;FE;n;1;;
5050;2243-0005;;CHN;Beibu Bay Radio;M;FE;n;1;;
5050;1100-1200;;CHN;China Radio Int.;VN;FE;n;1;;[1024]
5050;0000-0030;Su;USA;America250 DueDiligence;E;CAm;o;6;0706;0706
5050;0000-0100;Su;USA;America250 DueDiligence;E;CAm;o;6;0806;3112
5050;0000-0400;;USA;WRMI Radio Miami Int.;E;CAm;o;2;;
5055;0000-2400;Tests;AUS;4DX Radio;E;AUS;sj;6;1106;2006[0726]
5055;0500-1100;;AUS;4DX Radio;E;AUS;sj;1;2106;[0726]
5060;1135-1200;;CHN;PBS Xinjiang;M;CHN;uc;4;;
5060;1200-1800;;CHN;PBS Xinjiang;M;CHN;uc;4;;[1225]
5060;2310-0300;;CHN;PBS Xinjiang;M;CHN;uc;4;;[0326]
5082;1530-1540;SaSu;POL;E11 Polish Spy Numbers;E;;p;1;0105;3108[0821]
5082;1715-1725;We,Fr;POL;E11 Polish Spy Numbers;E;;p;1;0111;2802[0223]
5082;2000-2010;Th,Su;POL;E11 Polish Spy Numbers;E;;p;1;0111;2802
5085;0100-0300;;USA;WTWW Lebanon, TN;E;NAm;L;2;;[0626]
5085;0300-0330;Sa;USA;WTWW Lebanon, TN;E;NAm;L;2;;[1225]
5100;0015-0215;;AUS;VMC Charleville Met Fax;;Oc;c;1;;
5100;0245-0330;;AUS;VMC Charleville Met Fax;;Oc;c;1;;
5100;0400-0500;;AUS;VMC Charleville Met Fax;;Oc;c;1;;
5100;0600-0855;;AUS;VMC Charleville Met Fax;;Oc;c;1;;[0216]
5100;0900-0955;;AUS;VMC Charleville Met Fax;;Oc;c;1;;[0521]
5100;1015-1715;;AUS;VMC Charleville Met Fax;;Oc;c;1;;[0122]
5100;1800-1845;;AUS;VMC Charleville Met Fax;;Oc;c;1;;
5100;1915-2045;;AUS;VMC Charleville Met Fax;;Oc;c;1;;[0419]
5100;2215-2400;;AUS;VMC Charleville Met Fax;;Oc;c;1;;
5130;0000-0200;Mo-Fr;KGZ;R.Sedaye Zindagi;AFG;AFG;;1;;[1025]
5130;1455-1755;Mo-Fr;KGZ;R.Sedaye Zindagi (1-15);AFG;AFG;;1;;[0626]
5130;0000-0100;Sa;USA;WBCQ The Planet;E;NAm;q;1;;[0626]
5130;0000-0500;Su-Mo;USA;WBCQ The Planet;E;NAm;q;1;;[0326]
5130;0100-0200;Tu-Sa;USA;WBCQ The Planet;E;NAm;q;2;;[0126]
5130;1600-2400;;USA;WBCQ The Planet;E;NAm;q;6;0407;0407
5149;0830-0840;SaSu;POL;S11a Polish Spy Numbers;R;;p;1;0105;3108
5153.7;0000-2400;;RUS;Channel Marker D;-CW;EEu;se;1;;[0925]
5153.8;0000-2400;;RUS;Channel Marker P;-CW;RUS;kl;1;;[0422]
5153.9;0000-2400;;RUS;Channel Marker S;-CW;RUS;sm;1;;[0324]
5154;0000-2400;;RUS;Channel Marker C;-CW;RUS;m;1;;[0318]
5154.1;0000-2400;;RUS;Channel Marker A;-CW;RUS;as;1;;[0525]
5154.2;0000-2400;;RUS;Channel Marker F;-CW;FE;vl;1;;[1119]
5154.3;0000-2400;;RUS;Channel Marker K;-CW;FE;pk;1;;
5154.4;0000-2400;;RUS;Channel Marker M;-CW;FE;mg;1;;[0521]
5156.8;0000-2400;;RUS;Channel Marker L;-CW;RUS;pt;1;;[0525]
5170;0000-2400;;TWN;Central Weather Bureau;M;FE;q;1;;[0623]
5176;1605-1615;Tu,Su;POL;E11 Polish Spy Numbers;E;;p;1;0103;3004
5176;1605-1615;Tu,Su;POL;E11 Polish Spy Numbers;E;;p;1;0109;3010[0924]
5231;1605-1615;Tu,Su;POL;E11 Polish Spy Numbers;E;;p;1;0105;3108
5340;0000-2400;;PTR;NAU US Navy;-TY;NAm;i;1;;[0526]
5367;0430-1830;;RUS;The Squeaky Wheel;;RUS;rp;1;0105;3108
5367;0500-1545;;RUS;The Squeaky Wheel;;RUS;rp;1;0103;3004
5367;0500-1500;;RUS;The Squeaky Wheel;;RUS;rp;1;0109;3110
5367;0600-1410;;RUS;The Squeaky Wheel;;RUS;rp;1;0111;2802
5371;0450-0500;Mo;POL;E11 Polish Spy Numbers;E;;p;1;0103;3004[0319]
5371;0450-0500;Mo;POL;E11 Polish Spy Numbers;E;;p;1;0109;3110
5371;0700-0710;SaSu;POL;E11 Polish Spy Numbers;E;;p;1;0111;2802
5371;1300-1310;Mo,Th;POL;E11 Polish Spy Numbers;E;;p;1;0103;3004
5371;1300-1310;Mo,Th;POL;E11 Polish Spy Numbers;E;;p;1;0109;3110[0924]
5371;0830-0840;SaSu;POL;S11a Polish Spy Numbers;R;;p;1;0111;2802
5380;1330-1340;Sa;RUS;E06 Russian Spy Numbers;E;RUS;or;1;0112;3112
5409;1530-1540;Th;POL;E11 Polish Spy Numbers;E;;p;1;0111;2802[0223]
5409;2000-2010;Th,Su;POL;E11 Polish Spy Numbers;E;;p;1;0105;3108
5410;1330-1340;Sa;RUS;E06 Russian Spy Numbers;E;RUS;or;1;0101;2802
5432;1605-1615;Tu,Su;POL;E11 Polish Spy Numbers;E;;p;1;0111;2802[1121]
5448;0300-1730;;RUS;The Pip (Kaplya) Rostov;-TS;EEu;rp;1;0105;3108
5448;0430-1600;;RUS;The Pip (Kaplya) Rostov;-TS;EEu;rp;1;0103;3004[0321]
5448;0430-1630;;RUS;The Pip (Kaplya) Rostov;-TS;EEu;rp;1;0109;3110
5448;0530-1400;;RUS;The Pip (Kaplya) Rostov;-TS;EEu;rp;1;0111;2802[0118]
5450;0000-2400;;G;RAF Volmet Military 1;E;Eu;ic;1;;[0626]
5451;0000-2400;;GUM;Agana Guam HFDL (ID16);-HF;WOc;h;1;;
5460;0000-2400;;IRL;Shannon Aeradio J;E;NAO;s;1;;
5475;0000-2400;;ARG;Córdoba Volmet x25, x45;S;SAm;co;1;;
5481;0000-2400;;IRL;Shannon Aeradio J;E;NAO;s;1;;
5484;0000-2400;;IRL;Shannon Aeradio I;E;NAO;s;1;;
5499;0000-2400;;MDG;Antanan.Volmet x25,x50;E;EAf;;1;;
5502;0000-2400;;KOR;Seoul Muan HFDL (ID10);-HF;FE;m;1;;
5505;0000-2400;;IRL;Shannon Volmet;E;Eu;s;1;;[0626]
5508;0000-2400;;USA;San Francisco HFDL(ID1);-HF;WNA;dx;1;;[0519]
5514;0000-2400;;HWA;Moloka'i HFDL (ID2);-HF;Oc;m;1;;[1219]
5517;0000-2400;;SOM;Mogadishu Radio;E;EAf;ma;1;;[0322]
5520;0000-2400;;USA;New York Radio;E;Car;bg;1;;[0119]
5525;0000-2400;;CHN;BAF Beijing Meteo Fax;;FE;bm;1;;
5529;0000-2400;;AFS;Johannesburg HFDL (ID8);-HF;SAf;j;1;;
5529;0000-2400;;ALS;Barrow HFDL (ID9);-HF;NOc;ba;1;;[1119]
5538;0000-2400;;ALS;Barrow HFDL (ID9);-HF;NOc;ba;1;;
5544;0000-2400;;ALS;Barrow HFDL (ID9);-HF;NOc;ba;1;;
5544;0000-2400;;BHR;Al Muharraq HFDL (ID15);-HF;ME;m;1;;[0424]
5547;0000-2400;;IRL;Shannon HFDL (ID7);-HF;NAO;s;1;;
5547;0000-2400;;USA;San Francisco Radio CEP;E;EOc;dx;1;;[0325]
5550;0000-2400;;TRD;Piarco Radio CAR-B;E;Car;;1;;
5550;0000-2400;;USA;New York Radio;E;Car;bg;1;;[0225]
5559;0000-2400;;IRL;Shannon Aeradio J;E;NAO;s;1;;
5565;0000-2400;;SEN;Dakar Radio;E;WAf;y;1;;[0216]
5568;0000-2400;;IRL;Shannon Aeradio I;E;NAO;s;1;;
5574;0000-2400;;USA;San Francisco Radio CEP;E;EOc;dx;1;;[0125]
5577;0000-2400;;IRL;Shannon Aeradio J;E;NAO;s;1;;
5583;0000-2400;;IRL;Shannon Aeradio H;E;NAO;s;1;;[0625]
5583;0000-2400;;NZL;Auckland HFDL (ID5);-HF;SOc;a;1;;[0721]
5589;0000-2400;;PNR;Albrook HFDL (ID11);-HF;CAm;al;1;;
5598;0000-2400;;AZR;Santa Maria Radio A;E;NAO;sm;1;;[0621]
5598;0000-2400;;CAN;Gander Radio A;E;NAO;g;1;;
5598;0000-2400;;IRL;Shannon Aeradio A;E;NAO;s;1;;[0217]
5598;0000-2400;;USA;New York Radio;E;NAO;bg;1;;[0223]
5601;0000-2400;;ARG;Ezeiza Volmet x01;S;SAm;e;1;;
5616;0000-2400;;CAN;Gander Radio B;E;NAO;g;1;;[0525]
5616;0000-2400;;IRL;Shannon Aeradio B;E;NAO;s;1;;[0519]
5616;0000-2400;;ISL;Iceland Radio B;E;NAO;;1;;
5620;0000-2400;;RUS;Channel Marker G;-CW;FE;xx;1;0103;3004
5620;0000-2400;;RUS;Channel Marker W;-CW;EEu;xx;1;0103;3004
5628;0000-2400;;USA;San Francisco Radio NP;E;NOc;/ALS-ba;1;;
5628;0000-2400;;USA;San Francisco Radio NP;E;NOc;/HWA-m;1;;
5643;0000-2400;;USA;San Francisco Radio CWP;E;WOc;/HWA-m;1;;
5643;0000-2400;;USA;San Francisco Radio SP;E;Oc;/HWA-m;1;;
5649;0000-2400;;CAN;Gander Radio C;E;NAO;g;1;;[0323]
5649;0000-2400;;IRL;Shannon Aeradio C;E;NAO;s;1;;[1021]
5649;0000-2400;;ISL;Iceland Radio C;E;NAO;;1;;[0523]
5650;0400-1430;;RUS;Khanty-Mansiysk Volmet;E,R;RUS;km;1;;[0122]
5652;0000-2400;;USA;Riverhead HFDL (ID4);-HF;ENA;rh;1;;
5652;0000-2400;;USA;San Francisco Radio CWP;E;WOc;/GUM-b;1;;
5655;0000-2400;;THA;Hat Yai HFDL (ID6);-HF;SEA;hy;1;;
5673;0000-2400;LSB;CHN;Beijing Volmet x15,x45;E;FE;;1;;[0122]
5673;0800-2345;USB;CHN;Guangzhou Volmet x00,30;E;FE;;1;;[0122]
5680;0000-2400;;XUU;Search and Rescue Coord;E;;;1;;[0223]
5702;0000-2400;;F;FUO French Navy USB/FSK;F;Eu;to;1;;
5714;0000-2400;;F;FUE French Navy USB/FSK;F;NAO;br;1;;
5716;0000-2400;;PTR;NAU US Navy;-TY;NAm;i;1;;[0524]
5720;0000-2400;;ISL;Reykjavik HFDL (ID3);-HF;NAO;r;1;;[0321]
5737;1300-1310;Mo,Th;POL;E11 Polish Spy Numbers;E;;p;1;0105;3108[0821]
5737;2000-2010;Th,Su;POL;E11 Polish Spy Numbers;E;;p;1;0103;3004
5737;2000-2010;Th,Su;POL;E11 Polish Spy Numbers;E;;p;1;0109;3110[0924]
5755;1100-1730;;AUS;VMW Wiluna Met Fax;;Oc;w;1;;[0423]
5755;1800-1845;;AUS;VMW Wiluna Met Fax;;Oc;w;1;;[0818]
5755;1915-2045;;AUS;VMW Wiluna Met Fax;;Oc;w;1;;[0321]
5765;0000-2400;spur;B;Rádio Voz Missionária;P;B;cb;1;;[0525]
5779;1730-1740;Th;POL;E11 Polish Spy Numbers;E;;p;1;0111;2802
5800;0130-0200;;SVK;Radio Slovakia Int.;E;LAm;/USA-o;1;;
5800;0100-0130;;TWN;Radio Taiwan Int.;S;LAm;/USA-o;1;;
5800;0200-0400;;USA;WRMI Radio Miami Int.;E;LAm;o;1;;
5803;0000-2400;;CAN;VFF Iqaluit Radio;E;NAm;cb;1;0107;1510
5803;0000-2400;;CAN;VFF Iqaluit Radio;E;NAm;hr;1;1505;3110
5803;0000-2400;;CAN;VFF Iqaluit Radio;E;NAm;in;1;1505;3110
5815;1800-1830;;CLA;Furusato no Kaze;J;KRE;/UZB;4;;[0125]
5815;1730-1800;;CLA;Nippon no Kaze;K;KRE;/UZB;4;;
5825;2200-0100;;CHL;R.Triunfal Evangélica;S;CHL;t;1;;[0522]
5835;0000-2400;;UKR;Radio Europa;-MX;Eu;xx;1;;[0526]
5842;1652-2050;31May;HOL;Free Radio Sce Holland;E;Eu;xx;6;2705;3105
5850;2300-2330;;CZE;Radio Prague;F;WNA;/USA-o;1;;[0423]
5850;2330-2400;;CZE;Radio Prague;E;WNA;/USA-o;1;;
5850;0700-0800;;POL;Polish Radio;E;ENA;/USA-o;0;;
5850;0000-0030;;SVK;Radio Slovakia Int.;SK;WNA;/USA-o;1;;
5850;0030-0100;;SVK;Radio Slovakia Int.;E;WNA;/USA-o;1;;
5850;1130-1200;;SVK;Radio Slovakia Int.;E;WNA;/USA-o;1;;
5850;2200-2230;;SVK;Radio Slovakia Int.;E;WNA;/USA-o;1;;
5850;0100-1300;;USA;WRMI Radio Miami Int.;E;WNA;o;1;;
5850;1100-1130;;USA;WRMI Radio Miami Int.;M;WNA;o;1;;
5850;2230-2300;;USA;WRMI Radio Miami Int.;E;WNA;o;1;;
5855.6;0000-2400;;KOR;HLL Seoul Meteo;K,E;FE;sg;1;;[0925]
5860;0000-2400;;USA;Radio Farda;FS;IRN;/KWT;0;;
5860;0700-1300;Tu,Th;USA;Voice of America;E;EEu;/D-L;6;2306;2510
5871;1900-0400;spur;CLA;Iran International TV;FS;IRN;/BUL-s;6;2903;1104[0426]
5875;2200-2300;;CHN;CNR1 Jammer/Firedrake;M;FE;;0;;
5875;0500-0600;;G;BBC DIGITAL;E;CEu;w;0;;
5875;2200-2300;;USA;Voice of America;M;FE;/PHL-t;0;;
5885;1300-1500;;CHN;CNR1 Jammer/Firedrake;M;FE;;0;;
5885;1300-1500;;USA;Voice of America;M;FE;/PHL-t;0;;
5890;1900-0400;;CLA;Iran International TV;FS;IRN;/BUL-s;1;;[0726]
5890;0200-0400;Tu-Sa;USA;WWCR 4 Nashville, TN;E;NAm;n;2;;
5895;0459-2205;;NOR;Radio Northern Star;NO;NEu;be;2;;[1225]
5900;0000-2400;;B;Rádio Casa AM;P;B;am;1;;[0523]
5900;1930-2000;;CAN;Bible Voice;A;ME;/BUL-s;0;;
5900;1200-1400;;CHN;CNR1 Jammer/Firedrake;M;FE;;4;;
5900;1900-0400;;CLA;Iran International TV;FS;IRN;/BUL-s;1;0106;[0626]
5900;0600-1700;;HOL;Radio Horizon;NL;Eu;;1;;[0626]
5900;1700-1800;247;KOR;New Korea Hope Bcing;K;KRE;/TWN;1;0106;
5900;2000-2058;;KOR;Unification Media Group;K;KRE;/TWN-s;4;;[0326]
5900;1900-1930;;TWN;Radio Taiwan Int.;D;Eu;/BUL-s;1;;[0726]
5900;1800-1900;;USA;Brother Stair;E;Eu;/BUL-s;1;;[0726]
5900;2005-0500;;USA;Brother Stair;E;Eu;/BUL-s;1;;[0426]
5909;1900-0400;spur;CLA;Iran International TV;FS;IRN;/BUL-s;6;2903;1104[0426]
5910;0000-2400;;CLM;Alcaravan Radio;E;SAm;pl;1;3103;[0826]
5910;1430-1500;;ROU;Radio Romania Int.;ARO;SEE;s;0;;
5910;1500-1530;;ROU;Radio Romania Int.;UK;UKR;s;0;;
5910;1530-1600;;ROU;Radio Romania Int.;SR;SEE;s;0;;
5910;1600-1630;;ROU;Radio Romania Int.;I;I;s;0;;
5910;1630-1700;;ROU;Radio Romania Int.;ARO;SEE;s;0;;
5910;1700-1730;;ROU;Radio Romania Int.;UK;UKR;s;0;;
5910;1730-1800;;ROU;Radio Romania Int.;SR;SEE;s;0;;
5910;1800-1830;;ROU;Radio Romania DIGITAL;I;I;s;0;;
5910;1830-1900;;ROU;Radio Romania Int.;ARO;SEE;s;0;;
5910;1900-1930;;ROU;Radio Romania Int.;UK;UKR;s;0;;
5910;1930-2000;;ROU;Radio Romania Int.;SR;SEE;s;0;;
5915;0230-0530;;MYA;Myanma Radio;BR;SEA;n;1;;[0924]
5915;0630-1400;;MYA;Myanma Radio;BR;SEA;n;1;;[0226]
5915;2315-0230;;MYA;Myanma Radio;BR;SEA;n;1;;[0426]
5920;0000-0100;;EQA;HCJB Voice of Andes;S;CEu;/D-we;5;;[0526]
5920;0000-0100;;EQA;HCJB Voice of Andes;D;CEu;/D-we;6;2903;1905
5920;0000-0400;;EQA;HCJB Voice of Andes;D;CEu;/D-we;4;;
5920;0100-0300;;EQA;HCJB Voice of Andes;D;CEu;/D-we;5;;[0925]
5920;0300-0400;;EQA;HCJB Voice of Andes;R;CEu;/D-we;2;;
5920;0400-2200;;EQA;HCJB Voice of Andes;D;CEu;/D-we;2;;[0726]
5920;1800-1830;;EQA;HCJB Voice of Andes;D-P;CEu;/D-we;2;;
5920;2200-2300;;EQA;HCJB Voice of Andes;R;CEu;/D-we;5;;
5920;2300-2400;;EQA;HCJB Voice of Andes;R;CEu;/D-we;6;2903;1905
5920;2300-2400;;EQA;HCJB Voice of Andes;S;CEu;/D-we;5;;
5920;2300-0100;;EQA;HCJB Voice of Andes;R;CEu;/D-we;4;;
5920;1405-1435;;J;Shiokaze;J;KRE;y;6;2306;3006
5920;1600-1630;156;J;Shiokaze;J;KRE;y;6;0704;2604
5920;1600-1700;We;J;Shiokaze;E;KRE;y;6;0704;2604
5920;1600-1700;Su;J;Shiokaze;J;KRE;y;6;0704;2604
5920;1600-1700;Tu,Th;J;Shiokaze;K;KRE;y;6;0704;2604
5920;1630-1700;156;J;Shiokaze;K;KRE;y;6;0704;2604
5920;1730-1800;247;KOR;New Korea Hope Bcing;K;KRE;/TWN;6;2903;3105[0326]
5920;0130-0600;;USA;WTWW Lebanon, TN;E;NAm;L;1;;[0626]
5925;1000-1705;;CHN;CNR5 Cross-Strait Radio;M;TWN;B;1;;[0326]
5925;2055-2300;;CHN;CNR5 Cross-Strait Radio;M;TWN;B;1;;
5925;2300-2400;;CHN;CNR5 Cross-Strait Radio;M;TWN;B;1;;
5930;0000-2400;;DNK;World Music Radio;E;Eu;br;1;;[0626]
5935;0300-0600;;CHN;Xizang RTV;M;CHN;t;1;;
5935;0600-0900;We-Mo;CHN;Xizang RTV;M;CHN;t;1;;
5935;0900-1000;We-Mo;CHN;Xizang RTV;M;CHN;t;1;;
5935;1000-1800;;CHN;Xizang RTV;M;CHN;t;1;;[0423]
5935;2000-2100;We-Mo;CHN;Xizang RTV;M;CHN;t;1;;[1123]
5935;2100-0300;;CHN;Xizang RTV;M;CHN;t;1;;[0324]
5935;1300-1330;156;J;Shiokaze;J;KRE;y;6;2704;0206
5935;1300-1400;We;J;Shiokaze;E;KRE;y;6;2704;0206
5935;1300-1400;Su;J;Shiokaze;J;KRE;y;6;2704;0206
5935;1300-1400;Tu,Th;J;Shiokaze;K;KRE;y;6;2704;0206
5935;1330-1400;156;J;Shiokaze;K;KRE;y;6;2704;0206
5935;1600-1630;156;J;Shiokaze;J;KRE;y;6;1905;2206
5935;1600-1700;We;J;Shiokaze;E;KRE;y;6;1905;2206
5935;1600-1700;Su;J;Shiokaze;J;KRE;y;6;1905;2206
5935;1600-1700;Tu,Th;J;Shiokaze;K;KRE;y;6;1905;2206
5935;1630-1700;156;J;Shiokaze;K;KRE;y;6;1905;2206
5935;0000-1200;;USA;WWCR 2 Nashville, TN;E;NAm;n;5;;
5935;2300-1300;;USA;WWCR 2 Nashville, TN;E;NAm;n;4;;
5939.4;0000-2400;;B;Rádio Voz Missionária;P;B;cb;1;;[0726]
5943;2000-2010;Fr;RUS;S06 Russian Spy Numbers;R;RUS;xx;1;0102;2802
5943;2000-2010;Fr;RUS;S06 Russian Spy Numbers;R;RUS;xx;1;0112;3112
5943;2100-2110;Fr;RUS;S06 Russian Spy Numbers;R;RUS;xx;1;0101;3101[0125]
5943;2100-2110;Fr;RUS;S06 Russian Spy Numbers;R;RUS;xx;1;0111;3011
5945;1000-1805;;CHN;China National Radio 1;M;CHN;b;4;;[0423]
5945;1300-1805;;CHN;China National Radio 1;M;CHN;b;5;;[0423]
5945;2023-2300;;CHN;China National Radio 1;M;CHN;b;5;;
5945;2023-0100;;CHN;China National Radio 1;M;CHN;b;4;;[0324]
5950;0000-2400;;FIN;RealMix Radio;E;Eu;r;6;2903;1906[0626]
5950;0000-0500;;USA;WRMI Radio Miami Int.;E;ENA;o;4;;
5950;2300-0400;;USA;WRMI Radio Miami Int.;E;ENA;o;5;;
5955;1100-1300;;CHN;China Radio Int.;E;FE;b;0;;
5955;1300-1400;;CHN;China Radio Int.;E;FE;b;0;;
5955;1400-1500;;CHN;China Radio Int.;E;FE;b;0;;
5955;1500-1600;;CHN;China Radio Int.;E;FE;b;0;;
5955;0400-1700;irr;HOL;SuperClan Radio;NL;HOL;ov;1;;[0726]
5955;1600-1630;156;J;Shiokaze;J;KRE;y;6;2903;0604
5955;1600-1700;We;J;Shiokaze;E;KRE;y;6;2903;0604
5955;1600-1700;Su;J;Shiokaze;J;KRE;y;6;2903;0604
5955;1600-1700;Tu,Th;J;Shiokaze;K;KRE;y;6;2903;0604
5955;1630-1700;156;J;Shiokaze;K;KRE;y;6;2903;0604
5955;1600-1630;156;J;Shiokaze;J;KRE;y;6;2306;3006
5955;1600-1700;We;J;Shiokaze;E;KRE;y;6;2306;3006
5955;1600-1700;Su;J;Shiokaze;J;KRE;y;6;2306;3006
5955;1600-1700;Tu,Th;J;Shiokaze;K;KRE;y;6;2306;3006
5955;1630-1700;156;J;Shiokaze;K;KRE;y;6;2306;3006
5960;0300-0800;;CHN;PBS Xinjiang;M;CHN;uc;4;;[1125]
5960;0800-1100;We-Mo;CHN;PBS Xinjiang;M;CHN;uc;4;;[1218]
5960;1100-1200;;CHN;PBS Xinjiang;M;CHN;uc;4;;
5960;1200-1400;;CHN;PBS Xinjiang;M;CHN;uc;1;;
5960;1400-1800;;CHN;PBS Xinjiang;M;CHN;uc;1;;
5960;2300-0300;;CHN;PBS Xinjiang;M;CHN;uc;5;;[0324]
5960;2310-0300;;CHN;PBS Xinjiang;M;CHN;uc;4;;[0325]
5960;1830-2100;;TUR;Voice of Turkey;TU;ME;e;0;;
5965;1000-1805;;CHN;China National Radio 1;M;CHN;n;1;;[0423]
5965;1400-1500;;CHN;China Radio Int.;K;FE;x;0;;
5965;1500-1600;;CHN;China Radio Int.;R;Sib;b;0;;
5970;0350-0650;;CHN;PBS Gannan;TB;CHN;he;1;;
5970;1020-1410;;CHN;PBS Gannan;TB;CHN;he;1;;[0820]
5970;2215-0100;;CHN;PBS Gannan;TB;CHN;he;1;;[1125]
5970;1400-1500;;G;BBC;DR;AFG;/OMA-a;0;;
5970;1500-1600;;G;BBC;PS;AFG;/OMA-a;0;;
5970;1600-1630;;G;BBC;DR;AFG;/OMA-a;0;;
5970;1630-1700;SaSu;G;BBC;DR;AFG;/OMA-a;0;;
5970;1630-1700;Mo-Fr;G;BBC;PS;AFG;/OMA-a;0;;
5970;1800-1830;;G;BBC;FS;IRN;/OMA-a;6;2903;0608
5970;1830-1930;;G;BBC;FS;IRN;/OMA-a;6;2903;0608
5975;0600-0800;Th-Tu;CHN;China National Radio 8;K;CHN;B;1;;
5975;0800-0900;Th-Tu;CHN;China National Radio 8;M;CHN;B;1;;[0126]
5975;0900-1400;;CHN;China National Radio 8;K;CHN;B;1;;[0726]
5975;1400-1505;;CHN;China National Radio 8;M;CHN;B;1;;[0124]
5975;2200-2300;;CHN;China Radio Int.;M;SAf;b;0;;
5975;2130-2145;14Jun;G;BBC;E;ATA;/UAE;6;1406;1406
5980;1405-1435;;J;Shiokaze;J;KRE;y;6;1905;2206
5980;1705-1805;;J;Shiokaze;J;KRE;y;6;2704;1805
5980;1705-1805;;J;Shiokaze;J;KRE;y;1;0107;
5985;2025-2400;;CHN;China National Radio 1;M;CHN;n;1;;[0425]
5985;1130-1200;;CHN;China Radio Int.;TAG;PHL;b;0;;
5985;1600-1700;;CHN;China Radio Int.;SWA;EAf;b;0;;
5985;1700-1800;;CHN;China Radio Int.;SWA;EAf;b;0;;
5985;1900-2000;;CHN;China Radio Int.;P;SAf;b;0;;
5985;2000-2100;;CHN;China Radio Int.;E;SAf;b;0;;
5985;1115-1530;;MYA;Myanma Radio;BR;SEA;y;1;;[0526]
5985;1530-1630;Sa-Th;MYA;Myanma Radio;E;SEA;y;1;;[1225]
5985;1540-1630;Fr;MYA;Myanma Radio;E;SEA;y;1;;[0526]
5985;2300-0130;;MYA;Myanma Radio;BR;SEA;y;1;;[0126]
5990;0000-0100;;CHN;China Radio Int.;S;Car;/CUB;0;;
5990;0100-0200;;CHN;China Radio Int.;R;CAs;ka;0;;
5990;1200-1300;;CHN;China Radio Int.;MO;MNG;h;0;;
5990;1300-1400;;CHN;China Radio Int.;R;Sib;h;0;;
5990;1400-1500;;CHN;China Radio Int.;MO;MNG;h;0;;
5990;1500-1600;;CHN;China Radio Int.;R;Sib;h;0;;
5990;2300-2400;;CHN;China Radio Int.;E;CAm;/CUB;0;;
5990;0600-0855;We-Mo;CHN;PBS Qinghai;TB;CHN;xg;1;;[0423]
5990;0855-1600;;CHN;PBS Qinghai;TB;CHN;xg;1;;[0825]
5990;2250-0600;;CHN;PBS Qinghai;TB;CHN;xg;1;;[0325]
5990;1000-1600;irr;D;Studio 52;;Eu;n;0;;
5990;1820-1920;;IRN;IRIB Voice of I.R.Iran;AL;Eu;s;0;;
5990;1115-1530;;MYA;Myanma Radio;BR;SEA;y;6;0506;0506
5995;1600-1700;;CHN;China Radio Int.;R;CAs;q;0;;
5995;2055-2400;;CHN;CNR 2 China Business R.;M;CHN;n;1;;[1125]
5995;0550-0800;;MLI;Radio Mali;BM;WAf;k;1;;[0726]
5995;0630-0645;;MLI;Radio Mali;F;WAf;k;1;;[0922]
5995;1800-0001;;MLI;Radio Mali;BM;WAf;k;1;;[0726]
5995;1850-1905;Sa;MLI;Radio Mali;E;WAf;k;1;;[0526]
6000;0800-0900;We-Mo;CHN;China National Radio 1;M;CHN;b;4;;
6000;0900-1805;;CHN;China National Radio 1;M;CHN;b;4;;[0226]
6000;1100-1805;;CHN;China National Radio 1;M;CHN;b;5;;[0425]
6000;2023-2330;;CHN;China National Radio 1;M;CHN;b;5;;[0519]
6000;2023-0100;;CHN;China National Radio 1;M;CHN;b;4;;[0324]
6000;2055-2400;;CHN;CNR 2 China Business R.;M;CHN;x;4;;[0125]
6000;0000-0100;Tu-Fr;CUB;Radio Habana Cuba;S;ENA;q;4;;[0125]
6000;0000-0600;;CUB;Radio Habana Cuba;E;ENA;q;2;;[0726]
6000;1100-1300;;CUB;Radio Habana Cuba;S;CNA;q;2;;[0726]
6000;1300-1400;;CUB;Radio Habana Cuba;S;CNA;q;5;;[0625]
6000;1400-1600;;CUB;Radio Habana Cuba;S;CNA;q;4;;[1225]
6000;2300-2400;Mo-Fr;CUB;Radio Habana Cuba;S;ENA;q;5;;[0322]
6000;0050-0220;;IRN;IRIB Voice of I.R.Iran;TJ;CAs;s;0;;
6005;0630-2100;SaSu;FIN;RealMix Radio;;Eu;r;1;2006;[0126]
6005;1900-1930;;TWN;Radio Taiwan Int.;F;Eu;/BUL-s;1;;[0326]
6010.1;0000-2400;;B;Rádio Inconfidência;P;B;c;1;;[0726]
6010;1000-1605;;CHN;China National Radio 11;TB;CHN;as;4;;
6010;1300-1605;;CHN;China National Radio 11;TB;CHN;as;5;;
6010;2155-2300;;CHN;China National Radio 11;M;CHN;as;1;;[0225]
6010;2300-2400;;CHN;China National Radio 11;TB;CHN;as;1;;[0125]
6010;2200-1000;;CLM;La Voz de tu Conciencia;S;CLM;pl;1;;[0526]
6010;1930-2030;;HOL;Radio Zamaneh;FS;IRN;/BUL-s;1;;[0626]
6015;0330-0350;;CHN;PBS Xinjiang;KZ;CHN;uc;4;;[1221]
6015;1155-1800;;CHN;PBS Xinjiang;KZ;CHN;uc;1;;[0425]
6015;2300-0350;;CHN;PBS Xinjiang;KZ;CHN;uc;5;;[1220]
6015;2315-0330;;CHN;PBS Xinjiang;KZ;CHN;uc;4;;[0324]
6015;0350-1400;;KOR;KBS Hanminjok;K;FE;h;1;;[0526]
6015;1400-2400;;KOR;KBS Hanminjok;K;FE;h;1;;[1125]
6015;0350-2400;;KRE;Noise Jammer;;KRE;;1;;[0526]
6015;1400-1600;;USA;Brother Stair;E;Eu;/D-n;8;;
6017;2230-0200;irr;CLM;Organ.Radial El Prado;S;CLM;;1;;[0325]
6020;1900-2000;;CHN;China Radio Int.;AL;SEE;s;0;;
6020;2000-2100;;CHN;China Radio Int.;PO;Eu;s;0;;
6020;0500-1100;SaSu;HOL;Radio Casanova;NL;Eu;w;1;;[0726]
6025;0200-0700;;CHN;Xizang RTV;TB;CHN;t;1;;[1219]
6025;0700-0800;We-Mo;CHN;Xizang RTV;E;CHN;t;1;;
6025;0800-1000;We-Mo;CHN;Xizang RTV;TB;CHN;t;1;;
6025;1000-1600;;CHN;Xizang RTV;TB;CHN;t;1;;[1221]
6025;1600-1700;;CHN;Xizang RTV;E;CHN;t;1;;[1024]
6025;1700-1805;;CHN;Xizang RTV;TB;CHN;t;1;;[0122]
6025;2050-0200;;CHN;Xizang RTV;TB;CHN;t;1;;[0825]
6030;0600-0900;We-Mo;CHN;CNR1 DIGITAL;M;CHN;b;1;;
6030;0900-1805;;CHN;CNR1 DIGITAL;M;CHN;b;1;;[0126]
6030;2025-0600;;CHN;CNR1 DIGITAL;M;CHN;b;1;;
6030;1100-1605;;CHN;CNR 2 China Business R.;M;CHN;n;1;;[0825]
6030;0253-2015;;ETH;Radio Oromiya;OO;EAf;j;1;;[0726]
6030;0100-0600;;USA;Radio Marti;S;CUB;g;0;;
6030;0600-1200;;USA;Radio Marti;S;CUB;g;8;;
6035;0946-1000;;CHN;Yunnan Radio Int.;-MX;CHN;kl;1;;[0625]
6035;1000-1030;;CHN;Yunnan Radio Int.;VN;CHN;kl;1;;[1125]
6035;1030-1200;;CHN;Yunnan Radio Int.;M;CHN;kl;1;;[0626]
6035;1200-1300;;CHN;Yunnan Radio Int.;M;CHN;kl;1;;[0626]
6035;1300-1330;;CHN;Yunnan Radio Int.;VN;CHN;kl;1;;[0626]
6035;1330-1500;;CHN;Yunnan Radio Int.;M;CHN;kl;1;;[0523]
6040;0000-0600;;ALG;Ifrikya FM;A;WAf;o;0;;
6040;0900-1505;;CHN;China National Radio 8;K;CHN;b;4;;[0326]
6040;1400-1500;;CHN;China Radio Int.;M;SEA;x;0;;
6040;2055-2300;;CHN;CNR 2 China Business R.;M;CHN;B;5;;
6040;2055-0030;;CHN;CNR 2 China Business R.;M;CHN;B;4;;[0324]
6040;0600-0950;We-Mo;CHN;PBS Nei Menggu;MO;CHN;hh;1;;
6040;0950-1605;;CHN;PBS Nei Menggu;MO;CHN;hh;1;;[0326]
6040;2150-0600;;CHN;PBS Nei Menggu;MO;CHN;hh;1;;[1122]
6040;1300-1330;156;J;Shiokaze;J;KRE;y;1;0207;
6040;1300-1400;We;J;Shiokaze;E;KRE;y;1;0207;
6040;1300-1400;Su;J;Shiokaze;J;KRE;y;1;0207;
6040;1300-1400;Tu,Th;J;Shiokaze;K;KRE;y;1;0207;
6040;1330-1400;156;J;Shiokaze;K;KRE;y;1;0207;
6040;1950-2050;;J;Shiokaze;J;KRE;y;6;2306;3006
6040;0400-0600;;TUR;Voice of Turkey;TU;ME;e;0;;
6045;1600-1630;;CLA;Furusato no Kaze;J;KRE;/TWN-s;4;;[0226]
6045;1100-1400;irr;D;Radio 60;;Eu;n;0;;
6045;1405-1435;;J;Shiokaze;J;KRE;y;6;2903;0604
6045;0800-0900;irr;XUU;Various Stations;;Eu;/D-n;0;;
6050;1200-1300;;CHN;China Radio Int.;MO;MNG;h;0;;
6050;1300-1400;;CHN;China Radio Int.;R;Sib;h;0;;
6050;0300-0600;;CHN;Xizang RTV;M;CHN;t;1;;
6050;0600-0900;We-Mo;CHN;Xizang RTV;M;CHN;t;1;;
6050;0900-1000;We-Mo;CHN;Xizang RTV;M;CHN;t;1;;
6050;1000-1800;;CHN;Xizang RTV;M;CHN;t;1;;[0126]
6050;2000-2100;We-Mo;CHN;Xizang RTV;M;CHN;t;1;;[0725]
6050;2100-0300;;CHN;Xizang RTV;M;CHN;t;1;;[0725]
6050;0000-0030;;EQA;HCJB Voice of Andes;COF;SAm;c;1;;[0724]
6050;0030-0100;;EQA;HCJB Voice of Andes;WAO;SAm;c;1;;[0925]
6050;0100-0130;Su-Mo;EQA;HCJB Voice of Andes;Q;SAm;c;1;;
6050;0100-0130;Tu-Sa;EQA;HCJB Voice of Andes;S;SAm;c;1;;[1225]
6050;0130-0235;;EQA;HCJB Voice of Andes;Q;SAm;c;1;;[0426]
6050;0235-0500;;EQA;HCJB Voice of Andes;S;SAm;c;1;;[0726]
6050;0923-1100;;EQA;HCJB Voice of Andes;Q;SAm;c;1;;[0726]
6050;1100-1403;;EQA;HCJB Voice of Andes;S;SAm;c;1;;[0324]
6050;2100-2130;;EQA;HCJB Voice of Andes;S;SAm;c;1;;
6050;2130-2200;;EQA;HCJB Voice of Andes;CHA;SAm;c;1;;
6050;2200-2330;;EQA;HCJB Voice of Andes;Q;SAm;c;1;;
6050;2330-2400;;EQA;HCJB Voice of Andes;SUA;SAm;c;1;;
6050;0555-1000;;LBR;ELWA Radio;E;WAf;;1;;[0726]
6050;1700-2232;;LBR;ELWA Radio;E;WAf;;1;;[0726]
6055;1400-1500;;CHN;China Radio Int.;KH;SEA;n;0;;
6055;1030-1100;SaSu;D;Evang.Missionsgemeinden;D;Eu;n;2;;[0824]
6055;0000-0750;;J;Radio Nikkei 1;J;FE;c;1;;[1125]
6055;0750-1500;;J;Radio Nikkei 1;J;FE;c;1;;[0626]
6055;1430-1450;We;J;Radio Nikkei 1;E;FE;c;1;;[0924]
6055;1500-1530;Fr;J;Radio Nikkei 1;J;FE;c;1;;[1024]
6055;2200-2300;Su-Th;J;Radio Nikkei 1;J;FE;c;1;;
6055;2300-2400;Su-Th;J;Radio Nikkei 1;J;FE;c;1;;[0226]
6060;1600-1700;;CHN;China Radio Int.;E;SEA;k;0;;
6060;1700-1800;;CHN;China Radio Int.;E;SEA;k;0;;
6060;1000-1100;;CHN;Sichuan Ethnic Radio;YI;CHN;c;1;;
6060;1100-1130;;CHN;Sichuan Ethnic Radio;KHA;CHN;c;1;;
6060;1130-1200;;CHN;Sichuan Ethnic Radio;AMD;CHN;c;1;;
6060;1200-1515;;CHN;Sichuan Ethnic Radio;KHA;CHN;c;1;;[0225]
6060;2155-2300;;CHN;Sichuan Ethnic Radio;M;CHN;c;1;;[0625]
6060;2300-2330;;CHN;Sichuan Ethnic Radio;AMD;CHN;c;1;;
6060;2330-0130;;CHN;Sichuan Ethnic Radio;KHA;CHN;c;1;;[0325]
6060;1645-1900;;HOL;Radio Casanova;NL;Eu;w;1;2707;[0726]
6065;1200-1605;;CHN;CNR 2 China Business R.;M;CHN;B;1;;[0825]
6065;2055-2230;;CHN;CNR 2 China Business R.;M;CHN;B;5;;
6065;2055-2330;;CHN;CNR 2 China Business R.;M;CHN;B;4;;[1225]
6065;1950-2050;;J;Shiokaze;J;KRE;y;6;1905;2206
6065;0300-0400;;USA;Adventist World Radio;MSY;EAf;/MDG;0;;
6065;1500-1600;;USA;Adventist World Radio;MSY;EAf;/MDG;0;;
6070;0000-2400;;CAN;CFRX Toronto, CFRB 1010;E;NAm;t;1;;[0726]
6070;0000-2400;;D;Channel 292;D,E;Eu;r;1;;[0526]
6070;0900-1000;Su;D;Radio DARC;D;Eu;/G-w;6;2704;1205
6070;1300-1330;156;J;Shiokaze;J;KRE;y;6;2306;0107
6070;1300-1400;We;J;Shiokaze;E;KRE;y;6;2306;0107
6070;1300-1400;Su;J;Shiokaze;J;KRE;y;6;2306;0107
6070;1300-1400;Tu,Th;J;Shiokaze;K;KRE;y;6;2306;0107
6070;1330-1400;156;J;Shiokaze;K;KRE;y;6;2306;0107
6070;1705-1805;;J;Shiokaze;J;KRE;y;6;0704;2604
6070;0900-1300;;KRE;Voice of Korea;J;J;k;1;;[0726]
6075;1400-1700;;CHN;China National Radio 1;M;FE;qq;1;;[1125]
6075;2200-2400;;CHN;China National Radio 1;M;FE;b;1;;[1122]
6075;0000-0600;;CHN;China National Radio 11;TB;CHN;xg;5;;
6075;0600-0700;Th-Tu;CHN;China National Radio 11;TB;CHN;xg;5;;
6075;0700-0800;Th-Tu;CHN;China National Radio 11;M;CHN;xg;5;;
6075;0800-0900;Th-Tu;CHN;China National Radio 11;TB;CHN;xg;5;;
6075;0900-1100;;CHN;China National Radio 11;TB;CHN;xg;5;;
6075;1100-1300;;CHN;China National Radio 11;TB;CHN;xg;5;;
6075;1300-1605;;CHN;China National Radio 11;TB;CHN;xg;5;;
6075;0000-0100;;CHN;China Radio Int.;E;SAs;ka;0;;
6075;1400-1500;;TWN;Radio Taiwan Int.;M;CHN;k;1;;
6075;1500-1600;;TWN;Radio Taiwan Int.;M;CHN;k;1;;
6075;1600-1700;;TWN;Radio Taiwan Int.;M;CHN;k;1;;
6075;2200-2400;;TWN;Radio Taiwan Int.;M;CHN;k;1;;
6080;1055-1805;;CHN;China National Radio 1;M;CHN;q;5;;[0526]
6080;1200-1805;;CHN;China National Radio 1;M;CHN;q;4;;[1221]
6080;2023-2400;;CHN;China National Radio 1;M;CHN;q;5;;[1019]
6080;2023-0100;;CHN;China National Radio 1;M;CHN;q;4;;[0326]
6080;0935-1430;;CHN;PBS Hulun Buir;MO;CHN;ha;1;;[0822]
6080;2150-0230;;CHN;PBS Hulun Buir;MO;CHN;ha;1;;[1119]
6085;1500-1600;;CHN;China Radio Int.;R;Sib;h;0;;
6085;0700-1700;;E;Radio Mi Amigo;;CEu;/D-k;2;;[0326]
6085;1300-1330;156;J;Shiokaze;J;KRE;y;6;2903;0604
6085;1300-1400;We;J;Shiokaze;E;KRE;y;6;2903;0604
6085;1300-1400;Su;J;Shiokaze;J;KRE;y;6;2903;0604
6085;1300-1400;Tu,Th;J;Shiokaze;K;KRE;y;6;2903;0604
6085;1330-1400;156;J;Shiokaze;K;KRE;y;6;2903;0604
6090;1900-1930;;CHN;China Radio Int.;RO;EEu;u;0;;
6090;1930-2000;;CHN;China Radio Int.;RO;EEu;u;0;;
6090;0100-0300;;CHN;CNR 2 China Business R.;M;CHN;q;4;;
6090;1000-1100;;CHN;CNR 2 China Business R.;M;CHN;q;4;;
6090;1100-1605;;CHN;CNR 2 China Business R.;M;CHN;q;1;;[0820]
6090;2055-0100;;CHN;CNR 2 China Business R.;M;CHN;q;1;;[1023]
6090;0252-2100;;ETH;Amhara State Radio;AH;EAf;j;1;;[1025]
6090;1405-1435;;J;Shiokaze;J;KRE;y;1;0107;
6090;2000-2100;;KOR;KBS World Radio;A;NAf;/G-w;0;;
6090;0630-0700;Tu,Th;USA;Voice of America;E;SEA;/THA-u;6;1606;2510
6095;0800-0900;;D;Radio SE-TA2;D;Eu;n;6;0404;0404
6095;1100-1200;2.Su;D;SM Radio Dessau;D;Eu;n;2;;[0626]
6095;1200-1300;10Oct;D;SM Radio Dessau;D;Eu;n;6;0104;1010
6095;1300-1400;1May;D;SM Radio Dessau;D;Eu;n;6;0104;0105
6095;0800-0900;1.Su;D;Welle 370;D;Eu;n;2;;[0825]
6095;0000-2400;;FIN;Radio Ambience;FI;NEu;lp;8;;
6095;1100-1200;;KOR;KBS World Radio;M;CHN;k;1;;
6095;1200-1300;;KOR;KBS World Radio;M;CHN;k;1;;[0526]
6100;1200-1300;;CHN;China Radio Int.;R;Sib;b;0;;
6100;1300-1400;;CHN;China Radio Int.;MO;MNG;u;0;;
6100;1500-1600;;CHN;China Radio Int.;R;CAs;q;0;;
6100;1600-1700;;CHN;China Radio Int.;HI;SAs;ka;0;;
6100;2000-2200;;CHN;China Radio Int.;A;ME;x;0;;
6100;1950-1800;;KRE;KCBS Pyongyang;K;KRE;k;1;;[0726]
6100;1700-1730;SaSu;SWZ;Trans World Radio;YAO;MOZ;;1;;[0924]
6105;1000-1230;;CHN;China National Radio 1;M;CHN;qq;1;;[0526]
6105;1300-1400;;CHN;China National Radio 1;M;CHN;qq;1;;
6105;2200-2400;;CHN;China National Radio 1;M;CHN;qq;1;;[0125]
6105;1400-1500;;CHN;China Radio Int.;MO;MNG;h;0;;
6105;0900-1000;;TWN;Radio Taiwan Int.;HK;FE;k;1;;[0922]
6105;1000-1100;;TWN;Radio Taiwan Int.;M;FE;k;1;;[0526]
6105;1100-1200;;TWN;Radio Taiwan Int.;M;FE;k;1;;
6105;1200-1230;;TWN;Radio Taiwan Int.;CA;FE;k;1;;
6105;1230-1300;;TWN;Radio Taiwan Int.;HK;FE;k;1;;
6105;1300-1400;;TWN;Radio Taiwan Int.;M;FE;k;1;;
6105;2200-2400;;TWN;Radio Taiwan Int.;M;FE;k;1;;
6110;1900-2000;;CHN;China Radio Int.;R;CAs;x;0;;
6110;0200-0330;;CHN;Xizang RTV;TB;CHN;t;1;;
6110;1100-1600;;CHN;Xizang RTV;TB;CHN;t;1;;
6110;1600-1700;;CHN;Xizang RTV;E;CHN;t;1;;[1123]
6110;1700-1805;;CHN;Xizang RTV;TB;CHN;t;1;;[0122]
6110;2050-0200;;CHN;Xizang RTV;TB;CHN;t;1;;[0324]
6110;1600-1630;;CLA;Furusato no Kaze;J;KRE;/TWN-s;5;;
6110;1700-1730;;CLA;Furusato no Kaze;J;KRE;/TWN-s;5;;
6110;1500-1530;;CLA;Nippon no Kaze;K;KRE;/TWN-s;5;;[0426]
6110;1530-1600;;CLA;Nippon no Kaze;K;KRE;/TWN-s;5;;
6110;1630-1700;;CLA;Nippon no Kaze;K;KRE;/TWN-s;5;;[0423]
6110;0255-2101;;ETH;Fana Broadcasting Corp.;AH;EAf;j;1;;[0726]
6115;0000-2400;spur;B;Rádio Voz Missionária;P;B;cb;1;;[0525]
6115;1600-1800;irr;COG;Radio Congo;KT;CAf;b;8;;[0126]
6115;1800-1900;irr;COG;Radio Congo;F;CAf;b;8;;[0825]
6115;0750-0900;6Apr;D;Radio SE-TA2;D;Eu;ge;6;0404;0604
6115;0800-1000;4May;D;Radio SE-TA2;D;Eu;ge;6;0404;0405
6115;1000-1200;SaSu;D;Radio SE-TA2;D;Eu;ge;0;;
6115;0000-0800;;J;Radio Nikkei 2;J;FE;c;1;;[0226]
6115;0800-1000;Mo-Fr;J;Radio Nikkei 2;J;FE;c;1;;[0526]
6115;2300-2400;Su-Th;J;Radio Nikkei 2;J;FE;c;1;;
6120;0200-0300;;CHN;PBS Xinjiang;UI;CHN;uc;5;;
6120;1200-1400;;CHN;PBS Xinjiang;UI;CHN;uc;1;;
6120;1400-1800;;CHN;PBS Xinjiang;UI;CHN;uc;1;;[0522]
6120;2300-0200;;CHN;PBS Xinjiang;UI;CHN;uc;5;;[0925]
6120;2310-0300;;CHN;PBS Xinjiang;UI;CHN;uc;4;;
6120;0530-0630;irr;F;TDF DIGITAL;F;Af;i;0;;
6120;0000-2400;SaSu;FIN;Radio Blacksmith Knoll;FI;NEu;pk;1;0804;[0526]
6125;1000-1805;;CHN;China National Radio 1;M;CHN;b;1;;
6125;1000-1805;;CHN;China National Radio 1;M;CHN;s;4;;[1125]
6125;1100-1805;;CHN;China National Radio 1;M;CHN;s;5;;[0924]
6125;2023-2300;;CHN;China National Radio 1;M;CHN;b;1;;[1123]
6125;2023-2300;;CHN;China National Radio 1;M;CHN;s;5;;[1019]
6125;2023-2400;;CHN;China National Radio 1;M;CHN;s;4;;[1123]
6130;0200-0700;;CHN;Xizang RTV;TB;CHN;t;1;;
6130;0700-0800;We-Mo;CHN;Xizang RTV;E;CHN;t;1;;
6130;0800-1000;We-Mo;CHN;Xizang RTV;TB;CHN;t;1;;
6130;1000-1600;;CHN;Xizang RTV;TB;CHN;t;1;;[1221]
6130;1600-1700;;CHN;Xizang RTV;E;CHN;t;1;;[1123]
6130;1700-1805;;CHN;Xizang RTV;TB;CHN;t;1;;[0122]
6130;2050-0200;;CHN;Xizang RTV;TB;CHN;t;1;;[0325]
6130;0000-2400;;HOL;Radio Europa;NL;WEu;a;1;;[0726]
6135;0000-2400;irr;B;Rádio Scalla FM;P;B;xx;1;;[0425]
6135;0530-0600;;G;BBC;HA;WAf;/ASC;0;;
6135;1651-1758;;NZL;RNZ Pacific;E;Oc;r;6;0505;2510
6135;1710-1720;Mo-Fr;NZL;RNZ Pacific;COK;Oc;r;6;0505;2510
6140;1500-2200;;BEL;Radio Onda;F;Eu;/LUX-j;1;;[0426]
6140;1700-1800;;CHN;China Radio Int.;E;SAs;ka;0;;
6140;2200-2300;;CHN;China Radio Int.;M;SEA;k;0;;
6140;2300-2400;;CHN;China Radio Int.;CA;SEA;k;0;;
6140;1800-2000;;CTI;Radio Augusta Int.;E;WEu;/LUX-j;2;;[0726]
6140;1950-1400;;KRE;KCBS DIGITAL;K;KRE;p;1;;[0226]
6140;0500-1500;;SUI;Radio Gloria;D;Eu;/LUX-j;2;;[0726]
6140;1330-1400;;SVK;Radio Slovakia Int.;D;Eu;/LUX-j;2;;[0326]
6145;1100-1300;;BOL;Radio Betania;S;BOL;si;1;2004;
6145;2100-2300;;BOL;Radio Betania;S;BOL;si;1;2004;
6145;1400-1700;;CHN;China National Radio 1;M;CHN;a;1;;[1125]
6145;1500-1805;;CHN;China National Radio 17;KZ;CHN;L;4;;
6145;1520-1530;Mo-Fr;CHN;China National Radio 17;E,R;CHN;L;4;;
6145;1720-1730;Mo-Fr;CHN;China National Radio 17;E,R;CHN;L;4;;[0321]
6145;0600-0900;We-Mo;CHN;PBS Qinghai;M;CHN;xg;1;;[1220]
6145;0900-1600;;CHN;PBS Qinghai;M;CHN;xg;1;;[0423]
6145;2200-0600;;CHN;PBS Qinghai;M;CHN;xg;1;;[0125]
6145;1900-2000;;KOR;KBS World Radio;F;Eu;/G-w;0;;
6145;1400-1500;;TWN;Radio Taiwan Int.;M;CHN;k;1;;
6145;1500-1600;;TWN;Radio Taiwan Int.;M;CHN;k;1;;
6145;1600-1700;;TWN;Radio Taiwan Int.;M;CHN;k;1;;
6150.1;0000-2400;;B;Rádio Saturno;P;B;bh;1;;[0726]
6150;1100-1200;;CHN;CNR1 Jammer/Firedrake;M;FE;a;1;;[0626]
6150;0400-0600;irr;D;Europa24;D;Eu;dt;2;;[0725]
6150;0600-1600;;D;Europa24;D;Eu;dt;5;;[0625]
6150;0700-1500;;D;Europa24;D;Eu;dt;4;;[0226]
6150;1700-1800;;G;BBC;DR;AFG;/OMA-a;0;;
6150;1800-1900;;G;BBC;PS;AFG;/OMA-a;0;;
6150;1100-1200;;TWN;Radio Taiwan Int.;M;FE;k;1;;[0626]
6150;1200-1300;;TWN;Radio Taiwan Int.;AM;FE;k;1;;[0525]
6155;1400-1500;;CHN;China Radio Int.;R;CAs;q;0;;
6155;1500-1600;;CHN;China Radio Int.;M;SEA;b;0;;
6155;2055-0100;;CHN;CNR 2 China Business R.;M;CHN;B;4;;[1122]
6155;1700-1730;;CLA;Furusato no Kaze;J;KRE;/TWN-s;4;;[0126]
6155;1630-1700;;CLA;Nippon no Kaze;K;KRE;/TWN-s;4;;[0226]
6155;0800-0900;;KOR;KBS World Radio;J;FE;k;1;;[1125]
6155;0900-1000;;KOR;KBS World Radio;J;FE;k;1;;[0726]
6160;2300-2400;;CHN;China Radio Int.;E;SAs;ka;0;;
6160;0700-1500;Fr-Su;D;Shortwave Radio Gold;D,E;WEu;wa;5;;
6160;0800-1600;Mo-Fr;D;Shortwave Radio Gold;D,E;WEu;wa;4;;[0126]
6160;0800-1600;SaSu;D;Shortwave Radio Gold;D,E;WEu;wa;4;;[0226]
6160;1500-2200;;D;Shortwave Radio Gold;D,E;WEu;wa;5;;[0726]
6160;1600-1800;;D;Shortwave Radio Gold;D,E;WEu;wa;4;;
6160;0000-0100;Sa;USA;WBCQ The Planet;E;NAm;q;1;;[0526]
6160;1600-2400;;USA;WBCQ The Planet;E;NAm;q;1;0407;[0726]
6165;0000-0100;;CHN;China National Radio 6;AM;TWN;B;1;;
6165;0900-1100;;CHN;China National Radio 6;HK;TWN;B;1;;
6165;1100-1200;;CHN;China National Radio 6;M;TWN;B;1;;[1025]
6165;1200-1605;;CHN;China National Radio 6;M;TWN;B;1;;[0126]
6165;2155-2400;;CHN;China National Radio 6;AM;TWN;B;1;;
6165;1600-1700;;CHN;China Radio Int.;TU;ME;u;0;;
6165;1700-1800;;CHN;China Radio Int.;E;ME;b;0;;
6165;0430-0450;;J;NHK Radio Japan;R;EEu;/D-n;0;;
6165;1300-1330;156;J;Shiokaze;J;KRE;y;6;0704;2604
6165;1300-1400;We;J;Shiokaze;E;KRE;y;6;0704;2604
6165;1300-1400;Su;J;Shiokaze;J;KRE;y;6;0704;2604
6165;1300-1400;Tu,Th;J;Shiokaze;K;KRE;y;6;0704;2604
6165;1330-1400;156;J;Shiokaze;K;KRE;y;6;0704;2604
6165;1300-1330;156;J;Shiokaze;J;KRE;y;1;0207;
6165;1300-1400;We;J;Shiokaze;E;KRE;y;1;0207;
6165;1300-1400;Su;J;Shiokaze;J;KRE;y;1;0207;
6165;1300-1400;Tu,Th;J;Shiokaze;K;KRE;y;1;0207;
6165;1330-1400;156;J;Shiokaze;K;KRE;y;1;0207;
6165;1600-1630;156;J;Shiokaze;J;KRE;y;6;2704;0206
6165;1600-1700;We;J;Shiokaze;E;KRE;y;6;2704;0206
6165;1600-1700;Su;J;Shiokaze;J;KRE;y;6;2704;0206
6165;1600-1700;Tu,Th;J;Shiokaze;K;KRE;y;6;2704;0206
6165;1630-1700;156;J;Shiokaze;K;KRE;y;6;2704;0206
6165;0300-0400;;TUR;Voice of Turkey;E;ME;e;0;;
6170;0000-1800;1.Sa;FIN;Scandinavian Weekend R.;FI;Eu;v;5;;
6170;0000-1900;1.Sa;FIN;Scandinavian Weekend R.;FI;Eu;v;4;;[1123]
6170;1800-2100;1.Sa;FIN;Scandinavian Weekend R.;FI;Eu;v;2;;[0625]
6170;2100-2400;1.Fr;FIN;Scandinavian Weekend R.;FI;Eu;v;5;;
6170;2200-2400;1.Fr;FIN;Scandinavian Weekend R.;FI;Eu;v;4;;[0324]
6170;1950-2050;;J;Shiokaze;J;KRE;y;6;2903;0604
6170;1000-1100;;KRE;Voice of Korea;E;LAm;u;4;;[1223]
6170;1100-1200;;KRE;Voice of Korea;F;LAm;u;4;;[0224]
6170;1200-1250;;KRE;Voice of Korea KCBS;K;LAm;u;4;;[1025]
6170;1300-1400;;KRE;Voice of Korea;K;Eu;u;8;;
6170;1400-1600;;KRE;Voice of Korea;R;Eu;u;4;;[0226]
6170;1600-1700;;KRE;Voice of Korea;D;Eu;u;4;;[1123]
6170;1700-1800;;KRE;Voice of Korea;R;Eu;u;4;;[1222]
6170;1800-1900;;KRE;Voice of Korea;D;Eu;u;4;;[0125]
6170;1900-2000;;KRE;Voice of Korea;D;Eu;u;4;;[0326]
6170;2000-2050;;KRE;Voice of Korea KCBS;K;Eu;u;4;;[1123]
6175;1600-1700;;CHN;China Radio Int.;E;SEA;n;0;;
6175;1700-1800;;CHN;China Radio Int.;E;SEA;n;0;;
6175;1950-2050;;J;Shiokaze;J;KRE;y;1;0107;
6175;1420-1435;Su;SWZ;Trans World Radio;SGA;MOZ;;1;;
6175;1435-1450;Su;SWZ;Trans World Radio;P;MOZ;;1;;
6180;0000-0300;Tu-Sa;B;Rádio Nacional Amazônia;P;B;b;1;0107;
6180;0150-0155;Tu-Sa;B;Rádio Nacional Amazônia;E;B;b;6;2903;3006[1225]
6180;0155-0200;Tu-Sa;B;Rádio Nacional Amazônia;S;B;b;6;2903;3006
6180;0625-0207;;B;Rádio Nacional Amazônia;P;B;b;6;2903;3006[0526]
6180;0750-0755;Mo-Fr;B;Rádio Nacional Amazônia;E;B;b;6;2903;3006[0426]
6180;0755-0800;Mo-Fr;B;Rádio Nacional Amazônia;S;B;b;6;2903;3006[0226]
6180;1020-1025;Mo-Fr;B;Rádio Nacional Amazônia;E;B;b;6;2903;3006
6180;1025-1030;Mo-Fr;B;Rádio Nacional Amazônia;S;B;b;6;2903;3006
6180;2000-2400;Mo-Fr;B;Rádio Nacional Amazônia;P;B;b;1;0107;[0726]
6180;1200-1500;;CHN;China National Radio 17;KZ;CHN;L;4;;[0119]
6180;1220-1232;SaSu;CHN;China National Radio 17;E,R;CHN;L;4;;
6180;0000-0100;;CHN;China Radio Int.;E;SAs;ka;0;;
6180;0100-0200;;CHN;China Radio Int.;E;SAs;ka;0;;
6180;0200-0300;;CHN;China Radio Int.;R;CAs;ka;0;;
6180;0300-0400;;CHN;China Radio Int.;R;CAs;ka;0;;
6180;0400-0500;;CHN;China Radio Int.;R;CAs;ka;0;;
6180;2300-2400;;CHN;China Radio Int.;E;SAs;ka;0;;
6180;1000-1600;;CHN;CNR1 Jammer/Firedrake;M;FE;f;1;;[1125]
6180;0600-0630;;D;DWD Pinneberg;D;Eu;pi;1;;[0426]
6180;1200-1230;;D;DWD Pinneberg;D;Eu;pi;1;;[0525]
6180;1600-1630;;D;DWD Pinneberg;D;Eu;pi;1;;[0326]
6180;2000-2030;;D;DWD Pinneberg;D;Eu;pi;1;;[0726]
6180;1000-1100;;TWN;Radio Taiwan Int.;M;CHN;s;4;;
6180;1100-1200;;TWN;Radio Taiwan Int.;M;CHN;s;1;;[1222]
6180;1200-1300;;TWN;Radio Taiwan Int.;M;CHN;s;1;;
6180;1300-1400;;TWN;Radio Taiwan Int.;M;CHN;s;1;;
6180;1400-1500;;TWN;Radio Taiwan Int.;M;CHN;s;1;;
6180;1500-1600;;TWN;Radio Taiwan Int.;M;CHN;s;1;;[1125]
6180;0500-0530;Mo-Sa;USA;Global Talk America;HA;WAf;/ASC;6;2903;0107
6185;0943-1200;;CHN;China Huayi BC;M;TWN;f;1;;[0826]
6185;1950-2050;;J;Shiokaze;J;KRE;y;6;2903;0604
6185;1000-1100;;KRE;Voice of Korea;E;SEA;u;4;;[1222]
6185;1100-1200;;KRE;Voice of Korea;F;SEA;u;4;;[0324]
6185;1200-1250;;KRE;Voice of Korea KCBS;K;SEA;u;4;;[1025]
6185;1300-1400;;KRE;Voice of Korea;M;SEA;u;4;;[0324]
6185;1400-1450;;KRE;Voice of Korea KCBS;K;SEA;u;4;;[0226]
6185;2200-1200;;MEX;Radio Educación;S;CAm;e;1;;[0826]
6190;2055-2400;;CHN;CNR 2 China Business R.;M;CHN;q;1;;[1023]
6190;1200-1800;;CHN;PBS Xinjiang;MO;CHN;uc;1;;[1025]
6190;2300-0330;;CHN;PBS Xinjiang;MO;CHN;uc;5;;[1025]
6190;2315-0330;;CHN;PBS Xinjiang;MO;CHN;uc;4;;[0126]
6195;0900-1000;7Apr;D;Radio SE-TA2 DIGITAL;D;Eu;wh;6;0404;0704
6195;0900-1500;;D;Radio SE-TA2 DIGITAL;D;Eu;wh;6;0505;0605
6195;0900-1500;;D;Radio SE-TA2 DIGITAL;D;Eu;wh;6;0607;0607
6195;0900-1400;irr;D;Radio SE-TA2 DIGITAL;D;Eu;wh;8;;
6195;0030-0100;;G;BBC;DR;AFG;/OMA-a;0;;
6195;0100-0130;;G;BBC;PS;AFG;/OMA-a;0;;
6195;0130-0200;;G;BBC;DR;AFG;/OMA-a;0;;
6200;0000-2400;irr;B;Radio Âncora, Bahia;P;B;xx;1;;[0426]
6200;0200-0700;;CHN;Xizang RTV;TB;CHN;t;1;;
6200;0700-0800;We-Mo;CHN;Xizang RTV;E;CHN;t;1;;[0525]
6200;0800-1000;We-Mo;CHN;Xizang RTV;TB;CHN;t;1;;[1220]
6200;1000-1600;;CHN;Xizang RTV;TB;CHN;t;1;;[1125]
6200;1600-1700;;CHN;Xizang RTV;E;CHN;t;1;;[1124]
6200;1700-1805;;CHN;Xizang RTV;TB;CHN;t;1;;[0122]
6200;2050-0200;;CHN;Xizang RTV;TB;CHN;t;1;;[1225]
6200;1241-1241;;CHN;Voice of Jinling;C;TWN;nj;1;;[1125]
6200;1242-1505;;CHN;Voice of Jinling;C;TWN;nj;1;;[0426]
6215;0000-2400;;CAN;VFF Iqaluit Radio;E;NAm;i;1;1505;2012
6218.6;0000-2400;;CAN;VFF Iqaluit Radio;E;NAm;hr;1;1505;3110
6218.6;0000-2400;;CAN;VFF Iqaluit Radio;E;NAm;in;1;1505;3110
6218.6;0115-0200;;CAN;VFF Iqaluit Radio;E;NAm;in;1;1505;3110
6218.6;0235-0300;;CAN;VFF Iqaluit Radio;E;NAm;in;1;1505;3110[1019]
6218.6;1315-1400;;CAN;VFF Iqaluit Radio;E;NAm;in;1;1505;3110[0624]
6218.6;1435-1500;;CAN;VFF Iqaluit Radio;E;NAm;in;1;1505;3110
6218.6;1705-1745;;CAN;VFF Iqaluit Radio;E;NAm;in;1;1505;3110
6224;0003-0040;;NZL;ZLM Taupo Maritime R.;E;Oc;t;5;;
6224;0133-0210;;NZL;ZLM Taupo Maritime R.;E;Oc;t;3;;
6224;0303-0340;;NZL;ZLM Taupo Maritime R.;E;Oc;t;1;;
6224;0533-0610;;NZL;ZLM Taupo Maritime R.;E;Oc;t;3;;[0423]
6224;0803-0840;;NZL;ZLM Taupo Maritime R.;E;Oc;t;3;;[0220]
6224;0903-0940;;NZL;ZLM Taupo Maritime R.;E;Oc;t;1;;[0626]
6224;1333-1418;;NZL;ZLM Taupo Maritime R.;E;Oc;t;3;;[0624]
6224;1503-1540;;NZL;ZLM Taupo Maritime R.;E;Oc;t;1;;[0215]
6224;1733-1810;;NZL;ZLM Taupo Maritime R.;E;Oc;t;3;;
6224;2003-2040;;NZL;ZLM Taupo Maritime R.;E;Oc;t;3;;
6224;2103-2145;;NZL;ZLM Taupo Maritime R.;E;Oc;t;1;;
6224;2303-2340;;NZL;ZLM Taupo Maritime R.;E;Oc;t;4;;
6230;1000-2300;;AUS;VMW Wiluna WA;E;AUS;w;1;;[0626]
6230;0000-2400;;CHN;CNR1 Jammer/Firedrake;M;CHN;;1;;[0526]
6230;0000-0100;;TWN;Sound of Hope;M;FE;;1;;
6230;0100-0200;;TWN;Sound of Hope;M;FE;;1;;
6230;0200-1200;;TWN;Sound of Hope;M;FE;;1;;[0526]
6230;1200-1300;;TWN;Sound of Hope;M;FE;;1;;[0822]
6230;1300-1400;;TWN;Sound of Hope;M;FE;;1;;[0324]
6230;1400-1500;;TWN;Sound of Hope;M;FE;;1;;[1123]
6230;1500-1600;;TWN;Sound of Hope;CA;FE;;1;;[0125]
6230;1600-1700;;TWN;Sound of Hope;M;FE;;1;;[1225]
6230;1700-2000;;TWN;Sound of Hope;M;FE;;1;;[0224]
6230;2000-2100;;TWN;Sound of Hope;M;FE;;1;;
6230;2100-2130;;TWN;Sound of Hope;M;FE;;1;;[0521]
6230;2130-2200;;TWN;Sound of Hope;M;FE;;1;;[1022]
6230;2200-2300;;TWN;Sound of Hope;M;FE;;1;;[1223]
6230;2300-2400;;TWN;Sound of Hope;M;FE;;1;;[0223]
6252;0915-0925;Mo,Fr;POL;S11a Polish Spy Numbers;R;;p;1;0111;2802[0124]
6265;0000-2400;irr;B;Rádio Tury;P;B;xx;1;;
6268;0000-2400;;CAN;VFF Iqaluit Radio;-TY;NAm;i;1;1505;2012
6280;0000-2400;;CHN;CNR1 Jammer/Firedrake;M;CHN;;1;;[0925]
6280;0000-0100;;TWN;Sound of Hope;M;FE;;1;;
6280;0100-0200;;TWN;Sound of Hope;M;FE;;1;;
6280;0200-1200;;TWN;Sound of Hope;M;FE;;1;;[0626]
6280;1200-1300;;TWN;Sound of Hope;M;FE;;1;;[0922]
6280;1300-1400;;TWN;Sound of Hope;M;FE;;1;;[0624]
6280;1400-1500;;TWN;Sound of Hope;M;FE;;1;;[0925]
6280;1500-1600;;TWN;Sound of Hope;M;FE;;1;;
6280;1600-1700;;TWN;Sound of Hope;M;FE;;1;;[0525]
6280;1700-2000;;TWN;Sound of Hope;M;FE;;1;;[0626]
6280;2000-2100;;TWN;Sound of Hope;M;FE;;1;;[0725]
6280;2100-2130;;TWN;Sound of Hope;M;FE;;1;;[0526]
6280;2130-2200;;TWN;Sound of Hope;M;FE;;1;;
6280;2200-2300;;TWN;Sound of Hope;M;FE;;1;;
6280;2300-2400;;TWN;Sound of Hope;M;FE;;1;;
6312;0000-2400;;CAN;VFF Iqaluit Radio;-TY;NAm;i;1;1505;2012
6314;0140-0150;;USA;NMF NAVTEX Boston MA;;ENA;bo;1;;[0721]
6315.5;0000-2400;;CHN;XSV Tianjin Radio;-TY;FE;tj;1;;
6316.5;0000-2400;;CHN;XSV Tianjin Radio;-TY;FE;tj;1;;
6321.5;0000-2400;;GRC;SVO Olimpia Radio;-CW;SEu;o;1;;[0920]
6326;0000-2400;;CHN;XSG Shanghai Radio;-TY;FE;sh;1;;[0321]
6328.5;0330-0355;;RUS;RBW Murmansk Meteo Fax;;NEu;mm;1;;[1220]
6328.5;1030-1055;;RUS;RBW Murmansk Meteo Fax;;NEu;mm;1;;[1220]
6328.5;1330-1355;;RUS;RBW Murmansk Meteo Fax;;NEu;mm;1;;[0121]
6328.5;1445-1510;;RUS;RBW Murmansk Meteo Fax;;NEu;mm;1;;[1220]
6328.5;2000-2025;;RUS;RBW Murmansk Meteo Fax;;NEu;mm;1;;
6340.2;0000-0100;;TWN;Sound of Hope;M;FE;;1;;
6340.2;0100-0200;;TWN;Sound of Hope;M;FE;;1;;
6340.2;0200-1200;;TWN;Sound of Hope;M;FE;;1;;[1224]
6340.2;1200-1300;;TWN;Sound of Hope;M;FE;;1;;[0822]
6340.2;1300-1400;;TWN;Sound of Hope;M;FE;;1;;[0324]
6340.2;1400-1500;;TWN;Sound of Hope;M;FE;;1;;[1123]
6340.2;1500-1600;;TWN;Sound of Hope;M;FE;;1;;[0125]
6340.2;1600-1700;;TWN;Sound of Hope;M;FE;;1;;[1124]
6340.2;2100-2130;;TWN;Sound of Hope;M;FE;;1;;[0824]
6340.2;2130-2200;;TWN;Sound of Hope;M;FE;;1;;
6340.2;2200-2300;;TWN;Sound of Hope;M;FE;;1;;[1223]
6340.2;2300-2400;;TWN;Sound of Hope;M;FE;;1;;[0223]
6340.5;0230-0505;;USA;NMF Fax Boston MA;;ENA;bo;1;;[0226]
6340.5;0745-1040;;USA;NMF Fax Boston MA;;ENA;bo;1;;[0318]
6340.5;1400-1600;;USA;NMF Fax Boston MA;;ENA;bo;1;;
6340.5;1720-2251;;USA;NMF Fax Boston MA;;ENA;bo;1;;[0425]
6370;0000-2400;;CHN;CNR1 Jammer/Firedrake;M;CHN;;1;;[0520]
6370;0000-0100;;TWN;Sound of Hope;M;FE;;1;;
6370;0100-0200;;TWN;Sound of Hope;M;FE;;1;;
6370;0200-1200;;TWN;Sound of Hope;M;FE;;1;;[0925]
6370;1200-1300;;TWN;Sound of Hope;M;FE;;1;;[0822]
6370;1300-1400;;TWN;Sound of Hope;M;FE;;1;;
6370;1400-1500;;TWN;Sound of Hope;M;FE;;1;;[1123]
6370;1500-1600;;TWN;Sound of Hope;CA;FE;;1;;[0125]
6370;1600-1700;;TWN;Sound of Hope;M;FE;;1;;[0525]
6370;1700-2000;;TWN;Sound of Hope;M;FE;;1;;[0626]
6370;2000-2100;;TWN;Sound of Hope;M;FE;;1;;[0626]
6370;2100-2130;;TWN;Sound of Hope;M;FE;;1;;
6370;2130-2200;;TWN;Sound of Hope;M;FE;;1;;[0925]
6370;2200-2300;;TWN;Sound of Hope;M;FE;;1;;[0126]
6370;2300-2400;;TWN;Sound of Hope;M;FE;;1;;[1223]
6400;1900-2100;;HOL;Free Radio Sce Holland;E;Eu;xx;6;2607;2607
6400;1900-2100;2Aug;HOL;Free Radio Sce Holland;E;Eu;xx;6;2607;0208
6400;1900-2100;9Aug;HOL;Free Radio Sce Holland;E;Eu;xx;6;2607;0908
6433;0830-0840;SaSu;POL;S11a Polish Spy Numbers;R;;p;1;0103;3004
6433;0830-0840;SaSu;POL;S11a Polish Spy Numbers;R;;p;1;0109;3110[1022]
6480;0915-0925;Mo,Fr;POL;S11a Polish Spy Numbers;R;;p;1;0103;3004[0322]
6480;0915-0925;Mo,Fr;POL;S11a Polish Spy Numbers;R;;p;1;0109;3110
6484.5;0000-2400;;CHN;XSV Tianjin Radio;-TY;FE;tj;1;;
6487;0000-2400;;USA;NSS US Navy;-TY;NAm;a;1;;[0226]
6496.4;1000-2200;;CAN;CFH Halifax Radio;-TY;NAm;hx;1;;
6496.4;2200-1000;;CAN;CFH Halifax Radio;-TY;NAm;hx;1;;
6501;0203-0300;;ALS;NOJ USCG Kodiak;E;WNA;k;1;;[0824]
6501;1645-1745;;ALS;NOJ USCG Kodiak;E;WNA;k;1;;
6501;0000-2400;;CAN;VFF Iqaluit Radio;E;NAm;cb;1;0107;1510
6501;0000-2400;;CAN;VFF Iqaluit Radio;E;NAm;hr;1;1505;3110
6501;0000-2400;;CAN;VFF Iqaluit Radio;E;NAm;in;1;1505;3110
6501;0930-1015;;GUM;NRV USCG Guam;E;WOc;;1;;
6501;1530-1615;;GUM;NRV USCG Guam;E;WOc;;1;;
6501;0600-0635;;HWA;NMO USCG Honolulu;E;Oc;nm;1;;[0923]
6501;1200-1235;;HWA;NMO USCG Honolulu;E;Oc;nm;1;;[0815]
6501;0330-0430;;USA;NMN USCG Chesapeake;E;NAm;ch;1;;[0325]
6501;0515-0615;;USA;NMN USCG Chesapeake;E;NAm;ch;1;;[0925]
6501;0930-1030;;USA;NMN USCG Chesapeake;E;NAm;ch;1;;[0726]
6501;1115-1215;;USA;NMN USCG Chesapeake;E;NAm;ch;1;;[0319]
6501;1530-1630;;USA;NMN USCG Chesapeake;E;NAm;ch;1;;[0517]
6501;2130-2156;;USA;NMN USCG Chesapeake;E;NAm;ch;1;;[1225]
6501;2315-0015;;USA;NMN USCG Chesapeake;E;NAm;ch;1;;[1225]
6507;0800-2100;;AUS;VMC Charleville QL;E;AUS;c;1;;[0626]
6507;0000-2400;;CAN;VFF Iqaluit Radio;E;NAm;ch;1;0107;3110
6507;0000-2400;;CAN;VFF Iqaluit Radio;E;NAm;i;1;1505;2012
6507;0110-0130;;CAN;VFF Iqaluit Radio;E;ENA;ch;1;1007;3110[1121]
6510;0000-2400;;CHN;XSQ Guangzhou Radio;M;FE;gx;1;;
6510;0000-2400;;TUR;TAH Turk Radio Istanbul;E;ME;is;1;;
6516;0000-2400;;I;Romaradio IAR;I;SEu;r;1;;
6529;0000-2400;;CNR;Canarias HFDL (ID17);-HF;WAf;gc;1;;
6532;0000-2400;;IRL;Shannon HFDL (ID7);-HF;NAO;s;1;;
6532;0000-2400;;USA;San Francisco Radio CWP;E;WOc;/GUM-b;1;;
6532;0000-2400;;USA;San Francisco Radio CWP;E;WOc;/HWA-m;1;;
6535;0000-2400;;AZR;Santa Maria Radio;E;NAO;sm;1;;[0915]
6535;0000-2400;;NZL;Auckland HFDL (ID5);-HF;SOc;a;1;;[0721]
6535;0000-2400;;SEN;Dakar Radio;E;WAf;y;1;;[0523]
6535;0000-2400;;THA;Hat Yai HFDL (ID6);-HF;SEA;hy;1;;
6547;0000-2400;;IRL;Shannon Aeradio J;E;NAO;s;1;;[1019]
6550;0000-2400;;IRL;Shannon Aeradio I;E;NAO;s;1;;
6556;0000-2400;;IND;Kolkata Radio;E;SAs;;1;;[0616]
6556;0000-2400;;IRL;Shannon Aeradio H;E;NAO;s;1;;
6559;0000-2400;;USA;San Francisco HFDL(ID1);-HF;WNA;dx;1;;[0524]
6565;0000-2400;;HWA;Moloka'i HFDL (ID2);-HF;Oc;m;1;;
6577;0000-2400;;TRD;Piarco Radio CAR-B;E;Car;;1;;
6577;0000-2400;;USA;New York Radio;E;Car;bg;1;;[0824]
6586;0000-2400;;USA;New York Radio;E;Car;bg;1;;[1220]
6589;0000-2400;;PNR;Albrook HFDL (ID11);-HF;CAm;al;1;;
6595;0000-2400;;IRL;Shannon Aeradio I;E;NAO;s;1;;
6607;0000-2400;;ISR;4XZ Israeli Navy Haifa;-CW;;;1;;[0525]
6617;0000-2400;;RUS;Rostov Volmet x25,55;R;CIS;rv;1;;[0126]
6617;0000-2400;;RUS;StPeterbg Volmet x05,35;R;CIS;pv;1;;[0525]
6619;0000-2400;;KOR;Seoul Muan HFDL (ID10);-HF;FE;m;1;;[0919]
6622;0000-2400;;CAN;Gander Radio F;E;NAO;g;1;;[0822]
6622;1000-1800;;IRL;Shannon Aeradio F;E;NAO;s;1;;[1121]
6628;0000-2400;;AZR;Santa Maria Radio E;E;NAO;sm;1;;[0523]
6628;0000-2400;;BOL;Santa Cruz HFDL (ID13);-HF;SAm;sz;1;;
6628;0000-2400;;USA;New York Radio;E;NAO;bg;1;;[0325]
6640;0000-2400;;USA;New York Radio;E;NAO;bg;1;;[0221]
6640;0000-2400;;USA;San Francisco R. LDOC;E;Oc;dx;1;;[1214]
6646;0000-2400;;ALS;Barrow HFDL (ID9);-HF;NOc;ba;1;;
6646;0000-2400;;BHR;Al Muharraq HFDL (ID15);-HF;ME;m;1;;[0424]
6652;0000-2400;;GUM;Agana Guam HFDL (ID16);-HF;WOc;h;1;;
6655;0000-2400;;USA;San Francisco Radio NP;E;NOc;/ALS-ba;1;;
6655;0000-2400;;USA;San Francisco Radio NP;E;NOc;/HWA-m;1;;[0918]
6661;0000-2400;;IND;Mumbai Radio;E;SAs;;1;;[0321]
6661;0000-2400;;USA;Riverhead HFDL (ID4);-HF;ENA;rh;1;;
6667;0000-2400;;AZR;Santa Maria Radio H;E;NAO;sm;1;;[0716]
6667;0000-2400;;IRL;Shannon Aeradio H;E;NAO;s;1;;
6673;0000-2400;;USA;San Francisco Radio CEP;E;EOc;dx;1;;[0824]
6676;0000-2400;;AUS;Australia Volmet x00,30;E;Oc;as;1;;[0726]
6676;0305-1240;;IND;Kolkata Volmet x05,x35;E;SAs;kv;1;;[0122]
6676;0000-2400;;IND;Mumbai Volmet x25,x55;E;SAs;mv;1;;[0726]
6676;0000-2400;;PAK;Karachi Volmet x15,x45;E;SAs;kv;1;;[0726]
6676;1250-2225;;SNG;SingaporeVolmet x20,x50;E;SAs;v;1;;[0526]
6676;0000-2400;;THA;Bangkok Volmet x10,x40;E;SAs;bv;1;;[0726]
6679;0000-2400;;HKG;Hongkong Volmet x15,x45;E;FE;a;1;;[0626]
6679;0000-2400;;J;Tokyo Volmet x10,x40;E;FE;tv;1;;[1121]
6679;0000-2400;;NZL;Auckland Volmet x20,x50;E;FE;a;1;;[0726]
6685;0000-2400;;RUS;AF Transport Davlenie;R;EEu;tc;1;;
6685;0000-2400;;RUS;AF Transport Kasta;R;EEu;to;1;;
6685;0000-2400;;RUS;AF Transport Klarnetist;R;EEu;to;1;;
6685;0000-2400;;RUS;AF Transport Korsar;R;EEu;m;1;;
6685;0000-2400;;RUS;AF Transport Magnetron;R;EEu;sc;1;;
6685;0000-2400;;RUS;AF Transport Polis;R;EEu;o2;1;;
6685;0000-2400;;RUS;AF Transport Proselok;R;EEu;ps;1;;
6693;0000-2400;;RUS;Novosibir Volmet x07,37;R;CIS;nv;1;;[0525]
6693;0000-2400;;RUS;Samara Volmet x15,45;R;CIS;sv;1;;[0525]
6712;0000-2400;;ISL;Reykjavik HFDL (ID3);-HF;NAO;r;1;;[1119]
6730;0000-0100;;TWN;Sound of Hope;M;FE;;1;;
6730;0100-0200;;TWN;Sound of Hope;M;FE;;1;;
6730;0200-1200;;TWN;Sound of Hope;M;FE;;1;;
6730;1200-1300;;TWN;Sound of Hope;M;FE;;1;;
6730;1300-1400;;TWN;Sound of Hope;M;FE;;1;;
6730;1400-1500;;TWN;Sound of Hope;M;FE;;1;;
6730;1500-1600;;TWN;Sound of Hope;M;FE;;1;;
6730;1600-1700;;TWN;Sound of Hope;M;FE;;1;;
6730;1700-2000;;TWN;Sound of Hope;M;FE;;1;;
6730;2000-2100;;TWN;Sound of Hope;M;FE;;1;;
6730;2100-2130;;TWN;Sound of Hope;M;FE;;1;;
6730;2130-2200;;TWN;Sound of Hope;M;FE;;1;;
6730;2200-2300;;TWN;Sound of Hope;M;FE;;1;;
6730;2300-2400;;TWN;Sound of Hope;M;FE;;1;;
6754;0130-1100;;CAN;Trenton Volmet;E;NAm;tr;1;;[0726]
6765.1;0000-0200;;THA;Bangkok Meterolog.Radio;E,T;SEA;bv;1;;[0226]
6765.1;0300-0500;;THA;Bangkok Meterolog.Radio;E,T;SEA;bv;1;;
6765.1;0600-0800;;THA;Bangkok Meterolog.Radio;E,T;SEA;bv;1;;
6765.1;0900-1100;;THA;Bangkok Meterolog.Radio;E,T;SEA;bv;1;;[0925]
6765.1;1200-1400;;THA;Bangkok Meterolog.Radio;E,T;SEA;bv;1;;[0626]
6765.1;1500-1700;;THA;Bangkok Meterolog.Radio;E,T;SEA;bv;1;;[0125]
6765.1;1800-2000;;THA;Bangkok Meterolog.Radio;E,T;SEA;bv;1;;[0626]
6765.1;2100-2300;;THA;Bangkok Meterolog.Radio;E,T;SEA;bv;1;;[0726]
6792;1300-1310;Sa;RUS;E06 Russian Spy Numbers;E;RUS;or;1;0112;3112
6804;0700-0710;Tu,Fr;POL;E11 Polish Spy Numbers;E;;p;1;0111;2802[1221]
6807;0820-0830;Th,Fr;POL;E11 Polish Spy Numbers;E;;p;1;0103;3004
6807;0820-0830;Th,Fr;POL;E11 Polish Spy Numbers;E;;p;1;0109;3110[0924]
6814;0915-0925;Mo,Fr;POL;S11a Polish Spy Numbers;R;;p;1;0105;3108[0521]
6831;0000-2400;;PTR;NAU US Navy;-TY;NAm;i;1;;[1122]
6849;1815-1825;Fr,Su;POL;E11 Polish Spy Numbers;E;;p;1;0111;2802
6849;1900-1910;Mo,Th;POL;E11 Polish Spy Numbers;E;;p;1;0111;2802[0223]
6850;0000-2400;;CHN;CNR1 Jammer/Firedrake;M;FE;;1;;[1220]
6850;0000-0100;;TWN;Sound of Hope;M;FE;;1;;
6850;0100-0200;;TWN;Sound of Hope;M;FE;;1;;
6850;0200-1200;;TWN;Sound of Hope;M;FE;;1;;[0125]
6850;1200-1300;;TWN;Sound of Hope;M;FE;;1;;[0822]
6850;1300-1400;;TWN;Sound of Hope;M;FE;;1;;[0324]
6850;1400-1500;;TWN;Sound of Hope;M;FE;;1;;
6850;1500-1600;;TWN;Sound of Hope;M;FE;;1;;[1123]
6850;1600-1700;;TWN;Sound of Hope;M;FE;;1;;[0125]
6850;1700-2000;;TWN;Sound of Hope;M;FE;;1;;[0524]
6850;2000-2100;;TWN;Sound of Hope;M;FE;;1;;[0223]
6850;2100-2130;;TWN;Sound of Hope;M;FE;;1;;
6850;2130-2200;;TWN;Sound of Hope;M;FE;;1;;
6850;2200-2300;;TWN;Sound of Hope;M;FE;;1;;
6850;2300-2400;;TWN;Sound of Hope;M;FE;;1;;
6850;0000-2400;irr;USA;Various pirates;E;NAm;xx;1;;[0426]
6865;0000-0100;;TWN;Sound of Hope;M;FE;;1;;
6865;0100-0200;;TWN;Sound of Hope;M;FE;;1;;
6865;0200-1200;;TWN;Sound of Hope;M;FE;;1;;
6865;1200-1300;;TWN;Sound of Hope;M;FE;;1;;
6865;1300-1400;;TWN;Sound of Hope;M;FE;;1;;
6865;1400-1500;;TWN;Sound of Hope;M;FE;;1;;
6865;1500-1600;;TWN;Sound of Hope;CA;FE;;1;;
6865;1600-1700;;TWN;Sound of Hope;M;FE;;1;;
6865;1700-2000;;TWN;Sound of Hope;M;FE;;1;;[0626]
6865;2000-2100;;TWN;Sound of Hope;M;FE;;1;;
6865;2100-2130;;TWN;Sound of Hope;M;FE;;1;;
6865;2130-2200;;TWN;Sound of Hope;M;FE;;1;;
6865;2200-2300;;TWN;Sound of Hope;M;FE;;1;;
6865;2300-2400;;TWN;Sound of Hope;M;FE;;1;;
6870;0000-2400;irr;USA;Various pirates;E;NAm;xx;1;;[0925]
6880;0000-2400;irr;USA;Various pirates;E;NAm;xx;1;;[0825]
6900;0000-2400;;CHN;CNR1 Jammer/Firedrake;M;FE;;1;;[0223]
6900;0000-0100;;TWN;Sound of Hope;M;FE;;1;;
6900;0100-0200;;TWN;Sound of Hope;M;FE;;1;;
6900;0200-1200;;TWN;Sound of Hope;M;FE;;1;;[0125]
6900;1200-1300;;TWN;Sound of Hope;M;FE;;1;;[0822]
6900;1300-1400;;TWN;Sound of Hope;M;FE;;1;;
6900;1400-1500;;TWN;Sound of Hope;M;FE;;1;;[0324]
6900;1500-1600;;TWN;Sound of Hope;CA;FE;;1;;[1123]
6900;1600-1700;;TWN;Sound of Hope;M;FE;;1;;[0521]
6900;1700-2000;;TWN;Sound of Hope;M;FE;;1;;[0624]
6900;2000-2100;;TWN;Sound of Hope;M;FE;;1;;
6900;2100-2130;;TWN;Sound of Hope;M;FE;;1;;[0521]
6900;2130-2200;;TWN;Sound of Hope;M;FE;;1;;
6900;2200-2300;;TWN;Sound of Hope;M;FE;;1;;
6900;2300-2400;;TWN;Sound of Hope;M;FE;;1;;[1223]
6905;0000-2400;irr;USA;Various pirates;E;NAm;xx;1;;[0426]
6910;0000-2400;irr;USA;Various pirates;E;NAm;xx;1;;[0124]
6911;0000-2400;;RUS;Stalingrad clock;-TS;EEu;xx;1;;[0425]
6915.1;1121-1200;;CAN;VCO Sydney Meteo Fax;;ENA;sm;1;;
6915.1;1741-1800;;CAN;VCO Sydney Meteo Fax;;ENA;sm;1;;
6915;0000-2400;irr;USA;Various pirates;E;NAm;xx;1;;[1125]
6920;0000-2400;irr;USA;Various pirates;E;NAm;xx;1;;[1125]
6923;0930-0940;We,Th;POL;E11 Polish Spy Numbers;E;;p;1;0105;3108[0522]
6923;1715-1725;We,Fr;POL;E11 Polish Spy Numbers;E;;p;1;0103;3004[0423]
6923;1715-1725;We,Fr;POL;E11 Polish Spy Numbers;E;;p;1;0109;3110[0924]
6925;2000-0100;;CHL;RCW Compañía Worldwide;S;CHL;gc;1;;[0526]
6925;0000-2400;irr;USA;Various pirates;E;NAm;xx;1;;[0526]
6930;0000-2400;irr;USA;Various pirates;E;NAm;xx;1;;[0426]
6931;0000-2400;irr;E;Indy Radio;S;Eu;xx;1;;[1225]
6935;2200-0200;irr;ARG;AD149 AM (Pirate);S;SAm;xx;1;;[0526]
6935;0000-2400;irr;USA;Various pirates;E;NAm;xx;1;;[0526]
6938;0000-2400;;USA;WO2XPY HF Trading;;NAm;jo;1;;[0526]
6940;0930-0940;We,Th;POL;E11 Polish Spy Numbers;E;;p;1;0103;3004[0322]
6940;0930-0940;We,Th;POL;E11 Polish Spy Numbers;E;;p;1;0109;3110[0924]
6940;0000-2400;irr;USA;Various pirates;E;NAm;xx;1;;[0925]
6945;0000-2400;irr;USA;Various pirates;E;NAm;xx;1;;[0526]
6950;0000-2400;irr;USA;Various pirates;E;NAm;xx;1;;[0526]
6955;0000-2400;irr;USA;Various pirates;E;NAm;xx;1;;[0526]
6960;0100-0330;Sa;USA;Ballsmacker Radio;E;ENA;xx;1;;[0526]
6960;0000-2400;irr;USA;Various pirates;E;NAm;xx;1;;[0526]
6965;0000-2400;irr;USA;Various pirates;E;NAm;xx;1;;[1125]
6970.1;0000-0100;;TWN;Sound of Hope;M;FE;;1;;[0223]
6970.1;0100-0200;;TWN;Sound of Hope;M;FE;;1;;
6970.1;0200-1200;;TWN;Sound of Hope;M;FE;;1;;[0925]
6970.1;1200-1300;;TWN;Sound of Hope;M;FE;;1;;[0822]
6970.1;1300-1400;;TWN;Sound of Hope;M;FE;;1;;[0224]
6970.1;1400-1500;;TWN;Sound of Hope;M;FE;;1;;[0324]
6970.1;1500-1600;;TWN;Sound of Hope;M;FE;;1;;[0125]
6970.1;1600-1700;;TWN;Sound of Hope;M;FE;;1;;[0525]
6970.1;1700-2000;;TWN;Sound of Hope;M;FE;;1;;[0426]
6970.1;2000-2100;;TWN;Sound of Hope;M;FE;;1;;[0824]
6970.1;2100-2130;;TWN;Sound of Hope;M;FE;;1;;[0521]
6970.1;2130-2200;;TWN;Sound of Hope;M;FE;;1;;
6970.1;2200-2300;;TWN;Sound of Hope;M;FE;;1;;
6970.1;2300-2400;;TWN;Sound of Hope;M;FE;;1;;[1223]
6970;0000-2400;irr;USA;Various pirates;E;NAm;xx;1;;[0526]
6975;0000-2400;irr;USA;Various pirates;E;NAm;xx;1;;[0925]
6980;0000-2400;irr;USA;Various pirates;E;NAm;xx;1;;[0222]
6985;0000-2400;irr;USA;Various pirates;E;NAm;xx;1;;[1225]
6986;0820-0830;Th,Fr;POL;E11 Polish Spy Numbers;E;;p;1;0111;2802
7038.5;0000-2400;;CZE;OK0EU Beacon D;-CW;Eu;dl;1;;
7038.5;0000-2400;;CZE;OK0EU Beacon M;-CW;Eu;pv;1;;
7038.5;0000-2400;;CZE;OK0EU Beacon U;-CW;Eu;pr;1;;
7038.7;0000-2400;;RUS;Channel Marker D;-CW;EEu;se;1;;[1014]
7038.8;0000-2400;;RUS;Channel Marker P;-CW;RUS;kl;1;;
7038.9;0000-2400;;RUS;Channel Marker S;-CW;RUS;sm;1;;
7039;0000-2400;;RUS;Channel Marker C;-CW;RUS;m;1;;[0116]
7039.1;0000-2400;;RUS;Channel Marker A;-CW;RUS;as;1;;
7039.2;0000-2400;;RUS;Channel Marker F;-CW;FE;vl;1;;[0515]
7039.3;0000-2400;;RUS;Channel Marker K;-CW;FE;pk;1;;[1122]
7039.4;0000-2400;;CZE;OK0EPB Pendulum;-TS;Eu;p;1;;
7039.4;0000-2400;;RUS;Channel Marker M;-CW;FE;mg;1;;[0720]
7123;1000-1030;Su;IRL;IRTS Radio News Service;E;IRL;xy;2;;
7200;1400-1430;246;KOR;New Korea Hope Bcing;K;KRE;/TWN;6;2903;0304
7200;1400-1428;357;USA;RBS V.o.Korean Revival;K;KRE;/TWN-s;6;2903;0304[0326]
7203;0900-0100;;INS;RRI Programa Tiga (3);IN;SEA;k;1;;[0826]
7205;1900-2000;;CHN;China Radio Int.;P;SAf;x;0;;
7205;2000-2100;;CHN;China Radio Int.;M;SAf;x;0;;
7205;2100-2200;;CHN;China Radio Int.;E;SAf;x;0;;
7205;1225-1800;;CHN;PBS Xinjiang;UI;CHN;uc;4;;[0325]
7205;1400-1800;;CHN;PBS Xinjiang;UI;CHN;uc;5;;
7205;2300-0200;;CHN;PBS Xinjiang;UI;CHN;uc;5;;
7205;2310-0300;;CHN;PBS Xinjiang;UI;CHN;uc;4;;[1225]
7210;1800-1900;;CHN;China Radio Int.;R;EEu;u;0;;
7210;0030-0115;;CHN;PBS Yunnan Minority Sce;TL;CHN;kl;1;;
7210;0115-0200;;CHN;PBS Yunnan Minority Sce;TN;CHN;kl;1;;
7210;0200-0245;;CHN;PBS Yunnan Minority Sce;KC;CHN;kl;1;;
7210;0245-0300;;CHN;PBS Yunnan Minority Sce;M;CHN;kl;1;;
7210;1045-1100;;CHN;PBS Yunnan Minority Sce;-MX;CHN;kl;1;;[1024]
7210;1100-1145;;CHN;PBS Yunnan Minority Sce;TN;CHN;kl;1;;[1023]
7210;1145-1230;;CHN;PBS Yunnan Minority Sce;KC;CHN;kl;1;;[1122]
7210;1230-1315;;CHN;PBS Yunnan Minority Sce;LIS;CHN;kl;1;;[1125]
7210;1315-1400;;CHN;PBS Yunnan Minority Sce;TL;CHN;kl;1;;[1124]
7210;1400-1445;;CHN;PBS Yunnan Minority Sce;LAH;CHN;kl;1;;
7210;1445-1500;;CHN;PBS Yunnan Minority Sce;M;CHN;kl;1;;[0219]
7210;2245-2300;;CHN;PBS Yunnan Minority Sce;-MX;CHN;kl;1;;[0424]
7210;2300-2345;;CHN;PBS Yunnan Minority Sce;LAH;CHN;kl;1;;[0525]
7210;2345-0030;;CHN;PBS Yunnan Minority Sce;LIS;CHN;kl;1;;
7210;1800-1900;;KRE;Voice of Korea;F;SAf;u;1;;
7210;1900-2000;;KRE;Voice of Korea;E;SAf;u;1;;[0626]
7210;2000-2050;;KRE;Voice of Korea KCBS;K;SAf;u;1;;[1123]
7210;1100-1130;;TUR;Voice of Turkey;BU;SEE;e;0;;
7210;0000-0100;;TWN;Sound of Hope;M;FE;;1;;
7210;0100-0200;;TWN;Sound of Hope;M;FE;;1;;
7210;0200-1200;;TWN;Sound of Hope;M;FE;;1;;[0423]
7210;1200-1300;;TWN;Sound of Hope;M;FE;;1;;[0822]
7210;1300-1400;;TWN;Sound of Hope;M;FE;;1;;
7210;1400-1500;;TWN;Sound of Hope;M;FE;;1;;[0925]
7210;1500-1600;;TWN;Sound of Hope;CA;FE;;1;;[0125]
7210;1600-1700;;TWN;Sound of Hope;M;FE;;1;;[0125]
7210;1700-2000;;TWN;Sound of Hope;M;FE;;1;;[0626]
7210;2000-2100;;TWN;Sound of Hope;M;FE;;1;;
7210;2100-2130;;TWN;Sound of Hope;M;FE;;1;;
7210;2130-2200;;TWN;Sound of Hope;M;FE;;1;;
7210;2200-2300;;TWN;Sound of Hope;M;FE;;1;;
7210;2300-2400;;TWN;Sound of Hope;M;FE;;1;;
7215;2023-2400;;CHN;China National Radio 1;M;CHN;s;1;;[0919]
7215;1300-1400;;CHN;China Radio Int.;M;SEA;x;0;;
7215;1700-1800;;CHN;China Radio Int.;SWA;EAf;x;0;;
7215;2200-2300;;CHN;China Radio Int.;M;INS;k;0;;
7215;0000-2400;;HOL;SunDance Radio;NL;Eu;n;1;0105;
7215;1600-1630;156;J;Shiokaze;J;KRE;y;1;0107;
7215;1600-1700;We;J;Shiokaze;E;KRE;y;1;0107;
7215;1600-1700;Su;J;Shiokaze;J;KRE;y;1;0107;
7215;1600-1700;Tu,Th;J;Shiokaze;K;KRE;y;1;0107;
7215;1630-1700;156;J;Shiokaze;K;KRE;y;1;0107;
7215;2300-2400;;KOR;KBS World Radio;M;CHN;k;1;;
7220;0000-0600;;CHN;CNR 2 China Business R.;M;CHN;q;1;;[1222]
7220;0600-0900;Th-Tu;CHN;CNR 2 China Business R.;M;CHN;q;1;;
7220;0900-1200;;CHN;CNR 2 China Business R.;M;CHN;q;5;;
7220;1000-2400;;HOL;Rockpower;NL;Eu;n;6;2903;3004[0426]
7220;1000-1500;;HOL;SunDance Radio;NL;Eu;n;1;0105;[0526]
7220;0300-0400;;KRE;Voice of Korea;K;FE;u;8;;
7220;0400-0500;;KRE;Voice of Korea;E;FE;u;1;;
7220;0500-0600;;KRE;Voice of Korea;M;FE;u;1;;
7220;0600-0700;;KRE;Voice of Korea;E;FE;u;1;;
7220;0700-0800;;KRE;Voice of Korea;K;FE;u;8;;
7220;0800-0900;;KRE;Voice of Korea;M;FE;u;1;;[1124]
7220;0900-0950;;KRE;Voice of Korea KCBS;K;FE;u;1;;[0326]
7220;1000-1100;;KRE;Voice of Korea;K;FE;u;8;;
7220;1100-1200;;KRE;Voice of Korea;M;FE;u;1;;[0825]
7220;1200-1300;;KRE;Voice of Korea;K;FE;u;8;;
7220;2200-2300;;ROU;Radio Romania Int.;E;WEu;g;0;;
7220;1030-1100;;VTN;Voice of Vietnam;M;CHN;s;1;;
7220;1200-1230;;VTN;Voice of Vietnam;M;CHN;s;1;;[0922]
7220;1300-1330;;VTN;Voice of Vietnam;M;CHN;s;1;;[0825]
7220;1500-1600;;VTN;Voice of Vietnam;VN;ME;s;1;;
7220;1600-1630;;VTN;Voice of Vietnam;E;ME;s;1;;[0526]
7220;1630-1700;;VTN;Voice of Vietnam;F;ME;s;1;;
7220;2030-2100;;VTN;Voice of Vietnam;E;ME;s;1;;[0626]
7220;2100-2130;;VTN;Voice of Vietnam;F;ME;s;1;;[0126]
7220;2200-2230;;VTN;Voice of Vietnam;M;CHN;s;1;;
7225;1500-1600;;CHN;China Radio Int.;HI;PAK;u;0;;
7225;1000-1100;;CHN;Sichuan Ethnic Radio;YI;CHN;c;1;;[0325]
7225;1100-1130;;CHN;Sichuan Ethnic Radio;KHA;CHN;c;1;;
7225;1130-1200;;CHN;Sichuan Ethnic Radio;AMD;CHN;c;1;;
7225;1200-1515;;CHN;Sichuan Ethnic Radio;KHA;CHN;c;1;;[0225]
7225;2155-2300;;CHN;Sichuan Ethnic Radio;M;CHN;c;1;;[0424]
7225;2300-2330;;CHN;Sichuan Ethnic Radio;AMD;CHN;c;1;;
7225;2330-0130;;CHN;Sichuan Ethnic Radio;KHA;CHN;c;1;;
7225;0000-2400;;HOL;SunDance Radio;NL;Eu;n;1;0105;
7230;0600-0900;We-Mo;CHN;China National Radio 1;M;CHN;x;1;;
7230;0900-1805;;CHN;China National Radio 1;M;CHN;x;1;;[0423]
7230;2023-0600;;CHN;China National Radio 1;M;CHN;x;1;;[0924]
7230;1200-1300;;CHN;China Radio Int.;R;CAs;q;0;;
7230;1300-1400;;CHN;China Radio Int.;R;CAs;q;0;;
7230;0500-1030;;CHN;PBS Xinjiang;MO;CHN;uc;1;;
7230;1200-1800;;CHN;PBS Xinjiang;MO;CHN;uc;5;;[1024]
7230;2300-0330;;CHN;PBS Xinjiang;MO;CHN;uc;5;;
7235;1400-1500;;CHN;China Radio Int.;M;SAs;ka;0;;
7235;1500-1600;;CHN;China Radio Int.;M;SAs;ka;0;;
7235;1600-1700;;CHN;China Radio Int.;E;SAs;ka;0;;
7235;1700-1800;;CHN;China Radio Int.;E;SAs;ka;0;;
7235;1100-1258;;KOR;Unification Media Group;K;KRE;/TWN-s;4;;[0226]
7235;2100-2200;;KRE;Voice of Korea;M;FE;u;1;;[0624]
7235;2200-2300;;KRE;Voice of Korea;M;FE;u;1;;
7235;2300-2350;;KRE;Voice of Korea KCBS;K;FE;u;1;;
7240;0100-0200;;CHN;China Radio Int.;UR;SAs;ka;0;;
7240;0900-1000;We-Mo;CHN;Xizang RTV;M;CHN;t;1;;
7240;1000-1800;;CHN;Xizang RTV;M;CHN;t;1;;[0120]
7240;2000-2100;We-Mo;CHN;Xizang RTV;M;CHN;t;1;;[0725]
7240;2100-0300;;CHN;Xizang RTV;M;CHN;t;1;;[0726]
7245;1228-1258;Mo-Fr;AUS;ABC Wantok;TP;WOc;/NZL-r;6;0806;2510
7245;1600-1700;;CHN;China Radio Int.;SWA;EAf;x;0;;
7245;1900-2000;;CHN;China Radio Int.;R;EEu;a;0;;
7245;2000-2100;;CHN;China Radio Int.;R;EEu;a;0;;
7245;0900-1300;;CHN;CNR 2 China Business R.;M;CHN;B;4;;[1023]
7245;1300-1605;;CHN;CNR 2 China Business R.;M;CHN;B;1;;[0226]
7245;2055-2300;;CHN;CNR 2 China Business R.;M;CHN;B;5;;
7245;2055-0100;;CHN;CNR 2 China Business R.;M;CHN;B;4;;
7245;1800-1830;;G;BBC;FS;IRN;/OMA-a;6;2903;0608
7245;1059-1358;Mo-Fr;NZL;RNZ Pacific;E;WOc;r;6;0806;2510
7245;1059-1358;SaSu;NZL;RNZ Pacific;E;Oc;r;6;0806;2510
7245;1128-1135;Mo-Fr;NZL;RNZ Pacific;SLM;WOc;r;6;0806;2510
7245;1330-1340;We;NZL;RNZ Pacific;SLM;WOc;r;6;0806;2510
7250;1400-1500;;CHN;China Radio Int.;NE;FE;x;0;;
7250;1500-1600;;CHN;China Radio Int.;NE;FE;x;0;;
7250;0710-0820;Su;CVA;Radio Vaticana;RO;EEu;;2;;
7250;0800-1000;;KWT;Radio Kuwait;FS;IRN;k;6;2903;0904[0326]
7250;0800-1000;;KWT;SuperStation 99.7 RK FM;E;ME;k;1;1004;[0426]
7255;2000-2100;;CHN;China Radio Int.;M;NAf;ka;0;;
7255;2055-0100;;CHN;CNR 2 China Business R.;M;CHN;as;4;;[0122]
7255;1000-1600;;CHN;Xizang RTV;TB;CHN;t;1;;[0124]
7255;1600-1700;;CHN;Xizang RTV;E;CHN;t;1;;[0525]
7255;1700-1805;;CHN;Xizang RTV;TB;CHN;t;1;;[0122]
7255;2050-0200;;CHN;Xizang RTV;TB;CHN;t;1;;[0324]
7255;1620-1720;;IRN;IRIB Voice of I.R.Iran;AR;Cau;s;0;;
7255;1720-1820;;IRN;IRIB Voice of I.R.Iran;TJ;CAs;s;0;;
7255;1820-1920;;IRN;IRIB Voice of I.R.Iran;AL;Eu;s;0;;
7260;2200-2300;;CHN;China Radio Int.;P;SEu;u;0;;
7260;2330-0030;;CHN;China Radio Int.;SI;CLN;ka;0;;
7260;0300-0800;;CHN;PBS Xinjiang;M;CHN;uc;1;;[1225]
7260;0800-1100;We-Mo;CHN;PBS Xinjiang;M;CHN;uc;1;;[1225]
7260;1100-1200;;CHN;PBS Xinjiang;M;CHN;uc;1;;
7260;1200-1400;;CHN;PBS Xinjiang;M;CHN;uc;5;;
7260;1400-1800;;CHN;PBS Xinjiang;M;CHN;uc;5;;
7260;2300-0300;;CHN;PBS Xinjiang;M;CHN;uc;5;;[0725]
7260;0100-0200;;TUR;Voice of Turkey;S;SAm;e;0;;
7260;0158-0557;;VUT;Radio Vanuatu;BSL;VUT;;6;0405;0407[0526]
7260;0158-0757;;VUT;Radio Vanuatu;BSL;VUT;;1;0507;[0726]
7260;0557-1105;;VUT;Radio Vanuatu;BSL;VUT;;6;2903;0205[0426]
7265;1400-1500;;CHN;China Radio Int.;SI;CLN;ka;0;;
7265;1500-1600;;CHN;China Radio Int.;HI;SAs;ka;0;;
7265;1600-1700;;CHN;China Radio Int.;HI;SAs;k;0;;
7265;1700-1800;;CHN;China Radio Int.;R;EEu;u;0;;
7265;1830-1900;;CHN;China Radio Int.;BU;SEE;u;0;;
7265;1930-2030;;CHN;China Radio Int.;EO;Eu;u;0;;
7265;2030-2130;;CHN;China Radio Int.;I;SEu;u;0;;
7265;2200-2300;;CHN;China Radio Int.;M;ME;k;0;;
7265;1230-1605;;CHN;CNR 2 China Business R.;M;CHN;as;1;;[0125]
7265;2055-0100;;CHN;CNR 2 China Business R.;M;CHN;as;5;;
7265;0000-2400;;HOL;Radio Europa;NL;Eu;a;1;;[0626]
7270;1400-1500;;CHN;CNR1 Jammer/Firedrake;M;CHN;;1;;[0120]
7270;2300-2400;;CHN;CNR1 Jammer/Firedrake;M;CHN;;1;;
7270;0600-0950;We-Mo;CHN;PBS Nei Menggu;MO;CHN;hh;1;;
7270;0950-1605;;CHN;PBS Nei Menggu;MO;CHN;hh;1;;[0326]
7270;2150-0600;;CHN;PBS Nei Menggu;MO;CHN;hh;1;;
7275;0150-0600;;CHN;China National Radio;M;CHN;gy;0;;
7275;1100-1805;;CHN;China National Radio 1;M;CHN;b;1;;
7275;2023-2300;;CHN;China National Radio 1;M;CHN;b;5;;
7275;2023-0030;;CHN;China National Radio 1;M;CHN;b;4;;[1224]
7275;1730-1830;;CHN;China Radio Int.;M;ME;u;0;;
7275;0200-0300;;CHN;PBS Xinjiang;UI;CHN;uc;5;;
7275;0300-0800;;CHN;PBS Xinjiang;UI;CHN;uc;1;;[0724]
7275;0800-1100;We-Mo;CHN;PBS Xinjiang;UI;CHN;uc;1;;[0120]
7275;1100-1200;;CHN;PBS Xinjiang;UI;CHN;uc;1;;
7275;1200-1400;;CHN;PBS Xinjiang;UI;CHN;uc;5;;[0522]
7275;1400-1800;;CHN;PBS Xinjiang;UI;CHN;uc;5;;
7275;2300-0200;;CHN;PBS Xinjiang;UI;CHN;uc;5;;[0725]
7275;1900-2000;;I;IRRS Milano;E;Eu;/BUL-s;1;;[0125]
7275;1600-1700;;KOR;KBS World Radio;K;Eu;k;1;;
7275;0300-0400;;TUR;Voice of Turkey;E;ENA;e;0;;
7280;0000-2400;;CHN;CNR1 Jammer/Firedrake;M;CHN;;1;;[0426]
7280;0050-0220;;IRN;IRIB Voice of I.R.Iran;TJ;CAs;s;0;;
7280.1;0000-0100;;TWN;Sound of Hope;M;FE;;1;;
7280.1;0100-0200;;TWN;Sound of Hope;M;FE;;1;;
7280.1;0200-1200;;TWN;Sound of Hope;M;FE;;1;;[0422]
7280.1;1200-1300;;TWN;Sound of Hope;M;FE;;1;;[0822]
7280.1;1300-1400;;TWN;Sound of Hope;M;FE;;1;;
7280.1;1400-1500;;TWN;Sound of Hope;M;FE;;1;;[0324]
7280.1;1500-1600;;TWN;Sound of Hope;CA;FE;;1;;
7280.1;1600-1700;;TWN;Sound of Hope;M;FE;;1;;[0521]
7280.1;1700-2000;;TWN;Sound of Hope;M;FE;;1;;[1123]
7280.1;2000-2100;;TWN;Sound of Hope;M;FE;;1;;
7280.1;2100-2130;;TWN;Sound of Hope;M;FE;;1;;
7280.1;2130-2200;;TWN;Sound of Hope;M;FE;;1;;
7280.1;2200-2300;;TWN;Sound of Hope;M;FE;;1;;
7280.1;2300-2400;;TWN;Sound of Hope;M;FE;;1;;
7285;1300-1400;;CHN;China Radio Int.;MO;MNG;b;0;;
7285;1500-1600;;CHN;China Radio Int.;UR;SAs;ka;0;;
7285;2200-2300;;CHN;China Radio Int.;M;ME;u;0;;
7285;1030-1130;;VTN;Voice of Vietnam;LAO;SEA;s;1;;[0925]
7285;1130-1200;;VTN;Voice of Vietnam;F;SEA;s;1;;
7285;1200-1230;;VTN;Voice of Vietnam;KH;SEA;s;1;;
7285;1230-1300;;VTN;Voice of Vietnam;F;SEA;s;1;;
7285;1300-1330;;VTN;Voice of Vietnam;T;SEA;s;1;;
7290;0930-1805;;CHN;China National Radio 1;M;CHN;b;4;;[0326]
7290;1000-1805;;CHN;China National Radio 1;M;CHN;b;5;;[0526]
7290;2023-2400;;CHN;China National Radio 1;M;CHN;b;4;;[0125]
7290;2023-0100;;CHN;China National Radio 1;M;CHN;b;5;;
7290;2100-2200;;CHN;China Radio Int.;K;FE;x;0;;
7290;2200-2300;;CHN;China Radio Int.;K;FE;x;0;;
7290;1430-1500;;CLA;Furusato no Kaze;J;KRE;/TWN-s;4;;[1222]
7290;1500-1530;;CLA;Nippon no Kaze;K;KRE;/TWN-s;4;;[0326]
7290;1530-1600;;CLA;Nippon no Kaze;K;KRE;/TWN-s;4;;[0125]
7290;1800-1900;;I;IRRS Milano;E;Eu;/BUL-s;2;;[0425]
7290;0600-0955;;INS;RRI Nabire;IN;INS;n;1;;[0826]
7290;0955-1300;irr;INS;RRI Nabire;IN;INS;n;1;0205;[0626]
7290;2100-2300;;INS;RRI Nabire;IN;INS;n;1;;[0826]
7295;1900-2000;;CHN;China Radio Int.;E;WAf;u;0;;
7295;2000-2100;;CHN;China Radio Int.;E;WAf;u;0;;
7295;0305-0530;;CHN;PBS Xinjiang;KG;CHN;uc;4;;[1121]
7295;1005-1230;;CHN;PBS Xinjiang;KG;CHN;uc;4;;[0220]
7295;1330-1357;;CLA;Furusato no Kaze;J;KRE;/TWN-s;4;;[1125]
7295;1300-1330;;CLA;Nippon no Kaze;K;KRE;/TWN-s;4;;[1125]
7295;1300-1330;156;J;Shiokaze;J;KRE;y;6;1905;2206
7295;1300-1400;We;J;Shiokaze;E;KRE;y;6;1905;2206
7295;1300-1400;Su;J;Shiokaze;J;KRE;y;6;1905;2206
7295;1300-1400;Tu,Th;J;Shiokaze;K;KRE;y;6;1905;2206
7295;1330-1400;156;J;Shiokaze;K;KRE;y;6;1905;2206
7295;1405-1435;;J;Shiokaze;J;KRE;y;6;0704;2604
7295;1405-1435;;J;Shiokaze;J;KRE;y;1;0107;
7300;2100-2115;;AUS;HCJB R.Akhbar Mufriha;TAH;NAf;/G-w;1;;[0725]
7300;2115-2145;Su;AUS;HCJB R.Akhbar Mufriha;A;NAf;/G-w;1;;[0525]
7300;1500-1600;;CHN;CNR1 Jammer/Firedrake;M;CHN;a;1;;[0125]
7300;1500-1600;;TWN;Radio Taiwan Int.;M;FE;s;1;;
7305;0800-0900;We-Mo;CHN;China National Radio 1;M;CHN;s;4;;
7305;0900-1805;;CHN;China National Radio 1;M;CHN;s;4;;[0226]
7305;1000-1805;;CHN;China National Radio 1;M;CHN;s;5;;[0825]
7305;2023-2200;;CHN;China National Radio 1;M;CHN;s;1;;[1220]
7305;2000-2100;;CHN;China Radio Int.;PO;Eu;u;0;;
7305;0100-0130;;CVA;Radio Vaticana;P;SAm;;0;;
7305;0130-0200;;CVA;Radio Vaticana;S;Car;;0;;
7305;0530-0600;;G;BBC;HA;WAf;/ASC;0;;
7305;0600-0630;;G;BBC;F;WAf;/ASC;0;;
7305;1620-1720;;IRN;IRIB Voice of I.R.Iran;AR;Cau;s;0;;
7305;1300-1330;156;J;Shiokaze;J;KRE;y;6;2903;0604
7305;1300-1400;We;J;Shiokaze;E;KRE;y;6;2903;0604
7305;1300-1400;Su;J;Shiokaze;J;KRE;y;6;2903;0604
7305;1300-1400;Tu,Th;J;Shiokaze;K;KRE;y;6;2903;0604
7305;1330-1400;156;J;Shiokaze;K;KRE;y;6;2903;0604
7310;0000-2400;;CHN;CNR1 Jammer/Firedrake;M;CHN;;1;;[0925]
7310;1200-1400;;CHN;PBS Xinjiang;M;CHN;uc;4;;
7310;1400-1800;;CHN;PBS Xinjiang;M;CHN;uc;1;;[0125]
7310;2300-0300;;CHN;PBS Xinjiang;M;CHN;uc;5;;[0725]
7310;2310-0300;;CHN;PBS Xinjiang;M;CHN;uc;4;;[0324]
7310;1820-1920;;IRN;IRIB Voice of I.R.Iran;AL;Eu;s;0;;
7310;0000-0100;;TWN;Sound of Hope;M;FE;;1;;
7310;0100-0200;;TWN;Sound of Hope;M;FE;;1;;
7310;0200-1200;;TWN;Sound of Hope;M;FE;;1;;[1224]
7310;1200-1300;;TWN;Sound of Hope;M;FE;;1;;[0822]
7310;1300-1400;;TWN;Sound of Hope;M;FE;;1;;
7310;1400-1500;;TWN;Sound of Hope;M;FE;;1;;[0925]
7310;1500-1600;;TWN;Sound of Hope;M;FE;;1;;[0125]
7310;1600-1700;;TWN;Sound of Hope;M;FE;;1;;[0822]
7310;1700-2000;;TWN;Sound of Hope;M;FE;;1;;[0525]
7310;2000-2100;;TWN;Sound of Hope;M;FE;;1;;
7310;2100-2130;;TWN;Sound of Hope;M;FE;;1;;[0521]
7310;2130-2200;;TWN;Sound of Hope;M;FE;;1;;
7310;2200-2300;;TWN;Sound of Hope;M;FE;;1;;
7310;2300-2400;;TWN;Sound of Hope;M;FE;;1;;[1223]
7315;1600-1700;;CHN;China Radio Int.;VN;SEA;k;0;;
7315;0900-1100;;CHN;CNR 2 China Business R.;M;CHN;x;4;;
7315;1100-1605;;CHN;CNR 2 China Business R.;M;CHN;x;1;;[0825]
7315;2055-0100;;CHN;CNR 2 China Business R.;M;CHN;x;1;;
7315;0330-0400;Tu-Fr;HOL;Radio Tamazuj;SUD;SSD;/MDG;6;2903;1506
7315;0400-0430;Tu-Fr;HOL;Radio Tamazuj;SUD;SSD;/CVA;8;;
7315;2000-2030;Su;USA;Follow the Bible Min.;A;NAf;/G-w;4;;[1125]
7317;1900-1910;Mo,Th;POL;E11 Polish Spy Numbers;E;;p;1;0103;3004[0323]
7317;1900-1910;Mo,Th;POL;E11 Polish Spy Numbers;E;;p;1;0109;3110[0924]
7320;1705-1805;;J;Shiokaze;J;KRE;y;6;0306;3006
7325;1000-1100;;CHN;China Radio Int.;J;FE;j;0;;
7325;1100-1200;;CHN;China Radio Int.;J;FE;j;0;;
7325;1200-1300;;CHN;China Radio Int.;J;FE;j;0;;
7325;1300-1400;;CHN;China Radio Int.;J;FE;x;0;;
7325;1430-1500;;CHN;China Radio Int.;TAG;PHL;n;0;;
7325;1500-1600;;CHN;China Radio Int.;E;SEA;b;0;;
7325;2000-2030;;CHN;China Radio Int.;SR;SEE;u;0;;
7325;2100-2130;;CHN;China Radio Int.;SR;Eu;x;0;;
7325;2100-2200;;CHN;China Radio Int.;E;SAf;b;0;;
7325;2200-2300;;CHN;China Radio Int.;M;SEA;k;0;;
7325;2300-2400;;CHN;China Radio Int.;CA;SEA;k;0;;
7325;0050-0220;;IRN;IRIB Voice of I.R.Iran;TJ;CAs;s;0;;
7325;1820-1920;;IRN;IRIB Voice of I.R.Iran;AL;Eu;s;0;;
7325;1405-1435;;J;Shiokaze;J;KRE;y;6;2903;0604
7325;1405-1435;;J;Shiokaze;J;KRE;y;6;2704;0206
7330;1700-1800;;CHN;China Radio Int.;E;EAf;j;0;;
7330;0050-0220;;IRN;IRIB Voice of I.R.Iran;TJ;CAs;s;0;;
7335;1000-1300;;CHN;CNR 2 China Business R.;M;CHN;as;4;;
7335;1300-1605;;CHN;CNR 2 China Business R.;M;CHN;as;1;;[0825]
7335;2055-0030;;CHN;CNR 2 China Business R.;M;CHN;as;1;;[0126]
7335;1000-1400;;USA;Radio Marti;S;CUB;g;0;;
7335;2200-0600;;USA;Radio Marti;S;CUB;g;0;;
7335;0600-1000;;USA;Radio Marti;S;CUB;g;8;;
7340;1800-1900;;CHN;China Radio Int.;I;SEu;ka;0;;
7340;0330-0350;;CHN;PBS Xinjiang;KZ;CHN;uc;4;;
7340;0350-0800;;CHN;PBS Xinjiang;KZ;CHN;uc;1;;[1121]
7340;0800-1100;We-Mo;CHN;PBS Xinjiang;KZ;CHN;uc;1;;
7340;1100-1155;;CHN;PBS Xinjiang;KZ;CHN;uc;1;;
7340;1155-1800;;CHN;PBS Xinjiang;KZ;CHN;uc;5;;[1024]
7340;2300-0350;;CHN;PBS Xinjiang;KZ;CHN;uc;5;;[0725]
7340;1500-1600;;F;Mini Atlantique Weather;F,E;NAO;i;6;0107;0208
7340;1500-1600;;F;Mini Atlantique Weather;F,E;NAO;i;6;0808;3108
7340;0000-2400;;HOL;Radio Europa;NL;Eu;a;8;;
7340;1200-1500;;KOR;Unification Media Group;K;KRE;/TWN-s;5;;[0826]
7345;2030-2130;;CHN;China Radio Int.;I;SEu;ka;0;;
7345;1100-1805;;CHN;CNR 7 Greater Bay Area;CA;CHN;h;1;;[0526]
7345;2055-2400;;CHN;CNR 7 Greater Bay Area;CA;CHN;h;1;;[1023]
7345;1030-1130;;MYA;Thazin Radio;KOK;SEA;p;1;;[0526]
7345;1130-1230;;MYA;Thazin Radio;KYH;SEA;p;1;;[0526]
7345;1230-1330;;MYA;Thazin Radio;SHA;SEA;p;1;;[0226]
7350;0000-2400;irr;B;Rádio Scalla FM;P;B;xx;1;;[0425]
7350;1100-1200;;CHN;China National Radio 11;TB;CHN;as;4;;[1122]
7350;1200-1300;;CHN;China National Radio 11;TB;CHN;as;4;;[1122]
7350;1300-1605;;CHN;China National Radio 11;TB;CHN;as;1;;[1221]
7350;2155-2300;;CHN;China National Radio 11;M;CHN;as;5;;
7350;2300-2400;;CHN;China National Radio 11;TB;CHN;as;5;;
7350;0000-0100;;CHN;China Radio Int.;E;Eu;ka;0;;
7350;2300-2400;;CHN;China Radio Int.;E;Eu;ka;0;;
7350;0930-0950;;J;NHK Radio Japan;R;FE;y;0;;
7355;1200-1300;;ALS;KNLS New Life Station;E;FE;ap;0;;
7355;1630-1700;Mo-Fr;G;BBC;K;FE;/UZB;0;;
7355;1730-1800;Mo-Fr;G;BBC;K;FE;/UZB;0;;
7355;1950-2050;;J;Shiokaze;J;KRE;y;6;0704;2604
7360;2155-2300;;CHN;China National Radio 11;M;CHN;as;4;;
7360;2300-2400;;CHN;China National Radio 11;TB;CHN;as;4;;[0125]
7360;1130-1230;;CHN;China Radio Int.;T;SEA;k;0;;
7360;1230-1330;;CHN;China Radio Int.;LAO;SEA;k;0;;
7360;1330-1430;;CHN;China Radio Int.;T;SEA;k;0;;
7360;1400-1500;;CHN;China Radio Int.;J;FE;x;0;;
7360;1430-1530;;CHN;China Radio Int.;LAO;SEA;k;0;;
7360;2055-2400;;CHN;CNR 2 China Business R.;M;CHN;x;5;;
7360;0500-0520;;CVA;Radio Vaticana;R;EEu;;4;;
7360;0520-0540;;CVA;Radio Vaticana;UK;EEu;;4;;
7360;1600-1620;;CVA;Radio Vaticana;AR;Cau;;4;;
7360;1620-1640;;CVA;Radio Vaticana;R;EEu;;4;;
7360;1740-1800;;CVA;Radio Vaticana;UK;UKR;;4;;
7360;0000-0200;;TUR;Voice of Turkey;TU;FE;e;0;;
7360;1730-1830;;TUR;Voice of Turkey;F;CAf;e;0;;
7365;1000-1805;;CHN;China National Radio 1;M;CHN;s;4;;[0226]
7365;1200-1805;;CHN;China National Radio 1;M;CHN;s;5;;[0925]
7365;0800-2000;;EQA;HCJB Voice of Andes;R;EEu;/D-we;6;2903;3006[0825]
7365;0100-0500;;USA;Radio Marti;S;CUB;g;6;3003;3103
7365;0100-0600;;USA;Radio Marti;S;CUB;g;6;0104;2410
7365;1200-1400;;USA;Radio Marti;S;CUB;g;0;;
7370;1100-1200;;CHN;China Radio Int.;CA;SEA;n;0;;
7370;1100-1300;;CHN;CNR 2 China Business R.;M;CHN;B;4;;
7370;1300-1605;;CHN;CNR 2 China Business R.;M;CHN;B;1;;[0919]
7370;2055-2300;;CHN;CNR 2 China Business R.;M;CHN;B;5;;
7370;2055-2400;;CHN;CNR 2 China Business R.;M;CHN;B;4;;[0125]
7370;0730-1000;5Apr;I;Marconi Radio Int.;I;Eu;xx;6;0504;0504
7370;0700-1300;Tu,Th;USA;Voice of America;E;EEu;/D-L;6;2306;2510
7375;1030-1200;;CHN;CNR 2 China Business R.;M;CHN;B;4;;[0119]
7375;1200-1605;;CHN;CNR 2 China Business R.;M;CHN;B;1;;[1222]
7375;1700-1900;;J;NHK Radio Japan;J;FE;y;0;;
7375;1600-1630;156;J;Shiokaze;J;KRE;y;6;2903;0604
7375;1600-1700;We;J;Shiokaze;E;KRE;y;6;2903;0604
7375;1600-1700;Su;J;Shiokaze;J;KRE;y;6;2903;0604
7375;1600-1700;Tu,Th;J;Shiokaze;K;KRE;y;6;2903;0604
7375;1630-1700;156;J;Shiokaze;K;KRE;y;6;2903;0604
7375;1900-2000;;USA;Adventist World Radio;K;FE;/GUM-a;0;;
7377;0700-0710;SaSu;POL;E11 Polish Spy Numbers;E;;p;1;0105;3108
7377;1000-1010;Su;RUS;E06 Russian Spy Numbers;E;RUS;or;1;0112;3112
7377;1300-1310;Sa;RUS;E06 Russian Spy Numbers;E;RUS;or;1;0101;3101
7380;0900-1000;Su;D;Radio DARC;D;Eu;/G-w;6;0106;1006
7380;2000-2030;Su;USA;Follow the Bible Min.;A;NAf;/G-w;1;;[0526]
7385;1900-2000;;CHN;China Radio Int.;AL;SEE;ka;0;;
7385;0900-1000;;CHN;CNR5 Cross-Strait Radio;M;TWN;B;1;;
7385;1000-1705;;CHN;CNR5 Cross-Strait Radio;M;TWN;B;1;;[0326]
7385;2055-2300;;CHN;CNR5 Cross-Strait Radio;M;TWN;B;1;;
7385;2300-2400;;CHN;CNR5 Cross-Strait Radio;M;TWN;B;4;;[1125]
7385;0930-1000;We-Mo;CHN;Xizang RTV;TB;CHN;t;1;;
7385;1000-1600;;CHN;Xizang RTV;TB;CHN;t;1;;[0626]
7385;1600-1700;;CHN;Xizang RTV;E;CHN;t;1;;[0426]
7385;1700-1805;;CHN;Xizang RTV;TB;CHN;t;1;;[0426]
7385;2050-0200;;CHN;Xizang RTV;TB;CHN;t;1;;[1225]
7390;1000-1100;;CHN;China Radio Int.;R;Sib;h;0;;
7390;1100-1200;;CHN;China Radio Int.;MO;MNG;h;0;;
7390;2000-2030;;CHN;China Radio Int.;SR;Eu;x;0;;
7390;2030-2100;;CHN;China Radio Int.;HU;Eu;j;0;;
7390;0630-0700;Tu,Th;USA;Voice of America;E;SEA;/THA-u;6;1606;2510
7396.8;0000-0005;;THA;HSW64 Bangkok Meteo Fax;;SEA;u;1;;
7396.8;0020-0025;;THA;HSW64 Bangkok Meteo Fax;;SEA;u;1;;
7396.8;0050-0605;;THA;HSW64 Bangkok Meteo Fax;;SEA;u;1;;
7396.8;0620-0625;;THA;HSW64 Bangkok Meteo Fax;;SEA;u;1;;
7396.8;0700-0755;;THA;HSW64 Bangkok Meteo Fax;;SEA;u;1;;
7396.8;0800-0805;;THA;HSW64 Bangkok Meteo Fax;;SEA;u;1;;
7396.8;0840-0845;;THA;HSW64 Bangkok Meteo Fax;;SEA;u;1;;
7396.8;0900-0905;;THA;HSW64 Bangkok Meteo Fax;;SEA;u;1;;
7396.8;1000-1005;;THA;HSW64 Bangkok Meteo Fax;;SEA;u;1;;
7396.8;1020-1100;;THA;HSW64 Bangkok Meteo Fax;;SEA;u;1;;[0521]
7396.8;1100-1105;;THA;HSW64 Bangkok Meteo Fax;;SEA;u;1;;
7396.8;1120-1125;;THA;HSW64 Bangkok Meteo Fax;;SEA;u;1;;
7396.8;1200-1205;;THA;HSW64 Bangkok Meteo Fax;;SEA;u;1;;
7396.8;1220-1225;;THA;HSW64 Bangkok Meteo Fax;;SEA;u;1;;
7396.8;1230-1245;;THA;HSW64 Bangkok Meteo Fax;;SEA;u;1;;
7396.8;1300-1320;;THA;HSW64 Bangkok Meteo Fax;;SEA;u;1;;
7396.8;1400-1405;;THA;HSW64 Bangkok Meteo Fax;;SEA;u;1;;
7396.8;1420-1425;;THA;HSW64 Bangkok Meteo Fax;;SEA;u;1;;
7396.8;1440-1445;;THA;HSW64 Bangkok Meteo Fax;;SEA;u;1;;
7396.8;1500-1505;;THA;HSW64 Bangkok Meteo Fax;;SEA;u;1;;
7396.8;1520-1525;;THA;HSW64 Bangkok Meteo Fax;;SEA;u;1;;
7396.8;1700-1705;;THA;HSW64 Bangkok Meteo Fax;;SEA;u;1;;[1225]
7396.8;1720-1740;;THA;HSW64 Bangkok Meteo Fax;;SEA;u;1;;[1225]
7396.8;2000-2005;;THA;HSW64 Bangkok Meteo Fax;;SEA;u;1;;
7396.8;2300-2340;;THA;HSW64 Bangkok Meteo Fax;;SEA;u;1;;[0820]
7400;1652-2050;31May;HOL;Free Radio Sce Holland;E;Eu;xx;6;2705;3105
7400;1900-2100;;HOL;Free Radio Sce Holland;E;Eu;xx;6;2607;2607
7400;1900-2100;2Aug;HOL;Free Radio Sce Holland;E;Eu;xx;6;2607;0208
7400;1900-2100;9Aug;HOL;Free Radio Sce Holland;E;Eu;xx;6;2607;0908
7400;0000-2400;;HOL;Radio Piepzender;NL;Eu;zw;1;;
7405;0000-2400;irr;HOL;Radio Piepzender;NL;HOL;zw;8;;[0126]
7410;1130-1200;;CHN;China Radio Int.;TAG;PHL;n;0;;
7410;1300-1400;;CHN;China Radio Int.;J;FE;j;0;;
7410;1400-1500;;CHN;China Radio Int.;J;FE;j;0;;
7410;1400-1500;;CHN;China Radio Int.;M;SEA;b;0;;
7410;1500-1600;;CHN;China Radio Int.;J;FE;j;0;;
7410;1700-1800;;CHN;China Radio Int.;E;SAs;ka;0;;
7410;2200-2230;;CVA;Radio Vaticana;M;FE;;0;;
7410;1820-1835;Mo-Fr;SWZ;Trans World Radio;UM;AGL;;1;;[0825]
7410;1835-1901;Mo-Fr;SWZ;Trans World Radio;P;AGL;;1;;[0126]
7410;1850-1905;Sa;SWZ;Trans World Radio;UM;AGL;;1;;
7410;1850-1905;Su;SWZ;Trans World Radio;KWA;AGL;;1;;
7410;1905-1920;Su;SWZ;Trans World Radio;P;AGL;;1;;[0324]
7415;1800-1830;;CHN;China Radio Int.;FS;IRN;x;0;;
7415;1830-1900;;CHN;China Radio Int.;FS;IRN;x;0;;
7415;1900-1930;;CHN;China Radio Int.;CZ;WEu;u;0;;
7415;1930-2000;;CHN;China Radio Int.;CZ;WEu;u;0;;
7415;2000-2100;;CHN;China Radio Int.;E;Eu;ka;0;;
7415;2100-2200;;CHN;China Radio Int.;E;Eu;ka;0;;
7420;1700-1800;;CHN;China Radio Int.;E;SEA;k;0;;
7420;0600-0950;We-Mo;CHN;PBS Nei Menggu;M;CHN;hh;1;;[1118]
7420;0950-1605;;CHN;PBS Nei Menggu;M;CHN;hh;1;;[0825]
7420;2150-0600;;CHN;PBS Nei Menggu;M;CHN;hh;1;;[0626]
7420;1950-2050;;J;Shiokaze;J;KRE;y;6;2704;0206
7425;1100-1300;;CHN;CNR 2 China Business R.;M;CHN;x;4;;
7425;1300-1605;;CHN;CNR 2 China Business R.;M;CHN;x;1;;[0919]
7425;1651-1758;Su-Fr;NZL;RNZ Pacific DIGITAL;E;Oc;r;6;0505;2510
7425;1710-1720;Mo-Fr;NZL;RNZ Pacific DIGITAL;COK;Oc;r;6;0505;2510
7425;1759-1858;Su-Fr;NZL;RNZ Pacific DIGITAL;E;Oc;r;6;0806;2510
7425;1840-1850;Su-Th;NZL;RNZ Pacific DIGITAL;SM;Oc;r;6;0806;2510
7425;1852-1858;Mo-Fr;NZL;RNZ Pacific DIGITAL;NIU;Oc;r;6;0806;2510
7430;0000-0100;;CHN;China Radio Int.;R;Sib;h;0;;
7430;0900-1000;;CHN;China Radio Int.;M;FE;j;0;;
7430;2200-2300;;CHN;China Radio Int.;M;EAf;j;0;;
7430;2300-2400;;CHN;China Radio Int.;R;Sib;h;0;;
7430;2300-2400;;CHN;China Radio Int.;KH;SEA;n;0;;
7430;1300-1400;;CHN;CNR1 Jammer/Firedrake;M;FE;a;1;;
7430;1300-1400;;TWN;Radio Taiwan Int.;M;FE;k;1;;
7433.5;0000-1200;;KOR;HLL Seoul Meteo Fax;;FE;sg;1;;[0325]
7433.5;1200-2400;;KOR;HLL Seoul Meteo Fax;;FE;sg;1;;[0125]
7435;1100-1200;;CHN;China Radio Int.;M;FE;b;0;;
7435;1200-1300;;CHN;China Radio Int.;M;FE;b;0;;
7435;1300-1400;;CHN;China Radio Int.;M;FE;b;0;;
7435;1400-1500;;CHN;China Radio Int.;M;FE;b;0;;
7435;1400-1500;;CHN;China Radio Int.;NE;FE;k;0;;
7435;1500-1600;;CHN;China Radio Int.;NE;FE;k;0;;
7435;1500-1600;;CHN;China Radio Int.;M;FE;b;0;;
7435;1800-1900;;CHN;China Radio Int.;I;SEu;j;0;;
7435;1900-1930;;CHN;China Radio Int.;HU;Eu;x;0;;
7435;1930-2000;;CHN;China Radio Int.;RO;EEu;x;0;;
7435;1100-1400;;USA;Radio Farda;FS;IRN;/KWT;0;;
7435;0100-0600;;USA;Radio Marti;S;CUB;g;0;;
7435;0600-1000;;USA;Radio Marti;S;CUB;g;8;;
7435;2145-1030;;VTN;Voice of Vietnam 1;VN;Oc;s;1;;[1223]
7440;1200-1400;;CHN;China Radio Int.;M;SEA;n;0;;
7440;1259-1650;;NZL;RNZ Pacific;E;Oc;r;6;2903;0706
7440;1330-1340;We;NZL;RNZ Pacific;SLM;Oc;r;6;2903;0706
7440;1359-1650;;NZL;RNZ Pacific;E;Oc;r;6;0806;2510
7445;1500-1600;;CHN;China Radio Int.;E;PAK;u;0;;
7445;2100-2130;;CHN;China Radio Int.;SR;SEE;k;0;;
7445;2130-2200;;CHN;China Radio Int.;HU;Eu;u;0;;
7445;0030-0100;;G;BBC;DR;AFG;/CVA;0;;
7445;0100-0130;;G;BBC;PS;AFG;/OMA-a;0;;
7445;0130-0200;;G;BBC;DR;AFG;/OMA-a;0;;
7445;1630-1700;Mo-Fr;G;BBC;K;FE;/UZB;6;2903;1404
7445;1730-1800;Mo-Fr;G;BBC;K;FE;/UZB;6;2903;1404
7450;0900-1000;We-Mo;CHN;Xizang RTV;M;CHN;t;1;;
7450;1000-1800;;CHN;Xizang RTV;M;CHN;t;1;;[0919]
7450;2000-2100;We-Mo;CHN;Xizang RTV;M;CHN;t;1;;[1123]
7450;2100-0300;;CHN;Xizang RTV;M;CHN;t;1;;[0324]
7455;0000-2400;;PTR;NAU US Navy;-TY;NAm;i;1;;[0725]
7460;2130-1700;;CHN;CNR1 Jammer/Firedrake;M;FE;;1;;[0420]
7460;0000-0100;;TWN;Sound of Hope;M;FE;;1;;
7460;0100-0200;;TWN;Sound of Hope;M;FE;;1;;
7460;0200-1200;;TWN;Sound of Hope;M;FE;;1;;[0925]
7460;1200-1300;;TWN;Sound of Hope;M;FE;;1;;
7460;1300-1400;;TWN;Sound of Hope;M;FE;;1;;
7460;1400-1500;;TWN;Sound of Hope;M;FE;;1;;
7460;1500-1600;;TWN;Sound of Hope;M;FE;;1;;[1123]
7460;1600-1700;;TWN;Sound of Hope;M;FE;;1;;[0525]
7460;1700-2000;;TWN;Sound of Hope;M;FE;;1;;[0525]
7460;2130-2200;;TWN;Sound of Hope;M;FE;;1;;
7460;2200-2300;;TWN;Sound of Hope;M;FE;;1;;
7460;2300-2400;;TWN;Sound of Hope;M;FE;;1;;
7460;0000-2400;;USA;Radio Farda;FS;IRN;/KWT;0;;
7469;0450-0500;Mo;POL;E11 Polish Spy Numbers;E;;p;1;0105;3108[0522]
7469;0930-0940;We,Th;POL;E11 Polish Spy Numbers;E;;p;1;0111;2802[0123]
7470;1100-1300;;CHN;CNR1 Jammer/Firedrake;M;FE;;0;;
7470;2000-2100;;USA;Radio Farda;FS;IRN;/UZB;6;0506;2510
7470;1100-1300;;USA;Voice of America;M;FE;/PHL-t;0;;
7473;2335-2400;;CLA;Voice of Tibet;TB;FE;/TJK;1;;[0423]
7475;2300-2335;;CHN;CNR1 Jammer/Firedrake;M;FE;;1;;
7475;2335-2400;;CHN;CNR1 Jammer/Firedrake;M;FE;;1;;
7475;0130-0700;irr;USA;Radio YHWH;E;WNA;xx;1;;[0726]
7477;2300-2335;;CLA;Voice of Tibet;TB;FE;/TJK;1;;[0423]
7480;1430-2100;;USA;Radio Farda;FS;IRN;/UZB;6;3003;2510
7480;1445-1500;;USA;Trans World Radio;KZ;CAs;/UZB;6;2903;3107
7483;2335-2400;;CLA;Voice of Tibet;TB;FE;/TJK;1;;[0423]
7485;2300-2335;;CHN;CNR1 Jammer/Firedrake;M;FE;;1;;
7485;2335-2400;;CHN;CNR1 Jammer/Firedrake;M;FE;;1;;
7487;2300-2335;;CLA;Voice of Tibet;TB;FE;/TJK;1;;[0423]
7490;1600-0400;;USA;WBCQ The Planet;E;NAm;q;2;;[0626]
7490;1200-1500;;USA;WWCR 2 Nashville, TN;E;NAm;n;2;;
7493;2300-2335;;CLA;Voice of Tibet;TB;FE;/TJK;1;;
7495;2300-2335;;CHN;CNR1 Jammer/Firedrake;M;FE;;1;;
7495;2100-2110;Fr;RUS;S06 Russian Spy Numbers;R;RUS;xx;1;0110;3110
7495;1430-2100;;USA;Radio Farda;FS;IRN;/UZB;6;0106;2510
7495;0030-0100;;USA;VoA Radio Ashna;PS;AFG;/KWT;0;;
7495;1630-1700;;USA;VoA Radio Ashna;PS;AFG;/KWT;0;;
7495;1700-1730;;USA;VoA Radio Ashna;DR;AFG;/KWT;0;;
7503;2335-2400;;CLA;Voice of Tibet;TB;FE;/TJK;1;;
7505;2335-2400;;CHN;CNR1 Jammer/Firedrake;M;FE;;1;;
7505;2100-2110;Fr;RUS;S06 Russian Spy Numbers;R;RUS;xx;1;0110;3110
7505;0100-0300;;USA;WRNO New Orleans;E;NAm;no;2;;[0626]
7505;0300-0430;irr;USA;WRNO New Orleans;HI;NAm;no;2;;[0425]
7505;0300-0730;;USA;WRNO New Orleans;E;NAm;no;2;;[0726]
7505;0300-1000;;USA;WRNO New Orleans;E;NAm;no;6;0507;0507
7508.7;0000-2400;;RUS;Channel Marker D;-CW;EEu;se;1;;[0326]
7508.8;0000-2400;;RUS;Channel Marker P;-CW;RUS;kl;1;;[0523]
7508.9;0000-2400;;RUS;Channel Marker S;-CW;RUS;sm;1;;[0924]
7509;0000-2400;;RUS;Channel Marker C;-CW;RUS;m;1;;[0425]
7509.1;0000-2400;;RUS;Channel Marker A;-CW;RUS;as;1;;[0425]
7510;1430-2100;;USA;Radio Farda;FS;IRN;/UZB;6;3003;2510
7515;1430-2100;;USA;Radio Farda;FS;IRN;/UZB;6;3003;2510
7520;0000-0200;Tu-Sa;USA;WWCR 4 Nashville, TN;E;NAm;n;5;;
7520;0100-0300;Tu-Sa;USA;WWCR 4 Nashville, TN;E;NAm;n;4;;
7525;1430-2100;;USA;Radio Farda;FS;IRN;/UZB;6;3003;2510
7530;1530-1600;;CLA;Voice of Martyrs;K;KRE;/UZB;1;;[0126]
7530;1930-2000;;CLA;Voice of Martyrs;K;KRE;/UZB;1;;[0326]
7530;2100-2130;;CLA;Voice of Martyrs;K;FE;/UZB;1;;[1225]
7535;0015-0215;;AUS;VMW Wiluna Met Fax;;Oc;w;1;;[0525]
7535;0245-0330;;AUS;VMW Wiluna Met Fax;;Oc;w;1;;
7535;0400-0945;;AUS;VMW Wiluna Met Fax;;Oc;w;1;;[0721]
7535;1015-1100;;AUS;VMW Wiluna Met Fax;;Oc;w;1;;[0717]
7535;1100-1730;;AUS;VMW Wiluna Met Fax;;Oc;w;1;;[0122]
7535;1800-1845;;AUS;VMW Wiluna Met Fax;;Oc;w;1;;
7535;1915-2045;;AUS;VMW Wiluna Met Fax;;Oc;w;1;;[0420]
7535;2215-2400;;AUS;VMW Wiluna Met Fax;;Oc;w;1;;[0918]
7535;2000-0100;;CHL;RCW Compañía Worldwide;S;CHL;gc;1;;[0426]
7540;1500-1530;Mo-Fr;USA;Trans World Radio;K;FE;/UZB;1;;
7540;1530-1700;;USA;Trans World Radio;K;FE;/UZB;1;;
7540;1900-2000;;USA;Trans World Radio;K;FE;/UZB;4;;[0326]
7570;1300-1400;;KRE;Voice of Korea;E;Eu;u;4;;[0224]
7570;1400-1500;;KRE;Voice of Korea;F;Eu;u;4;;[0226]
7570;1500-1600;;KRE;Voice of Korea;E;Eu;u;4;;[0226]
7570;1600-1700;;KRE;Voice of Korea;F;Eu;u;4;;[0126]
7570;1700-1750;;KRE;Voice of Korea KCBS;K;Eu;u;4;;[1224]
7570;1800-1900;;KRE;Voice of Korea;E;Eu;u;4;;[0326]
7570;1900-2000;;KRE;Voice of Korea;S;Eu;u;4;;[0326]
7570;2000-2100;;KRE;Voice of Korea;F;Eu;u;4;;[0326]
7570;2100-2200;;KRE;Voice of Korea;E;Eu;u;4;;
7570;2200-2300;;KRE;Voice of Korea;S;Eu;u;4;;[1222]
7570;2300-2350;;KRE;Voice of Korea KCBS;K;Eu;u;4;;[1223]
7570;0100-1100;;USA;WRMI Radio Miami Int.;E;WNA;o;1;;
7572;0735-0750;Mo-Fr;E;Ejercito del Aire;S;E;to;2;;[1221]
7580;0700-0900;;KRE;Voice of Korea;J;J;u;4;;[1122]
7580;0900-1300;;KRE;Voice of Korea;J;J;u;4;;[0326]
7580;2100-2400;;KRE;Voice of Korea;J;J;u;4;;[1223]
7585;0000-2400;irr;B;Rádio Continental;P;B;xx;1;;
7590;1400-1500;;CLA;North Korea Reform R.;K;KRE;/UZB;4;;[0226]
7590;2000-2100;;CLA;North Korea Reform R.;K;KRE;/UZB;4;;
7600;0200-0100;;CHN;CNR1 Jammer/Firedrake;M;FE;;1;;[0521]
7600;1900-1910;Mo,Th;POL;E11 Polish Spy Numbers;E;;p;1;0105;3108[0821]
7600.2;0000-0100;;TWN;Sound of Hope;M;FE;;1;;
7600.2;0200-1200;;TWN;Sound of Hope;M;FE;;1;;[0422]
7600.2;1200-1300;;TWN;Sound of Hope;M;FE;;1;;[0822]
7600.2;1300-1400;;TWN;Sound of Hope;M;FE;;1;;
7600.2;1400-1500;;TWN;Sound of Hope;M;FE;;1;;
7600.2;1500-1600;;TWN;Sound of Hope;M;FE;;1;;
7600.2;1600-1700;;TWN;Sound of Hope;M;FE;;1;;
7600.2;1700-2000;;TWN;Sound of Hope;M;FE;;1;;[0125]
7600.2;2000-2100;;TWN;Sound of Hope;M;FE;;1;;
7600.2;2100-2130;;TWN;Sound of Hope;M;FE;;1;;[0521]
7600.2;2130-2200;;TWN;Sound of Hope;M;FE;;1;;
7600.2;2200-2300;;TWN;Sound of Hope;M;FE;;1;;
7600.2;2300-2400;;TWN;Sound of Hope;M;FE;;1;;
7615;2000-2100;;CLA;Free North Korea Radio;K;KRE;/UZB;1;;[0626]
7645;0000-0100;;TWN;Sound of Hope;M;FE;;1;;
7645;0200-1200;;TWN;Sound of Hope;M;FE;;1;;[0925]
7645;1200-1300;;TWN;Sound of Hope;M;FE;;1;;[0822]
7645;1300-1400;;TWN;Sound of Hope;M;FE;;1;;[0523]
7645;1400-1500;;TWN;Sound of Hope;M;FE;;1;;[0324]
7645;1500-1600;;TWN;Sound of Hope;M;FE;;1;;[0125]
7645;1600-1700;;TWN;Sound of Hope;M;FE;;1;;
7645;1700-2000;;TWN;Sound of Hope;M;FE;;1;;[0626]
7645;2000-2100;;TWN;Sound of Hope;M;FE;;1;;[0626]
7645;2100-2130;;TWN;Sound of Hope;M;FE;;1;;[0521]
7645;2130-2200;;TWN;Sound of Hope;M;FE;;1;;
7645;2200-2300;;TWN;Sound of Hope;M;FE;;1;;
7645;2300-2400;;TWN;Sound of Hope;M;FE;;1;;
7646;0000-2400;;D;DWD 1 Pinneberg RTTY;E;Eu;pi;1;;[0725]
7650;1500-1530;;CLA;Voice of Martyrs;M;FE;/UZB;1;;
7650;2100-2130;;CLA;Voice of Martyrs;M;FE;/UZB;1;;[0526]
7665;1140-1150;Tu,Fr;RUS;E07 Russian Spy Numbers;E;RUS;m;1;0112;3112
7685;0000-2400;irr;B;Rádio Cidade Oldies;P;SAm;xx;1;;
7700.1;1652-2050;31May;HOL;Free Radio Sce Holland;E;Eu;xx;6;2705;3105
7700;1900-2100;;HOL;Free Radio Sce Holland;E;Eu;xx;6;2607;2607
7700;1900-2100;2Aug;HOL;Free Radio Sce Holland;E;Eu;xx;6;2607;0208
7700;1900-2100;9Aug;HOL;Free Radio Sce Holland;E;Eu;xx;6;2607;0908
7730;0000-2400;;CHN;CNR1 Jammer/Firedrake;M;FE;;1;;[0125]
7730;0000-0100;;TWN;Sound of Hope;M;FE;;1;;
7730;0100-0200;;TWN;Sound of Hope;M;FE;;1;;
7730;0200-1200;;TWN;Sound of Hope;M;FE;;1;;[0925]
7730;1200-1300;;TWN;Sound of Hope;M;FE;;1;;
7730;1300-1400;;TWN;Sound of Hope;M;FE;;1;;
7730;1400-1500;;TWN;Sound of Hope;M;FE;;1;;[0324]
7730;1500-1600;;TWN;Sound of Hope;CA;FE;;1;;[0125]
7730;1600-1700;;TWN;Sound of Hope;M;FE;;1;;[1225]
7730;1700-2000;;TWN;Sound of Hope;M;FE;;1;;
7730;2000-2100;;TWN;Sound of Hope;M;FE;;1;;
7730;2100-2130;;TWN;Sound of Hope;M;FE;;1;;
7730;2130-2200;;TWN;Sound of Hope;M;FE;;1;;
7730;2200-2300;;TWN;Sound of Hope;M;FE;;1;;
7730;2300-2400;;TWN;Sound of Hope;M;FE;;1;;
7730;0000-2400;;USA;WRMI Radio Miami Int.;E;ENA;o;1;;
7750;0300-0600;irr;SOM;Warsan Radio USB;SO;EAf;b;8;;[0325]
7750;0900-1945;irr;SOM;Warsan Radio USB;SO;EAf;b;8;;[0823]
7750.2;0000-0100;;TWN;Sound of Hope;M;FE;;1;;
7750.2;0100-0200;;TWN;Sound of Hope;M;FE;;1;;
7750.2;0200-1200;;TWN;Sound of Hope;M;FE;;1;;[0925]
7750.2;1200-1300;;TWN;Sound of Hope;M;FE;;1;;
7750.2;1300-1400;;TWN;Sound of Hope;M;FE;;1;;
7750.2;1400-1500;;TWN;Sound of Hope;M;FE;;1;;
7750.2;1500-1600;;TWN;Sound of Hope;CA;FE;;1;;[0125]
7750.2;1600-1700;;TWN;Sound of Hope;M;FE;;1;;[0525]
7750.2;1700-2000;;TWN;Sound of Hope;M;FE;;1;;[1223]
7750.2;2000-2100;;TWN;Sound of Hope;M;FE;;1;;[0224]
7750.2;2100-2130;;TWN;Sound of Hope;M;FE;;1;;
7750.2;2130-2200;;TWN;Sound of Hope;M;FE;;1;;
7750.2;2200-2300;;TWN;Sound of Hope;M;FE;;1;;
7750.2;2300-2400;;TWN;Sound of Hope;M;FE;;1;;
7780;0100-0130;;CZE;Radio Prague;F;WNA;/USA-o;1;;
7780;0130-0200;;CZE;Radio Prague;E;WNA;/USA-o;1;;
7780;0200-0230;;CZE;Radio Prague;S;WNA;/USA-o;1;;
7780;0230-0300;;CZE;Radio Prague;D;WNA;/USA-o;1;;
7780;0900-1000;;INS;Voice of Indonesia;E;WNA;/USA-o;1;;[0526]
7780;0300-0330;;SVK;Radio Slovakia Int.;S;WNA;/USA-o;1;;[0426]
7780;0000-1100;;USA;WRMI Radio Miami Int.;E;WNA;o;1;;
7795;0000-2400;;J;JMH Japan Meteo Fax;;FE;k;1;;[0226]
7810.1;0000-0100;;TWN;Sound of Hope;M;FE;;1;;
7810.1;0100-0200;;TWN;Sound of Hope;M;FE;;1;;
7810.1;0200-1200;;TWN;Sound of Hope;M;FE;;1;;
7810.1;1200-1300;;TWN;Sound of Hope;M;FE;;1;;
7810.1;1300-1400;;TWN;Sound of Hope;M;FE;;1;;
7810.1;1400-1500;;TWN;Sound of Hope;M;FE;;1;;
7810.1;1500-1600;;TWN;Sound of Hope;CA;FE;;1;;
7810.1;1600-1700;;TWN;Sound of Hope;M;FE;;1;;[1225]
7810.1;1700-2000;;TWN;Sound of Hope;M;FE;;1;;[0526]
7810.1;2000-2100;;TWN;Sound of Hope;M;FE;;1;;
7810.1;2100-2130;;TWN;Sound of Hope;M;FE;;1;;[0626]
7810.1;2130-2200;;TWN;Sound of Hope;M;FE;;1;;[0426]
7810.1;2200-2300;;TWN;Sound of Hope;M;FE;;1;;[0226]
7810.1;2300-2400;;TWN;Sound of Hope;M;FE;;1;;
7830;0000-2400;;PTR;NAU US Navy;-TY;NAm;i;1;;
7840;0645-0655;Tu,Th;POL;E11 Polish Spy Numbers;E;;p;1;0111;2802[1124]
7842;0200-0330;;CLA;V32 Iranian Spy Numbers;FS;IRN;/D-bb;6;3003;3103[0326]
7842;1800-1930;;CLA;V32 Iranian Spy Numbers;FS;IRN;/D-bb;6;3003;3103[0326]
7850;0000-2400;;CAN;CHU Ottawa;-TS;NAm;o;6;2903;2106[0626]
7850;0000-1410;22Jun;CAN;CHU Ottawa;-TS;NAm;o;6;1306;2206
7850;0600-0610;Fr,Su;POL;E11 Polish Spy Numbers;E;;p;1;0111;2802[1221]
7863;1715-1725;We,Fr;POL;E11 Polish Spy Numbers;E;;p;1;0105;3108[0723]
7864;1730-1740;Th;POL;E11 Polish Spy Numbers;E;;p;1;0103;3004[0321]
7864;1730-1740;Th;POL;E11 Polish Spy Numbers;E;;p;1;0109;3110[0922]
7880;0430-0545;;D;DWD Pinneberg Met Fax;;Eu;pi;1;;
7880;0638-1155;;D;DWD Pinneberg Met Fax;;Eu;pi;1;;[0923]
7880;1236-1551;;D;DWD Pinneberg Met Fax;;Eu;pi;1;;[0725]
7880;1636-1655;;D;DWD Pinneberg Met Fax;;Eu;pi;1;;
7880;1800-1947;;D;DWD Pinneberg Met Fax;;Eu;pi;1;;[1124]
7880;2035-2300;;D;DWD Pinneberg Met Fax;;Eu;pi;1;;[0822]
7906;0050-0100;;VTN;Ben Thuy Radio;VN;SEA;bt;1;;
7906;0450-0500;;VTN;Ben Thuy Radio;VN;SEA;bt;1;;
7906;0850-0900;;VTN;Ben Thuy Radio;VN;SEA;bt;1;;
7906;1250-1300;;VTN;Ben Thuy Radio;VN;SEA;bt;1;;[0923]
7906;1650-1700;;VTN;Ben Thuy Radio;VN;SEA;bt;1;;
7906;2050-2100;;VTN;Ben Thuy Radio;VN;SEA;bt;1;;
7906;0335-0345;;VTN;Ca Mau Radio;VN;SEA;cm;1;;
7906;0735-0745;;VTN;Ca Mau Radio;VN;SEA;cm;1;;
7906;1135-1140;;VTN;Ca Mau Radio;VN;SEA;cm;1;;[0318]
7906;1535-1545;;VTN;Ca Mau Radio;VN;SEA;cm;1;;
7906;1935-1945;;VTN;Ca Mau Radio;VN;SEA;cm;1;;
7906;2335-2345;;VTN;Ca Mau Radio;VN;SEA;cm;1;;[1225]
7906;0205-0215;;VTN;Can Tho Radio;VN;SEA;ct;1;;
7906;0605-0615;;VTN;Can Tho Radio;VN;SEA;ct;1;;
7906;1005-1015;;VTN;Can Tho Radio;VN;SEA;ct;1;;
7906;1405-1415;;VTN;Can Tho Radio;VN;SEA;ct;1;;[1214]
7906;1805-1815;;VTN;Can Tho Radio;VN;SEA;ct;1;;
7906;2205-2215;;VTN;Can Tho Radio;VN;SEA;ct;1;;
7906;0035-0045;;VTN;Da Nang Radio XVT;VN;SEA;dn;1;;
7906;0435-0445;;VTN;Da Nang Radio XVT;VN;SEA;dn;1;;
7906;0835-0845;;VTN;Da Nang Radio XVT;VN;SEA;dn;1;;
7906;1235-1245;;VTN;Da Nang Radio XVT;VN;SEA;dn;1;;[1214]
7906;1635-1645;;VTN;Da Nang Radio XVT;VN;SEA;dn;1;;
7906;2035-2045;;VTN;Da Nang Radio XVT;VN;SEA;dn;1;;
7906;0005-0015;;VTN;Hai Phong Radio XVG;VN;SEA;hp;1;;
7906;0405-0415;;VTN;Hai Phong Radio XVG;VN;SEA;hp;1;;
7906;0805-0815;;VTN;Hai Phong Radio XVG;VN;SEA;hp;1;;
7906;1205-1215;;VTN;Hai Phong Radio XVG;VN;SEA;hp;1;;[1119]
7906;1605-1615;;VTN;Hai Phong Radio XVG;VN;SEA;hp;1;;
7906;2005-2015;;VTN;Hai Phong Radio XVG;VN;SEA;hp;1;;
7906;0105-0115;;VTN;Ho Chi Minh City R.XVS;E;SEA;vt;1;;
7906;0505-0515;;VTN;Ho Chi Minh City R.XVS;E;SEA;vt;1;;
7906;0905-0915;;VTN;Ho Chi Minh City R.XVS;E;SEA;vt;1;;
7906;1305-1310;;VTN;Ho Chi Minh City R.XVS;VN;SEA;vt;1;;[1220]
7906;1310-1315;;VTN;Ho Chi Minh City R.XVS;VN;SEA;vt;1;;[0725]
7906;1705-1715;;VTN;Ho Chi Minh City R.XVS;E;SEA;vt;1;;
7906;2105-2115;;VTN;Ho Chi Minh City R.XVS;E;SEA;vt;1;;
7906;0305-0315;;VTN;Hon Gai Radio;VN;SEA;hg;1;;
7906;0705-0715;;VTN;Hon Gai Radio;VN;SEA;hg;1;;
7906;1105-1115;;VTN;Hon Gai Radio;VN;SEA;hg;1;;[0318]
7906;1505-1515;;VTN;Hon Gai Radio;VN;SEA;hg;1;;
7906;1905-1915;;VTN;Hon Gai Radio;VN;SEA;hg;1;;
7906;2305-2315;;VTN;Hon Gai Radio;VN;SEA;hg;1;;[0326]
7906;0250-0300;;VTN;Hue Radio;VN;SEA;hu;1;;
7906;0650-0700;;VTN;Hue Radio;VN;SEA;hu;1;;
7906;1050-1100;;VTN;Hue Radio;VN;SEA;hu;1;;[0318]
7906;1450-1500;;VTN;Hue Radio;VN;SEA;hu;1;;
7906;1850-1900;;VTN;Hue Radio;VN;SEA;hu;1;;
7906;2250-2300;;VTN;Hue Radio;VN;SEA;hu;1;;[0326]
7906;0220-0230;;VTN;Kien Giang Radio;VN;SEA;kg;1;;
7906;0620-0630;;VTN;Kien Giang Radio;VN;SEA;kg;1;;
7906;1020-1030;;VTN;Kien Giang Radio;VN;SEA;kg;1;;
7906;1420-1430;;VTN;Kien Giang Radio;VN;SEA;kg;1;;
7906;1820-1830;;VTN;Kien Giang Radio;VN;SEA;kg;1;;
7906;2220-2230;;VTN;Kien Giang Radio;VN;SEA;kg;1;;[0526]
7906;0120-0130;;VTN;Mong Cai Radio XVM;VN;SEA;mc;1;;
7906;0520-0530;;VTN;Mong Cai Radio XVM;VN;SEA;mc;1;;
7906;0920-0930;;VTN;Mong Cai Radio XVM;VN;SEA;mc;1;;
7906;1320-1330;;VTN;Mong Cai Radio XVM;VN;SEA;mc;1;;[0725]
7906;1720-1730;;VTN;Mong Cai Radio XVM;VN;SEA;mc;1;;
7906;2120-2130;;VTN;Mong Cai Radio XVM;VN;SEA;mc;1;;
7906;0350-0400;;VTN;Nha Trang Radio XVN;VN;SEA;nt;1;;
7906;0750-0800;;VTN;Nha Trang Radio XVN;VN;SEA;nt;1;;
7906;1150-1200;;VTN;Nha Trang Radio XVN;VN;SEA;nt;1;;[0318]
7906;1550-1600;;VTN;Nha Trang Radio XVN;VN;SEA;nt;1;;[0120]
7906;1950-2000;;VTN;Nha Trang Radio XVN;VN;SEA;nt;1;;
7906;2350-2400;;VTN;Nha Trang Radio XVN;VN;SEA;nt;1;;[1225]
7906;0135-0145;;VTN;Phan Rang Radio;VN;SEA;pr;1;;
7906;0535-0545;;VTN;Phan Rang Radio;VN;SEA;pr;1;;
7906;0935-0945;;VTN;Phan Rang Radio;VN;SEA;pr;1;;
7906;1335-1345;;VTN;Phan Rang Radio;VN;SEA;pr;1;;[0725]
7906;1735-1745;;VTN;Phan Rang Radio;VN;SEA;pr;1;;
7906;2135-2145;;VTN;Phan Rang Radio;VN;SEA;pr;1;;
7906;0150-0200;;VTN;Phan Tiet Radio;VN;SEA;pt;1;;
7906;0550-0600;;VTN;Phan Tiet Radio;VN;SEA;pt;1;;
7906;0950-1000;;VTN;Phan Tiet Radio;VN;SEA;pt;1;;
7906;1350-1400;;VTN;Phan Tiet Radio;VN;SEA;pt;1;;[1214]
7906;1750-1800;;VTN;Phan Tiet Radio;VN;SEA;pt;1;;
7906;2150-2200;;VTN;Phan Tiet Radio;VN;SEA;pt;1;;
7906;0320-0330;;VTN;Phu Yen Radio;VN;SEA;py;1;;
7906;0720-0730;;VTN;Phu Yen Radio;VN;SEA;py;1;;
7906;1120-1130;;VTN;Phu Yen Radio;VN;SEA;py;1;;[0318]
7906;1520-1530;;VTN;Phu Yen Radio;VN;SEA;py;1;;
7906;1920-1930;;VTN;Phu Yen Radio;VN;SEA;py;1;;
7906;2320-2330;;VTN;Phu Yen Radio;VN;SEA;py;1;;[1225]
7906;0235-0245;;VTN;Quy Nhon Radio;VN;SEA;qn;1;;
7906;0635-0645;;VTN;Quy Nhon Radio;VN;SEA;qn;1;;
7906;1035-1045;;VTN;Quy Nhon Radio;VN;SEA;qn;1;;[0318]
7906;1435-1445;;VTN;Quy Nhon Radio;VN;SEA;qn;1;;
7906;1835-1845;;VTN;Quy Nhon Radio;VN;SEA;qn;1;;
7906;2235-2245;;VTN;Quy Nhon Radio;VN;SEA;qn;1;;[0526]
7906;0020-0030;;VTN;Vung Tau Radio;VN;SEA;vt;1;;
7906;0420-0430;;VTN;Vung Tau Radio;VN;SEA;vt;1;;
7906;0820-0830;;VTN;Vung Tau Radio;VN;SEA;vt;1;;
7906;1220-1230;;VTN;Vung Tau Radio;VN;SEA;vt;1;;[0318]
7906;1620-1630;;VTN;Vung Tau Radio;VN;SEA;vt;1;;
7906;2020-2030;;VTN;Vung Tau Radio;VN;SEA;vt;1;;
7910;0200-0330;;CLA;V32 Iranian Spy Numbers;FS;IRN;/D-bb;6;3003;3103
7910;1800-1930;;CLA;V32 Iranian Spy Numbers;FS;IRN;/D-bb;6;3003;3103[0326]
7923;1900-1910;Fr;RUS;S06 Russian Spy Numbers;R;RUS;xx;1;0102;2802
7923;1900-1910;Fr;RUS;S06 Russian Spy Numbers;R;RUS;xx;1;0112;3112
7923;2000-2010;Fr;RUS;S06 Russian Spy Numbers;R;RUS;xx;1;0101;3101
7923;2000-2010;Fr;RUS;S06 Russian Spy Numbers;R;RUS;xx;1;0111;3011
8000;0000-2400;;B;Rádio Casa AM;P;B;am;1;;[0924]
8006;0000-2400;;J;JG2XA Propag.Studies;-CW;FE;f;6;2903;0207[0925]
8029;0000-2400;;RUS;Channel Marker G;-CW;FE;xx;1;0103;3004
8029;0000-2400;;RUS;Channel Marker W;-CW;EEu;xx;1;0103;3004[0417]
8040;0500-0600;;G;GYA Northwood Meteo Fax;;WEu;nw;1;;[0426]
8040;0600-2000;;G;GYA Northwood Meteo Fax;;WEu;nw;1;;
8040;2000-2200;;G;GYA Northwood Meteo Fax;;WEu;nw;1;;
8040;2200-0500;;G;GYA Northwood Meteo Fax;;WEu;nw;1;;
8070;1015-2325;;BOL;La Paz Volmet x15;S;BOL;p;1;;
8088;1730-1740;Th;POL;E11 Polish Spy Numbers;E;;p;1;0105;3108[0719]
8091;0645-0655;Tu,Th;POL;E11 Polish Spy Numbers;E;;p;1;0105;3108[0521]
8095;1000-1010;Su;RUS;E06 Russian Spy Numbers;E;RUS;or;1;0101;3101
8101;1215-1230;;VTN;Duyen Hai Information;T;SEA;;1;;[1225]
8105;0845-1100;;GRC;SWA18 Athens Meteo Fax;;SEE;o;1;;[0217]
8113;1000-2300;;AUS;VMW Wiluna WA;E;AUS;w;1;;[0626]
8113;2300-1000;;AUS;VMW Wiluna WA;E;AUS;w;1;;[0526]
8116;1300-1310;Sa;RUS;E06 Russian Spy Numbers;E;RUS;or;1;0102;2802
8117;0000-2400;;TWN;Central Weather Bureau;M;FE;q;1;;[0725]
8120;0000-2400;;CHN;BAF Beijing Meteo Fax;;FE;bm;1;;
8126;1450-1500;Th,Sa;RUS;E07 Russian Spy Numbers;E;RUS;m;1;0112;3112[1219]
8131;1140-1150;Tu,Fr;RUS;E07 Russian Spy Numbers;E;RUS;m;1;0101;3101
8153;1140-1150;Tu,Fr;RUS;E07 Russian Spy Numbers;E;RUS;m;1;0111;3011
8165;1120-1130;Tu,Fr;RUS;E07 Russian Spy Numbers;E;RUS;m;1;0112;3112
8167;1000-1010;Su;RUS;E06 Russian Spy Numbers;E;RUS;or;1;0102;28021
8169;0200-0300;;TWN;Star-Star Bc.Station;M;CHN;y;1;;
8169;0300-0400;;TWN;Star-Star Bc.Station;M;CHN;y;1;;
8176;0800-2100;;AUS;VMC Charleville QL;E;AUS;c;1;;[0626]
8176;2100-0800;;AUS;VMC Charleville QL;E;AUS;c;1;;[0626]
8180;0700-0710;Tu,Fr;POL;E11 Polish Spy Numbers;E;;p;1;0103;3004
8180;0700-0710;Tu,Fr;POL;E11 Polish Spy Numbers;E;;p;1;0109;3110[0924]
8291;0000-2400;;CAN;VFF Iqaluit Radio;E;NAm;i;1;1505;2012
8291;1400-1410;;CYM;Cayman Isl.Coastguard;E;Car;;1;;[0725]
8294;0035-0045;;VTN;Da Nang Radio XVT;VN;SEA;dn;1;;
8294;0435-0445;;VTN;Da Nang Radio XVT;VN;SEA;dn;1;;
8294;0835-0845;;VTN;Da Nang Radio XVT;VN;SEA;dn;1;;
8294;1235-1245;;VTN;Da Nang Radio XVT;VN;SEA;dn;1;;[1214]
8294;1635-1645;;VTN;Da Nang Radio XVT;VN;SEA;dn;1;;
8294;2035-2045;;VTN;Da Nang Radio XVT;VN;SEA;dn;1;;
8294;0005-0015;;VTN;Hai Phong Radio XVG;VN;SEA;hp;1;;
8294;0405-0415;;VTN;Hai Phong Radio XVG;VN;SEA;hp;1;;
8294;0805-0815;;VTN;Hai Phong Radio XVG;VN;SEA;hp;1;;
8294;1205-1215;;VTN;Hai Phong Radio XVG;VN;SEA;hp;1;;[0318]
8294;1605-1615;;VTN;Hai Phong Radio XVG;VN;SEA;hp;1;;
8294;2005-2015;;VTN;Hai Phong Radio XVG;VN;SEA;hp;1;;
8294;0105-0115;;VTN;Ho Chi Minh City R.XVS;E;SEA;vt;1;;
8294;0505-0515;;VTN;Ho Chi Minh City R.XVS;E;SEA;vt;1;;
8294;0905-0915;;VTN;Ho Chi Minh City R.XVS;VN;SEA;vt;1;;[0815]
8294;1305-1310;;VTN;Ho Chi Minh City R.XVS;VN;SEA;vt;1;;[0725]
8294;1705-1715;;VTN;Ho Chi Minh City R.XVS;E;SEA;vt;1;;
8294;2105-2115;;VTN;Ho Chi Minh City R.XVS;E;SEA;vt;1;;
8297;0333-0410;;NZL;ZLM Taupo Maritime R.;E;Oc;t;1;;
8297;1003-1040;;NZL;ZLM Taupo Maritime R.;E;Oc;t;1;;[1225]
8297;1533-1610;;NZL;ZLM Taupo Maritime R.;E;Oc;t;1;;[1221]
8297;2203-2245;;NZL;ZLM Taupo Maritime R.;E;Oc;t;1;;
8300;0000-0100;;TWN;Star-Star Bc.Station;M;CHN;y;1;;
8300;0100-0200;;TWN;Star-Star Bc.Station;M;CHN;y;1;;
8300;0200-0300;;TWN;Star-Star Bc.Station;M;CHN;y;1;;
8300;1500-1600;;TWN;Star-Star Bc.Station;M;CHN;y;1;;
8302;0000-0155;;CHN;XSG Shanghai Radio Fax;M;FE;sh;1;;
8302;0230-0655;;CHN;XSG Shanghai Radio Fax;M;FE;sh;1;;
8302;0730-1030;;CHN;XSG Shanghai Radio Fax;M;FE;sh;1;;[0721]
8302;1425-1450;;CHN;XSG Shanghai Radio Fax;M;FE;sh;1;;
8302;2025-2050;;CHN;XSG Shanghai Radio Fax;M;FE;sh;1;;
8310.5;0000-0540;;CHN;XSQ Guangzhou Meteo Fax;E;FE;gx;1;;
8310.5;0815-0840;irr;CHN;XSQ Guangzhou Meteo Fax;E;FE;gx;1;;
8310.5;1225-1715;;CHN;XSQ Guangzhou Meteo Fax;E;FE;gx;1;;[0623]
8310.5;2015-2040;irr;CHN;XSQ Guangzhou Meteo Fax;E;FE;gx;1;;
8376.5;0000-2400;;CAN;VFF Iqaluit Radio;-TY;NAm;i;1;1505;2012
8416.5;0330-0350;;CAN;VFF Iqaluit Meteo;-TY;NAm;i;1;1505;2012[0726]
8416.5;1530-1540;;CAN;VFF Iqaluit Meteo;-TY;NAm;i;1;1505;2012
8417.5;0000-2400;;CHN;XSV Tianjin Radio;-TY;FE;tj;1;;
8418.5;0000-2400;;CHN;XSV Tianjin Radio;-TY;FE;tj;1;;
8421;0000-2400;;CHN;XSQ Guangzhou Meteo Fax;-TY;FE;gx;1;;[0525]
8421;0000-2400;;CHN;XSV Tianjin Radio;-TY;FE;tj;1;;
8424;0000-2400;;GRC;SVO Olimpia Radio;-CW;SEu;o;1;;[0425]
8425.5;0000-2400;;CHN;XSG Shanghai Radio;-TY;FE;sh;1;;[0425]
8431;0000-2400;;CHN;XSQ Guangzhou Radio;-TY;FE;gx;1;;[0219]
8431;0000-2400;;TUR;TAH Turk Radio Istanbul;-CW;ME;is;1;;[0425]
8433;0000-2400;;CHN;XSG Shanghai Radio;-TY;FE;sh;1;;[0222]
8434;0000-2400;;TUR;TAH Turk Radio Istanbul;-CW;ME;is;1;;[1216]
8435;0000-2400;;CHN;XSQ Guangzhou Radio;-TY;FE;gx;1;;[0222]
8444;0330-0355;;RUS;RBW Murmansk Meteo Fax;;NEu;mm;1;;[1220]
8444;1030-1055;;RUS;RBW Murmansk Meteo Fax;;NEu;mm;1;;
8444;1330-1355;;RUS;RBW Murmansk Meteo Fax;;NEu;mm;1;;[1220]
8444;1445-1510;;RUS;RBW Murmansk Meteo Fax;;NEu;mm;1;;
8444;2000-2025;;RUS;RBW Murmansk Meteo Fax;;NEu;mm;1;;[1024]
8456;0315-0325;Mo,We;POL;E11 Polish Spy Numbers;E;;p;1;0111;2802
8459;0340-0610;;ALS;NOJ Fax Kodiak;;WNA;k;1;;[0621]
8459;0950-1210;;ALS;NOJ Fax Kodiak;;WNA;k;1;;[0921]
8459;1540-1820;;ALS;NOJ Fax Kodiak;;WNA;k;1;;
8459;2150-0030;;ALS;NOJ Fax Kodiak;;WNA;k;1;;[0416]
8484;0900-2400;;KOR;HLG Seoul Radio;-CW;FE;;1;;[0321]
8484.5;0000-2400;;RUS;Channel Marker P;-CW;RUS;kl;1;;[0321]
8494.7;0000-2400;;RUS;Channel Marker D;-CW;EEu;se;1;;[0326]
8494.8;0000-2400;;RUS;Channel Marker P;-CW;RUS;kl;1;;[0222]
8494.9;0000-2400;;RUS;Channel Marker S;-CW;RUS;sm;1;;[0425]
8495;0000-2400;;RUS;Channel Marker C;-CW;RUS;m;1;;[0421]
8495.1;0000-2400;;RUS;Channel Marker A;-CW;RUS;as;1;;[0425]
8495.2;0000-2400;;RUS;Channel Marker F;-CW;FE;vl;1;;[0421]
8495.3;0000-2400;;RUS;Channel Marker K;-CW;FE;pk;1;;[0421]
8495.4;0000-2400;;RUS;Channel Marker M;-CW;FE;mg;1;;[0521]
8497.8;0000-2400;;RUS;Channel Marker L;-CW;RUS;pt;1;;[0425]
8502;0330-0410;;USA;NMG USCG New Orleans;E;NAm;nm;1;;[0423]
8502;0515-0550;;USA;NMG USCG New Orleans;E;NAm;nm;1;;[0523]
8502;0930-1015;;USA;NMG USCG New Orleans;E;NAm;nm;1;;[0726]
8502;1115-1150;;USA;NMG USCG New Orleans;E;NAm;nm;1;;[0314]
8502;1530-1605;;USA;NMG USCG New Orleans;E;NAm;nm;1;;[0322]
8502;1715-1750;;USA;NMG USCG New Orleans;E;NAm;nm;1;;[1122]
8502;2130-2245;;USA;NMG USCG New Orleans;E;NAm;nm;1;;[0824]
8502;2315-2350;;USA;NMG USCG New Orleans;E;NAm;nm;1;;[1120]
8503.9;0000-0305;;USA;NMG Fax New Orleans;;Car;nm;1;;[0122]
8503.9;0600-0855;;USA;NMG Fax New Orleans;;Car;nm;1;;
8503.9;1200-1505;;USA;NMG Fax New Orleans;;Car;nm;1;;[0422]
8503.9;1800-2105;;USA;NMG Fax New Orleans;;Car;nm;1;;[0922]
8514;0000-2400;;CHN;XSQ Guangzhou Radio x30;M;FE;gx;1;;
8530;1910-1920;Fr,Su;POL;E11 Polish Spy Numbers;E;;p;1;0103;3004[0421]
8530;1910-1920;Fr,Su;POL;E11 Polish Spy Numbers;E;;p;1;0109;3110[0924]
8597;0700-0710;Mo,Th;POL;S11a Polish Spy Numbers;R;;p;1;0103;3004
8597;0700-0710;Mo,Th;POL;S11a Polish Spy Numbers;R;;p;1;0109;3110
8617;0000-2400;;CHN;XSV Tianjin Radio;-TY;FE;tj;1;;
8636;0900-2400;;KOR;HLW Seoul Radio;-CW;FE;;1;;[1020]
8658;0020-0035;;J;JFX Kagoshima Fish.Fax;;WOc;m;1;;
8658;0110-0125;Mo;J;JFX Kagoshima Fish.Fax;;WOc;m;1;;
8658;0330-0345;;J;JFX Kagoshima Fish.Fax;;WOc;m;1;;
8658;0400-0415;;J;JFX Kagoshima Fish.Fax;;WOc;m;1;;
8658;0440-0455;irr;J;JFX Kagoshima Fish.Fax;;WOc;m;1;;
8658;0830-0845;;J;JFX Kagoshima Fish.Fax;;WOc;m;1;;
8658;0930-0945;;J;JFX Kagoshima Fish.Fax;;WOc;m;1;;
8658;1100-1115;;J;JFX Kagoshima Fish.Fax;;WOc;m;1;;
8658;1800-1815;;J;JFX Kagoshima Fish.Fax;;WOc;m;1;;[0220]
8658;2200-2215;;J;JFX Kagoshima Fish.Fax;;WOc;m;1;;
8658;2240-2255;;J;JFX Kagoshima Fish.Fax;;WOc;m;1;;
8677;1115-1200;;CHL;CBV Valparaiso Met Fax;;SAm;v;1;;
8677;1630-1715;;CHL;CBV Valparaiso Met Fax;;SAm;v;1;;
8677;1915-2100;;CHL;CBV Valparaiso Met Fax;;SAm;v;1;;
8677;2200-2355;;CHL;CBV Valparaiso Met Fax;;SAm;v;1;;[0123]
8680;0600-0610;Fr,Su;POL;E11 Polish Spy Numbers;E;;p;1;0103;3004[0424]
8680;0600-0610;Fr,Su;POL;E11 Polish Spy Numbers;E;;p;1;0109;3110[0924]
8680;0700-0710;Tu,Fr;POL;E11 Polish Spy Numbers;E;;p;1;0105;3108
8682;0140-0415;;USA;NMC Fax Pt Reyes CA;;WNA;pr;1;;[0525]
8682;0655-1015;;USA;NMC Fax Pt Reyes CA;;WNA;pr;1;;[0425]
8682;1120-1235;;USA;NMC Fax Pt Reyes CA;;WNA;pr;1;;[0717]
8682;1400-1615;;USA;NMC Fax Pt Reyes CA;;WNA;pr;1;;[0521]
8682;1820-1840;;USA;NMC Fax Pt Reyes CA;;WNA;pr;1;;
8682;1840-2220;;USA;NMC Fax Pt Reyes CA;;WNA;pr;1;;[0124]
8682;2320-2400;;USA;NMC Fax Pt Reyes CA;;WNA;pr;1;;
8728;0000-2400;;USA;KLB Seattle, WA x15,x45;E;WNA;sk;1;;[1024]
8740;1815-1845;;AFS;ZSC Cape Town Radio;E;SAf;ct;1;;[0526]
8743;0000-0200;;THA;Bangkok Meterolog.Radio;E,T;SEA;bv;1;;
8743;0300-0500;;THA;Bangkok Meterolog.Radio;E,T;SEA;bv;1;;
8743;0600-0800;;THA;Bangkok Meterolog.Radio;E,T;SEA;bv;1;;
8743;0900-1100;;THA;Bangkok Meterolog.Radio;E,T;SEA;bv;1;;[0925]
8743;1200-1400;;THA;Bangkok Meterolog.Radio;E,T;SEA;bv;1;;[0626]
8743;1500-1700;;THA;Bangkok Meterolog.Radio;E,T;SEA;bv;1;;[0526]
8743;1800-2000;;THA;Bangkok Meterolog.Radio;E,T;SEA;bv;1;;[0626]
8743;2100-2300;;THA;Bangkok Meterolog.Radio;E,T;SEA;bv;1;;[0726]
8746;0000-2400;;TUR;TAH Turk Radio Istanbul;E;ME;is;1;;
8749;0000-2400;;TUR;TAH Turk Radio Istanbul;E;ME;is;1;;
8752;0000-2400;;CAN;VFF Iqaluit Radio;E;NAm;ch;1;0107;3110
8752;0000-2400;;CAN;VFF Iqaluit Radio;E;NAm;i;1;1505;2012
8752;0000-2400;;CAN;VFF Iqaluit Radio;E;NAm;r;1;1507;3110
8755;0000-2400;;CHN;XSV Tianjin Radio;M;FE;tj;1;;
8755;1400-1405;;CHN;XSV Tianjin Radio;M;NAs;tj;1;0107;3110
8764;0005-0040;;HWA;NMO USCG Honolulu;E;Oc;nm;1;;
8764;0600-0635;;HWA;NMO USCG Honolulu;E;Oc;nm;1;;[0722]
8764;1200-1235;;HWA;NMO USCG Honolulu;E;Oc;nm;1;;[0815]
8764;1800-1835;;HWA;NMO USCG Honolulu;E;Oc;nm;1;;
8764;0430-0505;;USA;NMC USCG Point Reyes;E;NAm;pr;1;;[0321]
8764;1030-1105;;USA;NMC USCG Point Reyes;E;NAm;pr;1;;[0421]
8764;1630-1705;;USA;NMC USCG Point Reyes;E;NAm;pr;1;;
8764;2230-2305;;USA;NMC USCG Point Reyes;E;NAm;pr;1;;[1217]
8764;0330-0430;;USA;NMN USCG Chesapeake;E;NAm;ch;1;;[0820]
8764;0515-0615;;USA;NMN USCG Chesapeake;E;NAm;ch;1;;[0719]
8764;0930-1030;;USA;NMN USCG Chesapeake;E;NAm;ch;1;;[0825]
8764;1115-1215;;USA;NMN USCG Chesapeake;E;NAm;ch;1;;[0314]
8764;1530-1630;;USA;NMN USCG Chesapeake;E;NAm;ch;1;;[0420]
8764;1715-1815;;USA;NMN USCG Chesapeake;E;NAm;ch;1;;
8764;2130-2156;;USA;NMN USCG Chesapeake;E;NAm;ch;1;;[0726]
8764;2315-0015;;USA;NMN USCG Chesapeake;E;NAm;ch;1;;[0920]
8776;1145-1245;;GRC;SVO Olimpia Radio;GR;SEu;o;1;;[1219]
8776;1945-2005;;GRC;SVO Olimpia Radio;GR;SEu;o;1;;[0626]
8779;0000-2400;;I;Romaradio IAR;I;SEu;r;1;;
8782;0000-2400;;CHN;XSQ Guangzhou Radio;M;FE;gx;1;;
8782;0000-2400;;USA;KFS Rio Vista, CA;E;WNA;rv;1;;[0425]
8785;1000-1015;;J;JFE Itoman Marine R.;J;FE;it;1;;[0921]
8788;0000-2400;;USA;WLO Mobile Radio;E;Car;mo;1;;[0124]
8794;0000-2400;;CAN;VFF Iqaluit Radio;E;NAm;cb;1;0107;1510
8794;0000-2400;;CAN;VFF Iqaluit Radio;E;NAm;hr;1;1505;3110
8794;0000-2400;;CAN;VFF Iqaluit Radio;E;NAm;in;1;1505;3110
8806;0000-2400;;CHN;XSG Shanghai Radio;M;FE;sh;1;;[0319]
8809;0000-2400;;TUR;TAH Turk Radio Istanbul;E;ME;is;1;;
8812;0915-0935;;TUR;TAH Turk Radio Istanbul;TU;ME;is;1;;[1116]
8812;0955-1020;;TUR;TAH Turk Radio Istanbul;TU;ME;is;1;;[0125]
8812;1020-1030;;TUR;TAH Turk Radio Istanbul;E;ME;is;1;;[0221]
8812;1700-1730;;TUR;TAH Turk Radio Istanbul;TU;ME;is;1;;[1116]
8812;1755-1820;;TUR;TAH Turk Radio Istanbul;TU;ME;is;1;;[0726]
8812;1820-1840;;TUR;TAH Turk Radio Istanbul;E;ME;is;1;;[0526]
8812;1239-1242;;VTN;Ho Chi Minh City R.XVS;E;SEA;vt;1;;[0224]
8812;1246-1248;;VTN;Ho Chi Minh City R.XVS;VN;SEA;vt;1;;[0420]
8812;1248-1250;;VTN;Ho Chi Minh City R.XVS;E;SEA;vt;1;;[0420]
8812;2030-2040;;VTN;Ho Chi Minh City R.XVS;E;SEA;vt;1;;[0216]
8819;0000-2400;;UZB;Tashkent Volmet x20,x50;R;CAs;a;1;;[0817]
8825;0000-2400;;AZR;Santa Maria Radio E;E;NAO;sm;1;;[1119]
8825;0000-2400;;THA;Hat Yai HFDL (ID6);-HF;SEA;hy;1;;
8825;0000-2400;;USA;New York Radio;E;NAO;bg;1;;[0223]
8828;0000-2400;;HKG;Hongkong Volmet x15,x45;E;FE;a;1;;[0526]
8828;0000-2400;;J;Tokyo Volmet x10,x40;E;FE;tv;1;;[0226]
8828;0000-2400;;NZL;Auckland Volmet x20,x50;E;FE;a;1;;[0526]
8831;0000-2400;;AUS;Brisbane Radio;E;AUS;;1;;[0918]
8831;0000-2400;;CAN;Gander Radio F;E;NAO;g;1;;[0123]
8831;1000-1800;;IRL;Shannon Aeradio F;E;NAO;s;1;;
8834;0000-2400;;AFS;Johannesburg HFDL (ID8);-HF;SAf;j;1;;
8843;0000-2400;;IRL;Shannon HFDL (ID7);-HF;NAO;s;1;;
8843;0000-2400;;USA;San Francisco Radio CEP;E;EOc;dx;1;;[0824]
8846;0000-2400;;USA;New York Radio;E;Car;bg;1;;[0724]
8849;0000-2400;LSB;CHN;Beijing Volmet x15,x45;E;FE;;1;;[1221]
8849;0000-0745;USB;CHN;Guangzhou Volmet x00,30;E;FE;;1;;
8861;0000-2400;;CNR;Las Palmas Radio;E;WAf;;1;;[1125]
8864;0000-2400;;CAN;Gander Radio B;E;NAO;g;1;;[0724]
8864;0900-2100;;IRL;Shannon Aeradio B;E;NAO;s;1;;
8864;0000-2400;;ISL;Iceland Radio B;E;NAO;;1;;[0416]
8867;0000-2400;;NZL;Auckland Radio;E;Oc;a;1;;[1118]
8867;0000-2400;;USA;San Francisco Radio SP;E;Oc;/HWA-m;1;;[0815]
8870;0000-2400;;USA;San Francisco Radio CWP;E;WOc;/GUM-b;1;;
8879;0000-2400;;CAN;Gander Radio C;E;NAO;g;1;;
8879;0000-2400;;IND;Mumbai Radio;E;SAs;;1;;[0826]
8879;0900-2100;;IRL;Shannon Aeradio C;E;NAO;s;1;;[0325]
8879;0000-2400;;ISL;Iceland Radio C;E;NAO;;1;;
8885;0000-2400;;BHR;Al Muharraq HFDL (ID15);-HF;ME;m;1;;[0424]
8888;0000-2400;;RUS;Novosibir Volmet x07,37;R;CIS;nv;1;;[0425]
8888;0000-2400;;RUS;Samara Volmet x15,45;R;CIS;sv;1;;[1124]
8888;0000-2400;;RUS;Syktyvkar Volmet x00,30;R;CIS;sy;1;;[0525]
8891;0000-2400;;CAN;Gander Radio;E;NAO;g;1;;[0526]
8891;0000-2400;;IRL;Shannon Aeradio D;E;NAO;s;1;;[0123]
8891;0000-2400;;ISL;Iceland Radio B;E;NAO;;1;;[1121]
8891;0000-2400;;NOR;Bodo Radio;E;NAO;bo;1;;[1221]
8894;0000-2400;;PNR;Albrook HFDL (ID11);-HF;CAm;al;1;;
8903;0000-2400;;USA;San Francisco Radio CWP;E;WOc;/HWA-m;1;;
8906;0000-2400;;AZR;Santa Maria Radio A;E;NAO;sm;1;;[1125]
8906;0000-2400;;CAN;Gander Radio A;E;NAO;g;1;;
8906;0900-2100;;IRL;Shannon Aeradio A;E;NAO;s;1;;
8906;0000-2400;;USA;New York Radio;E;NAO;bg;1;;[0723]
8912;0000-2400;;HWA;Moloka'i HFDL (ID2);-HF;Oc;m;1;;
8912;0000-2400;;USA;Riverhead HFDL (ID4);-HF;ENA;rh;1;;
8915;0000-2400;;USA;San Francisco Radio CEP;E;EOc;dx;1;;
8918;0000-2400;;CAN;Gander Radio;E;NAO;g;1;;[0815]
8918;0000-2400;;TRD;Piarco Radio CAR-B;E;Car;;1;;
8918;0000-2400;;USA;New York Radio;E;Car;bg;1;;[0925]
8921;0000-2400;;NZL;Auckland HFDL (ID5);-HF;SOc;a;1;;
8927;0000-2400;;ALS;Barrow HFDL (ID9);-HF;NOc;ba;1;;
8927;0000-2400;;GUM;Agana Guam HFDL (ID16);-HF;WOc;h;1;;[0122]
8927;0000-2400;;USA;San Francisco HFDL(ID1);-HF;WNA;dx;1;;
8933;0000-2400;;USA;New York Radio;E;NAO;bg;1;;[0222]
8933;0000-2400;;USA;San Francisco R. LDOC;E;Oc;dx;1;;[0815]
8936;0000-2400;;ALS;Barrow HFDL (ID9);-HF;NOc;ba;1;;
8936;0000-2400;;HWA;Moloka'i HFDL (ID2);-HF;Oc;m;1;;
8939;0000-2400;;KOR;Seoul Muan HFDL (ID10);-HF;FE;m;1;;
8939;0000-2400;;RUS;Rostov Volmet x25,55;R;CIS;rv;1;;[0226]
8939;0000-2400;;RUS;StPeterbg Volmet x05,35;R;CIS;pv;1;;[0226]
8942;0000-2400;;IRL;Shannon HFDL (ID7);-HF;NAO;s;1;;[0725]
8948;0000-2400;;CNR;Canarias HFDL (ID17);-HF;WAf;gc;1;;[1219]
8948;0000-2400;;IND;Mumbai Radio;E;SAs;;1;;[1219]
8951;0000-2400;;USA;San Francisco Radio NP;E;NOc;/HWA-m;1;;
8954;0000-2400;;IRL;Shannon Aeradio J;E;NAO;s;1;;
8957;0000-2400;;BOL;Santa Cruz HFDL (ID13);-HF;SAm;sz;1;;[0419]
8957;0000-2400;;IRL;Shannon Volmet;E;Eu;s;1;;[0326]
8977;0000-2400;;ISL;Reykjavik HFDL (ID3);-HF;NAO;r;1;;[0521]
8989;2130-2400;irr;NCG;Pescador Preacher;S;CAm;;1;;[0725]
8992;0000-2400;;USA;US Air Force Messages;E;NAm;;1;;[0526]
9025;1500-2100;;USA;Presidential Pirate;E;NAm;xx;1;;[0326]
9050;0700-0710;Mo,Th;POL;S11a Polish Spy Numbers;R;;p;1;0111;2802
9052;0900-0915;Mo,We;POL;E11 Polish Spy Numbers;E;;p;1;0105;3108[0522]
9073;1030-1040;We;RUS;E06 Russian Spy Numbers;E;RUS;or;1;0112;3101
9073;1330-1340;Sa;RUS;E06 Russian Spy Numbers;E;RUS;or;1;0103;3103
9079;0700-0710;SaSu;POL;E11 Polish Spy Numbers;E;;p;1;0103;3004
9079;0700-0710;SaSu;POL;E11 Polish Spy Numbers;E;;p;1;0109;3110[0924]
9079;1000-1010;Tu,Fr;POL;E11 Polish Spy Numbers;E;;p;1;0111;2802[1121]
9110;0230-0505;;USA;NMF Fax Boston MA;;ENA;bo;1;;[0526]
9110;0745-1040;;USA;NMF Fax Boston MA;;ENA;bo;1;;[1021]
9110;1400-1600;;USA;NMF Fax Boston MA;;ENA;bo;1;;[0223]
9110;1720-2251;;USA;NMF Fax Boston MA;;ENA;bo;1;;[1123]
9116.8;0000-2400;;RUS;Channel Marker M;-CW;FE;mg;1;;[0417]
9120;2100-1700;;CHN;CNR1 Jammer/Firedrake;M;FE;;1;;[1123]
9120;0000-0100;;TWN;Sound of Hope;M;FE;;1;;[1223]
9120;0100-0200;;TWN;Sound of Hope;M;FE;;1;;
9120;0200-1200;;TWN;Sound of Hope;M;FE;;1;;[0925]
9120;1200-1300;;TWN;Sound of Hope;M;FE;;1;;[1224]
9120;1300-1400;;TWN;Sound of Hope;M;FE;;1;;[0523]
9120;1400-1500;;TWN;Sound of Hope;M;FE;;1;;[0525]
9120;1500-1600;;TWN;Sound of Hope;M;FE;;1;;[0125]
9120;1600-1700;;TWN;Sound of Hope;M;FE;;1;;
9120;2100-2130;;TWN;Sound of Hope;M;FE;;1;;[0626]
9120;2130-2200;;TWN;Sound of Hope;M;FE;;1;;[0726]
9120;2200-2300;;TWN;Sound of Hope;M;FE;;1;;[0226]
9120;2300-2400;;TWN;Sound of Hope;M;FE;;1;;[0125]
9130;0715-0725;Tu,Fr;POL;E11 Polish Spy Numbers;E;;p;1;0111;2802[1221]
9150;0600-0610;Fr,Su;POL;E11 Polish Spy Numbers;E;;p;1;0105;3108
9155;0000-2400;;CHN;CNR1 Jammer/Firedrake;M;FE;;1;;[0326]
9155.1;0000-0100;;TWN;Sound of Hope;M;FE;;1;;[0223]
9155.1;0100-0200;;TWN;Sound of Hope;M;FE;;1;;
9155.1;0200-1200;;TWN;Sound of Hope;M;FE;;1;;[0925]
9155.1;1200-1300;;TWN;Sound of Hope;M;FE;;1;;[1224]
9155.1;1300-1400;;TWN;Sound of Hope;M;FE;;1;;[0125]
9155.1;1400-1500;;TWN;Sound of Hope;M;FE;;1;;[0525]
9155.1;1500-1600;;TWN;Sound of Hope;M;FE;;1;;[1123]
9155.1;1600-1700;;TWN;Sound of Hope;M;FE;;1;;
9155.1;1700-2000;;TWN;Sound of Hope;M;FE;;1;;[0724]
9155.1;2000-2100;;TWN;Sound of Hope;M;FE;;1;;
9155.1;2100-2130;;TWN;Sound of Hope;M;FE;;1;;
9155.1;2130-2200;;TWN;Sound of Hope;M;FE;;1;;[0521]
9155.1;2200-2300;;TWN;Sound of Hope;M;FE;;1;;
9155.1;2300-2400;;TWN;Sound of Hope;M;FE;;1;;
9165;0000-1200;;KOR;HLL Seoul Meteo Fax;;FE;sg;1;;[1223]
9165;1200-2400;;KOR;HLL Seoul Meteo Fax;;FE;sg;1;;[0421]
9180;2130-1700;;CHN;CNR1 Jammer/Firedrake;M;FE;u;1;;[0121]
9180;0000-0100;;TWN;Sound of Hope;M;FE;;1;;[1223]
9180;0100-0200;;TWN;Sound of Hope;M;FE;;1;;
9180;0200-1200;;TWN;Sound of Hope;M;FE;;1;;[0326]
9180;1200-1300;;TWN;Sound of Hope;M;FE;;1;;[1224]
9180;1300-1400;;TWN;Sound of Hope;M;FE;;1;;[0523]
9180;1400-1500;;TWN;Sound of Hope;M;FE;;1;;
9180;1500-1600;;TWN;Sound of Hope;M;FE;;1;;[0525]
9180;1600-1700;;TWN;Sound of Hope;M;FE;;1;;
9180;2130-2200;;TWN;Sound of Hope;M;FE;;1;;[0521]
9180;2200-2300;;TWN;Sound of Hope;M;FE;;1;;
9180;2300-2400;;TWN;Sound of Hope;M;FE;;1;;
9200;0000-0100;;TWN;Sound of Hope;M;FE;;1;;
9200;0100-0200;;TWN;Sound of Hope;M;FE;;1;;
9200;0200-1200;;TWN;Sound of Hope;M;FE;;1;;
9200;1200-1300;;TWN;Sound of Hope;M;FE;;1;;
9200;1300-1400;;TWN;Sound of Hope;M;FE;;1;;
9200;1400-1500;;TWN;Sound of Hope;M;FE;;1;;
9200;1500-1600;;TWN;Sound of Hope;M;FE;;1;;
9200;2130-2200;;TWN;Sound of Hope;M;FE;;1;;
9200;2200-2300;;TWN;Sound of Hope;M;FE;;1;;
9200;2300-2400;;TWN;Sound of Hope;M;FE;;1;;
9215;0000-0100;;TWN;Sound of Hope;M;FE;;1;;[1223]
9215;0100-0200;;TWN;Sound of Hope;M;FE;;1;;
9215;0200-1200;;TWN;Sound of Hope;M;FE;;1;;[0326]
9215;1200-1300;;TWN;Sound of Hope;M;FE;;1;;[0125]
9215;1300-1400;;TWN;Sound of Hope;M;FE;;1;;[0523]
9215;1400-1500;;TWN;Sound of Hope;M;FE;;1;;
9215;1500-1600;;TWN;Sound of Hope;M;FE;;1;;[0525]
9215;1600-1700;;TWN;Sound of Hope;M;FE;;1;;
9215;1700-2000;;TWN;Sound of Hope;M;FE;;1;;
9215;2000-2100;;TWN;Sound of Hope;M;FE;;1;;
9215;2100-2130;;TWN;Sound of Hope;M;FE;;1;;
9215;2130-2200;;TWN;Sound of Hope;M;FE;;1;;
9215;2200-2300;;TWN;Sound of Hope;M;FE;;1;;
9215;2300-2400;;TWN;Sound of Hope;M;FE;;1;;
9220;0000-2400;irr;B;Rádio Fronteira;P;B;xx;1;;
9226;1430-1440;Th,Sa;RUS;E07 Russian Spy Numbers;E;RUS;m;1;0112;3112[1219]
9230;2100-1600;;CHN;CNR1 Jammer/Firedrake;M;FE;;1;;[1220]
9230;0000-0100;;TWN;Sound of Hope;M;FE;;1;;[1223]
9230;0100-0200;;TWN;Sound of Hope;M;FE;;1;;
9230;0200-1200;;TWN;Sound of Hope;M;FE;;1;;[0925]
9230;1200-1300;;TWN;Sound of Hope;M;FE;;1;;[1224]
9230;1300-1400;;TWN;Sound of Hope;M;FE;;1;;[0523]
9230;1400-1500;;TWN;Sound of Hope;M;FE;;1;;
9230;1500-1600;;TWN;Sound of Hope;M;FE;;1;;[0125]
9230;2100-2130;;TWN;Sound of Hope;M;FE;;1;;
9230;2130-2200;;TWN;Sound of Hope;M;FE;;1;;[0521]
9230;2200-2300;;TWN;Sound of Hope;M;FE;;1;;
9230;2300-2400;;TWN;Sound of Hope;M;FE;;1;;
9247;1140-1150;Tu,Fr;RUS;E07 Russian Spy Numbers;E;RUS;m;1;0102;2802
9255;2130-1600;;CHN;CNR1 Jammer/Firedrake;M;FE;;1;;[0526]
9255.2;0000-0100;;TWN;Sound of Hope;M;FE;;1;;
9255.2;0100-0200;;TWN;Sound of Hope;M;FE;;1;;[0223]
9255.2;0200-1200;;TWN;Sound of Hope;M;FE;;1;;[0925]
9255.2;1200-1300;;TWN;Sound of Hope;M;FE;;1;;[1224]
9255.2;1300-1400;;TWN;Sound of Hope;M;FE;;1;;[0125]
9255.2;1400-1500;;TWN;Sound of Hope;M;FE;;1;;
9255.2;1500-1600;;TWN;Sound of Hope;M;FE;;1;;[0525]
9255.2;2130-2200;;TWN;Sound of Hope;M;FE;;1;;[0521]
9255.2;2200-2300;;TWN;Sound of Hope;M;FE;;1;;[0226]
9255.2;2300-2400;;TWN;Sound of Hope;M;FE;;1;;
9265;1100-1110;Tu,Fr;RUS;E07 Russian Spy Numbers;E;RUS;m;1;0112;3112
9265;1200-1900;Su;USA;WINB;E;NAm;rl;2;;
9265;1500-1600;Su;USA;WINB;S;NAm;rl;2;;
9265;1500-1900;Sa;USA;WINB;E;NAm;rl;2;;
9265;1900-0400;;USA;WINB;E;NAm;rl;2;;[0626]
9265;2000-2030;We;USA;WINB;S;NAm;rl;2;;
9265;2100-2130;We;USA;WINB;S;NAm;rl;2;;
9274;1450-1500;Th,Sa;RUS;E07 Russian Spy Numbers;E;RUS;m;1;0111;3011
9275;1000-1600;;HKG;FEBC i-Radio Liangyou;M;FE;/PHL-b;1;;[0325]
9275;2300-0400;Su-Fr;USA;WMLK Bethel, PA;E;NAm;bt;1;;[0726]
9276;0300-0400;;TWN;Star-Star Bc.Station;M;CHN;y;1;;
9276;0800-0830;;TWN;Star-Star Bc.Station;M;CHN;y;1;;
9280;2100-1700;;CHN;CNR1 Jammer/Firedrake;M;FE;;1;;[1220]
9280.1;0000-0100;;TWN;Sound of Hope;M;FE;;1;;
9280.1;0100-0200;;TWN;Sound of Hope;M;FE;;1;;
9280.1;0200-1200;;TWN;Sound of Hope;M;FE;;1;;[1225]
9280.1;1200-1300;;TWN;Sound of Hope;M;FE;;1;;[1224]
9280.1;1300-1400;;TWN;Sound of Hope;M;FE;;1;;[0125]
9280.1;1400-1500;;TWN;Sound of Hope;M;FE;;1;;
9280.1;1500-1600;;TWN;Sound of Hope;M;FE;;1;;[0525]
9280.1;1600-1700;;TWN;Sound of Hope;M;FE;;1;;[1225]
9280.1;1700-2000;;TWN;Sound of Hope;M;FE;;1;;
9280.1;2000-2100;;TWN;Sound of Hope;M;FE;;1;;
9280.1;2100-2130;;TWN;Sound of Hope;M;FE;;1;;
9280.1;2130-2200;;TWN;Sound of Hope;M;FE;;1;;[0521]
9280.1;2200-2300;;TWN;Sound of Hope;M;FE;;1;;
9280.1;2300-2400;;TWN;Sound of Hope;M;FE;;1;;
9290;0900-2330;irr;B;Rádio Araucária;P;B;xx;1;;[0325]
9293;1450-1500;Th,Sa;RUS;E07 Russian Spy Numbers;E;RUS;m;1;0101;3101[0125]
9300;2130-1700;;CHN;CNR1 Jammer/Firedrake;M;FE;;1;;[0523]
9300;1652-2050;31May;HOL;Free Radio Sce Holland;E;Eu;xx;6;2705;3105
9300;0000-0100;;TWN;Sound of Hope;M;FE;;1;;[1223]
9300;0100-0200;;TWN;Sound of Hope;M;FE;;1;;
9300;0200-1200;;TWN;Sound of Hope;M;FE;;1;;[1225]
9300;1200-1300;;TWN;Sound of Hope;M;FE;;1;;[1224]
9300;1300-1400;;TWN;Sound of Hope;M;FE;;1;;[0523]
9300;1400-1500;;TWN;Sound of Hope;M;FE;;1;;[0125]
9300;1500-1600;;TWN;Sound of Hope;M;FE;;1;;
9300;1600-1700;;TWN;Sound of Hope;M;FE;;1;;[1123]
9300;2130-2200;;TWN;Sound of Hope;M;FE;;1;;[0521]
9300;2200-2300;;TWN;Sound of Hope;M;FE;;1;;
9300;2300-2400;;TWN;Sound of Hope;M;FE;;1;;
9300;1400-2400;;USA;Radio Farda;FS;IRN;/UZB;6;0106;2510
9310;1700-1730;;CLA;Radio Mojahedin;FS;IRN;/XUU;1;0107;[0726]
9310;1730-1930;;CLA;Radio Payam;FS;IRN;/XUU;1;0107;[0726]
9310;1130-1500;;USA;Voice of America;K;FE;/PHL-t;6;1706;1706
9310;1300-1400;;USA;Voice of America;K;FE;/PHL-t;6;1906;1906
9310;1300-1600;;USA;Voice of America;K;FE;/PHL-t;6;0807;0807
9310;1530-1600;Mo-Fr;USA;Voice of America;K;FE;/PHL-t;6;2903;1904
9310;1530-1630;Mo-Fr;USA;Voice of America;K;FE;/KWT;6;2206;2606
9310;1530-1830;Mo-Fr;USA;Voice of America;K;FE;/PHL-t;6;2004;2905
9310;1730-2330;Mo-Fr;USA;Voice of America;K;FE;/KWT;6;2206;2606
9310;1830-2030;Mo-Fr;USA;Voice of America;K;FE;/PHL-t;6;2704;2905
9320;0000-0030;SaSu;CHN;CNR1 Jammer/Firedrake;M;FE;;0;;
9320;0000-1700;;CHN;CNR1 Jammer/Firedrake;M;FE;;1;;[0224]
9320;0100-0130;Mo-Fr;CHN;CNR1 Jammer/Firedrake;M;FE;;0;;
9320;1700-1730;;CLA;Radio Mojahedin;FS;IRN;/XUU;1;0107;[0726]
9320;0000-0100;;TWN;Sound of Hope;M;FE;;1;;
9320;0100-0200;;TWN;Sound of Hope;M;FE;;1;;
9320;0200-1200;;TWN;Sound of Hope;M;FE;;1;;
9320;1200-1300;;TWN;Sound of Hope;M;FE;;1;;
9320;1300-1400;;TWN;Sound of Hope;M;FE;;1;;
9320;1400-1500;;TWN;Sound of Hope;M;FE;;1;;
9320;1500-1600;;TWN;Sound of Hope;M;FE;;1;;
9320;1600-1700;;TWN;Sound of Hope;M;FE;;1;;
9320;1400-2400;;USA;Radio Farda;FS;IRN;/UZB;6;0106;2510
9320;0100-0130;Mo-Fr;USA;Radio Free Asia;TB;FE;/KWT;0;;
9320;1900-2000;;USA;Trans World Radio;K;FE;/UZB;5;;
9320;0000-0030;SaSu;USA;Voice of America;TB;FE;/KWT;0;;
9322;0420-0430;Mo-Fr;RUS;S06 Russian Spy Numbers;R;FE;kh;1;;
9330;1400-1530;;CLA;CMI Voice of Wilderness;K;KRE;/UZB;1;;[0225]
9330;1730-1930;;CLA;Radio Payam;FS;IRN;/XUU;6;1205;2510[0626]
9330;1700-1730;;F;Radio for Peace Int.;FS;IRN;/XUU;8;;
9331;1120-1130;Tu,Fr;RUS;E07 Russian Spy Numbers;E;RUS;m;1;0101;3101
9335;1400-1530;;CLA;CMI Voice of Wilderness;K;KRE;/UZB;1;;[0726]
9339;0700-0710;Mo,Th;POL;S11a Polish Spy Numbers;R;;p;1;0105;3108[0822]
9340;1300-1330;Mo;CAN;Bible Voice;E;FE;/UZB;0;;
9340;1300-1330;SaSu;CAN;Bible Voice;K;FE;/UZB;0;;
9340;1315-1330;Fr;CAN;Bible Voice;K;FE;/UZB;0;;
9340;2100-1600;;CHN;CNR1 Jammer/Firedrake;M;FE;;1;;[0121]
9340;1700-1730;;CLA;Radio Mojahedin;FS;IRN;/XUU;1;0107;[0726]
9340;1300-1330;;CLA;Voice of Martyrs;K;KRE;/UZB;1;;[0326]
9340;0000-0100;;TWN;Sound of Hope;M;FE;;1;;
9340;0100-0200;;TWN;Sound of Hope;M;FE;;1;;[0223]
9340;0200-1200;;TWN;Sound of Hope;M;FE;;1;;[0822]
9340;1200-1300;;TWN;Sound of Hope;M;FE;;1;;[0422]
9340;1300-1400;;TWN;Sound of Hope;M;FE;;1;;[0125]
9340;1400-1500;;TWN;Sound of Hope;M;FE;;1;;
9340;1500-1600;;TWN;Sound of Hope;M;FE;;1;;
9340;2100-2130;;TWN;Sound of Hope;M;FE;;1;;
9340;2130-2200;;TWN;Sound of Hope;M;FE;;1;;[0521]
9340;2200-2300;;TWN;Sound of Hope;M;FE;;1;;
9340;2300-2400;;TWN;Sound of Hope;M;FE;;1;;
9345;1600-1700;;CHN;CNR1 Jammer/Firedrake;M;FE;;0;;
9345;1600-1700;;USA;Voice of America;TB;FE;/KWT;0;;
9349;0210-0220;Mo;RUS;E06 Russian Spy Numbers;E;RUS;c;1;0101;3101
9350;0000-0100;;CHN;CNR1 Jammer/Firedrake;M;FE;;0;;
9350;1730-1930;;CLA;Radio Payam;FS;IRN;/XUU;1;0107;[0726]
9350;1400-2400;;USA;Radio Farda;FS;IRN;/UZB;6;0106;2510
9350;0000-0100;;USA;Voice of America;M;FE;/PHL-t;0;;
9350;1130-1500;;USA;Voice of America;M;FE;/PHL-t;6;1706;1706
9350;1300-1400;;USA;Voice of America;M;FE;/PHL-t;6;1906;1906
9350;2000-2400;;USA;WWCR 2 Nashville, TN;E;NAm;n;5;;
9350;2100-2300;;USA;WWCR 2 Nashville, TN;E;NAm;n;4;;
9353;1120-1130;Tu,Fr;RUS;E07 Russian Spy Numbers;E;RUS;m;1;0111;3011
9360;0000-1400;;USA;Radio Farda;FS;IRN;/KWT;0;;
9360;1400-2400;;USA;Radio Farda;FS;IRN;/PHL-t;6;2903;2604
9360;1400-2400;;USA;Radio Farda;FS;IRN;/KWT;6;2704;2510
9370;0000-0030;SaSu;CHN;CNR1 Jammer/Firedrake;M;FE;;0;;
9370;0100-0130;Mo-Fr;CHN;CNR1 Jammer/Firedrake;M;FE;;0;;
9370;0300-1230;;USA;Radio Farda;FS;IRN;/KWT;0;;
9370;1630-2000;;USA;Radio Farda;FS;IRN;/KWT;6;2903;1206
9370;1400-2400;;USA;Radio Farda;FS;IRN;/UZB;6;0106;2510
9370;0100-0130;Mo-Fr;USA;Radio Free Asia;TB;FE;/KWT;0;;
9370;1500-1530;;USA;VoA Radio Ashna;DR;AFG;/KWT;0;;
9370;1530-1600;;USA;VoA Radio Ashna;PS;AFG;/KWT;0;;
9370;1600-1630;;USA;VoA Radio Ashna;DR;AFG;/KWT;0;;
9370;1630-1700;;USA;VoA Radio Ashna;PS;AFG;/KWT;8;;
9370;1700-1730;;USA;VoA Radio Ashna;DR;AFG;/KWT;8;;
9370;1730-1800;;USA;VoA Radio Ashna;PS;AFG;/KWT;8;;
9370;1800-2000;;USA;VoA Radio Ashna;DR;AFG;/KWT;8;1106;2510
9370;0000-0030;SaSu;USA;Voice of America;TB;FE;/KWT;0;;
9380;1800-1830;Su;CAN;Bible Voice;R;EEu;/UZB;0;;
9380;1830-1900;Su;CAN;Bible Voice;UD;EEu;/UZB;0;;
9380;1744-1759;Sa;SWZ;Trans World Radio;TUR;EAf;;1;;
9380;0130-0500;;USA;Radio Farda;FS;IRN;/KWT;6;0507;0507
9380;1400-2400;;USA;Radio Farda;FS;IRN;/UZB;6;0106;2510
9380;1630-1700;;USA;Voice of America;PS;AFG;/KWT;6;2206;2410
9380;1700-1730;;USA;Voice of America;DR;AFG;/KWT;6;2206;2410
9382;0210-0220;Mo;RUS;E06 Russian Spy Numbers;E;RUS;c;1;0112;3112
9385;1200-1230;;CLA;Voice of Martyrs;K;KRE;/UZB;4;;
9385;1330-1400;;CLA;Voice of Martyrs;K;KRE;/UZB;1;;[0226]
9390;1430-1500;Mo-Fr;G;BBC;K;FE;/TJK;0;;
9390;1530-1600;Mo-Fr;G;BBC;K;FE;/TJK;0;;
9390;1630-1700;Mo-Fr;G;BBC;K;FE;/TJK;0;;
9390;1730-1800;Mo-Fr;G;BBC;K;FE;/TJK;0;;
9395;1130-1200;;SVK;Radio Slovakia Int.;E;ENA;/USA-o;1;;
9395;0000-0100;Su;USA;America250 DueDiligence;E;ENA;o;6;0806;3112
9395;0400-0500;;USA;America250 DueDiligence;E;ENA;o;6;0706;0706
9395;2300-2400;;USA;America250 DueDiligence;E;ENA;o;6;0706;0706
9395;0000-2400;;USA;WRMI Radio Miami Int.;E;ENA;o;1;;
9395;1100-1130;;USA;WRMI Radio Miami Int.;M;ENA;o;1;;
9399;1205-1215;Tu,We;POL;E11 Polish Spy Numbers;E;;p;1;0103;3004
9399;1205-1215;Tu,We;POL;E11 Polish Spy Numbers;E;;p;1;0109;3110[0924]
9400;1800-1830;Th-Fr;CAN;Bible Voice;FS;ME;/BUL-s;0;;
9400;1945-2000;;CAN;Bible Voice Dardasha-7;A;NAf;/BUL-s;1;;[0725]
9400;1000-1030;;HKG;FEBC Radio Liangyou;HUI;FE;/PHL-i;1;;
9400;1030-1100;;HKG;FEBC Radio Liangyou;CA;FE;/PHL-i;1;;[0226]
9400;1100-1400;;HKG;FEBC Radio Liangyou 1;M;FE;/PHL-i;1;;[0426]
9400;0900-1000;;TWN;Radio Taiwan Int.;AM;FE;p;1;;[0326]
9400;1600-1900;;USA;Brother Stair;E;ME;/BUL-s;1;;[0726]
9405;2230-0030;;HKG;FEBC Radio Liangyou 3;M;FE;/PHL-b;1;;[0526]
9405;1600-1700;;TWN;Radio Taiwan Int.;E;SAs;s;1;;[0526]
9405;1400-1415;;USA;Radio Free Asia;K;FE;/PHL-t;6;2706;2510
9410;1700-1800;;CHN;China Radio Int.;HR;SEu;ka;0;;
9410;2200-2300;;CHN;China Radio Int.;P;SAm;ka;0;;
9410;1000-1705;;CHN;CNR5 Cross-Strait Radio;M;TWN;B;4;;[0326]
9410;1900-2000;;EGY;Radio Cairo;D;WEu;a;0;;
9410;0000-0200;;G;BBC;E;SAs;/UZB;6;2903;0604
9410;0200-0230;;G;BBC;PS;AFG;/OMA-a;0;;
9410;0230-0300;;G;BBC;DR;AFG;/OMA-a;0;;
9410;0500-0600;;G;BBC;E;WAf;/ASC;6;0204;0106
9410;0500-0600;;G;BBC;E;WAf;w;6;0206;0806
9410;0500-0600;;G;BBC;E;WAf;/ASC;6;0906;2510
9410;0500-0700;;G;BBC;E;WAf;/ASC;6;2903;0104
9410;0600-0700;;G;BBC;E;WAf;w;6;0204;2510
9410;0600-1100;Mo-Fr;TWN;Fu Hsing Bc.Sta.;M;FE;y;1;;[0125]
9410;2000-2030;Su;USA;Follow the Bible Min.;A;ME;/ASC;5;;[0526]
9410;1100-1500;;USA;Radio Marti;S;CUB;g;0;;
9412;1330-1340;Sa;RUS;E06 Russian Spy Numbers;E;RUS;or;1;0104;3004
9420;0000-0100;;CHN;China National Radio 6;AM;TWN;B;5;;
9420;0900-1100;;CHN;China National Radio 6;HK;TWN;B;5;;
9420;1100-1200;;CHN;China National Radio 6;M;TWN;B;5;;[0625]
9420;1200-1605;;CHN;China National Radio 6;M;TWN;B;5;;[0526]
9420;2155-2400;;CHN;China National Radio 6;AM;TWN;B;5;;
9420;1100-1400;;CHN;China National Radio 13;UI;CHN;L;1;;[0125]
9420;1400-1500;;CHN;China National Radio 13;UI;CHN;L;1;;
9420;1500-1600;;CHN;China National Radio 13;M;CHN;L;1;;
9420;1600-1805;;CHN;China National Radio 13;UI;CHN;L;1;;[0825]
9425;2000-0400;;CLA;Iran International TV;FS;IRN;/BUL-s;1;2705;[0526]
9425;1300-1400;;KRE;Voice of Korea;K;Eu;u;8;;
9425;1400-1600;;KRE;Voice of Korea;R;Eu;u;1;;[0326]
9425;1600-1700;;KRE;Voice of Korea;D;Eu;u;1;;[0125]
9425;1700-1800;;KRE;Voice of Korea;R;Eu;u;1;;[0426]
9425;1800-1900;;KRE;Voice of Korea;D;Eu;u;1;;[0726]
9425;1900-2000;;KRE;Voice of Korea;D;Eu;u;1;;[0626]
9425;2000-2050;;KRE;Voice of Korea KCBS;K;Eu;u;1;;[0626]
9425;0000-0400;;USA;Brother Stair;E;IRN;/BUL-s;6;2905;2905
9425;2200-2400;;USA;Brother Stair;E;IRN;/BUL-s;6;2805;2805
9435;1000-1100;;KRE;Voice of Korea;E;LAm;u;4;;
9435;1100-1200;;KRE;Voice of Korea;F;LAm;u;4;;
9435;1200-1250;;KRE;Voice of Korea KCBS;K;LAm;u;4;;[0225]
9435;1300-1400;;KRE;Voice of Korea;E;NAm;u;1;;[0626]
9435;1400-1500;;KRE;Voice of Korea;F;NAm;u;1;;[0125]
9435;1500-1600;;KRE;Voice of Korea;E;NAm;u;1;;[0726]
9435;1600-1700;;KRE;Voice of Korea;F;NAm;u;1;;[0326]
9435;1700-1750;;KRE;Voice of Korea KCBS;K;NAm;u;1;;[0426]
9440;1100-1200;;CHN;China Radio Int.;AM;SEA;k;0;;
9440;1200-1300;;CHN;China Radio Int.;KH;SEA;k;0;;
9440;1300-1400;;CHN;China Radio Int.;EO;SEA;n;0;;
9440;1900-2000;;CHN;China Radio Int.;E;ME;k;0;;
9440;2000-2100;;CHN;China Radio Int.;E;ME;k;0;;
9440;0600-0630;;G;BBC;F;CAf;/ASC;0;;
9440;0630-0700;;G;BBC;HA;WAf;/ASC;0;;
9440;0100-0300;;J;NHK Radio Japan;J;ME;/D-n;0;;
9440;1600-1620;;J;NHK Radio Japan;UR;PAK;y;0;;
9445;0000-0100;;CHN;China Radio Int.;R;Sib;h;0;;
9445;2300-2400;;CHN;China Radio Int.;R;Sib;h;0;;
9445;0300-0400;;KRE;Voice of Korea;K;FE;u;8;;
9445;0400-0500;;KRE;Voice of Korea;E;FE;u;1;;
9445;0500-0600;;KRE;Voice of Korea;M;FE;u;1;;
9445;0600-0700;;KRE;Voice of Korea;E;FE;u;1;;
9445;0700-0800;;KRE;Voice of Korea;K;FE;u;1;;[0226]
9445;0800-0900;;KRE;Voice of Korea;M;FE;u;1;;[0626]
9445;0900-0950;;KRE;Voice of Korea KCBS;K;FE;u;1;;[1223]
9445;1000-1100;;KRE;Voice of Korea;K;FE;u;8;;
9445;1100-1200;;KRE;Voice of Korea;M;FE;u;1;;[0822]
9445;1200-1300;;KRE;Voice of Korea;K;FE;u;8;;
9445;2100-2200;;KRE;Voice of Korea;M;FE;u;1;;
9445;2200-2300;;KRE;Voice of Korea;M;FE;u;1;;
9445;2300-2350;;KRE;Voice of Korea KCBS;K;FE;u;1;;[0323]
9448;1400-1410;Tu,Fr;POL;S11a Polish Spy Numbers;R;;p;1;0105;3108
9450;0200-0300;;CHN;China Radio Int.;UR;SAs;ka;0;;
9450;0300-0400;;CHN;China Radio Int.;M;SAs;ka;0;;
9450;1300-1400;;CHN;China Radio Int.;HI;SAs;ka;0;;
9455;2300-2400;irr;ARG;R.Argentina al Exterior;P;CAm;/USA-o;1;;[0726]
9455;1500-1600;;CHN;China Radio Int.;M;SEA;k;0;;
9455;1330-1400;;CLA;Furusato no Kaze;J;KRE;/TWN-p;5;;[0726]
9455;1300-1330;;CLA;Nippon no Kaze;K;KRE;/TWN-p;5;;[0426]
9455;2300-0400;;USA;WRMI Radio Miami Int.;E;CAm;o;1;;
9460;0000-0100;;CHN;China Radio Int.;HK;INS;k;0;;
9460;0100-0200;;CHN;China Radio Int.;AM;INS;k;0;;
9460;0900-1100;;CHN;China Radio Int.;M;SEA;n;0;;
9460;1200-1300;;CHN;China Radio Int.;E;SAs;ka;0;;
9460;2300-2400;;CHN;China Radio Int.;CA;SEA;k;0;;
9460;1100-1200;;CHN;CNR1 Jammer/Firedrake;M;FE;;0;;
9460;2130-2145;14Jun;G;BBC;E;ATA;w;6;1406;1406
9460;2130-2200;21Jun;G;BBC;E;ATA;w;6;1406;2106
9460;1600-2100;;TUR;Voice of Turkey;TU;Eu;e;0;;
9460;1100-1200;;USA;Voice of America;M;FE;/PHL-t;0;;
9463;0930-0940;We;RUS;E06 Russian Spy Numbers;E;RUS;or;1;0112;3101
9463;0930-0940;Su;RUS;E06 Russian Spy Numbers;E;RUS;or;1;0112;3112
9465;1300-1400;;ALS;KNLS New Life Station;K;FE;ap;0;;
9465;1400-1500;;ALS;KNLS New Life Station;M;FE;ap;6;2903;2104
9465;0200-0300;;TUR;Voice of Turkey;UI;FE;e;0;;
9470;2025-2400;;CHN;China National Radio 1;M;CHN;b;4;;
9470;0000-0100;;CHN;China Radio Int.;MO;MNG;x;0;;
9470;1700-1800;;CHN;China Radio Int.;R;CAs;x;0;;
9470;2300-2400;;CHN;China Radio Int.;MO;MNG;x;0;;
9470;0330-0350;;CHN;PBS Xinjiang;KZ;CHN;uc;4;;
9470;0350-0800;;CHN;PBS Xinjiang;KZ;CHN;uc;1;;[0226]
9470;0800-1100;We-Mo;CHN;PBS Xinjiang;KZ;CHN;uc;1;;[0822]
9470;1100-1155;;CHN;PBS Xinjiang;KZ;CHN;uc;1;;[0221]
9470;1400-1428;246;KOR;New Korea Hope Bcing;K;KRE;/TWN;1;0404;[0526]
9470;1400-1428;357;USA;RBS V.o.Korean Revival;K;KRE;/TWN-s;1;0404;[0626]
9470;1800-1900;;EGY;Radio Cairo;I;Eu;a;0;;
9470;1500-1600;;USA;Voice of America;M;FE;/PHL-t;6;0407;0407
9475;2000-2400;;USA;WTWW Lebanon, TN;E;NAm;L;1;;[0525]
9480;0000-0100;;CHN;China National Radio 11;TB;CHN;d;4;;
9480;1100-1300;;CHN;China National Radio 11;TB;CHN;d;1;;[0526]
9480;1300-1605;;CHN;China National Radio 11;TB;CHN;d;1;;[0426]
9480;2155-2300;;CHN;China National Radio 11;M;CHN;d;1;;[0325]
9480;2300-2400;;CHN;China National Radio 11;TB;CHN;d;1;;[0626]
9480;1800-2000;;CHN;China Radio Int.;F;Eu;x;0;;
9480;2000-2100;;J;NHK Radio Japan;J;Oc;y;0;;
9490;1730-1745;;CAN;Bible Voice;A;ME;/BUL-s;0;;
9490;1745-1750;Mo,We;CAN;Bible Voice;A;ME;/BUL-s;0;;
9490;1030-1130;;CHN;China Radio Int.;KH;SEA;k;0;;
9490;1300-1400;;CHN;China Radio Int.;BE;SAs;k;0;;
9490;1400-1500;;CHN;China Radio Int.;BE;SAs;k;0;;
9490;1500-1600;;CHN;China Radio Int.;BE;SAs;k;0;;
9490;2200-2300;;CHN;China Radio Int.;M;SAf;b;0;;
9490;2330-0030;;CHN;China Radio Int.;SI;CLN;k;0;;
9490;0000-0100;;CHN;CNR1 Jammer/Firedrake;M;FE;;1;;
9490;0200-0700;;CHN;Xizang RTV;TB;CHN;t;1;;[0521]
9490;0700-0800;We-Mo;CHN;Xizang RTV;E;CHN;t;1;;[0123]
9490;0800-1000;We-Mo;CHN;Xizang RTV;TB;CHN;t;1;;[0820]
9490;0100-0300;;CLA;Radio Republica;S;CUB;/F-i;1;;[0726]
9490;0300-0400;Mo;CLA;Radio Republica;S;CUB;/F-i;1;;[0726]
9490;1830-2130;Th;G;BBC;HA;NIG;/ASC;6;1106;1606
9490;1200-1300;;ROU;Radio Romania Int.;RO;CEu;s;0;;
9490;0000-0100;;TWN;Radio Taiwan Int.;M;FE;s;1;;
9490;1100-1200;;TWN;Radio Taiwan Int.;R;Sib;s;1;;[0426]
9500;0300-0700;;ALG;Ifrikya FM;A;CAf;b;0;;
9500;0600-0900;We-Mo;CHN;China National Radio 1;M;CHN;s;1;;[1122]
9500;0900-1805;;CHN;China National Radio 1;M;CHN;s;1;;[0326]
9500;2023-0600;;CHN;China National Radio 1;M;CHN;s;1;;[0324]
9500;1100-1300;;CHN;China Radio Int.;E;SAs;ka;0;;
9500;1300-1400;;CHN;China Radio Int.;E;SAs;ka;0;;
9500;1530-1600;Sa;EQA;HCJB Voice of Andes;R;Cau;/D-n;4;;[0225]
9500;1600-1630;Sa;EQA;HCJB Voice of Andes;CHE;Cau;/D-n;4;;[0125]
9500;0400-0500;;ROU;Radio Romania Int.;RO;WEu;g;0;;
9500;1800-1900;;ROU;Radio Romania Int.;RO;WEu;g;0;;
9500;1900-2000;;ROU;Radio Romania Int.;RO;WEu;g;0;;
9500;1630-1645;SaSu;SWZ;Trans World Radio;KAM;ETH;;5;;
9500;1630-1715;Mo-Fr;SWZ;Trans World Radio;AH;ETH;;5;;[0726]
9500;1645-1730;Su;SWZ;Trans World Radio;OO;ETH;;5;;
9500;1715-1800;Mo-Fr;SWZ;Trans World Radio;OO;ETH;;5;;
9500;1802-1832;Su;SWZ;Trans World Radio;E;EAf;;1;;[1025]
9510;0100-0130;;CHN;CRI DIGITAL;M;Oc;k;0;;
9510;0230-0300;;CHN;CRI DIGITAL;M;Oc;k;0;;
9510;0500-1030;;CHN;PBS Xinjiang;MO;CHN;uc;1;;[0423]
9510;2130-2145;14Jun;G;BBC;E;ATA;/ASC;6;1406;1406
9510;2130-2200;21Jun;G;BBC;E;ATA;/ASC;6;1406;2106
9510;0800-0900;Sa;I;IRRS Milano;E;Eu;/ROU-s;2;;[1125]
9510;0930-1200;Su;I;IRRS Milano;E;Eu;/ROU-s;2;;[0626]
9510;0430-0500;;ROU;Radio Romania Int.;R;EEu;t;0;;
9515;1900-1930;;CHN;China Radio Int.;CZ;WEu;s;0;;
9515;0900-1605;;CHN;CNR 2 China Business R.;M;CHN;B;1;;[0423]
9515;2055-2400;;CHN;CNR 2 China Business R.;M;CHN;B;1;;[0324]
9515;1500-1700;;KOR;KBS World Radio;E;Eu;k;1;;[0226]
9515;1700-1800;;KOR;KBS World Radio;K;Eu;k;1;;[0626]
9520;0600-0950;We-Mo;CHN;PBS Nei Menggu;M;CHN;hh;1;;[1222]
9520;0950-1605;;CHN;PBS Nei Menggu;M;CHN;hh;1;;[0325]
9520;2150-0600;;CHN;PBS Nei Menggu;M;CHN;hh;1;;[0626]
9520;1400-1430;;ROU;Radio Romania Int.;I;I;s;0;;
9520;1500-1530;;ROU;Radio Romania Int.;UK;UKR;;6;0408;0408
9520;1600-1630;;ROU;Radio Romania Int.;I;I;;6;0408;0408
9520;1730-1800;;ROU;Radio Romania Int.;SR;UKR;;6;0408;0408
9525;1900-2000;;CHN;China Radio Int.;R;EEu;b;0;;
9525;2000-2100;;CHN;China Radio Int.;R;EEu;b;0;;
9525;2000-0400;;CLA;Iran International TV;FS;IRN;/BUL-s;6;2903;2605[0426]
9525;1600-1630;;G;BBC;DR;AFG;/OMA-a;0;;
9525;1630-1700;Mo-Fr;G;BBC;PS;AFG;/OMA-a;0;;
9525;1630-1700;SaSu;G;BBC;DR;AFG;/OMA-a;0;;
9525;1700-1800;;G;BBC;DR;AFG;/OMA-a;0;;
9525;1800-1900;;G;BBC;PS;AFG;/OMA-a;0;;
9525;1300-1400;;TWN;Radio Taiwan Int.;T;SEA;p;1;;[0526]
9530;0000-0600;;CHN;China National Radio 11;TB;CHN;as;1;;[0423]
9530;0600-0700;Th-Tu;CHN;China National Radio 11;TB;CHN;as;1;;
9530;0700-0800;Th-Tu;CHN;China National Radio 11;M;CHN;as;1;;
9530;0800-0900;Th-Tu;CHN;China National Radio 11;TB;CHN;as;1;;
9530;0900-1030;;CHN;China National Radio 11;TB;CHN;as;4;;[1121]
9530;0900-1100;;CHN;China National Radio 11;TB;CHN;as;5;;
9530;1100-1300;;CHN;China National Radio 11;TB;CHN;as;5;;
9530;1000-1600;Su;G;Radio Nova Int,;E;WEu;/LUX-j;1;0504;[0426]
9530;0000-0100;;TWN;Sound of Hope;M;FE;;1;;
9530;0100-0200;;TWN;Sound of Hope;M;FE;;1;;
9530;0200-1200;;TWN;Sound of Hope;M;FE;;1;;[0822]
9530;1200-1300;;TWN;Sound of Hope;M;FE;;1;;
9530;1300-1400;;TWN;Sound of Hope;M;FE;;1;;
9530;1400-1500;;TWN;Sound of Hope;M;FE;;1;;
9530;2200-2300;;TWN;Sound of Hope;M;FE;;1;;
9530;2300-2400;;TWN;Sound of Hope;M;FE;;1;;
9535;0100-0200;;CHN;China Radio Int.;E;SAs;ka;0;;
9535;1330-1430;;CHN;China Radio Int.;IN;INS;k;0;;
9535;1500-1600;;CHN;China Radio Int.;UR;SAs;ka;0;;
9535;1600-1800;;CHN;China Radio Int.;D;Eu;a;0;;
9535;1900-2000;;CHN;China Radio Int.;P;SAf;a;0;;
9535;2100-2400;;CHN;CNR1 Jammer/Firedrake;M;FE;;6;0405;2510
9535;2100-2400;;USA;Voice of America;M;FE;/PHL-t;6;0405;2510
9540;1100-1200;;CHN;China Radio Int.;CA;Oc;b;0;;
9540;1200-1400;;CHN;China Radio Int.;M;SAs;k;0;;
9540;1500-1530;;CHN;CNR1 Jammer/Firedrake;M;FE;j;1;;
9540;0200-0230;;PHL;FEBC Manila;UR;SAs;/UAE;0;;[0726]
9540;0230-0300;Fr;PHL;FEBC Manila;UR;SAs;/UAE;0;;
9540;1430-1500;We-Fr;PHL;FEBC Manila;HI;SAs;/UZB;1;;
9540.1;1600-1615;;S;IBRA Radio;AH;EAf;/UAE;1;;
9540.1;1615-1630;Th-Su;S;IBRA Radio Ibrahim;AH;EAf;/UAE;1;;[1124]
9540.1;1615-1630;Mo-We;S;IBRA Radio Ibrahim;GUR;EAf;/UAE;1;;
9540.1;1630-1700;;S;IBRA Radio Ibrahim;AH;EAf;/UAE;1;;[0724]
9540.1;1700-1730;;S;IBRA Radio;OO;EAf;/UAE;1;;
9540.1;1730-1800;;S;IBRA Radio;TIG;EAf;/UAE;1;;[1123]
9540.1;1800-1830;;S;IBRA Radio;TIG;EAf;/UAE;1;;
9540;0500-0600;;TCD;Radio Ndarason Int.;KNU;WAf;/G-w;0;;
9540;1400-1500;;TUR;Voice of Turkey;A;ME;e;0;;
9540;1500-1530;;TWN;Radio Taiwan Int.;CA;CHN;p;1;;[1023]
9540;1530-1600;;TWN;Radio Taiwan Int.;HK;CHN;p;1;;
9540;0000-0100;;TWN;Sound of Hope;M;FE;;1;;
9540;0100-0200;;TWN;Sound of Hope;M;FE;;1;;
9540;0200-1200;;TWN;Sound of Hope;M;FE;;1;;[1023]
9540;1200-1300;;TWN;Sound of Hope;M;FE;;1;;
9540;1300-1400;;TWN;Sound of Hope;M;FE;;1;;
9540;1400-1500;;TWN;Sound of Hope;M;FE;;1;;
9540;1500-1600;;TWN;Sound of Hope;M;FE;;1;;
9540;1600-1700;;TWN;Sound of Hope;M;FE;;1;;
9540;1700-2000;;TWN;Sound of Hope;M;FE;;1;;[0623]
9540;2000-2100;;TWN;Sound of Hope;M;FE;;1;;
9540;2100-2130;;TWN;Sound of Hope;M;FE;;1;;
9540;2300-2400;;TWN;Sound of Hope;M;FE;;1;;
9545;0900-1000;;ALS;KNLS New Life Station;R;FE;ap;0;;
9545;2200-0550;;SLM;Solomon Islands B.C.;E;SLM;;8;;[0322]
9545;1745-1755;20Jun;TWN;Radio Taiwan Int.;D;Eu;s;6;1406;2106
9545;1745-1755;21Jun;TWN;Radio Taiwan Int.;F;Eu;s;6;1406;2106
9550;0000-0100;;CHN;China Radio Int.;HK;INS;k;0;;
9550;0100-0200;;CHN;China Radio Int.;AM;SEA;k;0;;
9550;1100-1200;;CHN;China Radio Int.;VN;SEA;b;0;;
9550;1200-1300;;CHN;China Radio Int.;VN;SEA;b;0;;
9550;1300-1400;;CHN;China Radio Int.;VN;SEA;b;0;;
9550;1400-1500;;CHN;China Radio Int.;VN;SEA;b;0;;
9550;1500-1600;;CHN;China Radio Int.;VN;SEA;b;0;;
9550;1600-1700;;CHN;China Radio Int.;VN;SEA;b;0;;
9550;0330-0430;;G;BBC;FS;IRN;/OMA-a;6;2903;0608
9550;0100-0200;;ROU;Radio Romania Int.;F;ENA;t;0;;
9550;1800-1900;;USA;Adventist World Radio;K;FE;/GUM-a;0;;
9555;1000-1300;;CHN;CNR1 Jammer/Firedrake;M;FE;qq;1;;[0426]
9555;1000-1100;;TWN;Radio Taiwan Int.;M;FE;s;1;;
9555;1100-1200;;TWN;Radio Taiwan Int.;M;FE;s;1;;[0426]
9555;1200-1300;;TWN;Radio Taiwan Int.;M;FE;s;1;;[0125]
9560;0100-0200;;CHN;China Radio Int.;M;SAs;ka;0;;
9560;1500-1600;;CHN;China Radio Int.;M;SAs;ka;0;;
9560;1800-1900;;CHN;China Radio Int.;R;CAs;b;0;;
9560;1900-1930;;CHN;China Radio Int.;HU;Eu;u;0;;
9560;0300-0800;;CHN;PBS Xinjiang;UI;CHN;uc;1;;[0925]
9560;0800-1100;We-Mo;CHN;PBS Xinjiang;UI;CHN;uc;1;;[1122]
9560;1100-1200;;CHN;PBS Xinjiang;UI;CHN;uc;1;;[0221]
9560;1430-1500;;CLA;Furusato no Kaze;J;KRE;/TWN-p;4;;[0326]
9560;1400-1420;;J;NHK Radio Japan;M;FE;y;0;;
9570;2055-0030;;CHN;China National Radio 1;M;CHN;n;1;;[0324]
9570;1100-1200;;CHN;China Radio Int.;CA;Oc;k;0;;
9570;1200-1250;;CHN;China Radio Int.;CA;ENA;/CUB;0;;
9570;1500-1530;;CHN;China Radio Int.;FS;IRN;u;0;;
9570;1530-1600;;CHN;China Radio Int.;PS;AFG;u;0;;
9570;1600-1700;;CHN;China Radio Int.;E;SAf;b;0;;
9570;1700-1800;;CHN;China Radio Int.;E;SAf;b;0;;
9570;0100-0600;;CHN;CNR 2 China Business R.;M;CHN;q;5;;[0621]
9570;0300-0600;;CHN;CNR 2 China Business R.;M;CHN;q;4;;
9570;0600-0900;Th-Tu;CHN;CNR 2 China Business R.;M;CHN;q;1;;
9570;0900-1000;;CHN;CNR 2 China Business R.;M;CHN;q;1;;[0820]
9570;1000-1100;;CHN;CNR 2 China Business R.;M;CHN;q;5;;[0925]
9570;0800-0900;;KOR;KBS World Radio;K;SEA;k;1;;
9570;0900-1000;;KOR;KBS World Radio;K;SEA;k;1;;
9570;1000-1100;;KOR;KBS World Radio;E;SAm;k;4;;[0925]
9570;1200-1300;;KOR;KBS World Radio;IN;SEA;k;1;;
9570;1300-1400;;KOR;KBS World Radio;E;SEA;k;1;;[0626]
9570;1400-1500;;KOR;KBS World Radio;IN;SEA;k;1;;
9570;1800-1900;;ROU;Radio Romania DIGITAL;D;CEu;t;0;;
9575;1900-2000;;CHN;China Radio Int.;CA;Eu;b;0;;
9575;2000-2030;;ROU;Radio Romania Int.;F;WEu;g;0;;
9580;1000-1100;;ALS;KNLS New Life Station;E;FE;ap;0;;
9580;1100-1200;;ALS;KNLS New Life Station;R;FE;ap;0;;
9580;1400-1500;;ALS;KNLS New Life Station;E;FE;ap;0;;
9580;1600-1700;;ALS;KNLS New Life Station;R;FE;ap;0;;
9580;1700-1800;;ALS;KNLS New Life Station;R;FE;ap;0;;
9580;0100-0200;;CHN;China Radio Int.;E;ENA;/CUB;0;;
9580;0200-0300;;CHN;China Radio Int.;M;ENA;/CUB;0;;
9580;0200-0700;;CHN;Xizang RTV;TB;CHN;t;1;;[1225]
9580;0700-0800;We-Mo;CHN;Xizang RTV;E;CHN;t;1;;[0123]
9580;0800-0930;We-Mo;CHN;Xizang RTV;TB;CHN;t;1;;[0820]
9580;2200-2230;;CVA;Radio Vaticana;M;FE;;0;;
9580;2315-2350;;CVA;Radio Vaticana;VN;SEA;;0;;
9585;1645-1715;Fr;CAN;Bible Voice;E;ME;/BUL-s;0;;
9585;1645-1800;Sa;CAN;Bible Voice;E;ME;/BUL-s;0;;
9585;1700-1730;Mo;CAN;Bible Voice;E;ME;/BUL-s;0;;
9585;1700-1815;Su;CAN;Bible Voice;E;ME;/BUL-s;0;;
9585;1500-1600;;CHN;China Radio Int.;J;FE;x;0;;
9585;2000-2030;;CHN;China Radio Int.;SR;SEE;ka;0;;
9585;2030-2100;;CHN;China Radio Int.;HU;Eu;ka;0;;
9585;1420-1435;Sa;SWZ;Trans World Radio;MKU;MOZ;;1;;[1024]
9585;1428-1443;Mo-Fr;SWZ;Trans World Radio;LO;MOZ;;1;;[0623]
9585;1455-1525;Mo-Fr;SWZ;Trans World Radio;MSY;MDG;;1;;[0626]
9585;1830-1900;Su;USA;Follow the Bible Min.;A;ME;/CVA;5;;[0824]
9585;1830-1900;Su;USA;Follow the Bible Min.;A;ME;/G-w;4;;[0126]
9585;1900-1930;Su;USA;Follow the Bible Min.;E;SAf;/ASC;5;;[0724]
9590;1100-1200;;CHN;China Radio Int.;CA;SEA;k;0;;
9590;2200-2300;;CHN;China Radio Int.;E;FE;b;0;;
9590;0000-0200;Su-We;G;BBC;E;SAs;/UZB;6;0904;1504
9590;0000-0200;;G;BBC;E;SAs;/UZB;6;1604;2510
9590;0530-0630;;MYA;Thazin Radio;POR;SEA;p;1;;[1124]
9590;0630-0730;;MYA;Thazin Radio;KYH;SEA;p;1;;[0418]
9590;0730-0830;;MYA;Thazin Radio;SHA;SEA;p;1;;[0221]
9590;0830-0930;;MYA;Thazin Radio;;SEA;p;1;;[0924]
9595;0900-1100;;CHN;CNR1 Jammer/Firedrake;M;CHN;k;1;;
9595;0900-1000;;TWN;Radio Taiwan Int.;M;FE;p;1;;[0424]
9595;1000-1100;;TWN;Radio Taiwan Int.;M;FE;p;1;;
9600;1200-1300;;CHN;China Radio Int.;E;SEA;k;0;;
9600;1300-1400;;CHN;China Radio Int.;BE;SAs;a;0;;
9600;1500-1530;;CHN;China Radio Int.;FS;IRN;ka;0;;
9600;1800-1900;;CHN;China Radio Int.;E;Eu;b;0;;
9600;2000-2100;;CHN;China Radio Int.;E;Eu;ka;0;;
9600;2100-2200;;CHN;China Radio Int.;E;Eu;ka;0;;
9600;0000-0030;SaSu;CHN;CNR1 Jammer/Firedrake;M;FE;;0;;
9600;0100-0130;Mo-Fr;CHN;CNR1 Jammer/Firedrake;M;FE;;0;;
9600;0300-0800;;CHN;PBS Xinjiang;M;CHN;uc;1;;[0925]
9600;0800-1100;We-Mo;CHN;PBS Xinjiang;M;CHN;uc;1;;[1224]
9600;1100-1200;;CHN;PBS Xinjiang;M;CHN;uc;1;;[1025]
9600;1200-1400;;CHN;PBS Xinjiang;M;CHN;uc;5;;
9600;0100-0130;Mo-Fr;USA;Radio Free Asia;TB;FE;/KWT;0;;
9600;0000-0030;SaSu;USA;Voice of America;TB;FE;/KWT;0;;
9605;1600-1700;;CHN;China Radio Int.;R;EEu;b;0;;
9605;1700-1800;;CHN;China Radio Int.;R;EEu;s;0;;
9610;0100-0200;;CHN;China National Radio 8;M;CHN;B;1;;[1125]
9610;0200-0500;;CHN;China National Radio 8;MO;CHN;B;1;;[1225]
9610;0500-0600;;CHN;China National Radio 8;M;CHN;B;1;;
9610;2055-0100;;CHN;China National Radio 8;MO;CHN;B;1;;[0426]
9610;0000-0100;;CHN;China Radio Int.;HK;SEA;k;0;;
9610;0100-0200;;CHN;China Radio Int.;AM;SEA;k;0;;
9610;1100-1200;;CHN;China Radio Int.;M;Oc;k;0;;
9610;1500-1600;;CHN;China Radio Int.;BE;SAs;k;0;;
9610;1000-1100;;CHN;CNR1 Jammer/Firedrake;M;FE;f;1;;
9610;1700-1730;135;CLA;V.o.Oromo Liberation;OO;EAf;/D-n;4;;[0224]
9610;1700-1730;135;ETH;Noise Jammer;;EAf;;4;;[0122]
9610;0745-0755;Mo;POL;E11 Polish Spy Numbers;E;;p;1;0105;3108[0822]
9610;1910-1920;Fr,Su;POL;E11 Polish Spy Numbers;E;;p;1;0105;3108[0525]
9610;1000-1100;;TWN;Radio Taiwan Int.;M;FE;s;1;;
9610;1200-1230;Su-Th;USA;Adventist World Radio;AM;FE;/GUM-a;0;;
9610;1200-1230;Fr-Sa;USA;Adventist World Radio;M;FE;/GUM-a;0;;
9610;1230-1300;Sa-Th;USA;Adventist World Radio;CA;FE;/GUM-a;0;;
9610;1230-1300;Fr;USA;Adventist World Radio;M;FE;/GUM-a;0;;
9615;1400-1500;;ALS;KNLS New Life Station;M;FE;ap;6;2204;2510
9620;0000-0600;;CHN;CNR 2 China Business R.;M;CHN;B;5;;[0621]
9620;0100-0600;;CHN;CNR 2 China Business R.;M;CHN;B;4;;
9620;0600-0900;Th-Tu;CHN;CNR 2 China Business R.;M;CHN;B;1;;[0222]
9620;0900-1300;;CHN;CNR 2 China Business R.;M;CHN;B;1;;[0423]
9620;1300-1605;;CHN;CNR 2 China Business R.;M;CHN;B;4;;
9620;2300-2400;;CHN;CNR 2 China Business R.;M;CHN;B;5;;
9620;1600-1730;;IND;AIR Akashvani Ext.Sce;FS;IRN;b;1;;
9620;1635-1650;irr;IND;AIR Akashvani Ext.Sce;E;IRN;b;1;;
9620;1730-1930;;IND;AIR Akashvani Ext.Sce;A;ME;b;1;;[0726]
9620;1820-1835;irr;IND;AIR Akashvani Ext.Sce;E;ME;b;1;;
9620;1930-2030;;IND;AIR Akashvani Ext.Sce;F;Eu;b;1;;
9620;2000-2015;irr;IND;AIR Akashvani Ext.Sce;E;Eu;b;1;;
9625;2200-2300;;CHN;CNR1 Jammer/Firedrake;M;FE;;6;2903;2604
9625;2200-2300;;USA;Voice of America;M;FE;/PHL-t;6;2903;2604
9630;0000-0600;;CHN;China National Radio 1;M;CHN;q;5;;[0725]
9630;0100-0600;;CHN;China National Radio 1;M;CHN;q;4;;[1125]
9630;0600-0900;We-Mo;CHN;China National Radio 1;M;CHN;q;1;;
9630;0900-1100;;CHN;China National Radio 1;M;CHN;q;5;;[0820]
9630;0900-1200;;CHN;China National Radio 1;M;CHN;q;4;;
9630;1200-1500;;CHN;China National Radio 17;KZ;CHN;L;1;;[0126]
9630;1500-1600;;CHN;China National Radio 17;M;CHN;L;1;;
9630;1600-1805;;CHN;China National Radio 17;KZ;CHN;L;1;;[0825]
9630;1400-1600;;KOR;KBS World Radio;E;SAs;k;4;;[0326]
9635;1815-1830;Su;CAN;Bible Voice;E;ME;/D-n;0;;
9635;2130-1600;;CHN;CNR1 Jammer/Firedrake;M;FE;;1;;[0222]
9635;0800-1800;;MLI;Radio Mali;BM;WAf;k;1;;[0526]
9635;0000-0100;;TWN;Sound of Hope;M;FE;;1;;
9635;0100-0200;;TWN;Sound of Hope;M;FE;;1;;
9635;0200-1200;;TWN;Sound of Hope;M;FE;;1;;
9635;1200-1300;;TWN;Sound of Hope;M;FE;;1;;[0222]
9635;1300-1400;;TWN;Sound of Hope;M;FE;;1;;
9635;1400-1500;;TWN;Sound of Hope;M;FE;;1;;
9635;1500-1600;;TWN;Sound of Hope;M;FE;;1;;
9635;2130-2200;;TWN;Sound of Hope;M;FE;;1;;[0521]
9635;2200-2300;;TWN;Sound of Hope;M;FE;;1;;
9635;2300-2400;;TWN;Sound of Hope;M;FE;;1;;
9635;1030-1530;;VTN;Voice of Vietnam 1;VN;Oc;s;1;;[0726]
9635;2200-1030;;VTN;Voice of Vietnam 1;VN;Oc;s;1;;[1125]
9640;2100-2300;;CHN;China Radio Int.;S;SEu;ka;0;;
9640;1530-1600;;KOR;KBS World Radio;VN;SEA;k;1;;[0525]
9640;1600-1700;;KOR;KBS World Radio;E;SEA;k;1;;[0126]
9645;0100-0600;;CHN;China National Radio 1;M;CHN;b;4;;
9645;0600-0800;We-Mo;CHN;China National Radio 1;M;CHN;b;4;;[0222]
9645;0600-0900;We-Mo;CHN;China National Radio 1;M;CHN;b;5;;
9645;0900-1100;;CHN;China National Radio 1;M;CHN;b;5;;
9645;2330-0600;;CHN;China National Radio 1;M;CHN;b;5;;
9645;1100-1200;;CHN;China Radio Int.;CA;SEA;b;0;;
9645;1200-1300;;CHN;China Radio Int.;E;SEA;b;0;;
9645;1830-2030;;CHN;China Radio Int.;F;WAf;k;0;;
9645;1300-1400;;KOR;KBS World Radio;R;Sib;k;1;;
9650;2300-2400;;CUB;Radio Habana Cuba;S;Car;b;5;;[0725]
9650;1300-1400;Su;F;Radio France Int.;VN;SEA;/TWN-p;1;;[0226]
9650;0700-0900;;KRE;Voice of Korea;J;J;u;1;;[0226]
9650;0900-1300;;KRE;Voice of Korea;J;J;u;1;;[0726]
9650;2100-2400;;KRE;Voice of Korea;J;J;u;1;;[0724]
9650;0600-0630;;ROU;Radio Romania Int.;D;CEu;t;0;;
9655;0100-0200;;CHN;China Radio Int.;M;SEA;n;0;;
9655;0200-0300;;CHN;China Radio Int.;BE;SAs;k;0;;
9655;1400-1500;;CHN;China Radio Int.;AM;SEA;k;0;;
9655;1900-2000;;CHN;China Radio Int.;TU;ME;k;0;;
9655;0800-1200;;CHN;CNR1 DIGITAL;M;CHN;u;0;;
9655;2200-0100;;CHN;CNR1 DIGITAL;M;CHN;u;0;;[0626]
9655;2000-2100;;KOR;KBS World Radio;F;WAf;/ASC;0;;
9655.1;0330-0345;Su-Mo;SWZ;Trans World Radio;AH;ETH;/UAE;1;;[0726]
9655.1;0330-0345;Tu;SWZ;Trans World Radio;OO;ETH;/UAE;1;;
9655.1;0330-0345;Th;SWZ;Trans World Radio;SID;ETH;/UAE;1;;
9655;0800-0830;;TUR;Voice of Turkey;GE;Cau;e;0;;
9660;1000-1600;;CHN;CNR1 Jammer/Firedrake;M;FE;k;1;;[0626]
9660;1000-1100;;TWN;Radio Taiwan Int.;M;FE;k;1;;
9660;1100-1200;;TWN;Radio Taiwan Int.;M;FE;k;1;;[0426]
9660;1200-1300;;TWN;Radio Taiwan Int.;M;FE;k;1;;[0125]
9660;1300-1400;;TWN;Radio Taiwan Int.;M;FE;k;1;;
9660;1400-1500;;TWN;Radio Taiwan Int.;M;FE;k;1;;
9660;1500-1600;;TWN;Radio Taiwan Int.;M;FE;k;1;;
9665.1;0000-2400;;B;Rádio Voz Missionária;P;B;fp;8;;[0126]
9665;1500-1530;;CHN;China Radio Int.;PS;AFG;ka;0;;
9665;1530-1600;;CHN;China Radio Int.;PS;AFG;ka;0;;
9665;1000-1705;;CHN;CNR5 Cross-Strait Radio;M;TWN;B;5;;
9665;2055-2300;;CHN;CNR5 Cross-Strait Radio;M;TWN;B;1;;
9665;2300-2400;;CHN;CNR5 Cross-Strait Radio;M;TWN;B;1;;
9670;1800-1830;;CHN;China Radio Int.;FS;IRN;b;0;;
9670;1830-1900;;CHN;China Radio Int.;FS;IRN;b;0;;
9670;1230-1300;;CLA;Radio Dáp Lòi Sông Núi;VN;SEA;/TWN-p;1;;[0526]
9670;0000-2400;;D;Channel 292;D,E;Eu;r;1;;[0526]
9670;0900-1000;Su;D;Radio DARC;D;Eu;r;2;2704;[0626]
9670;0800-0900;;D;SM Radio Dessau;D;Eu;/G-w;6;0105;0105
9675;0600-0900;We-Mo;CHN;China National Radio 1;M;CHN;b;1;;[1225]
9675;0900-1000;;CHN;China National Radio 1;M;CHN;b;1;;
9675;2300-0600;;CHN;China National Radio 1;M;CHN;b;1;;[0126]
9675;1300-1400;;CHN;China Radio Int.;R;FE;s;0;;
9675;1400-1500;;CHN;China Radio Int.;R;FE;s;0;;
9675;1500-1600;;CHN;China Radio Int.;E;SAs;j;0;;
9675;2200-2300;;CHN;China Radio Int.;M;FE;b;0;;
9680;1100-1400;;CHN;CNR1 Jammer/Firedrake;M;FE;a;1;;[0626]
9680;1100-1200;;TWN;Radio Taiwan Int.;M;FE;s;1;;[0822]
9680;1200-1300;;TWN;Radio Taiwan Int.;M;FE;s;1;;
9680;1300-1400;;TWN;Radio Taiwan Int.;M;FE;s;1;;
9680;1900-2000;Su;TWN;Radio Taiwan Int.;F;WAf;/F-i;4;;
9680;1630-1730;;USA;Adventist World Radio;K;FE;/GUM-a;0;;
9680;1830-1930;;USA;Adventist World Radio;K;FE;/GUM-a;0;;
9685;1000-1100;;ALS;KNLS New Life Station;M;FE;ap;0;;
9685;1300-1400;;CHN;China Radio Int.;VN;SEA;x;0;;
9685;1730-1830;;CHN;China Radio Int.;M;Eu;u;0;;
9685;2200-2300;;CHN;China Radio Int.;P;SAm;ka;0;;
9685;0000-0600;;CHN;CNR5 Cross-Strait Radio;M;TWN;B;1;;
9685;0600-0900;Th-Tu;CHN;CNR5 Cross-Strait Radio;M;TWN;B;1;;
9685;0900-1000;;CHN;CNR5 Cross-Strait Radio;M;TWN;B;1;;[1025]
9685;1430-1500;;CLA;Furusato no Kaze;J;KRE;/TWN-p;5;;[0626]
9685;1500-1530;;CLA;Nippon no Kaze;K;KRE;/TWN-p;1;;[0726]
9690;1500-1600;;CHN;China Radio Int.;TAM;SAs;ka;0;;
9690;0000-0300;Tu-Sa;E;Radio Exterior España;S;NAm;n;4;;
9690;1500-2300;SaSu;E;Radio Exterior España;S;NAm;n;4;;
9690;1900-2100;Mo-Fr;E;Radio Exterior España;S;NAm;n;4;;
9690;2100-2130;Tu-Th;E;Radio Exterior España;S;NAm;n;4;;
9690;2100-2130;Mo;E;Radio Exterior España;SEF;NAm;n;4;;
9690;2100-2200;Fr;E;Radio Exterior España;A;NAm;n;4;;
9690;2130-2200;Mo;E;Radio Exterior España;M;NAm;n;4;;
9690;2130-2200;Tu-Th;E;Radio Exterior España;S;NAm;n;4;;
9690;2200-2300;Mo-Fr;E;Radio Exterior España;S;NAm;n;4;;
9690;2300-2330;Sa;E;Radio Exterior España;R;NAm;n;4;;
9690;2300-2330;157;E;Radio Exterior España;S;NAm;n;4;;
9690;2300-2400;We;E;Radio Exterior España;E;NAm;n;4;;
9690;2300-2400;Tu;E;Radio Exterior España;F;NAm;n;4;;
9690;2300-2400;Th;E;Radio Exterior España;P;NAm;n;4;;
9690;2330-2400;Fr-Mo;E;Radio Exterior España;S;NAm;n;4;;
9690;0100-0400;;INS;Voice of Indonesia;E;INS;j;1;2007;[0925]
9690;0500-0700;;INS;Voice of Indonesia;E;INS;j;1;2007;[0925]
9690;0900-1000;;INS;Voice of Indonesia;E;INS;j;1;2007;[1025]
9690;1000-1100;;INS;Voice of Indonesia;E;INS;j;1;2007;[0726]
9690;1100-1200;;INS;Voice of Indonesia;M;INS;j;1;2007;[1025]
9690;1200-1300;;INS;Voice of Indonesia;J;INS;j;1;2007;[0726]
9690;1300-1400;;INS;Voice of Indonesia;E;INS;j;1;2007;
9690;1400-1500;;INS;Voice of Indonesia;IN;INS;j;1;2007;[0726]
9690;1500-1600;;INS;Voice of Indonesia;M;INS;j;1;2007;[0726]
9690;1600-1700;;INS;Voice of Indonesia;A;INS;j;1;2007;[0925]
9690;1700-1800;;INS;Voice of Indonesia;S;INS;j;1;2007;
9690;1800-1900;;INS;Voice of Indonesia;D;INS;j;1;2007;
9690;1900-2000;;INS;Voice of Indonesia;NL;INS;j;1;2007;[0925]
9690;2000-2100;;USA;PanAmerican Broadc.;E;Oc;/F-i;1;;[0726]
9695;0800-0900;;ALS;KNLS New Life Station;E;FE;ap;0;;
9695;0100-0200;;CHN;China Radio Int.;UR;SAs;ka;0;;
9695;1730-1830;;CHN;China Radio Int.;M;ME;k;0;;
9695;1100-1200;;TWN;Radio Taiwan Int.;VN;SEA;p;1;;[0223]
9700;2200-0700;;ALG;Ifrikya FM;A;WAf;o;0;;
9700;1500-1600;;ALS;KNLS New Life Station;M;FE;ap;0;;
9700;0800-0830;Mo-Fr;AUS;ABC Wantok;TP;Oc;/NZL-r;6;0806;2510
9700;1228-1258;Mo-Fr;AUS;ABC Wantok;TP;WOc;/NZL-r;6;2903;0706
9700;0000-0100;;CHN;China Radio Int.;E;SAs;ka;0;;
9700;0659-1058;;NZL;RNZ Pacific;E;Oc;r;6;0806;2510
9700;0725-0735;Mo-Fr;NZL;RNZ Pacific;SLM;Oc;r;6;0806;2510
9700;0830-0840;Th;NZL;RNZ Pacific;F;Oc;r;6;0806;2510
9700;1059-1258;Mo-Fr;NZL;RNZ Pacific;E;WOc;r;6;2903;0706
9700;1128-1135;Mo-Fr;NZL;RNZ Pacific;SLM;WOc;r;6;2903;0706
9700;1059-1258;SaSu;NZL;RNZ Pacific;E;Oc;r;6;2903;0706
9700;1651-1858;;NZL;RNZ Pacific;E;Oc;r;6;2903;0405
9700;1710-1720;Mo-Fr;NZL;RNZ Pacific;COK;Oc;r;6;2903;0405
9700;1759-1858;;NZL;RNZ Pacific;E;Oc;r;6;0505;2510
9700;1840-1850;Su-Th;NZL;RNZ Pacific;SM;Oc;r;0;;
9700;1852-1858;Mo-Fr;NZL;RNZ Pacific;NIU;Oc;r;0;;
9700;0600-0630;;ROU;Radio Romania Int.;D;CEu;t;0;;
9705;0305-0530;;CHN;PBS Xinjiang;KG;CHN;uc;1;;[0925]
9705;1005-1230;;CHN;PBS Xinjiang;KG;CHN;uc;1;;[0221]
9705;1330-1357;;CLA;Furusato no Kaze;J;KRE;/TWN-p;1;;[0726]
9705;1430-1500;;CLA;Furusato no Kaze;J;KRE;/TWN-p;5;;[0626]
9705;1300-1330;;CLA;Nippon no Kaze;K;KRE;/TWN-p;4;;[0226]
9705;1800-1900;Fr;CLA;Radio Mellat Iran;FS;ME;/F-i;4;;[0126]
9705;1830-1930;Th;CLA;Radio Zaman-e Bidari;FS;IRN;/F-i;1;;
9705;1850-2145;4Apr;CVA;Radio Vaticana;F;WAf;;6;0104;0404
9705;1905-2045;3Apr;CVA;Radio Vaticana;F;WAf;;6;0104;0304
9705;1940-2000;;CVA;Radio Vaticana;Ros;CAf;;4;;
9705;2000-2030;;CVA;Radio Vaticana;E;CAf;;1;;
9705;2030-2100;;CVA;Radio Vaticana;F;CAf;;1;;
9705;0900-1000;Th;USA;VoRW;E;As;/TWN-p;6;2903;1406[0626]
9710;1100-1805;;CHN;China National Radio 1;M;CHN;s;1;;[0724]
9710;2023-2330;;CHN;China National Radio 1;M;CHN;s;1;;[1023]
9710;0000-0100;;CHN;China Radio Int.;P;SAm;ka;0;;
9710;0000-0100;;CUB;Radio Habana Cuba;E;ENA;;2;;[0526]
9710;0100-0200;;CUB;Radio Habana Cuba;F;ENA;;2;;[0526]
9710;0200-0300;;CUB;Radio Habana Cuba;E;ENA;;2;;[0526]
9710;0200-0300;;CUB;Radio Habana Cuba;P;ENA;;2;;[0426]
9710;0300-0400;;CUB;Radio Habana Cuba;E;ENA;;2;;[0626]
9710;0400-0430;;CUB;Radio Habana Cuba;CR;ENA;;2;;[0626]
9710;0430-0500;;CUB;Radio Habana Cuba;P;ENA;;2;;[0526]
9710;0500-0700;;CUB;Radio Habana Cuba;S;ENA;;2;;[0326]
9710;0500-0700;;CUB;Radio Habana Cuba;E;ENA;;2;;[0426]
9710;0600-0630;Su;CUB;Radio Habana Cuba;EO;ENA;;2;;[0426]
9710;1100-1300;;CUB;Radio Habana Cuba;S;Car;b;2;;
9710;1300-1400;;CUB;Radio Habana Cuba;S;Car;b;5;;[0725]
9710;1400-1500;;CUB;Radio Habana Cuba;S;Car;b;5;;[0725]
9710;2300-2400;;CUB;Radio Habana Cuba;S;Car;b;5;;[1025]
9710;0440-0500;;CVA;Radio Vaticana;UK;EEu;;5;;
9710;0500-0520;;CVA;Radio Vaticana;R;EEu;;1;;
9710;0520-0540;;CVA;Radio Vaticana;UK;EEu;;4;;
9710;0605-0700;Su;CVA;Radio Vaticana;UK;EEu;;2;;
9710;0710-0820;Su;CVA;Radio Vaticana;RO;EEu;;2;;
9710;1600-1620;;CVA;Radio Vaticana;AR;Cau;;1;;
9710;1620-1640;;CVA;Radio Vaticana;R;CAs;;1;;
9710;1640-1700;;CVA;Radio Vaticana;UK;EEu;;5;;
9710;1700-1720;;CVA;Radio Vaticana;BY;EEu;;1;;
9710;1740-1800;;CVA;Radio Vaticana;UK;UKR;;4;;
9715;1320-1420;;IRN;IRIB Voice of I.R.Iran;KU;ME;s;0;;
9715;1030-1100;;TWN;Radio Taiwan Int.;K;FE;p;1;;[0726]
9720;1830-1900;Sa;CAN;Bible Voice;S;E;/D-n;6;1104;1104
9720;1830-1900;Su;CAN;Bible Voice;S;E;/D-n;0;;
9720;2030-2100;;CHN;China Radio Int.;BU;SEE;u;0;;
9720;2200-2300;;CHN;China Radio Int.;M;SEA;k;0;;
9720;0000-0600;;CHN;CNR 2 China Business R.;M;CHN;a;1;;[0822]
9720;0600-0900;Th-Tu;CHN;CNR 2 China Business R.;M;CHN;a;1;;
9720;0900-1000;;CHN;CNR 2 China Business R.;M;CHN;a;1;;[1122]
9720;1800-1830;;CLA;Furusato no Kaze;J;KRE;/UZB;5;;[0825]
9720;1730-1800;;CLA;Nippon no Kaze;K;KRE;/UZB;5;;
9720;1630-1700;;G;BBC;FS;IRN;/OMA-a;0;;
9720;1430-1500;We-Fr;PHL;FEBC Manila;HI;SAs;/UZB;6;2903;1605
9720;1500-1545;;S;IBRA Radio;PS;AFG;/UAE;0;;
9725;1000-1100;;CHN;China Radio Int.;R;Sib;h;0;;
9725;1100-1200;;CHN;China Radio Int.;R;Sib;h;0;;
9730;0000-0100;;CHN;China National Radio 6;AM;TWN;B;4;;
9730;2155-2400;;CHN;China National Radio 6;AM;TWN;B;4;;
9730;1200-1300;;CHN;China Radio Int.;E;SEA;k;0;;
9730;1300-1400;;CHN;China Radio Int.;E;PHL;n;0;;
9730;1400-1500;;CHN;China Radio Int.;M;SAs;ka;0;;
9730;1600-1700;;CHN;China Radio Int.;R;EEu;s;0;;
9730;1900-2000;;CHN;China Radio Int.;P;SEu;ka;0;;
9730;2200-2400;;CHN;CNR1 Jammer/Firedrake;M;FE;;6;2704;0305
9730;0330-0700;;CHN;Xizang RTV;TB;CHN;t;1;;
9730;0700-0800;We-Mo;CHN;Xizang RTV;E;CHN;t;1;;
9730;0800-1000;We-Mo;CHN;Xizang RTV;TB;CHN;t;1;;[0325]
9730;1000-1100;;CHN;Xizang RTV;TB;CHN;t;1;;
9730;0300-0400;;KRE;Voice of Korea;K;FE;u;8;;
9730;0400-0500;;KRE;Voice of Korea;E;FE;u;1;;[0924]
9730;0500-0600;;KRE;Voice of Korea;M;FE;u;1;;
9730;0600-0700;;KRE;Voice of Korea;E;FE;u;1;;[1024]
9730;0130-1145;;MYA;Myanma Radio;BR;SEA;y;1;;[0626]
9730;0100-0200;;ROU;Radio Romania Int.;RO;ENA;g;0;;
9730;0000-0100;;TWN;Sound of Hope;M;FE;;1;;
9730;0100-0200;;TWN;Sound of Hope;M;FE;;1;;
9730;0200-1200;;TWN;Sound of Hope;M;FE;;1;;
9730;1200-1300;;TWN;Sound of Hope;M;FE;;1;;
9730;1300-1400;;TWN;Sound of Hope;M;FE;;1;;
9730;1400-1500;;TWN;Sound of Hope;M;FE;;1;;
9730;1500-1600;;TWN;Sound of Hope;M;FE;;1;;
9730;1600-1700;;TWN;Sound of Hope;M;FE;;1;;
9730;2100-2130;;TWN;Sound of Hope;M;FE;;1;;
9730;2130-2200;;TWN;Sound of Hope;M;FE;;1;;
9730;2200-2300;;TWN;Sound of Hope;M;FE;;1;;
9730;2300-2400;;TWN;Sound of Hope;M;FE;;1;;
9730;2200-2400;;USA;Voice of America;M;FE;/PHL-t;6;2704;0305
9730;1600-1630;;VTN;Voice of Vietnam;E;Eu;s;6;2903;3105[0425]
9730;1630-1700;;VTN;Voice of Vietnam;R;Eu;s;6;2903;3105
9730;1700-1800;;VTN;Voice of Vietnam;VN;Eu;s;6;2903;3105[0125]
9730;1800-1830;;VTN;Voice of Vietnam;S;Eu;s;6;2903;3105[0426]
9730;1830-1900;;VTN;Voice of Vietnam;D;Eu;s;6;2903;3105[0825]
9730;1900-1930;;VTN;Voice of Vietnam;E;Eu;s;6;2903;3105[0326]
9730;1930-2000;;VTN;Voice of Vietnam;F;Eu;s;6;2903;3105[0326]
9730;2000-2030;;VTN;Voice of Vietnam;D;Eu;s;6;2903;3105[0426]
9730;2030-2100;;VTN;Voice of Vietnam;F;Eu;s;6;2903;3105[0725]
9730;2100-2130;;VTN;Voice of Vietnam;S;Eu;s;6;2903;3105[0725]
9730;2130-2200;;VTN;Voice of Vietnam;E;Eu;s;6;2903;3105[0126]
9735;1200-1230;;CHN;CNR1 Jammer/Firedrake;M;FE;qq;1;;
9735;1200-1230;;TWN;Radio Taiwan Int.;CA;INS;p;1;;
9735;1230-1300;;TWN;Radio Taiwan Int.;HK;INS;p;1;;
9740;1400-1500;;CHN;China Radio Int.;SI;CLN;j;0;;
9740;0300-0430;;IND;AIR Akashvani Ext.Sce;BC;PAK;d;1;;
9740;0430-0600;;IND;AIR Akashvani Ext.Sce;DR;AFG;d;1;;
9740;1820-1920;;IRN;IRIB Voice of I.R.Iran;HA;WAf;s;0;;
9740;1600-1700;;KOR;KBS World Radio;K;ME;k;1;;
9740;1700-1800;;KOR;KBS World Radio;S;Eu;k;1;;[0825]
9740;0400-0500;;ROU;Radio Romania Int.;RO;WEu;g;0;;
9740;2030-2100;;ROU;Radio Romania Int.;E;WEu;g;0;;
9740;2200-2300;;ROU;Radio Romania Int.;E;WEu;g;0;;
9740;1100-1200;;TWN;Radio Taiwan Int.;J;J;p;1;;[0426]
9740;0900-1000;Th;USA;VoRW;E;As;/TWN-p;1;;[0626]
9745;1930-2030;;CHN;China Radio Int.;EO;Eu;ka;0;;
9745;0000-0100;;CHN;CNR 7 Greater Bay Area;CA;CHN;ka;1;;[0126]
9745;2055-2400;;CHN;CNR 7 Greater Bay Area;CA;CHN;ka;1;;[0126]
9750;0600-0950;We-Mo;CHN;PBS Nei Menggu;MO;CHN;hh;1;;[0822]
9750;0950-1605;;CHN;PBS Nei Menggu;MO;CHN;hh;1;;[0326]
9750;2150-0600;;CHN;PBS Nei Menggu;MO;CHN;hh;1;;
9750;0000-0100;Th-Sa;G;BBC;E;SAs;/UZB;6;0904;1604
9750;0000-0200;;G;BBC;E;SAs;/UZB;6;2903;0804
9750;0100-0200;Fr-Su;G;BBC;E;SAs;/UZB;6;0904;1604
9750;1000-1350;;J;NHK Radio Japan;J;FE;y;0;;
9750;1730-1800;;S;IBRA Radio;SLT;EAf;/UAE;1;;
9750;1830-1930;;TUR;Voice of Turkey;E;Eu;e;0;;
9755;1000-1605;;CHN;CNR 2 China Business R.;M;CHN;as;1;;[0423]
9755;2055-2400;;CHN;CNR 2 China Business R.;M;CHN;as;5;;
9755;2055-0200;;CHN;CNR 2 China Business R.;M;CHN;as;4;;[1220]
9755;0200-0400;;MDG;MWV La Voz Alegre;S;SAm;m;1;;[0526]
9760;1200-1300;;CHN;China Radio Int.;E;Oc;k;0;;
9760;1630-1700;;G;BBC;FS;IRN;/OMA-a;0;;
9765;0000-0100;;CHN;China Radio Int.;KH;SEA;n;0;;
9765;0200-0230;;CHN;China Radio Int.;PS;AFG;ka;0;;
9765;1300-1400;;CHN;China Radio Int.;E;CAs;a;0;;
9765;1400-1500;;CHN;China Radio Int.;E;CAs;a;0;;
9765;1800-1900;;CHN;China Radio Int.;R;EEu;s;0;;
9765;2300-2400;;CHN;China Radio Int.;KH;SEA;n;0;;
9765;1045-1215;;CHN;CNR1 Jammer/Firedrake;M;FE;;1;;
9765;0600-0630;;G;BBC;F;NAf;w;6;0708;2510
9765;2100-2300;;MDG;MWV Palavra Alegre;P;SAm;m;1;;[1125]
9765;1500-1600;;TUR;Voice of Turkey;FS;IRN;e;0;;
9770;1600-1700;;CHN;China Radio Int.;HK;SAf;u;0;;
9770;1700-1800;;CHN;China Radio Int.;CA;SAf;x;0;;
9770;0830-0930;;F;Radio for Peace Int.;FS;IRN;/UZB;6;2704;0205
9770;1930-2030;;F;Radio for Peace Int.;FS;IRN;/UZB;1;2704;[0626]
9770;0800-1030;;KOR;KBS World Radio;E;SEA;k;1;;[0925]
9770;1030-1100;;KOR;KBS World Radio;VN;SEA;k;1;;
9770;1130-1230;;KOR;KBS World Radio;M;SEA;k;1;;
9770;0400-0600;;TUR;Voice of Turkey;TU;Eu;e;0;;
9774;0600-1100;Mo-Fr;TWN;Fu Hsing Bc.Sta.;M;FE;y;1;;
9775;0900-1605;;CHN;CNR 2 China Business R.;M;CHN;B;4;;[1122]
9775;1100-1605;;CHN;CNR 2 China Business R.;M;CHN;B;5;;
9775;2055-2400;;CHN;CNR 2 China Business R.;M;CHN;B;5;;
9775;2055-0200;;CHN;CNR 2 China Business R.;M;CHN;B;4;;[1023]
9780;1130-1605;;CHN;China National Radio 1;M;CHN;n;1;;
9780;0600-0900;We-Mo;CHN;PBS Qinghai;M;CHN;xg;1;;[0822]
9780;0900-1600;;CHN;PBS Qinghai;M;CHN;xg;1;;[1024]
9780;2200-0600;;CHN;PBS Qinghai;M;CHN;xg;1;;[0425]
9780;1730-1750;Mo-Fr;G;BBC;AH;EAf;/OMA-a;0;;
9780;1750-1810;Mo-Fr;G;BBC;OO;EAf;/OMA-a;0;;
9780;1810-1830;Mo-Fr;G;BBC;TIG;EAf;/OMA-a;0;;
9780;1830-1850;Mo-Fr;G;BBC;AH;EAf;/OMA-a;0;;
9780;1850-1910;Mo-Fr;G;BBC;OO;EAf;/OMA-a;0;;
9780;1910-1930;Mo-Fr;G;BBC;TIG;EAf;/OMA-a;0;;
9780;1651-1858;Su-Fr;NZL;RNZ Pacific DIGITAL;E;Oc;r;6;2903;0405
9780;1710-1720;Mo-Fr;NZL;RNZ Pacific DIGITAL;COK;Oc;r;6;2903;0405
9780;1759-1858;Su-Fr;NZL;RNZ Pacific DIGITAL;E;Oc;r;6;0505;0706
9780;1840-1850;Su-Th;NZL;RNZ Pacific DIGITAL;SM;Oc;r;6;2903;0706
9780;1852-1858;Mo-Fr;NZL;RNZ Pacific DIGITAL;NIU;Oc;r;6;2903;0706
9780;1859-1958;Su-Fr;NZL;RNZ Pacific DIGITAL;E;Oc;r;6;0806;2510
9780;1940-1950;Su-Th;NZL;RNZ Pacific DIGITAL;TO;Oc;r;6;0806;2510
9785;0600-0800;Th-Tu;CHN;China National Radio 8;K;CHN;B;1;;
9785;0800-0900;Th-Tu;CHN;China National Radio 8;M;CHN;B;1;;[1124]
9785;0900-1400;;CHN;China National Radio 8;K;CHN;B;5;;[0824]
9785;1400-1505;;CHN;China National Radio 8;M;CHN;B;5;;[0725]
9785;1130-1230;;CHN;China Radio Int.;T;SEA;k;0;;
9785;1230-1330;;CHN;China Radio Int.;LAO;SEA;k;0;;
9785;1330-1430;;CHN;China Radio Int.;T;SEA;k;0;;
9785;1430-1530;;CHN;China Radio Int.;LAO;SEA;k;0;;
9785;1400-1600;;KOR;KBS World Radio;E;SAs;k;5;;[0326]
9790;0300-0400;;CHN;China Radio Int.;E;WNA;/CUB;0;;
9790;0400-0500;;CHN;China Radio Int.;CA;WNA;/CUB;0;;
9790;2000-2100;;F;Radio France Int.;F;WAf;i;0;;
9790;2100-2200;;F;Radio France Int.;F;WAf;i;0;;
9790;0050-0220;;IRN;IRIB Voice of I.R.Iran;TJ;CAs;s;0;;
9790;0050-0220;;IRN;IRIB Voice of I.R.Iran;TJ;CAs;s;0;;
9790;1220-1320;;IRN;IRIB Voice of I.R.Iran;PS;CAs;s;0;;
9790;1320-1420;;IRN;IRIB Voice of I.R.Iran;KU;ME;s;0;;
9790;1700-1730;;TWN;Radio Taiwan Int.;R;EEu;/BUL-s;1;;[0226]
9795;1200-1300;;ALS;KNLS New Life Station;E;FE;ap;0;;
9795;1220-1320;;IRN;IRIB Voice of I.R.Iran;PS;CAs;s;0;;
9795;1100-1200;;PHL;FEBC Manila;VN;SEA;i;1;;[0626]
9795;2300-2330;;PHL;FEBC Manila;MON;SEA;i;1;;[0726]
9795;2330-2400;;PHL;FEBC Manila;LAO;SEA;i;1;;[0726]
9800;1500-1600;;ALS;KNLS New Life Station;R;FE;ap;0;;
9800;1300-1400;;CHN;China Radio Int.;E;Oc;k;0;;
9800;1400-1500;;CHN;China Radio Int.;UR;SAs;ka;0;;
9800;1700-1800;;CHN;China Radio Int.;CA;SAf;u;0;;
9805;1000-1300;;USA;Radio Marti;S;CUB;g;0;;
9810;1300-1805;;CHN;China National Radio 1;M;CHN;n;1;;[0824]
9810;2023-2300;;CHN;China National Radio 1;M;CHN;n;1;;[0925]
9810;0100-0600;;CHN;CNR 2 China Business R.;M;CHN;as;1;;
9810;0600-0900;Th-Tu;CHN;CNR 2 China Business R.;M;CHN;as;1;;
9810;0900-1230;;CHN;CNR 2 China Business R.;M;CHN;as;1;;[1122]
9818.5;0000-2400;;B;Rádio 9 de Julho;P;SAm;sj;8;;[0426]
9820;0000-0005;We;CHN;Beibu Bay Radio;BR;FE;n;1;;
9820;0000-0005;Mo,Sa;CHN;Beibu Bay Radio;KH;FE;n;1;;
9820;0000-0005;Tu;CHN;Beibu Bay Radio;LAO;FE;n;1;;
9820;0000-0005;Th;CHN;Beibu Bay Radio;T;FE;n;1;;
9820;0000-0005;Fr;CHN;Beibu Bay Radio;VN;FE;n;1;;
9820;0005-0100;;CHN;Beibu Bay Radio;T;FE;n;1;;
9820;0100-0102;;CHN;Beibu Bay Radio;M;FE;n;1;;
9820;0945-1100;;CHN;Beibu Bay Radio;M;FE;n;1;;
9820;1200-1300;;CHN;Beibu Bay Radio;VN;FE;n;1;;
9820;1300-1530;;CHN;Beibu Bay Radio;M;FE;n;1;;
9820;1330-1340;We;CHN;Beibu Bay Radio;BR;FE;n;1;;
9820;1330-1340;Mo;CHN;Beibu Bay Radio;KH;FE;n;1;;
9820;1330-1340;Tu;CHN;Beibu Bay Radio;LAO;FE;n;1;;
9820;1330-1340;Th;CHN;Beibu Bay Radio;T;FE;n;1;;
9820;1330-1340;Fr;CHN;Beibu Bay Radio;VN;FE;n;1;;
9820;1515-1518;;CHN;Beibu Bay Radio;E;FE;n;1;;
9820;1530-1545;;CHN;Beibu Bay Radio;T;FE;n;1;;
9820;1545-1603;;CHN;Beibu Bay Radio;M;FE;n;1;;
9820;2243-0005;;CHN;Beibu Bay Radio;M;FE;n;1;;
9820;1000-1100;;CHN;China Radio Int.;M;Sib;b;0;;
9820;1100-1200;;CHN;China Radio Int.;VN;FE;n;1;;[0126]
9820;0000-0100;;CHN;CNR 2 China Business R.;M;CHN;x;4;;[1125]
9820;0900-1100;;CHN;CNR 2 China Business R.;M;CHN;x;4;;[1122]
9820;1100-1605;;CHN;CNR 2 China Business R.;M;CHN;x;1;;[0126]
9820;2055-2400;;CHN;CNR 2 China Business R.;M;CHN;x;1;;[1225]
9820;1700-1730;We;CZE;Radio Prague;R;EEu;/UAE;1;;
9820;1900-1930;Fr;CZE;Radio Prague;R;EEu;/UAE;1;;
9820;1700-1730;Mo;E;Radio Exterior España;R;EEu;/UAE;1;;
9820;1900-1930;Sa;E;Radio Exterior España;R;EEu;/UAE;1;;
9820;1700-1730;Su;G;BBC;R;EEu;/UAE;1;;
9820;1700-1800;Sa;G;BBC;R;EEu;/UAE;1;;
9820;1700-2000;;RUS;WRN Vsemirnaya Radioset;R;EEu;/UAE;1;;[0626]
9820;1930-2000;;SVK;Radio Slovakia Int.;R;EEu;/UAE;1;;
9820;1730-1800;Mo;UN;United Nations Radio;R;EEu;/UAE;1;;
9820;1800-1830;Su;UN;United Nations Radio;R;EEu;/UAE;1;;
9825;0200-0300;;CHN;China Radio Int.;M;SAs;u;0;;
9830;0730-0900;We-Mo;CHN;China National Radio 1;M;CHN;h;1;;
9830;0900-1805;;CHN;China National Radio 1;M;CHN;h;1;;[0824]
9830;2023-0100;;CHN;China National Radio 1;M;CHN;h;1;;[1023]
9830;2215-2330;;EGY;Radio Cairo;P;SAm;a;0;;
9830;1920-2020;;IRN;IRIB Voice of I.R.Iran;E;SAf;s;0;;
9830;0000-2400;;USA;NSS US Navy;-TY;NAm;a;1;;
9835;0300-0800;;CHN;PBS Xinjiang;M;CHN;uc;5;;[0925]
9835;0800-1100;We-Mo;CHN;PBS Xinjiang;M;CHN;uc;5;;[1025]
9835;1100-1200;;CHN;PBS Xinjiang;M;CHN;uc;5;;[1025]
9835;1920-2020;;IRN;IRIB Voice of I.R.Iran;E;SAf;s;0;;
9835;1600-1630;Test;VTN;Voice of Vietnam;E;Eu;s;6;2703;3103
9835;1630-1700;Test;VTN;Voice of Vietnam;R;Eu;s;6;2703;3103
9835;1700-1800;Test;VTN;Voice of Vietnam;VN;Eu;s;6;2703;3103
9835;1800-1830;Test;VTN;Voice of Vietnam;S;Eu;s;6;2703;3103
9835;1830-1900;Test;VTN;Voice of Vietnam;D;Eu;s;6;2703;3103
9835;1900-1930;Test;VTN;Voice of Vietnam;E;Eu;s;6;2703;3103
9835;1930-2000;Test;VTN;Voice of Vietnam;F;Eu;s;6;2703;3103
9835;2000-2030;Test;VTN;Voice of Vietnam;D;Eu;s;6;2703;3103
9835;2030-2100;Test;VTN;Voice of Vietnam;F;Eu;s;6;2703;3103
9835;2100-2130;Test;VTN;Voice of Vietnam;S;Eu;s;6;2703;3103
9835;2130-2200;Test;VTN;Voice of Vietnam;E;Eu;s;6;2703;3103
9835;1600-1630;;VTN;Voice of Vietnam;E;Eu;s;1;3105;
9835;1630-1700;;VTN;Voice of Vietnam;R;Eu;s;1;3105;
9835;1700-1800;;VTN;Voice of Vietnam;VN;Eu;s;1;3105;
9835;1800-1830;;VTN;Voice of Vietnam;S;Eu;s;1;3105;
9835;1830-1900;;VTN;Voice of Vietnam;D;Eu;s;1;3105;
9835;1900-1930;;VTN;Voice of Vietnam;E;Eu;s;1;3105;[0626]
9835;1930-2000;;VTN;Voice of Vietnam;F;Eu;s;1;3105;
9835;2000-2030;;VTN;Voice of Vietnam;D;Eu;s;1;3105;[0626]
9835;2030-2100;;VTN;Voice of Vietnam;F;Eu;s;1;3105;[0626]
9835;2100-2130;;VTN;Voice of Vietnam;S;Eu;s;1;3105;
9835;2130-2200;;VTN;Voice of Vietnam;E;Eu;s;1;3105;[0626]
9840;1430-1730;;IRN;IRIB Voice of I.R.Iran;A;ME;s;0;;
9840;1730-1830;;TUR;Voice of Turkey;D;CEu;e;0;;
9840;1000-1030;;VTN;Voice of Vietnam;E;INS;s;1;;[0126]
9840;1030-1100;;VTN;Voice of Vietnam;IN;INS;s;1;;[0923]
9840;1100-1130;;VTN;Voice of Vietnam;J;FE;s;1;;[0923]
9840;1130-1200;;VTN;Voice of Vietnam;E;FE;s;1;;[0626]
9840;1200-1230;;VTN;Voice of Vietnam;J;FE;s;1;;[0222]
9840;1230-1300;;VTN;Voice of Vietnam;E;INS;s;1;;[1125]
9840;1300-1330;;VTN;Voice of Vietnam;IN;INS;s;1;;[0226]
9840;1330-1400;;VTN;Voice of Vietnam;E;FE;s;1;;[0626]
9840;1400-1430;;VTN;Voice of Vietnam;J;FE;s;1;;[0125]
9840;1430-1500;;VTN;Voice of Vietnam;IN;INS;s;1;;[0423]
9840;1500-1530;;VTN;Voice of Vietnam;E;INS;s;1;;[0326]
9840;2300-2330;;VTN;Voice of Vietnam;IN;INS;s;1;;[1121]
9840;2330-2400;;VTN;Voice of Vietnam;E;INS;s;1;;
9845;1030-1805;;CHN;China National Radio 1;M;CHN;b;4;;[0222]
9845;1200-1805;;CHN;China National Radio 1;M;CHN;b;5;;[0824]
9845;2023-2400;;CHN;China National Radio 1;M;CHN;b;5;;[0426]
9845;2023-0100;;CHN;China National Radio 1;M;CHN;b;4;;[1023]
9845;1900-2000;;MDG;MWV New Life Station;R;EEu;m;1;;[0726]
9850;2130-1600;;CHN;CNR1 Jammer/Firedrake;M;FE;;1;;[0925]
9850;0600-0855;We-Mo;CHN;PBS Qinghai;TB;CHN;xg;1;;[0423]
9850;0855-1600;;CHN;PBS Qinghai;TB;CHN;xg;1;;[0825]
9850;2250-0600;;CHN;PBS Qinghai;TB;CHN;xg;1;;[0325]
9850;2000-2115;;EGY;Radio Cairo;F;WEu;a;0;;
9850;1000-1100;;KRE;Voice of Korea;E;SEA;u;4;;
9850;1100-1200;;KRE;Voice of Korea;F;SEA;u;4;;[0224]
9850;1200-1250;;KRE;Voice of Korea KCBS;K;SEA;u;4;;
9850;1300-1400;;KRE;Voice of Korea;M;SEA;u;4;;
9850;1400-1450;;KRE;Voice of Korea KCBS;K;SEA;u;4;;[0125]
9850;0000-0100;;TWN;Sound of Hope;M;FE;;1;;
9850;0100-0200;;TWN;Sound of Hope;M;FE;;1;;[0223]
9850;0200-1200;;TWN;Sound of Hope;M;FE;;1;;[0822]
9850;1200-1300;;TWN;Sound of Hope;M;FE;;1;;
9850;1300-1400;;TWN;Sound of Hope;M;FE;;1;;[0523]
9850;1400-1500;;TWN;Sound of Hope;M;FE;;1;;
9850;1500-1600;;TWN;Sound of Hope;M;FE;;1;;[1224]
9850;1600-1700;;TWN;Sound of Hope;M;FE;;1;;
9850;2100-2130;;TWN;Sound of Hope;M;FE;;1;;
9850;2130-2200;;TWN;Sound of Hope;M;FE;;1;;[1121]
9850;2200-2300;;TWN;Sound of Hope;M;FE;;1;;
9850;2300-2400;;TWN;Sound of Hope;M;FE;;1;;
9855;1200-1400;;CHN;China Radio Int.;M;SEA;b;0;;
9860;1100-1805;;CHN;China National Radio 1;M;CHN;b;4;;[0224]
9860;1200-1805;;CHN;China National Radio 1;M;CHN;b;5;;[0724]
9860;2023-2300;;CHN;China National Radio 1;M;CHN;b;5;;[0419]
9860;0730-0800;;CHN;CRI DIGITAL;M;Oc;k;0;;
9860;0830-0900;;CHN;CRI DIGITAL;M;Oc;k;0;;
9860;1045-1215;;CHN;CNR1 Jammer/Firedrake;M;FE;;1;;[1124]
9864;1300-1306;;CLA;Voice of Tibet;TB;FE;/UZB;1;;[1125]
9864;1335-1400;;CLA;Voice of Tibet;TB;FE;/UZB;1;;[0325]
9865;2000-2100;;CHN;China Radio Int.;M;ME;k;0;;
9865;2300-2400;;CHN;China Radio Int.;M;Eu;u;0;;
9870;1100-1200;;ALS;KNLS New Life Station;K;FE;ap;0;;
9870;1300-1400;;CHN;China Radio Int.;E;SEA;x;0;;
9870;1400-1500;;CHN;China Radio Int.;E;SEA;x;0;;
9870;1500-1600;;CHN;China Radio Int.;E;SEA;x;0;;
9870;1500-1600;;EGY;Radio Cairo;AL;Eu;a;0;;
9870;0100-0130;;IND;AIR Akashvani Ext.Sce;SD;PAK;b;1;;[0726]
9870;1230-1330;;IND;AIR Akashvani Ext.Sce;BC;PAK;d;1;;
9870;1330-1500;;IND;AIR Akashvani Ext.Sce;DR;AFG;b;1;;
9870;1400-1415;irr;IND;AIR Akashvani Ext.Sce;E;AFG;b;1;;
9870;1650-1820;;IRN;IRIB Voice of I.R.Iran;TU;ME;s;0;;
9870;1820-1920;;IRN;IRIB Voice of I.R.Iran;HA;WAf;s;0;;
9870;0000-0200;;TUR;Voice of Turkey;S;SAm;e;0;;
9875;1300-1330;;CHN;CNR1 Jammer/Firedrake;M;FE;;1;;
9875;0330-0430;;G;BBC;FS;IRN;/OMA-a;6;2903;0608
9875;0700-0900;;KRE;Voice of Korea;R;FE;u;1;;[0226]
9875;0900-1000;;KRE;Voice of Korea;K;FE;u;8;;
9875;1800-1900;;KRE;Voice of Korea;F;ME;u;1;;[0526]
9875;1900-2000;;KRE;Voice of Korea;E;ME;u;1;;[0726]
9875;2000-2050;;KRE;Voice of Korea KCBS;K;ME;u;1;;[1123]
9875;2100-2200;;KRE;Voice of Korea;M;FE;u;1;;
9875;2200-2300;;KRE;Voice of Korea;M;FE;u;1;;
9875;2300-2350;;KRE;Voice of Korea KCBS;K;FE;u;1;;
9875;2300-2330;;PHL;FEBC Manila;MIE;SEA;b;1;;[0626]
9875;2330-2400;Su-Th;PHL;FEBC Manila;MIE;SEA;b;6;2903;2108
9875;2330-2400;Fr-Su;PHL;FEBC Manila;RAK;SEA;b;1;2208;
9875;2030-2130;;TUR;Voice of Turkey;E;SAs;e;0;;
9877;1306-1312;;CLA;Voice of Tibet;TB;FE;/TJK;1;;[1225]
9880;0000-0100;;CHN;China Radio Int.;M;INS;k;0;;
9880;0800-0900;;CHN;China Radio Int.;M;FE;b;0;;
9880;0900-1000;;CHN;China Radio Int.;M;FE;b;0;;
9880;0900-1000;;CHN;China Radio Int.;M;PHL;n;0;;
9880;1000-1100;;CHN;China Radio Int.;M;FE;b;0;;
9880;1100-1200;;CHN;China Radio Int.;BR;SEA;k;0;;
9880;1300-1400;;CHN;China Radio Int.;BR;SEA;k;0;;
9880;1400-1500;;CHN;China Radio Int.;KH;SEA;n;0;;
9880;1500-1600;;CHN;China Radio Int.;R;CAs;x;0;;
9880;1500-1600;;CHN;China Radio Int.;E;SEA;n;0;;
9880;1600-1700;;CHN;China Radio Int.;E;SEA;n;0;;
9880;1700-1800;;CHN;China Radio Int.;E;SEA;n;0;;
9880;2200-2300;;CHN;China Radio Int.;EO;SAm;ka;0;;
9880;1930-2030;;TUR;Voice of Turkey;F;WAf;e;0;;
9883;1312-1330;;CLA;Voice of Tibet;TB;FE;/UZB;1;;[0325]
9885;1000-1300;;CHN;CNR1 Jammer/Firedrake;M;FE;d;1;;[0626]
9885;1330-1400;;CHN;CNR1 Jammer/Firedrake;M;FE;;1;;
9885;2330-0045;;EGY;Radio Cairo;A;SAm;a;0;;
9885;1800-1900;;MDG;MWV New Life Station;R;EEu;m;1;;[0626]
9885;1000-1100;;TWN;Radio Taiwan Int.;M;FE;s;1;;
9885;1100-1200;;TWN;Radio Taiwan Int.;M;FE;s;1;;
9885;1200-1300;;TWN;Radio Taiwan Int.;M;FE;s;1;;[0626]
9887;1300-1308;;CLA;Voice of Tibet;TB;FE;/UZB;1;;[1225]
9887;1335-1400;;CLA;Voice of Tibet;TB;FE;/UZB;1;;[0925]
9890;0100-0200;;CHN;China National Radio 13;UI;CHN;b;4;;[0126]
9890;1000-1100;;CHN;China National Radio 13;UI;CHN;b;4;;
9890;1100-1400;;CHN;China National Radio 13;UI;CHN;b;4;;
9890;1400-1500;;CHN;China National Radio 13;UI;CHN;b;1;;[0126]
9890;1500-1600;;CHN;China National Radio 13;M;CHN;b;1;;
9890;1600-1805;;CHN;China National Radio 13;UI;CHN;b;1;;
9890;2355-0100;;CHN;China National Radio 13;UI;CHN;b;4;;[0126]
9890;1000-1100;;CHN;China Radio Int.;M;Sib;x;0;;
9890;1300-1330;;CHN;CNR1 Jammer/Firedrake;M;FE;;1;;
9890;1330-1400;;CHN;CNR1 Jammer/Firedrake;M;FE;;1;;
9890;1900-2000;;EGY;Radio Cairo;R;EEu;a;0;;
9890;2115-2215;;EGY;Radio Cairo;E;WEu;a;0;;
9890;1500-1600;;KRE;Voice of Korea;A;ME;u;1;;[0326]
9890;1600-1700;;KRE;Voice of Korea;E;ME;u;1;;[1123]
9890;1700-1800;;KRE;Voice of Korea;A;ME;u;1;;[0724]
9890;0430-0500;;ROU;Radio Romania Int.;R;EEu;t;0;;
9893;1306-1312;;CLA;Voice of Tibet;TB;FE;/UZB;1;;[1025]
9893;1335-1400;;CLA;Voice of Tibet;TB;FE;/TJK;1;;[0624]
9895;0230-0300;;S;IBRA Radio;DR;AFG;/UAE;0;;
9895;2000-2100;;USA;Adventist World Radio;K;FE;/GUM-a;0;;
9900;2200-2400;;CHN;CNR1 Jammer/Firedrake;M;CHN;d;1;;[1225]
9900;0045-0200;;EGY;Radio Cairo;S;SAm;a;0;;
9900;1700-1900;;EGY;Radio Cairo;TU;ME;a;0;;
9900;1300-1330;;GUM;Living Water Ministry;K;FE;/TWN;1;2005;[0526]
9900;1500-1600;;GUM;Living Water Ministry;K;FE;/TWN;1;;[0726]
9900;2200-2400;;TWN;Radio Taiwan Int.;M;FE;s;1;;
9900;1330-1345;Tu,Th;USA;Radio Free Asia;K;FE;/TWN-p;6;2903;1904
9900;1330-1345;;USA;Radio Free Asia;K;FE;/TWN-p;6;2004;2510
9910;1400-1500;;CHN;CNR1 Jammer/Firedrake;M;FE;;0;;
9910;1600-1700;;CHN;CNR1 Jammer/Firedrake;M;FE;;0;;
9910;1130-1145;Su;USA;Trans World Radio;E;FE;/TJK;4;;
9910;1145-1245;Su;USA;Trans World Radio;M;CHN;/TJK;4;;
9910;1230-1245;Mo-Fr;USA;Trans World Radio;YUN;CHN;/TJK;4;;
9910;1245-1300;;USA;Trans World Radio;HUI;CHN;/TJK;4;;
9910;1400-1500;;USA;Voice of America;M;FE;/PHL-t;0;;
9910;1600-1700;;USA;Voice of America;TB;FE;/KWT;0;;
9915;0000-0030;SaSu;CHN;CNR1 Jammer/Firedrake;M;FE;;0;;
9915;0100-0130;Mo-Fr;CHN;CNR1 Jammer/Firedrake;M;FE;;0;;
9915;2000-2100;;F;Mystery for Joy;E;NAm;/G-w;6;1507;1507
9915;0600-0700;;G;BBC;E;CAf;/ASC;0;;
9915;0100-0130;Mo-Fr;USA;Radio Free Asia;TB;FE;/KWT;0;;
9915;0000-0030;SaSu;USA;Voice of America;TB;FE;/KWT;0;;
9920;1200-1230;Th-Sa;PHL;FEBC Manila;JR;SEA;i;1;;[0524]
9920;1200-1230;Su-We;PHL;FEBC Manila;RAD;SEA;i;1;;[0123]
9920;1230-1300;135;PHL;FEBC Manila;BHN;SEA;i;1;;[0626]
9920;1230-1300;2467;PHL;FEBC Manila;HRE;SEA;i;1;;[0724]
9920;1300-1330;;PHL;FEBC Manila;KOH;SEA;i;1;;[0626]
9920;1730-2030;;PHL;Radyo Pilipinas;TAG;ME;t;0;;
9926;0000-2400;irr;B;Free Radio Minas Gerais;P;B;xx;1;;
9930;1330-1400;;CLA;Voice of Martyrs;K;KRE;/UZB;1;;
9930;0510-0605;Sa;USA;Hope Radio 3;E;FE;/PLW;1;;
9930;0955-1305;Mo-Fr;USA;Hope Radio 3;E;FE;/PLW;1;;[0626]
9930;1000-1030;Th;USA;Hope Radio 3;J;FE;/PLW;1;;
9930;1030-1100;Th;USA;Hope Radio 3;M;FE;/PLW;1;;
9930;1115-1130;Tu;USA;Hope Radio 3;J;FE;/PLW;1;;[0626]
9930;1145-1200;Mo-Fr;USA;Hope Radio 3;M;FE;/PLW;1;;[0626]
9930;1200-1230;Tu;USA;Hope Radio 3;M;FE;/PLW;1;;
9930;1215-1230;Mo;USA;Hope Radio 3;M;FE;/PLW;1;;
9930;1300-0130;;USA;WTWW Lebanon, TN;E;NAm;L;1;;[0726]
9940;0000-0030;SaSu;CHN;CNR1 Jammer/Firedrake;M;FE;;0;;
9940;0100-0130;Mo-Fr;CHN;CNR1 Jammer/Firedrake;M;FE;;0;;
9940;1430-1500;;CHN;CNR1 Jammer/Firedrake;M;FE;;1;;
9940;1300-1330;;CLA;Nippon no Kaze;K;KRE;/TWN-p;5;;[0526]
9940;1430-1500;;HKG;FEBC Radio Liangyou;UI;FE;/PHL-b;1;;[0325]
9940;0100-0130;Mo-Fr;USA;Radio Free Asia;TB;FE;/KWT;0;;
9940;0000-0030;SaSu;USA;Voice of America;TB;FE;/KWT;0;;
9940;1530-2030;Mo-Fr;USA;Voice of America;K;FE;/PHL-t;6;2506;1007
9940;1530-2130;;USA;Voice of America;K;FE;/PHL-t;6;2405;0106
9940;1530-2330;;USA;Voice of America;K;FE;/PHL-t;6;0206;2406
9946;0930-0940;Su;RUS;E06 Russian Spy Numbers;E;RUS;or;1;0101;3101
9950;1445-1500;;USA;Trans World Radio;KZ;CAs;/UZB;1;2806;
9950;0700-1300;Tu,Th;USA;Voice of America;E;EEu;/D-L;6;2306;2510
9950;1500-1530;;USA;VoA Radio Ashna;DR;AFG;/KWT;0;;
9950;1530-1600;;USA;VoA Radio Ashna;PS;AFG;/KWT;0;;
9950;1530-2130;Mo-Fr;USA;Voice of America;K;FE;/PHL-t;6;1307;2307
9950;1500-2200;Mo-Fr;USA;Voice of America;K;FE;/PHL-t;6;2407;2410
9950;1600-1630;;USA;VoA Radio Ashna;DR;AFG;/KWT;0;;
9950;1630-1700;;USA;VoA Radio Ashna;PS;AFG;/KWT;0;;
9950;1700-1730;;USA;VoA Radio Ashna;DR;AFG;/KWT;0;;
9950;1730-1800;;USA;VoA Radio Ashna;PS;AFG;/KWT;0;;
9951;1000-1010;Tu,Fr;POL;E11 Polish Spy Numbers;E;;p;1;0103;3004[0422]
9951;1000-1010;Tu,Fr;POL;E11 Polish Spy Numbers;E;;p;1;0109;3110[0924]
9955;0200-0230;;CZE;Radio Prague;S;LAm;/USA-o;2;;[0426]
9955;0300-0330;;CZE;Radio Prague;E;LAm;/USA-o;2;;
9955;0330-0400;;CZE;Radio Prague;F;LAm;/USA-o;2;;
9955;0230-0300;;SVK;Radio Slovakia Int.;S;LAm;/USA-o;2;;
9955;1100-1600;;USA;WRMI Radio Miami Int.;E;LAm;o;2;;
9955;2100-0200;;USA;WRMI Radio Miami Int.;E;LAm;o;2;;
9960;1300-1400;;CLA;Free North Korea Radio;K;KRE;/UZB;4;;[0226]
9960;2000-0158;;VUT;Radio Vanuatu;BSL;VUT;;1;0305;[0526]
9960;2000-0557;;VUT;Radio Vanuatu;BSL;VUT;;6;2903;0205[0426]
9963;0000-2400;;ISR;4XZ Israeli Navy Haifa;-CW;;;1;;[0725]
9965;0807-0835;Th;USA;Hope Radio 5;E;FE;/PLW;1;;
9965;0807-0850;We;USA;Hope Radio 5;E;FE;/PLW;1;;
9965;0807-0905;Mo,Fr;USA;Hope Radio 5;E;FE;/PLW;1;;
9965;0807-0950;Tu;USA;Hope Radio 5;E;FE;/PLW;1;;
9965;0810-1150;Su;USA;Hope Radio 5;E;FE;/PLW;1;;[0526]
9965;0830-0845;Fr;USA;Hope Radio 5;M;FE;/PLW;1;;[0123]
9965;0845-0945;Tu;USA;Hope Radio 5;J;FE;/PLW;1;;
9965;0840-1015;Sa;USA;Hope Radio 5;E;FE;/PLW;1;;[0626]
9965;1015-1100;Sa;USA;Hope Radio 5;K;FE;/PLW;1;;
9965;1100-1105;Sa;USA;Hope Radio 5;E;FE;/PLW;1;;
9968;0445-0455;Tu,Th;POL;S11a Polish Spy Numbers;R;;p;1;0105;3108[0722]
9970;0000-2400;;B;Rádio Casa AM;P;B;am;1;;[1224]
9970;2130-1700;;CHN;CNR1 Jammer/Firedrake;M;FE;;1;;[1023]
9970;0000-0100;;TWN;Sound of Hope;M;FE;;1;;[1223]
9970;0100-0200;;TWN;Sound of Hope;M;FE;;1;;[0223]
9970;0200-1200;;TWN;Sound of Hope;M;FE;;1;;[0626]
9970;1200-1300;;TWN;Sound of Hope;M;FE;;1;;[0222]
9970;1300-1400;;TWN;Sound of Hope;M;FE;;1;;[0125]
9970;1400-1500;;TWN;Sound of Hope;M;FE;;1;;[1123]
9970;1500-1600;;TWN;Sound of Hope;M;FE;;1;;[1224]
9970;1600-1700;;TWN;Sound of Hope;M;FE;;1;;
9970;2100-2130;;TWN;Sound of Hope;M;FE;;1;;
9970;2130-2200;;TWN;Sound of Hope;M;FE;;1;;[1121]
9970;2200-2300;;TWN;Sound of Hope;M;FE;;1;;
9970;2300-2400;;TWN;Sound of Hope;M;FE;;1;;
9975;1300-1325;Su;USA;Trans World Radio;M;CHN;/TJK;4;;
9975;1300-1340;Mo-Sa;USA;Trans World Radio;M;CHN;/TJK;4;;
9975;1345-1430;Su;USA;Trans World Radio;BR;SEA;/UZB;6;2903;2706
9975;1400-1430;Su;USA;Trans World Radio;BR;SEA;/UZB;1;2806;
9975;1430-1445;Su;USA;Trans World Radio;K-S;SEA;/UZB;1;;
9975;1445-1500;Su;USA;Trans World R. DIGITAL;E;SAs;/UZB;1;;
9975;1500-1505;Su;USA;Trans World R. DIGITAL;E;SEA;/UZB;1;;
9982.5;0519-1600;;HWA;KVM70 Fax Honolulu;;Oc;nm;1;;[0425]
9985;0000-2400;;CHN;CNR1 Jammer/Firedrake;M;FE;;1;;[0526]
9985;0000-0100;;TWN;Sound of Hope;M;FE;;1;;
9985;0100-0200;;TWN;Sound of Hope;M;FE;;1;;
9985;0200-1200;;TWN;Sound of Hope;M;FE;;1;;
9985;1200-1300;;TWN;Sound of Hope;M;FE;;1;;
9985;1300-1400;;TWN;Sound of Hope;M;FE;;1;;
9985;1400-1500;;TWN;Sound of Hope;M;FE;;1;;
9985;1500-1600;;TWN;Sound of Hope;M;FE;;1;;
9985;2100-2130;;TWN;Sound of Hope;M;FE;;1;;
9985;2130-2200;;TWN;Sound of Hope;M;FE;;1;;
9985;2200-2300;;TWN;Sound of Hope;M;FE;;1;;
9985;2300-2400;;TWN;Sound of Hope;M;FE;;1;;
9991;2000-0030;irr;B;R.Voz Evangélica, Ceará;P;B;xx;1;;[1224]
9996;0000-2400;;RUS;RWM Moscow;-TS;RUS;t;1;;[0626]
10000;1400-1500;Mo-Fr;ARG;LOL Buenos Aires;-TS;ARG;b;1;;[1121]
10000;0000-2400;;B;PPE Observatorio Nac.;-TS;B;ro;1;;[1021]
10000;0000-2400;;CHN;BPM Xian;-TS;CHN;p;1;;[0326]
10000;0000-2400;;HWA;WWVH Hawaii (f.ann.);-TS;USA;c;1;;[0924]
10000;0000-2400;;I;ItalCable;-TS;SEu;v;1;;[0425]
10000;0000-2400;;USA;WWV Colorado (m.ann.);-TS;USA;fc;1;;[0426]
10018;0000-2400;;IND;Mumbai Radio;E;SAs;;1;;[1219]
10021;0000-2400;;IRL;Shannon Aeradio H;E;NAO;s;1;;[0918]
10027;0000-2400;;ALS;Barrow HFDL (ID9);-HF;NOc;ba;1;;
10027;0000-2400;;HWA;Moloka'i HFDL (ID2);-HF;Oc;m;1;;[0521]
10030;0000-2400;;BHR;Al Muharraq HFDL (ID15);-HF;ME;m;1;;[0424]
10036;0000-2400;;IRL;Shannon Aeradio H;E;NAO;s;1;;
10048;0000-2400;;J;Tokyo Radio;E;FE;;1;;
10048;0000-2400;;USA;San Francisco Radio NP;E;NOc;/ALS-ba;1;;[0518]
10048;0000-2400;;USA;San Francisco Radio NP;E;NOc;/HWA-m;1;;
10057;0000-2400;;MDG;Antanan.Volmet x25,x50;E;EAf;;1;;[0921]
10057;0000-2400;;USA;San Francisco Radio CEP;E;EOc;dx;1;;[0818]
10060;0000-2400;;KOR;Seoul Muan HFDL (ID10);-HF;FE;m;1;;[0122]
10063;0000-2400;;PNR;Albrook HFDL (ID11);-HF;CAm;al;1;;
10066;0000-2400;;IND;Kolkata Radio;E;SAs;;1;;
10066;0000-2400;;IRL;Shannon Aeradio I;E;NAO;s;1;;
10066;0000-2400;;THA;Hat Yai HFDL (ID6);-HF;SEA;hy;1;;
10081;0000-2400;;IRL;Shannon HFDL (ID7);-HF;NAO;s;1;;[0120]
10081;0000-2400;;USA;San Francisco HFDL(ID1);-HF;WNA;dx;1;;
10084;0000-2400;;IND;Delhi Radio;E;SAs;;1;;
10084;0000-2400;;IND;Mumbai Radio;E;SAs;;1;;
10084;0000-2400;;NZL;Auckland HFDL (ID5);-HF;SOc;a;1;;[0721]
10093;0000-2400;;ALS;Barrow HFDL (ID9);-HF;NOc;ba;1;;[0521]
10100.8;0000-2400;;D;DWD 1 Pinneberg RTTY;E;Eu;pi;1;;[0626]
10115;0000-2400;;CHN;BAF Beijing Meteo Fax;;FE;bm;1;;
10153;0000-2400;;PTR;NAU US Navy;-TY;NAm;i;1;;[0526]
10156;0000-2400;;ISR;4XZ Israeli Navy Haifa;-CW;;;1;;[0526]
10160;2100-1700;;CHN;CNR1 Jammer/Firedrake;M;FE;;1;;[1220]
10160;0000-0100;;TWN;Sound of Hope;M;FE;;1;;[1223]
10160;0100-0200;;TWN;Sound of Hope;M;FE;;1;;[0223]
10160;0200-1200;;TWN;Sound of Hope;M;FE;;1;;[1224]
10160;1200-1300;;TWN;Sound of Hope;M;FE;;1;;[0423]
10160;1300-1400;;TWN;Sound of Hope;M;FE;;1;;[0222]
10160;1400-1500;;TWN;Sound of Hope;M;FE;;1;;[1123]
10160;1500-1600;;TWN;Sound of Hope;M;FE;;1;;
10160;1600-1700;;TWN;Sound of Hope;M;FE;;1;;
10160;2100-2130;;TWN;Sound of Hope;M;FE;;1;;
10160;2130-2200;;TWN;Sound of Hope;M;FE;;1;;
10160;2200-2300;;TWN;Sound of Hope;M;FE;;1;;
10160;2300-2400;;TWN;Sound of Hope;M;FE;;1;;
10212;1000-1010;Su;RUS;E06 Russian Spy Numbers;E;RUS;or;1;0103;3103
10213;0745-0755;Mo;POL;E11 Polish Spy Numbers;E;;p;1;0103;3004[0418]
10213;0745-0755;Mo;POL;E11 Polish Spy Numbers;E;;p;1;0109;3110
10213;0745-0755;Mo;POL;E11 Polish Spy Numbers;E;;p;1;0111;2802
10213;1850-1900;We,Sa;POL;S11a Polish Spy Numbers;R;;p;1;0103;3004[0323]
10213;1850-1900;We,Sa;POL;S11a Polish Spy Numbers;R;;p;1;0109;3110[0922]
10226;1410-1420;Th,Sa;RUS;E07 Russian Spy Numbers;E;RUS;m;1;0112;3112[1219]
10231;0000-2400;;ISR;4XZ Israeli Navy Haifa;-CW;;;1;;[0825]
10231;1100-1110;Tu,Fr;RUS;E07 Russian Spy Numbers;E;RUS;m;1;0101;3101
10239;1540-1550;Tu,Fr;RUS;E07 Russian Spy Numbers;E;RUS;m;1;0112;3112
10274;1430-1440;Th,Sa;RUS;E07 Russian Spy Numbers;E;RUS;m;1;0111;3011
10293;1430-1440;Th,Sa;RUS;E07 Russian Spy Numbers;E;RUS;m;1;0101;3101[0120]
10330;1530-1540;Th;POL;E11 Polish Spy Numbers;E;;p;1;0103;3004[0421]
10330;1530-1540;Th;POL;E11 Polish Spy Numbers;E;;p;1;0109;3110[0922]
10347;1120-1130;Tu,Fr;RUS;E07 Russian Spy Numbers;E;RUS;m;1;0102;2802
10356;1530-1540;Th;POL;E11 Polish Spy Numbers;E;;p;1;0105;3108[0821]
10375;1540-1550;Tu,Fr;RUS;E07 Russian Spy Numbers;E;RUS;m;1;0101;3101[0123]
10387;1140-1150;Tu,Fr;RUS;E07 Russian Spy Numbers;E;RUS;m;1;0108;3108
10423;0930-0940;Su;RUS;E06 Russian Spy Numbers;E;RUS;or;1;0102;2802
10429;0715-0725;Tu,Fr;POL;E11 Polish Spy Numbers;E;;p;1;0105;3108[0518]
10448;1400-1410;Tu,Fr;POL;S11a Polish Spy Numbers;R;;p;1;0111;2802
10463;1030-1040;We;RUS;E06 Russian Spy Numbers;E;RUS;or;1;0103;3103
10487;1910-1920;Fr,Su;POL;E11 Polish Spy Numbers;E;;p;1;0111;2802[0221]
10536;1000-2200;;CAN;CFH Halifax Radio;-TY;NAm;hx;1;;
10536;2200-1000;;CAN;CFH Halifax Radio;-TY;NAm;hx;1;;
10555;0015-0215;;AUS;VMW Wiluna Met Fax;;Oc;w;1;;
10555;0245-0330;;AUS;VMW Wiluna Met Fax;;Oc;w;1;;[0721]
10555;0400-0945;;AUS;VMW Wiluna Met Fax;;Oc;w;1;;[0518]
10555;1015-1100;;AUS;VMW Wiluna Met Fax;;Oc;w;1;;[1218]
10555;1100-1730;;AUS;VMW Wiluna Met Fax;;Oc;w;1;;[0922]
10555;1800-1845;;AUS;VMW Wiluna Met Fax;;Oc;w;1;;[0416]
10555;1915-2045;;AUS;VMW Wiluna Met Fax;;Oc;w;1;;[0817]
10555;2215-2400;;AUS;VMW Wiluna Met Fax;;Oc;w;1;;[0316]
10628;0210-0220;Mo;RUS;E06 Russian Spy Numbers;E;RUS;c;1;0102;2802
10653;1100-1110;Tu,Fr;RUS;E07 Russian Spy Numbers;E;RUS;m;1;0111;3011
10673;0210-0220;Mo;RUS;E06 Russian Spy Numbers;E;RUS;c;1;0111;3011
10728;0445-0455;Tu,Th;POL;S11a Polish Spy Numbers;R;;p;1;0103;3004
10728;0445-0455;Tu,Th;POL;S11a Polish Spy Numbers;R;;p;1;0109;3110
10737;1140-1150;Tu,Fr;RUS;E07 Russian Spy Numbers;E;RUS;m;1;0110;3110
10755;0930-0940;We;RUS;E06 Russian Spy Numbers;E;RUS;or;1;0102;2802
10755;1300-1310;Sa;RUS;E06 Russian Spy Numbers;E;RUS;or;1;0103;3103
10819.9;0000-0100;;TWN;Sound of Hope;M;FE;;1;;[1223]
10819.9;0100-0200;;TWN;Sound of Hope;M;FE;;1;;
10819.9;0200-1200;;TWN;Sound of Hope;M;FE;;1;;[0925]
10819.9;1200-1300;;TWN;Sound of Hope;M;FE;;1;;[1122]
10819.9;1300-1400;;TWN;Sound of Hope;M;FE;;1;;[0125]
10819.9;1400-1500;;TWN;Sound of Hope;M;FE;;1;;[0525]
10819.9;1500-1600;;TWN;Sound of Hope;M;FE;;1;;
10819.9;1600-1700;;TWN;Sound of Hope;M;FE;;1;;[0822]
10819.9;2130-2200;;TWN;Sound of Hope;M;FE;;1;;
10819.9;2200-2300;;TWN;Sound of Hope;M;FE;;1;;
10819.9;2300-2400;;TWN;Sound of Hope;M;FE;;1;;
10820;2130-1700;;CHN;CNR1 Jammer/Firedrake;M;FE;;1;;[0524]
10870;2100-1700;;CHN;CNR1 Jammer/Firedrake;M;FE;;1;;[0524]
10870;0000-0100;;TWN;Sound of Hope;M;FE;;1;;[1223]
10870;0100-0200;;TWN;Sound of Hope;M;FE;;1;;
10870;0200-1200;;TWN;Sound of Hope;M;FE;;1;;[0925]
10870;1200-1300;;TWN;Sound of Hope;M;FE;;1;;[0423]
10870;1300-1400;;TWN;Sound of Hope;M;FE;;1;;[0125]
10870;1400-1500;;TWN;Sound of Hope;M;FE;;1;;[0525]
10870;1500-1600;;TWN;Sound of Hope;M;FE;;1;;
10870;1600-1700;;TWN;Sound of Hope;M;FE;;1;;[0822]
10870;2100-2130;;TWN;Sound of Hope;M;FE;;1;;
10870;2130-2200;;TWN;Sound of Hope;M;FE;;1;;
10870;2200-2300;;TWN;Sound of Hope;M;FE;;1;;
10870;2300-2400;;TWN;Sound of Hope;M;FE;;1;;
10871.7;0000-2400;;RUS;Channel Marker D;-CW;EEu;se;1;;[0425]
10871.8;0000-2400;;RUS;Channel Marker P;-CW;RUS;kl;1;;[0226]
10871.9;0000-2400;;RUS;Channel Marker S;-CW;RUS;sm;1;;[0226]
10872;0000-2400;;RUS;Channel Marker C;-CW;RUS;m;1;;[0120]
10872.1;0000-2400;;RUS;Channel Marker A;-CW;RUS;as;1;;[1122]
10872.2;0000-2400;;RUS;Channel Marker F;-CW;FE;vl;1;;[0222]
10872.3;0000-2400;;RUS;Channel Marker K;-CW;FE;pk;1;;[1025]
10872.4;0000-2400;;RUS;Channel Marker M;-CW;FE;mg;1;;[0423]
10920;2130-1700;;CHN;CNR1 Jammer/Firedrake;M;FE;;1;;[0720]
10920.1;0000-0100;;TWN;Sound of Hope;M;FE;;1;;
10920.1;0100-0200;;TWN;Sound of Hope;M;FE;;1;;
10920.1;0200-1200;;TWN;Sound of Hope;M;FE;;1;;[0422]
10920.1;1200-1300;;TWN;Sound of Hope;M;FE;;1;;[0222]
10920.1;1300-1400;;TWN;Sound of Hope;M;FE;;1;;
10920.1;1400-1500;;TWN;Sound of Hope;M;FE;;1;;
10920.1;1500-1600;;TWN;Sound of Hope;M;FE;;1;;
10920.1;1600-1700;;TWN;Sound of Hope;M;FE;;1;;
10920.1;2130-2200;;TWN;Sound of Hope;M;FE;;1;;
10920.1;2200-2300;;TWN;Sound of Hope;M;FE;;1;;
10920.1;2300-2400;;TWN;Sound of Hope;M;FE;;1;;
10940;2200-1700;;CHN;CNR1 Jammer/Firedrake;M;FE;;1;;[0524]
10940;0000-0100;;TWN;Sound of Hope;M;FE;;1;;[1223]
10940;0100-0200;;TWN;Sound of Hope;M;FE;;1;;[0223]
10940;0200-1200;;TWN;Sound of Hope;M;FE;;1;;[1025]
10940;1200-1300;;TWN;Sound of Hope;M;FE;;1;;[1122]
10940;1300-1400;;TWN;Sound of Hope;M;FE;;1;;[0125]
10940;1400-1500;;TWN;Sound of Hope;M;FE;;1;;[0125]
10940;1500-1600;;TWN;Sound of Hope;M;FE;;1;;
10940;2200-2300;;TWN;Sound of Hope;M;FE;;1;;
10940;2300-2400;;TWN;Sound of Hope;M;FE;;1;;
10959.7;0000-0100;;TWN;Sound of Hope;M;FE;;1;;[1223]
10959.7;0100-0200;;TWN;Sound of Hope;M;FE;;1;;
10959.7;0200-1200;;TWN;Sound of Hope;M;FE;;1;;[0326]
10959.7;1200-1300;;TWN;Sound of Hope;M;FE;;1;;[1122]
10959.7;1300-1400;;TWN;Sound of Hope;M;FE;;1;;[0125]
10959.7;1400-1500;;TWN;Sound of Hope;M;FE;;1;;[0525]
10959.7;1500-1600;;TWN;Sound of Hope;M;FE;;1;;
10959.7;1600-1700;;TWN;Sound of Hope;M;FE;;1;;[0822]
10959.7;2130-2200;;TWN;Sound of Hope;M;FE;;1;;
10959.7;2200-2300;;TWN;Sound of Hope;M;FE;;1;;
10959.7;2300-2400;;TWN;Sound of Hope;M;FE;;1;;
10960;2130-1700;;CHN;CNR1 Jammer/Firedrake;M;FE;;1;;[0422]
11030;0000-0015;;AUS;VMC Charleville Met Fax;;Tas;c;1;;
11030;0015-0215;;AUS;VMC Charleville Met Fax;;Oc;c;1;;
11030;0245-0330;;AUS;VMC Charleville Met Fax;;Oc;c;1;;
11030;0345-0400;;AUS;VMC Charleville Met Fax;;Tas;c;1;;
11030;0400-0500;;AUS;VMC Charleville Met Fax;;Oc;c;1;;[0616]
11030;0500-0600;;AUS;VMC Charleville Met Fax;;Tas;c;1;;[0518]
11030;0600-0855;;AUS;VMC Charleville Met Fax;;Oc;c;1;;[0417]
11030;0900-0955;;AUS;VMC Charleville Met Fax;;Oc;c;1;;[0521]
11030;1015-1715;;AUS;VMC Charleville Met Fax;;Oc;c;1;;[0922]
11030;1800-1845;;AUS;VMC Charleville Met Fax;;Oc;c;1;;
11030;1915-2045;;AUS;VMC Charleville Met Fax;;Oc;c;1;;
11030;2215-2400;;AUS;VMC Charleville Met Fax;;Oc;c;1;;
11039;0000-2400;;D;DWD 2 Pinneberg RTTY;E;Eu;pi;1;;[0226]
11073;1030-1040;We;RUS;E06 Russian Spy Numbers;E;RUS;or;1;0104;3004
11086.5;0600-2000;;G;GYA Northwood Meteo Fax;;WEu;nw;1;;
11090;0519-1600;;HWA;KVM70 Fax Honolulu;;Oc;nm;1;;[0222]
11090;1719-0400;;HWA;KVM70 Fax Honolulu;;Oc;nm;1;;[0321]
11092;0315-0325;Mo,We;POL;E11 Polish Spy Numbers;E;;p;1;0109;3110
11092;0900-0915;Mo,We;POL;E11 Polish Spy Numbers;E;;p;1;0111;2802
11100;0000-2400;;CHN;CNR1 Jammer/Firedrake;M;FE;;1;;[1124]
11100;1045-1055;Mo,We;POL;E11 Polish Spy Numbers;E;;p;1;0111;2802[1122]
11100;0000-0100;;TWN;Sound of Hope;M;FE;;1;;[1223]
11100;0100-0200;;TWN;Sound of Hope;M;FE;;1;;[0223]
11100;0200-1200;;TWN;Sound of Hope;M;FE;;1;;[0626]
11100;1200-1300;;TWN;Sound of Hope;M;FE;;1;;[0125]
11100;1300-1400;;TWN;Sound of Hope;M;FE;;1;;[0224]
11100;1400-1500;;TWN;Sound of Hope;M;FE;;1;;[0125]
11100;1500-1600;;TWN;Sound of Hope;M;FE;;1;;
11100;2200-2300;;TWN;Sound of Hope;M;FE;;1;;
11100;2300-2400;;TWN;Sound of Hope;M;FE;;1;;
11104;0715-0725;Mo,We;POL;E11 Polish Spy Numbers;E;;p;1;0111;2802
11116;1815-1825;Fr,Su;POL;E11 Polish Spy Numbers;E;;p;1;0103;3004[0423]
11116;1815-1825;Fr,Su;POL;E11 Polish Spy Numbers;E;;p;1;0109;3110[0924]
11120;2200-1700;;CHN;CNR1 Jammer/Firedrake;M;FE;;1;;[1220]
11120;0000-0100;;TWN;Sound of Hope;M;FE;;1;;
11120;0100-0200;;TWN;Sound of Hope;M;FE;;1;;[0223]
11120;0200-1200;;TWN;Sound of Hope;M;FE;;1;;[0925]
11120;1200-1300;;TWN;Sound of Hope;M;FE;;1;;[0125]
11120;1300-1400;;TWN;Sound of Hope;M;FE;;1;;
11120;1400-1500;;TWN;Sound of Hope;M;FE;;1;;[1123]
11120;1500-1600;;TWN;Sound of Hope;M;FE;;1;;
11120;1600-1700;;TWN;Sound of Hope;M;FE;;1;;
11120;2200-2300;;TWN;Sound of Hope;M;FE;;1;;
11120;2300-2400;;TWN;Sound of Hope;M;FE;;1;;
11128;1000-1010;Su;RUS;E06 Russian Spy Numbers;E;RUS;or;1;0104;3004
11128;1330-1340;Sa;RUS;E06 Russian Spy Numbers;E;RUS;or;1;0105;3105
11150;2200-1700;;CHN;CNR1 Jammer/Firedrake;M;FE;;1;;[1220]
11150;0000-0100;;TWN;Sound of Hope;M;FE;;1;;[1223]
11150;0100-0200;;TWN;Sound of Hope;M;FE;;1;;[0223]
11150;0200-1200;;TWN;Sound of Hope;M;FE;;1;;[0925]
11150;1200-1300;;TWN;Sound of Hope;M;FE;;1;;[0125]
11150;1300-1400;;TWN;Sound of Hope;M;FE;;1;;
11150;1400-1500;;TWN;Sound of Hope;M;FE;;1;;[0525]
11150;1500-1600;;TWN;Sound of Hope;M;FE;;1;;
11150;1600-1700;;TWN;Sound of Hope;M;FE;;1;;[1225]
11150;2200-2300;;TWN;Sound of Hope;M;FE;;1;;[0226]
11150;2300-2400;;TWN;Sound of Hope;M;FE;;1;;
11168;1450-1500;Th,Sa;RUS;E07 Russian Spy Numbers;E;RUS;m;1;0102;2802
11175;0000-2400;;USA;US Air Force Messages;E;NAm;;1;;[0726]
11184;0000-2400;;ISL;Reykjavik HFDL (ID3);-HF;NAO;r;1;;
11232;0000-2400;;CAN;Trenton Military;E;NAm;tr;1;;[0223]
11253;0000-2400;;G;RAF Volmet Military 1;E;Eu;ic;1;;[0726]
11276;0000-2400;;IRL;Shannon Aeradio J;E;NAO;s;1;;
11279;0000-2400;;CAN;Gander Radio;E;NAO;g;1;;[0525]
11279;0000-2400;;IRL;Shannon Aeradio D;E;NAO;s;1;;
11279;0000-2400;;UZB;Tashkent Volmet x20,x50;R;CAs;a;1;;[0517]
11282;0000-2400;;USA;San Francisco Radio CEP;E;EOc;dx;1;;[1124]
11285;0000-2400;;CLN;Colombo Radio;E;SAs;;1;;[1118]
11285;0000-2400;;IND;Chennai Radio;E;SAs;;1;;[0918]
11297;0300-1500;;RUS;Rostov Volmet x25,55;R;CIS;rv;1;;[0924]
11300;0000-2400;;SEY;Seychelles Control;E;SEY;mh;1;;[0626]
11300;0000-0100;;TWN;Sound of Hope;M;FE;;1;;
11300;0100-0200;;TWN;Sound of Hope;M;FE;;1;;
11300;0200-1200;;TWN;Sound of Hope;M;FE;;1;;
11300;1200-1300;;TWN;Sound of Hope;M;FE;;1;;
11300;1300-1400;;TWN;Sound of Hope;M;FE;;1;;
11300;1400-1500;;TWN;Sound of Hope;M;FE;;1;;
11300;1500-1600;;TWN;Sound of Hope;M;FE;;1;;
11300;1600-1700;;TWN;Sound of Hope;M;FE;;1;;
11300;2100-2130;;TWN;Sound of Hope;M;FE;;1;;
11300;2130-2200;;TWN;Sound of Hope;M;FE;;1;;
11300;2200-2300;;TWN;Sound of Hope;M;FE;;1;;
11300;2300-2400;;TWN;Sound of Hope;M;FE;;1;;
11306;0000-2400;;GUM;Agana Guam HFDL (ID16);-HF;WOc;h;1;;
11309;0000-2400;;AZR;Santa Maria Radio E;E;NAO;sm;1;;[0525]
11309;0000-2400;;USA;New York Radio;E;NAO;bg;1;;[0918]
11312;0000-2400;;HWA;Moloka'i HFDL (ID2);-HF;Oc;m;1;;[1021]
11318;0000-2400;;BOL;Santa Cruz HFDL (ID13);-HF;SAm;sz;1;;
11318;2300-1100;;RUS;Novosibir Volmet x07,37;R;CIS;nv;1;;[0822]
11318;0200-1400;;RUS;Samara Volmet x15,45;R;CIS;sv;1;;[0326]
11318;0300-1500;;RUS;Syktyvkar Volmet x00,30;R;CIS;sy;1;;[0518]
11321;0000-2400;;AFS;Johannesburg HFDL (ID8);-HF;SAf;j;1;;[0420]
11327;0000-2400;;USA;San Francisco HFDL(ID1);-HF;WNA;dx;1;;
11330;0000-2400;;USA;New York Radio;E;Car;bg;1;;[0323]
11336;0000-2400;;CAN;Gander Radio C;E;NAO;g;1;;[1019]
11336;0000-2400;;IRL;Shannon Aeradio C;E;NAO;s;1;;
11336;0000-2400;;ISL;Iceland Radio C;E;NAO;;1;;
11342;0000-2400;;USA;New York Radio;E;NAO;bg;1;;
11342;0000-2400;;USA;San Francisco R. LDOC;E;Oc;dx;1;;
11348;0000-2400;;CNR;Canarias HFDL (ID17);-HF;WAf;gc;1;;[1119]
11348;0000-2400;;HWA;Moloka'i HFDL (ID2);-HF;Oc;m;1;;
11354;0000-2400;;ALS;Barrow HFDL (ID9);-HF;NOc;ba;1;;
11360;0000-2400;;RUS;AF Transport Davlenie;R;EEu;tc;1;;
11360;0000-2400;;RUS;AF Transport Kasta;R;EEu;to;1;;
11360;0000-2400;;RUS;AF Transport Klarnetist;R;EEu;to;1;;
11360;0000-2400;;RUS;AF Transport Korsar;R;EEu;m;1;;
11360;0000-2400;;RUS;AF Transport Magnetron;R;EEu;sc;1;;
11360;0000-2400;;RUS;AF Transport Polis;R;EEu;o2;1;;
11360;0000-2400;;RUS;AF Transport Proselok;R;EEu;ps;1;;
11363;0000-2400;;IRL;Shannon Aeradio H;E;NAO;s;1;;
11369;0000-2400;;ARG;Ezeiza Volmet x01;S;SAm;e;1;;
11384;0000-2400;;IRL;Shannon HFDL (ID7);-HF;NAO;s;1;;
11384;0000-2400;;J;Naha Radio CWP;E;WOc;nh;1;;[0117]
11384;0000-2400;;USA;San Francisco Radio CWP;E;WOc;/GUM-b;1;;
11384;0000-2400;;USA;San Francisco Radio CWP;E;WOc;/HWA-m;1;;
11387;0000-2400;;AUS;Australia Volmet x00,30;E;Oc;at;1;;[0726]
11387;0305-1240;;IND;Kolkata Volmet x05,x35;E;SAs;kv;1;;[0314]
11387;0325-1300;;IND;Mumbai Volmet x25,x55;E;SAs;mv;1;;[0122]
11387;2250-1225;;SNG;SingaporeVolmet x20,x50;E;SAs;v;1;;[0125]
11387;0010-1045;;THA;Bangkok Volmet x10,x40;E;SAs;bv;1;;[0526]
11387;0000-2400;;USA;Riverhead HFDL (ID4);-HF;ENA;rh;1;;
11396;0000-2400;;USA;New York Radio;E;NAO;bg;1;;[1225]
11404;0210-0220;Mo;RUS;E06 Russian Spy Numbers;E;RUS;c;1;0105;3105
11410;2100-1700;;CHN;CNR1 Jammer/Firedrake;M;FE;;1;;[0222]
11410;0000-0100;;TWN;Sound of Hope;M;FE;;1;;[1223]
11410;0100-0200;;TWN;Sound of Hope;M;FE;;1;;
11410;0200-1200;;TWN;Sound of Hope;M;FE;;1;;[1225]
11410;1200-1300;;TWN;Sound of Hope;M;FE;;1;;[1122]
11410;1300-1400;;TWN;Sound of Hope;M;FE;;1;;
11410;1400-1500;;TWN;Sound of Hope;M;FE;;1;;
11410;1500-1600;;TWN;Sound of Hope;M;FE;;1;;
11410;1600-1700;;TWN;Sound of Hope;M;FE;;1;;
11410;2100-2130;;TWN;Sound of Hope;M;FE;;1;;
11410;2130-2200;;TWN;Sound of Hope;M;FE;;1;;
11410;2200-2300;;TWN;Sound of Hope;M;FE;;1;;
11410;2300-2400;;TWN;Sound of Hope;M;FE;;1;;
11420;1400-1410;Tu,Fr;POL;S11a Polish Spy Numbers;R;;p;1;0103;3004[0425]
11420;1400-1410;Tu,Fr;POL;S11a Polish Spy Numbers;R;;p;1;0109;3110
11426;0210-0220;Mo;RUS;E06 Russian Spy Numbers;E;RUS;c;1;0109;3009
11430;1300-1400;;TWN;Star-Star Bc.Station;M;CHN;y;1;;[0825]
11431;1140-1150;Tu,Fr;RUS;E07 Russian Spy Numbers;E;RUS;m;1;0109;3009
11440;2000-1700;;CHN;CNR1 Jammer/Firedrake;M;FE;;1;;[0422]
11440;0000-0100;;TWN;Sound of Hope;M;FE;;1;;
11440;0100-0200;;TWN;Sound of Hope;M;FE;;1;;
11440;0200-1200;;TWN;Sound of Hope;M;FE;;1;;[0925]
11440;1200-1300;;TWN;Sound of Hope;M;FE;;1;;[0222]
11440;1300-1400;;TWN;Sound of Hope;M;FE;;1;;[0222]
11440;1400-1500;;TWN;Sound of Hope;M;FE;;1;;[0621]
11440;1500-1600;;TWN;Sound of Hope;M;FE;;1;;
11440;1600-1700;;TWN;Sound of Hope;M;FE;;1;;
11440;2000-2100;;TWN;Sound of Hope;M;FE;;1;;
11440;2100-2130;;TWN;Sound of Hope;M;FE;;1;;
11440;2130-2200;;TWN;Sound of Hope;M;FE;;1;;
11440;2200-2300;;TWN;Sound of Hope;M;FE;;1;;
11440;2300-2400;;TWN;Sound of Hope;M;FE;;1;;
11454;0210-0220;Mo;RUS;E06 Russian Spy Numbers;E;RUS;c;1;0104;3004
11460;2100-1700;;CHN;CNR1 Jammer/Firedrake;M;FE;;1;;[0125]
11460;0000-0100;;TWN;Sound of Hope;M;FE;;1;;[1223]
11460;0100-0200;;TWN;Sound of Hope;M;FE;;1;;
11460;0200-1200;;TWN;Sound of Hope;M;FE;;1;;[1224]
11460;1200-1300;;TWN;Sound of Hope;M;FE;;1;;[0125]
11460;1300-1400;;TWN;Sound of Hope;M;FE;;1;;[0222]
11460;1400-1500;;TWN;Sound of Hope;M;FE;;1;;[0125]
11460;1500-1600;;TWN;Sound of Hope;M;FE;;1;;[1123]
11460;1600-1700;;TWN;Sound of Hope;M;FE;;1;;[0822]
11460;2100-2130;;TWN;Sound of Hope;M;FE;;1;;
11460;2130-2200;;TWN;Sound of Hope;M;FE;;1;;
11460;2200-2300;;TWN;Sound of Hope;M;FE;;1;;
11460;2300-2400;;TWN;Sound of Hope;M;FE;;1;;
11472;0210-0220;Mo;RUS;E06 Russian Spy Numbers;E;RUS;c;1;0108;3108
11486;1850-1900;We,Sa;POL;S11a Polish Spy Numbers;R;;p;1;0111;2802[0223]
11487;1300-1310;Sa;RUS;E06 Russian Spy Numbers;E;RUS;or;1;0104;3004
11500;2000-1700;;CHN;CNR1 Jammer/Firedrake;M;FE;;1;;[1123]
11500;0000-0100;;TWN;Sound of Hope;M;FE;;1;;[1223]
11500;0100-0200;;TWN;Sound of Hope;M;FE;;1;;
11500;0200-1200;;TWN;Sound of Hope;M;FE;;1;;[0925]
11500;1200-1300;;TWN;Sound of Hope;M;FE;;1;;[0525]
11500;1300-1400;;TWN;Sound of Hope;M;FE;;1;;
11500;1400-1500;;TWN;Sound of Hope;M;FE;;1;;[0223]
11500;1500-1600;;TWN;Sound of Hope;M;FE;;1;;[1123]
11500;1600-1700;;TWN;Sound of Hope;M;FE;;1;;[0822]
11500;2000-2100;;TWN;Sound of Hope;M;FE;;1;;
11500;2100-2130;;TWN;Sound of Hope;M;FE;;1;;
11500;2130-2200;;TWN;Sound of Hope;M;FE;;1;;
11500;2200-2300;;TWN;Sound of Hope;M;FE;;1;;
11500;2300-2400;;TWN;Sound of Hope;M;FE;;1;;
11508;0740-0750;Su;RUS;V07 Russian Spy Numbers;S;FE;kh;1;0108;3108
11510;1300-1400;;CLA;Free North Korea Radio;K;KRE;/UZB;5;;[0925]
11520;2000-1600;;CHN;CNR1 Jammer/Firedrake;M;CHN;;1;;[0321]
11520;0000-0100;;TWN;Sound of Hope;M;FE;;1;;
11520;0100-0200;;TWN;Sound of Hope;M;FE;;1;;
11520;0200-1200;;TWN;Sound of Hope;M;FE;;1;;[1224]
11520;1200-1300;;TWN;Sound of Hope;M;FE;;1;;[0125]
11520;1300-1400;;TWN;Sound of Hope;M;FE;;1;;[0824]
11520;1400-1500;;TWN;Sound of Hope;M;FE;;1;;[0125]
11520;1500-1600;;TWN;Sound of Hope;M;FE;;1;;
11520;1600-1700;;TWN;Sound of Hope;M;FE;;1;;
11520;2100-2130;;TWN;Sound of Hope;M;FE;;1;;
11520;2130-2200;;TWN;Sound of Hope;M;FE;;1;;
11520;2200-2300;;TWN;Sound of Hope;M;FE;;1;;
11520;2300-2400;;TWN;Sound of Hope;M;FE;;1;;
11521;0400-0410;Th;RUS;E06 Russian Spy Numbers;E;RUS;c;1;0109;3009
11528;0210-0220;Mo;RUS;E06 Russian Spy Numbers;E;RUS;c;1;0110;3110
11530;1400-1500;Mo-Fr;USA;Trans World Radio;K;FE;/UZB;1;2806;
11535;2000-1600;;CHN;CNR1 Jammer/Firedrake;M;CHN;;1;;[0424]
11535;0000-0100;;TWN;Sound of Hope;M;FE;;1;;
11535;0100-0200;;TWN;Sound of Hope;M;FE;;1;;
11535;0200-1200;;TWN;Sound of Hope;M;FE;;1;;[0724]
11535;1200-1300;;TWN;Sound of Hope;M;FE;;1;;[1122]
11535;1300-1400;;TWN;Sound of Hope;M;FE;;1;;
11535;1400-1500;;TWN;Sound of Hope;M;FE;;1;;
11535;1500-1600;;TWN;Sound of Hope;M;FE;;1;;
11535;2000-2100;;TWN;Sound of Hope;M;FE;;1;;
11535;2100-2130;;TWN;Sound of Hope;M;FE;;1;;
11535;2130-2200;;TWN;Sound of Hope;M;FE;;1;;
11535;2200-2300;;TWN;Sound of Hope;M;FE;;1;;
11535;2300-2400;;TWN;Sound of Hope;M;FE;;1;;
11540;1230-1330;;USA;VoA Radio Ashna;DR;AFG;/KWT;6;0807;0807
11540;1330-1400;;USA;VoA Radio Ashna;DR;AFG;/KWT;6;2805;2510
11540;1400-1430;;USA;VoA Radio Ashna;DR;AFG;/KWT;0;;
11540;1430-1500;;USA;VoA Radio Ashna;PS;AFG;/KWT;0;;
11540;1500-1530;;USA;VoA Radio Ashna;DR;AFG;/KWT;0;;
11540;1530-1600;;USA;VoA Radio Ashna;PS;AFG;/KWT;0;;
11540;1600-1630;;USA;VoA Radio Ashna;DR;AFG;/KWT;0;;
11540;1630-1700;;USA;VoA Radio Ashna;PS;AFG;/KWT;0;;
11540;1700-1730;;USA;VoA Radio Ashna;DR;AFG;/KWT;0;;
11550;0000-0100;;TWN;Sound of Hope;M;FE;;1;;[1223]
11550;0100-0200;;TWN;Sound of Hope;M;FE;;1;;
11550;0200-1200;;TWN;Sound of Hope;M;FE;;1;;[0925]
11550;1200-1300;;TWN;Sound of Hope;M;FE;;1;;[0525]
11550;1300-1400;;TWN;Sound of Hope;M;FE;;1;;[0824]
11550;1400-1500;;TWN;Sound of Hope;M;FE;;1;;[0223]
11550;2100-2130;;TWN;Sound of Hope;M;FE;;1;;
11550;2130-2200;;TWN;Sound of Hope;M;FE;;1;;
11550;2200-2300;;TWN;Sound of Hope;M;FE;;1;;
11550;2300-2400;;TWN;Sound of Hope;M;FE;;1;;
11550;1330-1415;Sa;USA;Trans World Radio;VN;SEA;/PHL-i;1;;[0126]
11557;0210-0220;Mo;RUS;E06 Russian Spy Numbers;E;RUS;c;1;0106;3006
11559;1205-1215;Tu,We;POL;E11 Polish Spy Numbers;E;;p;1;0111;2802
11559;0445-0455;Tu,Th;POL;S11a Polish Spy Numbers;R;;p;1;0111;2802
11560;1400-1500;;CLA;North Korea Reform R.;K;KRE;/UZB;5;;[0526]
11560;2000-2100;;CLA;North Korea Reform R.;K;KRE;/UZB;5;;[0625]
11560;1500-1530;Su-Th;USA;Trans World Radio;K;FE;/UZB;0;;
11560;1530-1700;;USA;Trans World Radio;K;FE;/UZB;0;;
11567;0210-0220;Mo;RUS;E06 Russian Spy Numbers;E;RUS;c;1;0103;3103
11574;1410-1420;Th,Sa;RUS;E07 Russian Spy Numbers;E;RUS;m;1;0111;3011
11575;1130-1400;;USA;Radio Farda;FS;IRN;/KWT;6;1706;1706
11575;0600-0630;Tu,Th;USA;Voice of America;E;SEA;/THA-u;6;1606;2510
11575;1400-1430;;USA;VoA Radio Ashna;DR;AFG;/KWT;0;;
11575;1430-1500;;USA;VoA Radio Ashna;PS;AFG;/KWT;0;;
11575;1500-1530;;USA;VoA Radio Ashna;DR;AFG;/KWT;0;;
11575;1530-1600;;USA;VoA Radio Ashna;PS;AFG;/KWT;0;;
11575;1600-1630;;USA;VoA Radio Ashna;DR;AFG;/KWT;0;;
11575;1630-1700;;USA;VoA Radio Ashna;PS;AFG;/KWT;0;;
11575;1700-1730;;USA;VoA Radio Ashna;DR;AFG;/KWT;0;;
11575;1730-1800;;USA;VoA Radio Ashna;PS;AFG;/KWT;0;;
11580;2100-1600;;CHN;CNR1 Jammer/Firedrake;M;FE;;1;;[1220]
11580;0000-0100;;TWN;Sound of Hope;M;FE;;1;;[1123]
11580;0100-0200;;TWN;Sound of Hope;M;FE;;1;;
11580;0200-1200;;TWN;Sound of Hope;M;FE;;1;;[1025]
11580;1200-1300;;TWN;Sound of Hope;M;FE;;1;;[0125]
11580;1300-1400;;TWN;Sound of Hope;M;FE;;1;;[0824]
11580;1400-1500;;TWN;Sound of Hope;M;FE;;1;;[0125]
11580;1500-1600;;TWN;Sound of Hope;CA;FE;;1;;
11580;2100-2130;;TWN;Sound of Hope;M;FE;;1;;
11580;2130-2200;;TWN;Sound of Hope;M;FE;;1;;
11580;2200-2300;;TWN;Sound of Hope;M;FE;;1;;
11580;2300-2400;;TWN;Sound of Hope;M;FE;;1;;
11581;0315-0325;Mo,We;POL;E11 Polish Spy Numbers;E;;p;1;0103;3004
11585;0900-1100;;CHN;CNR1 Jammer/Firedrake;M;FE;;0;;
11585;0900-1100;;USA;Voice of America;M;FE;/PHL-t;0;;
11590;2100-2400;;CHN;CNR1 Jammer/Firedrake;M;FE;;6;0405;2510
11590;2200-2230;;CHN;CNR1 Jammer/Firedrake;M;FE;;6;2903;2604
11590;2200-2400;;CHN;CNR1 Jammer/Firedrake;M;FE;;6;2704;0305
11590;1130-1500;;USA;Voice of America;M;FE;/PHL-t;6;1706;1706
11590;1300-1400;;USA;Voice of America;M;FE;/KWT;6;1906;1906
11590;1500-1600;;USA;Voice of America;M;FE;/KWT;6;0407;0407
11590;2100-2400;;USA;Voice of America;M;FE;/KWT;6;0405;2510
11590;2200-2230;;USA;Voice of America;M;FE;/KWT;6;2903;2604
11590;2200-2400;;USA;Voice of America;M;FE;/KWT;6;2704;0305
11593;1410-1420;Th,Sa;RUS;E07 Russian Spy Numbers;E;RUS;m;1;0101;3101[0120]
11600;1545-1600;;CAN;Bible Voice;A;ME;/BUL-s;0;;
11600;1600-1615;Fr;CAN;Bible Voice;A;ME;/BUL-s;0;;
11600;0000-0600;;CHN;CNR 2 China Business R.;M;CHN;x;4;;
11600;0600-0900;Th-Tu;CHN;CNR 2 China Business R.;M;CHN;x;4;;[0321]
11600;0900-1100;;CHN;CNR 2 China Business R.;M;CHN;x;4;;[0324]
11600;2100-1600;;CHN;CNR1 Jammer/Firedrake;M;CHN;;1;;[0125]
11600;1300-1400;;PHL;FEBC Manila;M;FE;b;1;;[0626]
11600;1400-1600;;PHL;FEBC Manila;M;FE;i;1;;[0826]
11600.1;0000-0100;;TWN;Sound of Hope;M;FE;;1;;[1223]
11600.1;0100-0200;;TWN;Sound of Hope;M;FE;;1;;
11600.1;0200-1200;;TWN;Sound of Hope;M;FE;;1;;[0125]
11600.1;1200-1300;;TWN;Sound of Hope;M;FE;;1;;[0521]
11600.1;1300-1400;;TWN;Sound of Hope;M;FE;;1;;
11600.1;1400-1500;;TWN;Sound of Hope;M;FE;;1;;
11600.1;1500-1600;;TWN;Sound of Hope;CA;FE;;1;;
11600.1;2100-2130;;TWN;Sound of Hope;M;FE;;1;;
11600.1;2130-2200;;TWN;Sound of Hope;M;FE;;1;;
11600.1;2200-2300;;TWN;Sound of Hope;M;FE;;1;;
11600.1;2300-2400;;TWN;Sound of Hope;M;FE;;1;;
11600;0400-0500;;USA;Brother Stair;E;Eu;/BUL-s;1;;[0925]
11600;1600-1700;;USA;Brother Stair;E;Eu;/BUL-s;1;;[0726]
11605;1100-1200;;CHN;China National Radio;M;CHN;d;5;;
11605;1100-1200;;TWN;Radio Taiwan Int.;M;FE;p;5;;
11610;1300-1400;;CHN;China Radio Int.;BE;SAs;k;0;;
11610;1400-1500;;CHN;China Radio Int.;BE;SAs;k;0;;
11610;1500-1600;;CHN;China Radio Int.;E;NAf;ka;0;;
11610;1600-1700;;CHN;CNR1 Jammer/Firedrake;M;FE;;0;;
11610;0000-0600;;CHN;CNR 2 China Business R.;M;CHN;B;4;;
11610;0600-0900;Th-Tu;CHN;CNR 2 China Business R.;M;CHN;B;1;;[0222]
11610;0900-1100;;CHN;CNR 2 China Business R.;M;CHN;B;4;;
11610;0900-1300;;CHN;CNR 2 China Business R.;M;CHN;B;5;;[0521]
11610;2300-0600;;CHN;CNR 2 China Business R.;M;CHN;B;5;;
11610;2100-2200;;MDG;MWV The Light of Life;M;WEu;m;1;;[1125]
11610;2200-2300;;MDG;MWV Radio Feda;A;NAf;m;1;;[0126]
11610;1900-2000;Su;USA;Follow the Bible Min.;F;Af;/G-w;6;0106;2510[0626]
11610;1600-1700;;USA;Voice of America;TB;FE;/KWT;0;;
11615;2000-2100;Tu,Th;D;Music 4 Joy DIGITAL;;WAf;n;0;;
11615;1100-1200;;TWN;Radio Taiwan Int.;M;FE;;6;2406;2406
11616;0400-0410;Mo-Fr;RUS;S06 Russian Spy Numbers;R;FE;kh;1;;
11620;1000-1100;;CHN;China Radio Int.;J;FE;x;0;;
11620;1100-1200;;CHN;China Radio Int.;J;FE;x;0;;
11620;1200-1300;;CHN;China Radio Int.;J;FE;x;0;;
11620;2300-2400;;CHN;China Radio Int.;VN;SEA;b;0;;
11620;1300-1605;;CHN;CNR 2 China Business R.;M;CHN;k;6;1105;1505
11620;2055-2300;;CHN;CNR 2 China Business R.;M;CHN;k;6;1105;1505
11620;0000-0600;;CHN;CNR5 Cross-Strait Radio;M;TWN;B;1;;[0225]
11620;0600-0900;Th-Tu;CHN;CNR5 Cross-Strait Radio;M;TWN;B;1;;[1124]
11620;0900-1000;;CHN;CNR5 Cross-Strait Radio;M;TWN;B;1;;
11620;0000-0100;;ROU;Radio Romania Int.;E;ENA;t;0;;
11620;0100-0200;;ROU;Radio Romania Int.;F;ENA;t;0;;
11620;0300-0400;;ROU;Radio Romania Int.;E;WNA;t;0;;
11625;1900-2200;;J;NHK Radio Japan;J;ME;y;6;2903;3107
11630;0600-0800;We-Mo;CHN;China National Radio 17;KZ;CHN;L;1;;
11630;0800-0900;We-Mo;CHN;China National Radio 17;M;CHN;L;1;;
11630;0900-1200;;CHN;China National Radio 17;KZ;CHN;L;1;;[0425]
11630;1200-1500;;CHN;China National Radio 17;KZ;CHN;L;5;;[0526]
11630;1500-1600;;CHN;China National Radio 17;M;CHN;L;5;;
11630;1600-1805;;CHN;China National Radio 17;KZ;CHN;L;5;;[0526]
11630;2355-0600;;CHN;China National Radio 17;KZ;CHN;L;1;;[0526]
11630;1400-1430;;S;IBRA Radio;TIG;EAf;/UAE;0;;
11632;0210-0220;Mo;RUS;E06 Russian Spy Numbers;E;RUS;c;1;0107;3107
11635;1000-1100;;CHN;China Radio Int.;E;Sib;b;0;;
11635;1800-1900;;KRE;Voice of Korea;F;ME;u;1;;[1024]
11635;1900-2000;;KRE;Voice of Korea;E;ME;u;1;;[0726]
11635;2000-2050;;KRE;Voice of Korea KCBS;K;ME;u;1;;[0625]
11635;2100-2200;;KRE;Voice of Korea;M;FE;u;1;;[0623]
11635;2200-2300;;KRE;Voice of Korea;M;FE;u;1;;[0522]
11635;2300-2350;;KRE;Voice of Korea KCBS;K;FE;u;1;;
11638;0000-2400;irr;D;DWD Polarstern Fax/RTTY;;Eu;pi;1;;[1016]
11640;0200-0300;;CHN;China Radio Int.;BE;SAs;k;0;;
11640;0300-0400;;CHN;China Radio Int.;HI;SAs;ka;0;;
11640;0600-0630;;CHN;CRI DIGITAL;M;Oc;k;0;;
11640;0700-0800;;CHN;China Radio Int.;CA;FE;j;0;;
11640;0800-0900;;CHN;China Radio Int.;M;FE;j;0;;
11640;1200-1300;;CHN;China Radio Int.;VN;SEA;x;0;;
11640;1430-1500;;CHN;China Radio Int.;TAG;PHL;n;0;;
11640;1800-1830;;CHN;China Radio Int.;HA;NIG;/MLI;0;;
11640;1830-1930;;CHN;China Radio Int.;A;EAf;/MLI;0;;
11640;1930-2000;;CHN;China Radio Int.;P;EAf;/MLI;0;;
11640;2000-2100;;CHN;China Radio Int.;E;EAf;/MLI;0;;
11640;2100-2130;;CHN;China Radio Int.;E;EAf;/MLI;0;;
11640;0430-0500;;HOL;Radio Dabanga;SUD;SDN;/MDG;0;;
11640;1700-1800;;HOL;Radio Dabanga;SUD;SDN;/MDG;8;;
11640;0330-0400;;HOL;Radio Tamazuj;SUD;SSD;/MDG;8;;
11640;0400-0430;Tu-Fr;HOL;Radio Tamazuj;SUD;SSD;/CVA;6;1606;2510
11640;1420-1520;;IRN;IRIB Voice of I.R.Iran;HI;SAs;s;0;;
11640;1520-1620;;IRN;IRIB Voice of I.R.Iran;E;SAs;s;0;;
11640;1620-1650;;IRN;IRIB Voice of I.R.Iran;BE;SAs;s;0;;
11640;1700-1800;Test;XUU;Unknown Station;TIG;EAf;/MDG;6;1505;2410
11645;1520-1620;;IRN;IRIB Voice of I.R.Iran;E;SAs;s;0;;
11645;1500-1600;;KRE;Voice of Korea;A;ME;u;1;;[0226]
11645;1600-1700;;KRE;Voice of Korea;E;ME;u;1;;[1025]
11645;1700-1800;;KRE;Voice of Korea;A;ME;u;1;;[0425]
11650;1030-1045;Tu-Th;AUS;Reach Beyond Australia;K;FE;ku;0;;
11650;1030-1100;Fr-Mo;AUS;Reach Beyond Australia;K;FE;ku;0;;
11650;1045-1100;Tu-Th;AUS;Reach Beyond Australia;E;FE;ku;0;;
11650;0100-0200;;CHN;China Radio Int.;M;PAK;u;0;;
11650;0200-0300;;CHN;China Radio Int.;UR;SAs;ka;0;;
11650;0400-0500;;CHN;China Radio Int.;VN;SEA;k;0;;
11650;0500-0600;;CHN;China Radio Int.;VN;SEA;k;0;;
11650;1100-1300;;CHN;China Radio Int.;E;PAK;u;0;;
11650;1300-1400;;CHN;China Radio Int.;EO;SEA;b;0;;
11650;1400-1500;;CHN;China Radio Int.;AM;SEA;k;0;;
11650;1700-1800;;CHN;China Radio Int.;EO;Eu;x;0;;
11650;1800-2000;;CHN;China Radio Int.;D;WEu;u;0;;
11650;0530-0600;;ROU;Radio Romania Int.;E;WEu;t;0;;
11650;2200-2300;;ROU;Radio Romania Int.;E;FE;t;0;;
11655;0600-0615;;CAN;Bible Voice;A;NAf;/D-n;0;;
11655;1500-1520;;J;NHK Radio Japan;BE;SAs;y;0;;
11655;1530-1550;;J;NHK Radio Japan;HI;SAs;y;0;;
11655;1600-1630;;S;IBRA Radio Ibrahim;AFA;EAf;/UAE;1;;[1025]
11660;1400-1500;;CHN;China Radio Int.;UR;SAs;k;0;;
11660;1730-1830;;CHN;China Radio Int.;M;Eu;s;0;;
11660;2030-2230;;CHN;China Radio Int.;F;SEu;ka;0;;
11660;0000-0100;;CHN;CNR1 Jammer/Firedrake;M;FE;;0;;
11660;0100-0600;;CHN;CNR 2 China Business R.;M;CHN;x;1;;
11660;0600-0900;Th-Tu;CHN;CNR 2 China Business R.;M;CHN;x;1;;
11660;0900-1100;;CHN;CNR 2 China Business R.;M;CHN;x;5;;
11660;1930-2000;Sa-Th;G;BBC;HA;WAf;/ASC;0;;
11660;1930-2030;Fr;G;BBC;HA;WAf;/ASC;0;;
11660;1100-1120;;J;NHK Radio Japan;K;FE;y;0;;
11660;1120-1140;;J;NHK Radio Japan;M;FE;y;0;;
11660;1140-1200;;J;NHK Radio Japan;K;FE;y;0;;
11660;1200-1220;;J;NHK Radio Japan;M;FE;y;0;;
11660;1220-1240;;J;NHK Radio Japan;K;FE;y;0;;
11660;1240-1300;;J;NHK Radio Japan;M;FE;y;0;;
11660;1300-1320;;J;NHK Radio Japan;K;FE;y;0;;
11660;1320-1340;;J;NHK Radio Japan;M;FE;y;0;;
11660;1340-1350;;J;NHK Radio Japan;K;FE;y;0;;
11660;1630-1645;SaSu;SWZ;Trans World Radio;KAM;ETH;;4;;
11660;1630-1715;Mo-Fr;SWZ;Trans World Radio;AH;ETH;;4;;[0226]
11660;1645-1730;Su;SWZ;Trans World Radio;OO;ETH;;4;;
11660;1715-1800;Mo-Fr;SWZ;Trans World Radio;SID;ETH;;4;;[0126]
11660;1630-1730;;TUR;Voice of Turkey;E;PAK;e;0;;
11660;1900-1930;Su;USA;Follow the Bible Min.;E;WAf;/ASC;1;;[0626]
11660;0000-0100;;USA;Voice of America;M;FE;/PHL-t;0;;
11665;1500-1530;;CHN;China Radio Int.;PS;AFG;k;0;;
11665;1530-1600;;CHN;China Radio Int.;PS;AFG;k;0;;
11665;0400-0700;;MLA;RTM Limbang FM;LB;MLA;ka;8;;[0825]
11665;0700-0900;;MLA;RTM Miri FM;KYB;MLA;ka;8;;[0825]
11665;0900-1000;;MLA;RTM Miri FM;KEN;MLA;ka;8;;
11665;1000-1405;;MLA;RTM Wai FM;IB;MLA;ka;8;;[0725]
11665;2230-0400;;MLA;RTM Wai FM;IB;MLA;ka;8;;
11670;0600-0900;Th-Tu;CHN;CNR 2 China Business R.;M;CHN;B;1;;[0222]
11670;0900-1200;;CHN;CNR 2 China Business R.;M;CHN;B;1;;
11670;2230-0600;;CHN;CNR 2 China Business R.;M;CHN;B;5;;
11670;2330-0600;;CHN;CNR 2 China Business R.;M;CHN;B;4;;[1223]
11675;1300-1400;;CHN;China Radio Int.;HI;PAK;u;0;;
11675;1400-1500;;CHN;China Radio Int.;E;PAK;u;0;;
11680;1200-1300;;CHN;China Radio Int.;KH;SEA;n;0;;
11680;1920-2020;;IRN;IRIB Voice of I.R.Iran;E;SAf;s;0;;
11680;1950-1800;;KRE;KCBS Pyongyang;K;KRE;k;1;;[0226]
11680;1800-1900;Test;XUU;Unknown Station;TIG;EAf;/MDG;6;1505;2410
11685;2055-2300;;CHN;China National Radio 8;MO;CHN;qq;1;;
11685;0000-0600;;CHN;China National Radio 11;TB;CHN;as;1;;[0426]
11685;0600-0700;Th-Tu;CHN;China National Radio 11;TB;CHN;as;1;;
11685;0700-0800;Th-Tu;CHN;China National Radio 11;M;CHN;as;1;;
11685;0800-0900;Th-Tu;CHN;China National Radio 11;TB;CHN;as;1;;
11685;0900-1100;;CHN;China National Radio 11;TB;CHN;as;1;;
11685;1100-1300;;CHN;China National Radio 11;TB;CHN;as;5;;
11685;1400-1500;;CHN;China Radio Int.;TAM;SAs;ka;0;;
11685;1500-1600;;CHN;China Radio Int.;TAM;SAs;ka;0;;
11688;0000-2400;;PTR;NAU US Navy;-TY;NAm;i;1;;[0524]
11690;2300-2400;;CHN;China Radio Int.;E;FE;b;0;;
11690;0000-1800;1.Sa;FIN;Scandinavian Weekend R.;FI;Eu;v;5;;[0726]
11690;0000-1900;1.Sa;FIN;Scandinavian Weekend R.;FI;Eu;v;4;;[0324]
11690;2100-2400;1.Fr;FIN;Scandinavian Weekend R.;FI;Eu;v;5;;[0724]
11690;2200-2400;1.Fr;FIN;Scandinavian Weekend R.;FI;Eu;v;4;;
11690;2300-2400;24Dec;FIN;Scandinavian Weekend R.;FI;Eu;v;1;0112;2412
11690;0340-0415;Test;NZL;RNZ Pacific DIGITAL;E;Oc;r;6;0406;0406
11690;1859-1958;Su-Fr;NZL;RNZ Pacific DIGITAL;E;Oc;r;6;2903;0706
11690;1940-1950;Su-Th;NZL;RNZ Pacific DIGITAL;TO;Oc;r;6;2903;0706
11695;1800-2000;;CHN;China Radio Int.;F;CAf;ka;0;;
11695;0100-0900;;CHN;CNR1 DIGITAL;M;CHN;d;1;;[0426]
11695;0000-1100;;CHN;CNR 2 China Business R.;M;CHN;x;1;;[0925]
11700;1530-1600;Sa;EQA;HCJB Voice of Andes;R;Cau;/D-n;5;;
11700;1600-1630;Sa;EQA;HCJB Voice of Andes;CHE;Cau;/D-n;5;;
11700;0400-0500;;F;Radio France Int.;F;EAf;i;0;;
11700;0500-0600;;F;Radio France Int.;F;CAf;i;0;;
11700;0600-0700;;F;Radio France Int.;F;WAf;i;0;;
11700;1200-1230;;ROU;Radio Romania Int.;A;ME;g;0;;
11700;1100-1200;;USA;Adventist World Radio;M;FE;/GUM-a;0;;
11700;2030-2100;;USA;Adventist World Radio;NIG;WAf;/D-n;0;;
11710;0600-0700;;CHN;China Radio Int.;M;SEA;n;0;;
11710;0700-0800;;CHN;China Radio Int.;M;SEA;n;0;;
11710;0800-0900;;CHN;China Radio Int.;E;FE;x;0;;
11710;0900-1000;;CHN;China Radio Int.;E;FE;x;0;;
11710;0100-0230;;CHN;CNR1 Jammer/Firedrake;M;FE;;1;;
11710;1830-1930;Tu,Th;D;Music 4 Joy DIGITAL;;ME;n;0;;
11710;0100-0230;;IND;AIR Akashvani Ext.Sce;TB;Tib;d;1;;
11710;0200-0215;irr;IND;AIR Akashvani Ext.Sce;E;Tib;d;1;;
11710;1220-1320;;IRN;IRIB Voice of I.R.Iran;PS;CAs;s;0;;
11710;1320-1420;;IRN;IRIB Voice of I.R.Iran;KU;ME;s;0;;
11710;1420-1520;;IRN;IRIB Voice of I.R.Iran;BE;SAs;s;0;;
11710;1520-1620;;IRN;IRIB Voice of I.R.Iran;E;SAs;s;0;;
11710;1620-1650;;IRN;IRIB Voice of I.R.Iran;BE;SAs;s;0;;
11710;1650-1820;;IRN;IRIB Voice of I.R.Iran;TU;ME;s;0;;
11710;1000-1100;;KRE;Voice of Korea;E;LAm;u;5;;[0825]
11710;1100-1200;;KRE;Voice of Korea;F;LAm;u;5;;
11710;1200-1250;;KRE;Voice of Korea KCBS;K;LAm;u;5;;[0724]
11710;1300-1400;;KRE;Voice of Korea;E;NAm;u;1;;[0726]
11710;1400-1500;;KRE;Voice of Korea;F;NAm;u;1;;[0125]
11710;1500-1600;;KRE;Voice of Korea;E;NAm;u;1;;[0726]
11710;1600-1700;;KRE;Voice of Korea;F;NAm;u;1;;[0326]
11710;1700-1750;;KRE;Voice of Korea KCBS;K;NAm;u;1;;[1223]
11715;2100-1700;;CHN;CNR1 Jammer/Firedrake;M;FE;;1;;[0626]
11715;0000-0100;;TWN;Sound of Hope;M;FE;;1;;[1223]
11715;0100-0200;;TWN;Sound of Hope;M;FE;;1;;
11715;0200-1200;;TWN;Sound of Hope;M;FE;;1;;[1125]
11715;1200-1300;;TWN;Sound of Hope;M;FE;;1;;[0423]
11715;1300-1400;;TWN;Sound of Hope;M;FE;;1;;[0525]
11715;1400-1500;;TWN;Sound of Hope;M;FE;;1;;[0125]
11715;1500-1600;;TWN;Sound of Hope;M;FE;;1;;[1123]
11715;1600-1700;;TWN;Sound of Hope;M;FE;;1;;[0422]
11715;2100-2130;;TWN;Sound of Hope;M;FE;;1;;
11715;2130-2200;;TWN;Sound of Hope;M;FE;;1;;
11715;2200-2300;;TWN;Sound of Hope;M;FE;;1;;
11715;2300-2400;;TWN;Sound of Hope;M;FE;;1;;
11720;0600-0900;We-Mo;CHN;China National Radio 1;M;CHN;s;4;;[0222]
11720;0900-1100;;CHN;China National Radio 1;M;CHN;s;4;;[0822]
11720;2330-0600;;CHN;China National Radio 1;M;CHN;s;4;;[1122]
11720;1100-1200;;CHN;China Radio Int.;VN;SEA;a;0;;
11720;1200-1300;;CHN;China Radio Int.;VN;SEA;a;0;;
11720;1800-2100;1.Sa;FIN;Scandinavian Weekend R.;FI;Eu;v;2;;[0725]
11720;1820-1920;;IRN;IRIB Voice of I.R.Iran;HA;WAf;s;0;;
11720;1330-1700;;VTN;Voice of Vietnam 3;VN;Oc;s;1;;[0925]
11720;2145-1030;;VTN;Voice of Vietnam 4;VN;Oc;s;1;;[1122]
11720;1030-1330;;VTN;Voice of Vietnam 5;VN;SEA;s;1;;[1125]
11725;0800-0830;Mo-Fr;AUS;ABC Wantok;TP;Oc;/NZL-r;6;2903;0706
11725;1600-1800;;CHN;China Radio Int.;D;Eu;x;0;;
11725;0659-1058;;NZL;RNZ Pacific;E;Oc;r;6;2903;0706
11725;0725-0735;Mo-Fr;NZL;RNZ Pacific;SLM;Oc;r;6;2903;0706
11725;0830-0840;Th;NZL;RNZ Pacific;F;Oc;r;6;2903;0706
11725;1859-1958;;NZL;RNZ Pacific;E;Oc;r;6;0806;2510
11725;1940-1950;Su-Th;NZL;RNZ Pacific;TO;Oc;r;6;0806;2510
11730;0230-0330;;CHN;China Radio Int.;NE;FE;k;0;;
11730;1100-1200;;CHN;CNR1 Jammer/Firedrake;M;FE;;1;;
11730;0000-0200;;G;BBC;E;NIn;/OMA-a;6;0205;2510
11730;0550-0820;;IRN;IRIB Voice of I.R.Iran;DR;CAs;s;0;;
11730;0920-1250;;IRN;IRIB Voice of I.R.Iran;DR;CAs;s;0;;
11730;1400-1500;;ROU;Radio Romania Int.;D;CEu;t;0;;
11730;2300-2400;;ROU;Radio Romania Int.;S;SAm;g;0;;
11730;1100-1200;;TWN;Radio Taiwan Int.;M;FE;s;1;;
11735;0300-0400;;KRE;Voice of Korea;S;LAm;u;1;;
11735;0400-0500;;KRE;Voice of Korea;E;LAm;u;1;;[0125]
11735;0500-0600;;KRE;Voice of Korea;S;LAm;u;1;;[0224]
11735;0600-0700;;KRE;Voice of Korea;F;LAm;u;1;;[0925]
11735;0700-0900;;KRE;Voice of Korea;R;FE;u;1;;[0626]
11735;0900-1000;;KRE;Voice of Korea;K;FE;u;8;;
11735;1000-1100;;KRE;Voice of Korea;E;SEA;u;5;;[0724]
11735;1100-1200;;KRE;Voice of Korea;F;SEA;u;5;;[0422]
11735;1200-1250;;KRE;Voice of Korea KCBS;K;SEA;u;5;;
11735;1300-1400;;KRE;Voice of Korea;M;SEA;u;5;;[0525]
11735;1400-1450;;KRE;Voice of Korea KCBS;K;SEA;u;5;;[0824]
11740;0300-0400;;CHN;China Radio Int.;M;FE;b;0;;
11740;0400-0500;;CHN;China Radio Int.;M;FE;b;0;;
11740;0500-0600;;CHN;China Radio Int.;M;FE;b;0;;
11740;1100-1605;;CHN;CNR 2 China Business R.;M;CHN;L;1;;[0526]
11740;2055-0100;;CHN;CNR 2 China Business R.;M;CHN;L;1;;[1225]
11740;1820-1920;;IRN;IRIB Voice of I.R.Iran;HA;WAf;s;0;;[0526]
11740;1920-2020;;IRN;IRIB Voice of I.R.Iran;E;SAf;s;0;;[0726]
11740;0500-0530;;ROU;Radio Romania Int.;F;WEu;g;0;;
11750.5;0000-2400;;B;Rádio Voz Missionária;P;B;fp;1;;[0726]
11750;0600-0800;We-Mo;CHN;China National Radio 1;M;CHN;s;4;;[0222]
11750;0600-0900;We-Mo;CHN;China National Radio 1;M;CHN;s;5;;[0420]
11750;0900-1000;;CHN;China National Radio 1;M;CHN;s;5;;
11750;2200-0600;;CHN;China National Radio 1;M;CHN;s;1;;[1225]
11750;1100-1200;;CHN;China Radio Int.;M;Oc;b;0;;
11750;1900-2000;;CHN;China Radio Int.;P;SEu;j;0;;
11750;0000-1100;;CHN;CNR 2 China Business R.;M;CHN;n;1;;
11750;1230-1400;;IND;AIR Akashvani Ext.Sce;PS;AFG;b;1;;
11750;1340-1355;irr;IND;AIR Akashvani Ext.Sce;E;AFG;b;1;;
11750;1620-1650;;IRN;IRIB Voice of I.R.Iran;BE;SAs;s;0;;
11750;1400-1430;;PHL;FEBC Manila;LAH;SEA;b;1;;[0126]
11750;1430-1445;Fr-Su;PHL;FEBC Manila;RUM;SEA;b;1;;[0726]
11750;1445-1500;Fr-Su;PHL;FEBC Manila;SHT;SEA;b;1;;[0126]
11750;1800-1900;;ROU;Radio Romania Int.;D;CEu;t;0;;
11750;0900-1000;;TUR;Voice of Turkey;A;ME;e;0;;
11755;1630-1700;;CVA;Radio Vaticana;A;ME;;4;;
11755;1700-1715;;CVA;Radio Vaticana;F;ME;;4;;
11755;1715-1730;;CVA;Radio Vaticana;E;ME;;4;;
11755;1940-2000;;CVA;Radio Vaticana;Ros;ME;;4;;
11760;0000-0600;;CHN;China National Radio 1;M;CHN;s;1;;
11760;0600-0900;We-Mo;CHN;China National Radio 1;M;CHN;s;1;;[0222]
11760;0900-1000;;CHN;China National Radio 1;M;CHN;s;4;;[0220]
11760;0900-1200;;CHN;China National Radio 1;M;CHN;s;5;;[0724]
11760;1200-1300;;CHN;China Radio Int.;E;Oc;k;0;;
11760;1300-1400;;CHN;China Radio Int.;E;Oc;k;0;;
11760;2200-2300;;CHN;China Radio Int.;P;Eu;x;0;;
11760;0000-0100;;CUB;Radio Habana Cuba;E;Am;b;2;;[0626]
11760;0100-0200;;CUB;Radio Habana Cuba;CR;Am;b;2;;[0526]
11760;0232-0332;;CUB;Radio Habana Cuba;E;Am;b;2;;[0626]
11760;0332-0400;;CUB;Radio Habana Cuba;CR;Am;b;2;;[0626]
11760;0400-0430;;CUB;Radio Habana Cuba;CR;Am;b;2;;[0526]
11760;0430-0500;;CUB;Radio Habana Cuba;P;Am;b;2;;[0526]
11760;0500-0700;;CUB;Radio Habana Cuba;S;Am;b;2;;[0326]
11760;0700-0800;;CUB;Radio Habana Cuba;S;Am;b;2;;[0326]
11760;1100-1300;;CUB;Radio Habana Cuba;S;Am;b;2;;[0626]
11760;1300-1500;;CUB;Radio Habana Cuba;S;Am;b;2;;[0526]
11760;1500-1530;Su;CUB;Radio Habana Cuba;EO;Am;b;2;;[0326]
11760;1500-1800;;CUB;Radio Habana Cuba;S;Am;b;2;;[1125]
11760;1800-1830;;CUB;Radio Habana Cuba;F;Am;b;2;;[1125]
11760;1830-1900;;CUB;Radio Habana Cuba;CR;Am;b;2;;[0426]
11760;1900-2000;;CUB;Radio Habana Cuba;E;Am;b;2;;[0426]
11760;2200-2300;;CUB;Radio Habana Cuba;S;Am;b;1;;[0326]
11760;2300-2400;;CUB;Radio Habana Cuba;S;Am;b;1;;[0126]
11765;1400-1500;;CHN;China Radio Int.;E;PAK;u;0;;
11765;1500-1630;;TUR;Voice of Turkey;AFG;AFG;e;0;;
11765;0000-0100;;TWN;Sound of Hope;M;FE;;1;;
11765;0100-0200;;TWN;Sound of Hope;M;FE;;1;;
11765;0200-1200;;TWN;Sound of Hope;M;FE;;1;;
11765;1200-1300;;TWN;Sound of Hope;M;FE;;1;;
11765;1300-1400;;TWN;Sound of Hope;M;FE;;1;;
11765;1400-1500;;TWN;Sound of Hope;M;FE;;1;;
11765;2130-2200;;TWN;Sound of Hope;M;FE;;1;;
11765;2200-2300;;TWN;Sound of Hope;M;FE;;1;;
11765;2300-2400;;TWN;Sound of Hope;M;FE;;1;;
11770;0000-0100;;CHN;China Radio Int.;VN;SEA;b;0;;
11770;0100-0200;;CHN;China Radio Int.;E;SAs;ka;0;;
11770;0100-0200;;CHN;China Radio Int.;M;SEA;n;0;;
11770;0200-0300;;CHN;China Radio Int.;E;SAs;ka;0;;
11770;2000-2100;;CHN;China Radio Int.;E;Eu;x;0;;
11770;2100-2200;;CHN;China Radio Int.;E;Eu;x;0;;
11770;0300-0800;;CHN;PBS Xinjiang;M;CHN;uc;1;;[0925]
11770;0800-1100;We-Mo;CHN;PBS Xinjiang;M;CHN;uc;1;;[1221]
11770;1100-1200;;CHN;PBS Xinjiang;M;CHN;uc;4;;
11770;1200-1400;;CHN;PBS Xinjiang;M;CHN;uc;5;;
11770;1400-1800;;CHN;PBS Xinjiang;M;CHN;uc;5;;[0525]
11770;2300-0300;;CHN;PBS Xinjiang;M;CHN;uc;5;;
11775;1000-1100;;CHN;China National Radio 6;HK;CHN;n;1;;
11775;1100-1200;;CHN;China National Radio 6;M;CHN;n;1;;[1025]
11775;1200-1605;;CHN;China National Radio 6;M;CHN;n;1;;[0526]
11775;2130-1700;;CHN;CNR1 Jammer/Firedrake;M;FE;;1;;[0724]
11774.7;0000-0100;;TWN;Sound of Hope;M;FE;;1;;[1223]
11774.7;0100-0200;;TWN;Sound of Hope;M;FE;;1;;
11774.7;0200-1200;;TWN;Sound of Hope;M;FE;;1;;[0925]
11774.7;1200-1300;;TWN;Sound of Hope;M;FE;;1;;[0423]
11774.7;1300-1400;;TWN;Sound of Hope;M;FE;;1;;
11774.7;1400-1500;;TWN;Sound of Hope;M;FE;;1;;[0424]
11774.7;1500-1600;;TWN;Sound of Hope;M;FE;;1;;[1123]
11774.7;1600-1700;;TWN;Sound of Hope;M;FE;;1;;[0422]
11774.7;2130-2200;;TWN;Sound of Hope;M;FE;;1;;
11774.7;2200-2300;;TWN;Sound of Hope;M;FE;;1;;
11774.7;2300-2400;;TWN;Sound of Hope;M;FE;;1;;[1121]
11780;1600-1700;;ALS;KNLS New Life Station;M;FE;ap;0;;
11780;1700-1800;;ALS;KNLS New Life Station;M;FE;ap;0;;
11780;0150-0155;Tu-Sa;B;Rádio Nacional Amazônia;E;B;b;6;2903;3006[0626]
11780;0155-0200;Tu-Sa;B;Rádio Nacional Amazônia;S;B;b;6;2903;3006[0626]
11780;0625-0207;;B;Rádio Nacional Amazônia;P;B;b;6;2903;3006[0626]
11780;0745-2000;Mo-Fr;B;Rádio Nacional Amazônia;P;B;b;1;0107;
11780;0750-0755;Mo-Fr;B;Rádio Nacional Amazônia;E;B;b;1;;[0426]
11780;0755-0800;Mo-Fr;B;Rádio Nacional Amazônia;S;B;b;1;;[0226]
11780;0900-1800;SaSu;B;Rádio Nacional Amazônia;P;B;b;1;0107;
11780;1020-1025;Mo-Fr;B;Rádio Nacional Amazônia;E;B;b;1;;
11780;1025-1030;Mo-Fr;B;Rádio Nacional Amazônia;S;B;b;1;;
11780;0000-0100;;CHN;China Radio Int.;M;FE;j;0;;
11780;1300-1400;;CHN;China Radio Int.;BR;SEA;k;0;;
11780;1400-1500;;CHN;China Radio Int.;BR;SEA;k;0;;
11785;0000-1300;;CHN;CNR 2 China Business R.;M;CHN;x;1;;
11785;2200-2300;;TUR;Voice of Turkey;E;ENA;e;0;;
11790;1200-1400;;CHN;China Radio Int.;M;EAf;ka;0;;
11790;1500-1600;;CHN;China Radio Int.;R;Eu;u;0;;
11790;1630-1730;;CHN;China Radio Int.;HA;NIG;k;0;;
11790;1730-1830;;CHN;China Radio Int.;HA;NIG;k;0;;
11790;2300-2400;;CHN;China Radio Int.;E;SEA;x;0;;
11790;0430-0500;;F;Radio France Int.;SWA;EAf;i;0;;
11790;0600-0630;;F;Radio France Int.;HA;WAf;i;6;3007;2510
11790;2000-2100;;F;Radio France Int.;F;WAf;i;6;3007;2510
11790;2100-2200;;F;Radio France Int.;F;WAf;i;6;3007;2510
11790;0700-0800;Su;ROU;Radio Romania Int.;RO;ME;g;0;;
11795;1100-1200;;CHN;China Radio Int.;E;SAs;ka;0;;
11795;1000-1100;;KOR;KBS World Radio;E;SAm;k;5;;[0526]
11795;1100-1200;;KOR;KBS World Radio;S;SAm;k;1;;[0326]
11795;1200-1300;;KOR;KBS World Radio;S;SAm;k;5;;[0626]
11800;0030-0600;;CHN;CNR 2 China Business R.;M;CHN;B;4;;
11800;0600-0900;Th-Tu;CHN;CNR 2 China Business R.;M;CHN;B;1;;[0222]
11800;0900-1030;;CHN;CNR 2 China Business R.;M;CHN;B;4;;
11800;0900-1200;;CHN;CNR 2 China Business R.;M;CHN;B;5;;
11800;2300-0600;;CHN;CNR 2 China Business R.;M;CHN;B;5;;
11800;1400-1411;SaSu;J;NHK Radio Japan;E;SEA;y;0;;
11800;1400-1429;Mo-Fr;J;NHK Radio Japan;E;SEA;y;0;;
11800;1430-1450;;J;NHK Radio Japan;BR;SEA;y;0;;
11800;1600-1800;;J;NHK Radio Japan;J;SAs;y;0;;
11800;0000-0100;;ROU;Radio Romania Int.;RO;ENA;g;0;;
11805;1100-1200;1.Su;D;Radio Joystick;D;Eu;/G-w;4;;[1025]
11805;1900-2000;;USA;Adventist World Radio;A;ME;/GUM-a;0;;
11810;0100-0200;;CHN;China National Radio 8;M;CHN;B;1;;[1125]
11810;0200-0500;;CHN;China National Radio 8;MO;CHN;B;1;;
11810;0500-0600;;CHN;China National Radio 8;M;CHN;B;1;;
11810;2055-0100;;CHN;China National Radio 8;MO;CHN;B;1;;[1225]
11810;0100-0200;;KOR;KBS World Radio;J;J;k;1;;
11810;0200-0300;;KOR;KBS World Radio;J;J;k;1;;
11810;0300-0400;;KOR;KBS World Radio;K;SAm;k;1;;
11810;2200-2300;;KOR;KBS World Radio;E;Eu;k;1;;[0426]
11810;1500-1530;;ROU;Radio Romania Int.;R;EEu;t;0;;
11815;0000-2400;;B;Rádio Brasil Central;P;B;go;1;;[0325]
11815;0800-0830;;CHN;CRI DIGITAL;M;Oc;k;0;;
11815;1400-1500;;CHN;China Radio Int.;E;CAs;u;0;;
11815;0400-0600;;CHN;CNR1 Jammer/Firedrake;M;FE;a;1;;
11815;0700-0800;;CHN;CNR1 Jammer/Firedrake;M;FE;b;1;;[0626]
11815;1700-2100;;CLA;Radio Payam;FS;IRN;/G-w;6;1205;3105
11815;1730-2030;;CLA;Radio Payam;FS;IRN;/G-w;6;1504;1105
11815;0440-0500;;CVA;Radio Vaticana;UK;EEu;;5;;
11815;0500-0520;;CVA;Radio Vaticana;R;EEu;;5;;
11815;0605-0700;Su;CVA;Radio Vaticana;UK;UKR;;2;;
11815;1600-1620;;CVA;Radio Vaticana;AR;Cau;;5;;
11815;1620-1640;;CVA;Radio Vaticana;R;CAs;;5;;
11815;1640-1700;;CVA;Radio Vaticana;UK;EEu;;5;;
11815;1000-1600;;J;NHK Radio Japan;J;SEA;y;0;;
11815;0400-0600;;TWN;Radio Taiwan Int.;M;FE;p;1;;
11815;0700-0810;SaSu;TWN;Radio Taiwan Int.;M;FE;p;1;;[0626]
11820;0000-0100;;CHN;China Radio Int.;CA;SEA;x;0;;
11820;0130-0200;;CHN;CRI DIGITAL;M;Oc;k;0;;
11820;0200-0300;;ROU;Radio Romania Int.;S;CAm;g;0;;
11825;1700-1800;;CHN;China Radio Int.;HR;SEu;b;0;;
11825;2100-2200;;CHN;China Radio Int.;HR;SEu;b;0;;
11825;0700-0950;;J;NHK Radio Japan;J;FE;y;0;;
11825;0400-0500;;MDG;MWV African Pathways R.;E;CAf;m;1;;[0726]
11825;1030-1045;Mo-Sa;USA;Trans World Radio;MO;MNG;/UZB;4;;
11825;1045-1100;;USA;Trans World Radio;MO;CHN;/UZB;4;;
11830;0100-0300;;CHN;China Radio Int.;S;SAm;ka;0;;
11830;2300-0100;;CHN;China Radio Int.;S;SAm;ka;0;;
11830;1200-1245;;CLA;Mizzima Radio;BR;SEA;/UZB;4;;
11830;1300-1400;;G;BBC;E;SAs;/OMA-a;0;;
11830;1500-1530;Su-Th;G;BBC;A;ME;/OMA-a;0;;
11830;1400-1500;;J;NHK Radio Japan;J;ME;y;6;2903;3006
11830;0300-0400;;ROU;Radio Romania Int.;E;WNA;g;0;;
11830;1600-1700;;ROU;Radio Romania Int.;F;WEu;g;0;;
11840;0000-2400;irr;B;Rádio Onda Sul, Paraná;P;B;xx;1;;[1025]
11850;0000-1000;;CHN;China National Radio 1;M;CHN;n;1;;
11850;1400-1500;;CHN;CNR1 Jammer/Firedrake;M;FE;;0;;
11850;1620-1650;;IRN;IRIB Voice of I.R.Iran;BE;SAs;s;0;;
11850;1920-2020;;IRN;IRIB Voice of I.R.Iran;E;SAf;s;0;;
11850;1500-1530;;ROU;Radio Romania Int.;R;EEu;t;0;;
11850;1730-1800;Fr-Su;TWN;Radio Taiwan Int.;F;Eu;s;6;0708;3108
11850;1300-1400;;USA;Adventist World Radio;M;FE;/GUM-a;0;;
11850;1400-1500;;USA;Voice of America;TB;FE;/KWT;0;;
11855;1800-1830;Su-Tu;CAN;Bible Voice;FS;ME;/D-n;0;;
11855;2200-2400;;CHN;China Radio Int.;S;SEu;u;0;;
11855;1000-1020;;J;NHK Radio Japan;M;FE;y;0;;
11855;1020-1040;;J;NHK Radio Japan;K;FE;y;0;;
11855;1040-1050;;J;NHK Radio Japan;M;FE;y;0;;
11860;0130-0230;;CHN;China Radio Int.;NE;FE;k;0;;
11860;0300-0600;;CHN;Xizang RTV;M;CHN;t;1;;
11860;0600-0900;We-Mo;CHN;Xizang RTV;M;CHN;t;1;;[1221]
11860;1430-1500;Mo-Fr;G;BBC;K;FE;/UZB;6;1705;2510
11860;1530-1600;Mo-Fr;G;BBC;K;FE;/UZB;6;1705;2510
11860;1900-2050;;J;NHK Radio Japan;J;SAf;y;0;;
11860;1600-1700;;ROU;Radio Romania Int.;F;ISR;g;0;;
11860;1400-0100;;USA;Radio Marti;S;CUB;g;0;;
11865;0000-0100;;CHN;China Radio Int.;E;SEA;x;0;;
11865;1045-1215;;CHN;CNR1 Jammer/Firedrake;M;FE;;1;;
11865;0900-1030;;IND;AIR Akashvani Ext.Sce;NE;NPL;d;1;;[0125]
11865;1045-1215;;IND;AIR Akashvani Ext.Sce;TB;Tib;d;1;;[0425]
11865;1155-1210;irr;IND;AIR Akashvani Ext.Sce;E;Tib;d;1;;
11865;0700-0900;;KRE;Voice of Korea;J;J;u;5;;[0626]
11865;0900-1300;;KRE;Voice of Korea;J;J;u;5;;[0824]
11865;2100-2400;;KRE;Voice of Korea;J;J;u;5;;[0725]
11870;0200-0230;;CHN;China Radio Int.;PS;AFG;ka;0;;
11870;0600-0700;;CHN;China Radio Int.;E;ME;ka;0;;
11870;1400-1500;;CHN;CNR1 Jammer/Firedrake;M;FE;;0;;
11870;1840-1900;;CVA;Radio Vaticana;Ros;WAf;;2;;
11870;1850-2145;4Apr;CVA;Radio Vaticana;E;WAf;;6;0104;0404
11870;1905-2045;3Apr;CVA;Radio Vaticana;E;WAf;;6;0104;0304
11870;2000-2030;;CVA;Radio Vaticana;E;WAf;;1;;
11870;2030-2100;;CVA;Radio Vaticana;F;WAf;;1;;
11870;2100-2130;;CVA;Radio Vaticana;P;WAf;;1;;
11870;0400-0500;irr;F;TDF DIGITAL;F;Af;i;0;;[0726]
11870;1400-1500;;USA;Voice of America;M;FE;/PHL-t;0;;
11875;0800-0900;;ALS;KNLS New Life Station;M;FE;ap;0;;
11875;0900-1000;;ALS;KNLS New Life Station;M;FE;ap;0;;
11875;0000-0100;;CHN;China Radio Int.;MO;MNG;b;0;;
11875;0700-0800;;CHN;China Radio Int.;M;SEA;n;0;;
11875;1000-1100;;CHN;China Radio Int.;CA;Oc;k;0;;
11875;1100-1200;;CHN;China Radio Int.;AM;SEA;k;0;;
11875;1600-1700;;CHN;China Radio Int.;R;EEu;u;0;;
11875;1700-1800;;CHN;China Radio Int.;R;EEu;u;0;;
11875;1800-1830;;G;BBC;F;NAf;w;6;2903;2704
11875;1800-1830;;G;BBC;F;NAf;/UAE;6;2804;0805
11875;1800-1830;;G;BBC;F;NAf;w;6;0905;2705
11875;1800-1830;;G;BBC;F;NAf;/UAE;6;2805;2510
11875;0330-0400;;KEN;Radio Ergo;SO;EAf;/UAE;1;;[0726]
11875;1445-1500;Mo;SWZ;Trans World Radio;SO;EAf;;1;0706;
11875;1500-1530;;SWZ;Trans World Radio;SO;EAf;;1;0706;
11875;1530-1545;Su;SWZ;Trans World Radio;SO;EAf;;1;0706;
11880;0200-0300;;CHN;China Radio Int.;M;SAm;ka;0;;
11880;1600-1700;;CHN;China Radio Int.;HK;SAf;x;0;;
11880;0100-0130;;CUB;Radio Habana Cuba;CR;CAm;;2;2805;
11880;0200-0300;;CUB;Radio Habana Cuba;E;CAm;;2;2805;
11880;0500-0600;;CUB;Radio Habana Cuba;E;CAm;;2;2805;[0626]
11880;0600-1000;;CUB;Radio Habana Cuba;S;CAm;;6;1006;1006
11880;1500-1530;Su;CUB;Radio Habana Cuba;EO;CAm;;2;;[0226]
11880;1500-1800;;CUB;Radio Habana Cuba;S;CAm;;2;;[0426]
11880;1800-1830;Mo-Sa;CUB;Radio Habana Cuba;F;CAm;;2;;[1125]
11880;1800-1830;Su;CUB;Radio Habana Cuba;A;CAm;;2;;[0226]
11880;1830-1900;;CUB;Radio Habana Cuba;CR;CAm;;2;;[0326]
11880;1900-2000;;CUB;Radio Habana Cuba;E;CAm;;2;;[0526]
11880;2000-2030;;CUB;Radio Habana Cuba;F;CAm;;2;;[0126]
11880;2030-2100;;CUB;Radio Habana Cuba;P;CAm;;2;;[1225]
11880;2100-2200;;CUB;Radio Habana Cuba;E;CAm;;2;;[0326]
11880;2200-2300;;CUB;Radio Habana Cuba;S;CAm;;2;;[0126]
11880;1220-1320;;IRN;IRIB Voice of I.R.Iran;PS;CAs;s;0;;
11880;1400-1500;;ROU;Radio Romania Int.;D;CEu;t;0;;
11880;1445-1500;Mo;SWZ;Trans World Radio;SO;EAf;;6;2903;0606
11880;1500-1530;;SWZ;Trans World Radio;SO;EAf;;6;2903;0606[0925]
11880;1530-1545;Su;SWZ;Trans World Radio;SO;EAf;;6;2903;0606[0325]
11885;1000-1200;;CHN;CNR1 Jammer/Firedrake;M;FE;f;1;;[0426]
11885;0200-0300;;CHN;PBS Xinjiang;UI;CHN;uc;5;;[1025]
11885;0300-0800;;CHN;PBS Xinjiang;UI;CHN;uc;1;;[1125]
11885;0800-1100;We-Mo;CHN;PBS Xinjiang;UI;CHN;uc;1;;[1122]
11885;1100-1200;;CHN;PBS Xinjiang;UI;CHN;uc;1;;[0218]
11885;1200-1400;;CHN;PBS Xinjiang;UI;CHN;uc;5;;
11885;1400-1800;;CHN;PBS Xinjiang;UI;CHN;uc;5;;
11885;2300-0200;;CHN;PBS Xinjiang;UI;CHN;uc;5;;[0626]
11885;0000-0100;;J;NHK Radio Japan;J;FE;y;0;;
11885;2200-2400;;J;NHK Radio Japan;J;FE;y;0;;
11885;0100-0400;;MLA;RTM Sabah V FM;M;MLA;ka;1;;[0526]
11885;0400-0700;;MLA;RTM Sabah V FM;E;MLA;ka;1;;[0626]
11885;0700-1100;;MLA;RTM Sabah V FM;BAJ;MLA;ka;1;;[0726]
11885;1100-1300;;MLA;RTM Sabah V FM;LB;MLA;ka;1;;[0426]
11885;1300-1700;;MLA;RTM Sabah V FM;DU;MLA;ka;1;;
11885;1700-1900;;MLA;RTM Sabah V FM;E;MLA;ka;1;;
11885;1900-2000;;MLA;RTM Sabah V FM;LB;MLA;ka;1;;
11885;2000-2030;;MLA;RTM Sabah V FM;BAJ;MLA;ka;1;;
11885;2030-0100;;MLA;RTM Sabah V FM;KAD;MLA;ka;1;;[0426]
11885;1000-1100;;TWN;Radio Taiwan Int.;M;FE;p;1;;
11885;1100-1200;;TWN;Radio Taiwan Int.;M;FE;p;1;;[0125]
11885;1230-1245;;USA;Radio Free Asia;KH;SEA;/TWN-p;0;;[0726]
11885;1600-1630;;VTN;Voice of Vietnam;E;Eu;s;1;;[0526]
11885;1630-1700;;VTN;Voice of Vietnam;R;Eu;s;1;;[1125]
11885;1700-1800;;VTN;Voice of Vietnam;VN;Eu;s;1;;[0426]
11885;1800-1830;;VTN;Voice of Vietnam;S;Eu;s;1;;[0726]
11885;1830-1900;;VTN;Voice of Vietnam;D;Eu;s;1;;[0326]
11885;1900-1930;;VTN;Voice of Vietnam;E;Eu;s;1;;[0726]
11885;1930-2000;;VTN;Voice of Vietnam;F;Eu;s;1;;[0626]
11885;2000-2030;;VTN;Voice of Vietnam;D;Eu;s;1;;[0526]
11885;2030-2100;;VTN;Voice of Vietnam;F;Eu;s;1;;[0126]
11885;2100-2130;;VTN;Voice of Vietnam;S;Eu;s;1;;[0326]
11885;2130-2200;;VTN;Voice of Vietnam;E;Eu;s;1;;[0626]
11895;0500-0600;;CHN;China Radio Int.;E;SAs;ka;0;;
11895;0600-0700;;CHN;China Radio Int.;E;SAs;ka;0;;
11895;0700-0900;;CHN;China Radio Int.;E;SAs;ka;0;;
11895;0900-1000;;CHN;China Radio Int.;M;SEA;n;0;;
11895;1000-1100;;CHN;China Radio Int.;E;Sib;x;0;;
11895;1800-1900;;CHN;China Radio Int.;AM;SEu;x;0;;
11895;1900-2000;;CHN;China Radio Int.;CA;Eu;ka;0;;
11895;2200-2230;;CVA;Radio Vaticana;M;FE;;6;2903;0304
11895;2315-2350;;CVA;Radio Vaticana;VN;SEA;;6;2903;0304
11900;1130-1145;;AUS;Reach Beyond Australia;ROH;MYA;ku;0;;
11900;1145-1200;;AUS;Reach Beyond Australia;BR;MYA;ku;0;;
11900;1200-1230;;AUS;Reach Beyond Australia;NLA;MYA;ku;0;;
11900;1230-1245;Mo,Th;AUS;Reach Beyond Australia;BE;SIn;ku;0;;
11900;1230-1245;Sa;AUS;Reach Beyond Australia;CHG;SIn;ku;0;;
11900;1230-1245;Tu;AUS;Reach Beyond Australia;KUR;SIn;ku;0;;
11900;1230-1245;Su;AUS;Reach Beyond Australia;TAM;SIn;ku;0;;
11900;1230-1245;We;AUS;Reach Beyond Australia;TEL;SIn;ku;0;;
11900;1230-1245;Fr;AUS;Reach Beyond Australia;UR;SIn;ku;0;;
11900;1245-1300;1345;AUS;Reach Beyond Australia;E;SIn;ku;0;;
11900;1245-1300;267;AUS;Reach Beyond Australia;TAM;SIn;ku;0;;
11900;1300-1315;;AUS;Reach Beyond Australia;TAM;SIn;ku;0;;
11900;1315-1330;;AUS;Reach Beyond Australia;KOR;SIn;ku;0;;
11900;1330-1345;;AUS;Reach Beyond Australia;HI;SIn;ku;0;;
11900;1345-1400;;AUS;Reach Beyond Australia;E;SIn;ku;0;;
11900;1400-1430;;AUS;Reach Beyond Australia;BR;MYA;ku;0;;
11900;0000-0100;;CHN;China Radio Int.;M;FE;b;0;;
11900;1600-1700;;CHN;China Radio Int.;E;EAf;j;0;;
11900;2300-2400;;CHN;China Radio Int.;M;FE;b;0;;
11900;0000-0100;;ROU;Radio Romania Int.;E;ENA;t;0;;
11900;0500-0530;;ROU;Radio Romania Int.;F;WEu;g;0;;
11905;0100-0200;;CHN;China National Radio 6;AM;TWN;B;1;;
11905;0200-0500;;CHN;China National Radio 6;AM;TWN;B;1;;
11905;0500-0600;;CHN;China National Radio 6;HK;TWN;B;1;;
11905;0600-0900;Th-Tu;CHN;China National Radio 6;HK;TWN;B;1;;
11905;0900-1000;;CHN;China Radio Int.;E;Oc;j;0;;
11905;1000-1100;;CHN;China Radio Int.;E;Oc;j;0;;
11910;1200-1300;;CHN;China Radio Int.;AM;PHL;b;0;;
11910;1300-1400;;CHN;China Radio Int.;E;PHL;b;0;;
11910;1400-1500;;CHN;China Radio Int.;R;CAs;x;0;;
11910;1600-1700;;CHN;CNR1 Jammer/Firedrake;M;FE;;0;;
11910;2200-2230;;CVA;Radio Vaticana;M;FE;;6;0404;2410
11910;2315-2350;;CVA;Radio Vaticana;VN;SEA;;6;0404;2410
11910;1800-1900;;KRE;Voice of Korea;F;SAf;u;1;;[0526]
11910;1900-2000;;KRE;Voice of Korea;E;SAf;u;1;;[1123]
11910;2000-2050;;KRE;Voice of Korea KCBS;K;SAf;u;1;;[0426]
11910;1600-1700;;USA;Voice of America;TB;FE;/KWT;0;;
11910;0200-0500;;XUU;Unknown Station;-MX;;;6;0507;0507
11915;0030-0600;;CHN;CNR 2 China Business R.;M;CHN;as;1;;[1125]
11915;0600-0900;Th-Tu;CHN;CNR 2 China Business R.;M;CHN;as;1;;[0222]
11915;0900-1000;;CHN;CNR 2 China Business R.;M;CHN;as;1;;
11915;1000-1300;;CHN;CNR 2 China Business R.;M;CHN;as;5;;
11915;1300-1400;;J;NHK Radio Japan;J;ME;y;6;2903;3006
11915;1510-1530;;J;NHK Radio Japan;K;FE;y;0;;
11915;1530-1550;;J;NHK Radio Japan;M;FE;y;0;;
11915;1000-1100;;TWN;Radio Taiwan Int.;IN;INS;p;1;;[0324]
11920;0000-0100;;J;NHK Radio Japan;J;Sib;y;0;;
11920;0430-0450;;J;NHK Radio Japan;R;FE;y;0;;
11920;0540-0600;;J;NHK Radio Japan;R;FE;y;0;;
11925;0300-0400;;CAN;Pop Shop Radio;E;NAm;/G-w;6;0107;0107
11925;1200-1805;;CHN;China National Radio 1;M;CHN;L;5;;[0725]
11925;2023-2330;;CHN;China National Radio 1;M;CHN;L;5;;[0426]
11925;0600-0700;;CHN;China Radio Int.;E;PHL;n;0;;
11930;1300-1400;;CHN;CNR1 Jammer/Firedrake;M;FE;;0;;
11930;1300-0100;;USA;Radio Marti;S;CUB;g;0;;
11930;1300-1400;;USA;Voice of America;M;FE;/PHL-t;0;;
11935;1000-1100;;CHN;China Radio Int.;R;FE;s;0;;
11935;1100-1200;;CHN;China Radio Int.;R;FE;s;0;;
11935;1200-1300;;CHN;China Radio Int.;R;FE;s;0;;
11935;0000-0600;;CHN;CNR5 Cross-Strait Radio;M;TWN;B;1;;
11935;0600-0900;Th-Tu;CHN;CNR5 Cross-Strait Radio;M;TWN;B;1;;
11935;2300-2400;;CHN;CNR5 Cross-Strait Radio;M;TWN;B;5;;
11940;1600-1700;;CHN;China Radio Int.;E;Eu;ka;0;;
11940;2030-2100;;CHN;China Radio Int.;BU;SEE;k;0;;
11940;0200-0300;;ROU;Radio Romania Int.;S;CAm;g;0;;
11945;0100-0200;;CHN;China Radio Int.;AM;SEA;k;0;;
11945;2300-2400;;CHN;China Radio Int.;CA;SEA;k;0;;
11945;1330-1430;Tu,Fr;CLA;Radio Barandazi;FS;IRN;/XUU;1;;
11945;0920-1250;;IRN;IRIB Voice of I.R.Iran;DR;CAs;s;0;;
11945;1420-1520;;IRN;IRIB Voice of I.R.Iran;BE;SAs;s;0;;
11945;0000-0100;;ROU;Radio Romania Int.;RO;ENA;g;0;;
11945;0100-0200;;ROU;Radio Romania Int.;RO;ENA;g;0;;
11950;0000-1200;;CHN;China National Radio;M;CHN;xy;0;;
11950;0300-0600;;CHN;Xizang RTV;M;CHN;t;1;;[1121]
11950;0600-0900;We-Mo;CHN;Xizang RTV;M;CHN;t;1;;[1221]
11950;0000-0200;;CUB;Radio Habana Cuba;S;Car;;1;;[0326]
11950;0000-0600;;CUB;Radio Habana Cuba;E;NAm;b;2;;[0326]
11950;2200-2300;;CUB;Radio Habana Cuba;S;Car;;1;;[0326]
11950;2300-2400;;CUB;Radio Habana Cuba;S;Car;;1;;[0426]
11950;1820-1920;;IRN;IRIB Voice of I.R.Iran;HA;WAf;s;0;;
11950;1920-2020;;IRN;IRIB Voice of I.R.Iran;E;SAf;s;0;;
11955;1130-1200;;CHN;China Radio Int.;TAG;PHL;k;0;;
11955;1200-1230;;CHN;China Radio Int.;TAG;PHL;k;0;;
11955;1230-1330;;CHN;China Radio Int.;ML;INS;k;0;;
11955;1330-1430;;CHN;China Radio Int.;IN;INS;k;0;;
11955;2300-2400;;CHN;China Radio Int.;E;PHL;k;0;;
11955;0200-0300;;G;BBC DIGITAL;E;SAs;/OMA-a;6;2903;1605
11960;0000-0200;;G;BBC;E;NIn;/OMA-a;6;1504;2510
11960;0300-0400;;J;NHK Radio Japan;J;ME;/D-n;0;;
11960;0530-0600;;ROU;Radio Romania Int.;E;WEu;g;0;;
11965;0930-0945;Sa;AUS;Reach Beyond Australia;JV;INS;ku;0;;
11965;0930-1000;Su;AUS;Reach Beyond Australia;IN;INS;ku;0;;
11965;0930-1000;Mo-Fr;AUS;Reach Beyond Australia;MAD;INS;ku;0;;
11965;0945-1100;Sa;AUS;Reach Beyond Australia;IN;INS;ku;0;;
11965;1000-1015;Su;AUS;Reach Beyond Australia;BAL;INS;ku;0;;
11965;1000-1030;Mo-Fr;AUS;Reach Beyond Australia;SUN;INS;ku;0;;
11965;1015-1030;Su;AUS;Reach Beyond Australia;MAD;INS;ku;0;;
11965;1030-1100;Su;AUS;Reach Beyond Australia;E;INS;ku;0;;
11965;1100-1115;Sa;AUS;Reach Beyond Australia;MGO;SLM;ku;0;;
11965;1100-1115;Su;AUS;Reach Beyond Australia;ML;INS;ku;0;;
11965;1130-1145;;AUS;Reach Beyond Australia;ROH;INS;ku;0;;
11965;1600-1700;;CHN;China Radio Int.;E;Eu;ka;0;;
11965;1800-1830;;G;BBC;F;MDG;w;0;;
11965;2100-2300;;J;NHK Radio Japan;J;SEA;y;0;;
11965;2000-2100;;MDG;MWV African Pathways R.;E;CAf;m;1;;[0526]
11965;1300-1400;;TUR;Voice of Turkey;R;EEu;e;0;;
11970;0100-0600;;CHN;CNR 2 China Business R.;M;CHN;x;4;;[0226]
11970;0600-0900;Th-Tu;CHN;CNR 2 China Business R.;M;CHN;x;4;;[0222]
11970;2300-2400;;ROU;Radio Romania Int.;S;SAm;g;0;;
11970;0000-0100;;TWN;Sound of Hope;M;FE;;1;;
11970;0100-0200;;TWN;Sound of Hope;M;FE;;1;;
11970;0200-1200;;TWN;Sound of Hope;M;FE;;1;;
11970;1200-1300;;TWN;Sound of Hope;M;FE;;1;;
11970;1300-1400;;TWN;Sound of Hope;M;FE;;1;;
11970;1400-1500;;TWN;Sound of Hope;M;FE;;1;;
11970;2130-2200;;TWN;Sound of Hope;M;FE;;1;;
11970;2200-2300;;TWN;Sound of Hope;M;FE;;1;;
11970;2300-2400;;TWN;Sound of Hope;M;FE;;1;;
11975;0000-0100;;CHN;China Radio Int.;M;SEA;k;0;;
11975;2130-2230;;CHN;China Radio Int.;F;NAf;/MLI;0;;
11975;2200-1700;;CHN;CNR1 Jammer/Firedrake;M;FE;;1;;[0626]
11975;0305-0530;;CHN;PBS Xinjiang;KG;CHN;uc;5;;[0925]
11975;1005-1230;;CHN;PBS Xinjiang;KG;CHN;uc;5;;[0724]
11975;1700-1800;;ROU;Radio Romania Int.;RO;WEu;g;0;;
11975;1800-1900;;ROU;Radio Romania Int.;RO;WEu;g;0;;
11975;1900-2000;;ROU;Radio Romania Int.;RO;WEu;g;0;;
11975;2000-2030;;ROU;Radio Romania Int.;F;WEu;g;0;;
11975;2030-2100;;ROU;Radio Romania Int.;E;WEu;g;0;;
11975;0000-0100;;TWN;Sound of Hope;M;FE;;1;;[1123]
11975;0100-0200;;TWN;Sound of Hope;M;FE;;1;;[1223]
11975;0200-1200;;TWN;Sound of Hope;M;FE;;1;;[0125]
11975;1200-1300;;TWN;Sound of Hope;M;FE;;1;;[1122]
11975;1300-1400;;TWN;Sound of Hope;M;FE;;1;;
11975;1400-1500;;TWN;Sound of Hope;M;FE;;1;;[0621]
11975;1500-1600;;TWN;Sound of Hope;M;FE;;1;;[1123]
11975;1600-1700;;TWN;Sound of Hope;M;FE;;1;;
11975;2100-2130;;TWN;Sound of Hope;M;FE;;1;;
11975;2130-2200;;TWN;Sound of Hope;M;FE;;1;;
11975;2200-2300;;TWN;Sound of Hope;M;FE;;1;;
11975;2300-2400;;TWN;Sound of Hope;M;FE;;1;;
11980;0100-0200;;CHN;China Radio Int.;AM;INS;k;0;;
11980;0900-1100;;CHN;China Radio Int.;M;INS;k;0;;
11980;1200-1300;;CHN;China Radio Int.;E;SEA;k;0;;
11980;1300-1400;;CHN;China Radio Int.;E;SEA;k;0;;
11980;1600-1700;;CHN;CNR1 Jammer/Firedrake;M;FE;;0;;
11980.6;0000-2400;;PTR;NAU US Navy;-TY;NAm;i;1;;[0524]
11980;1600-1700;;USA;Voice of America;TB;FE;/KWT;0;;
11985;1100-1200;;CHN;China Radio Int.;MO;MNG;u;0;;
11985;0550-0820;;IRN;IRIB Voice of I.R.Iran;DR;CAs;s;0;;
11990;0000-0100;;CHN;China Radio Int.;KH;SEA;n;0;;
11990;2100-1700;;CHN;CNR1 Jammer/Firedrake;M;FE;;1;;[0526]
11990;0000-0100;;TWN;Sound of Hope;M;FE;;1;;[1123]
11990;0100-0200;;TWN;Sound of Hope;CA;FE;;1;;[1223]
11990;0200-1200;;TWN;Sound of Hope;M;FE;;1;;[0626]
11990;1200-1300;;TWN;Sound of Hope;M;FE;;1;;[0125]
11990;1300-1400;;TWN;Sound of Hope;M;FE;;1;;
11990;1400-1500;;TWN;Sound of Hope;M;FE;;1;;[0125]
11990;1500-1600;;TWN;Sound of Hope;M;FE;;1;;
11990;1600-1700;;TWN;Sound of Hope;M;FE;;1;;
11990;2100-2130;;TWN;Sound of Hope;M;FE;;1;;
11990;2130-2200;;TWN;Sound of Hope;M;FE;;1;;
11990;2200-2300;;TWN;Sound of Hope;M;FE;;1;;
11990;2300-2400;;TWN;Sound of Hope;M;FE;;1;;
11995;0600-0630;;F;Radio France Int.;HA;WAf;i;6;2903;2907
11995;2000-2100;;F;Radio France Int.;F;WAf;i;6;2903;2907
11995;2100-2200;;F;Radio France Int.;F;WAf;i;6;2903;2907
11995;1400-1500;;G;BBC;DR;AFG;/OMA-a;0;;
11995;1500-1600;;G;BBC;PS;AFG;/OMA-a;0;;
11995;1715-1725;20Jun;TWN;Radio Taiwan Int.;D;Eu;s;6;1406;2106
11995;1715-1725;21Jun;TWN;Radio Taiwan Int.;F;Eu;s;6;1406;2106
11995;1730-1740;20Jun;TWN;Radio Taiwan Int.;D;Eu;s;6;1406;2106
11995;1730-1740;21Jun;TWN;Radio Taiwan Int.;F;Eu;s;6;1406;2106
11995;1730-1800;Fr-Su;TWN;Radio Taiwan Int.;D;Eu;s;6;0307;2607
12000;0300-0400;;CHN;China Radio Int.;E;SAs;ka;0;;
12005;0900-1000;;CHN;China Radio Int.;M;Oc;k;0;;
12005;1000-1100;;CHN;China Radio Int.;CA;Oc;k;0;;
12005;1850-2145;4Apr;CVA;Radio Vaticana;M;FE;;6;0104;0404
12005;1430-1500;Mo-Fr;G;BBC;K;FE;/UZB;6;2903;1605
12005;1530-1600;Mo-Fr;G;BBC;K;FE;/UZB;6;2903;1605
12010;0000-0100;;CHN;China National Radio 6;AM;TWN;n;1;;
12010;0100-0200;;CHN;China National Radio 6;AM;TWN;n;1;;
12010;2155-2400;;CHN;China National Radio 6;AM;TWN;n;1;;
12010;1400-1500;;CHN;China Radio Int.;VN;SEA;a;0;;
12010;1900-1930;Su;USA;Follow the Bible Min.;E;SAf;/ASC;4;;[0126]
12015;1700-1800;;CHN;China Radio Int.;E;Eu;b;0;;
12015;1300-1400;;KRE;Voice of Korea;E;Eu;u;4;;[0226]
12015;1400-1500;;KRE;Voice of Korea;F;Eu;u;4;;[0126]
12015;1500-1600;;KRE;Voice of Korea;E;Eu;u;4;;[0125]
12015;1600-1700;;KRE;Voice of Korea;F;Eu;u;4;;[0325]
12015;1700-1750;;KRE;Voice of Korea KCBS;K;Eu;u;4;;[1223]
12015;1800-1900;;KRE;Voice of Korea;E;Eu;u;4;;[0426]
12015;1900-2000;;KRE;Voice of Korea;S;Eu;u;4;;[0326]
12015;2000-2100;;KRE;Voice of Korea;F;Eu;u;4;;[1123]
12015;2100-2200;;KRE;Voice of Korea;E;Eu;u;4;;[1123]
12015;2200-2300;;KRE;Voice of Korea;S;Eu;u;4;;
12015;2300-2350;;KRE;Voice of Korea KCBS;K;Eu;u;4;;[0226]
12015;1400-1600;;KRE;Voice of Korea;R;Eu;u;5;;[0626]
12015;1600-1700;;KRE;Voice of Korea;D;Eu;u;5;;[0626]
12015;1700-1800;;KRE;Voice of Korea;R;Eu;u;5;;[0925]
12015;1800-1900;;KRE;Voice of Korea;D;Eu;u;5;;[0726]
12015;1900-2000;;KRE;Voice of Korea;D;Eu;u;5;;[0726]
12015;2000-2050;;KRE;Voice of Korea KCBS;K;Eu;u;5;;[0326]
12015;1300-1330;;MNG;Voice of Mongolia;J;As;u;1;;[1024]
12015;1330-1400;;MNG;Voice of Mongolia;MO;As;u;1;;[1025]
12015;1400-1430;;MNG;Voice of Mongolia;M;As;u;1;;[0125]
12015;1430-1500;;MNG;Voice of Mongolia;E;As;u;1;;[0125]
12015;1500-1530;;MNG;Voice of Mongolia;J;As;u;1;;
12015;1530-1600;;MNG;Voice of Mongolia;E;As;u;1;;[0921]
12015;0000-2400;;USA;NSS US Navy;-TY;NAm;a;1;;[0726]
12020;1030-1100;;VTN;Voice of Vietnam;IN;INS;s;1;;[0126]
12020;1100-1130;;VTN;Voice of Vietnam;J;FE;s;1;;[0923]
12020;1130-1200;;VTN;Voice of Vietnam;E;FE;s;1;;[0626]
12020;1200-1230;;VTN;Voice of Vietnam;J;FE;s;1;;[1124]
12020;1300-1330;;VTN;Voice of Vietnam;IN;INS;s;1;;[0326]
12020;1330-1400;;VTN;Voice of Vietnam;E;FE;s;1;;[0726]
12020;1400-1430;;VTN;Voice of Vietnam;J;FE;s;1;;[0726]
12020;1430-1500;;VTN;Voice of Vietnam;IN;INS;s;1;;[0224]
12020;2300-2330;;VTN;Voice of Vietnam;IN;INS;s;1;;[0821]
12025;1300-1400;;CHN;China Radio Int.;K;FE;x;0;;
12025;1400-1500;;CHN;China Radio Int.;M;CAs;u;0;;
12030;1500-2300;SaSu;E;Radio Exterior España;S;ME;n;4;;
12030;1600-1900;Mo-Fr;E;Radio Exterior España;S;ME;n;4;;
12030;1900-2100;Mo-Fr;E;Radio Exterior España;S;ME;n;4;;
12030;2100-2130;Tu-Th;E;Radio Exterior España;S;ME;n;4;;
12030;2100-2130;Mo;E;Radio Exterior España;SEF;ME;n;4;;
12030;2100-2200;Fr;E;Radio Exterior España;A;ME;n;4;;
12030;2130-2200;Mo;E;Radio Exterior España;M;ME;n;4;;
12030;2130-2200;Tu-Th;E;Radio Exterior España;S;ME;n;4;;
12030;2200-2300;Mo-Fr;E;Radio Exterior España;S;ME;n;4;;
12030;2300-2330;Sa;E;Radio Exterior España;R;ME;n;4;;
12030;2300-2330;157;E;Radio Exterior España;S;ME;n;4;;
12030;2300-2400;We;E;Radio Exterior España;E;ME;n;4;;
12030;2300-2400;Tu;E;Radio Exterior España;F;ME;n;4;;
12030;2300-2400;Th;E;Radio Exterior España;P;ME;n;4;;
12030;2330-2400;Fr-Mo;E;Radio Exterior España;S;ME;n;4;;
12035;2200-2400;;G;BBC;E;SEA;/OMA-a;6;1508;2510
12035;0700-1300;Tu,Th;USA;Voice of America;E;EEu;/D-L;6;2306;2510[0626]
12040;1430-1700;;USA;Radio Farda;FS;IRN;/UAE;6;1505;0106
12040;1700-2100;;USA;Radio Farda;FS;IRN;/G-w;6;1505;2510
12045;0000-0600;;CHN;China National Radio 1;M;CHN;b;4;;
12045;0600-0900;We-Mo;CHN;China National Radio 1;M;CHN;b;1;;[0222]
12045;0900-1100;;CHN;China National Radio 1;M;CHN;b;4;;[0120]
12045;0900-1200;;CHN;China National Radio 1;M;CHN;b;5;;[0420]
12045;2300-0600;;CHN;China National Radio 1;M;CHN;b;5;;
12045;1330-1357;;CLA;Furusato no Kaze;J;KRE;/UZB;4;;[0125]
12045;1300-1330;;CLA;Nippon no Kaze;K;KRE;/UZB;4;;[1124]
12050;0000-2400;;HOL;SunDance Radio;NL;Eu;n;1;0106;
12050;1355-0600;irr;USA;WEWN EWTN Catholic R.;S;LAm;b;1;;[0626]
12055;0600-0800;We-Mo;CHN;China National Radio 17;KZ;CHN;L;1;;
12055;0800-0900;We-Mo;CHN;China National Radio 17;M;CHN;L;1;;
12055;0900-1200;;CHN;China National Radio 17;KZ;CHN;L;1;;[0925]
12055;2355-0600;;CHN;China National Radio 17;KZ;CHN;L;1;;[0526]
12055;1420-1520;;IRN;IRIB Voice of I.R.Iran;BE;SAs;s;0;;
12055;0015-0045;;PHL;FEBC Manila;LAH;SEA;b;1;;[0923]
12055;0045-0100;;PHL;FEBC Manila;WA;SEA;b;1;;[0923]
12055;2300-2330;Mo-Fr;PHL;FEBC Manila;SHA;SEA;b;1;;[0526]
12055;2330-2345;;PHL;FEBC Manila;PAL;SEA;b;1;;[0626]
12055;2345-0015;;PHL;FEBC Manila;TL;SEA;b;1;;[0226]
12060;1600-1700;;D;SM Radio Dessau;D;Eu;/ARM;6;0105;0105
12060;1700-1800;14Jun;D;SM Radio Dessau;D;Eu;/ARM;6;1406;1406
12060;1700-1900;;J;NHK Radio Japan;J;ME;y;0;;
12060;1900-2100;;J;NHK Radio Japan;J;CAf;y;0;;
12060;2100-2120;;J;NHK Radio Japan;F;CAf;y;0;;
12060;0600-1400;Tu,Fr;USA;Voice of America;E;Af;/BOT;6;2205;2510
12065;1000-1030;;CHN;CNR1 Jammer/Firedrake;M;FE;a;1;;
12065;0900-1000;;TWN;Radio Taiwan Int.;AM;INS;p;1;;[0925]
12065;1000-1030;;TWN;Radio Taiwan Int.;CA;INS;p;1;;[0723]
12065;1030-1100;;TWN;Radio Taiwan Int.;HK;INS;p;1;;[0826]
12067;0845-0855;Mo,We;POL;E11 Polish Spy Numbers;E;;p;1;0111;2802[0123]
12070;1130-1200;;CHN;China Radio Int.;TAG;PHL;n;0;;
12070;2130-2145;14Jun;G;BBC;E;ATA;w;6;1406;1406
12070;2130-2200;21Jun;G;BBC;E;ATA;w;6;1406;2106
12070;2300-0100;;HKG;FEBC Radio Liangyou 1;M;FE;/PHL-i;1;;[0426]
12070;0600-1300;;USA;Radio Farda;FS;IRN;/KWT;6;2704;2510
12070;1430-1700;;USA;Radio Farda;FS;IRN;/UAE;6;0504;1405
12070;1700-2100;;USA;Radio Farda;FS;IRN;/G-w;6;0504;1405
12080;0000-0600;;CHN;CNR 2 China Business R.;M;CHN;as;5;;[0621]
12080;0200-0600;;CHN;CNR 2 China Business R.;M;CHN;as;4;;
12080;0600-0900;Th-Tu;CHN;CNR 2 China Business R.;M;CHN;as;1;;[0222]
12080;0900-1000;;CHN;CNR 2 China Business R.;M;CHN;as;1;;[0126]
12084;0400-0410;Th;RUS;E06 Russian Spy Numbers;E;RUS;c;1;0108;3108
12085;2300-2400;;CHN;China Radio Int.;MO;MNG;x;0;;
12085;0100-0140;Tests;MNG;Voice of Mongolia;-MX;FE;u;1;;[0326]
12085;0900-0930;;MNG;Voice of Mongolia;E;FE;u;1;;[0326]
12085;0930-1000;;MNG;Voice of Mongolia;MO;FE;u;1;;[1025]
12085;1000-1030;;MNG;Voice of Mongolia;M;FE;u;1;;[0925]
12085;1030-1100;;MNG;Voice of Mongolia;J;J;u;1;;[0426]
12089;1045-1055;Mo,We;POL;E11 Polish Spy Numbers;E;;p;1;0105;3108
12090;0400-1900;;CLA;Iran International TV;FS;IRN;/XUU;6;2903;0104[0326]
12093;0930-0940;Su;RUS;E06 Russian Spy Numbers;E;RUS;or;1;0103;3103
12093;1030-1040;We;RUS;E06 Russian Spy Numbers;E;RUS;or;1;0105;3105
12095;0000-0200;;G;BBC;E;SAs;/OMA-a;6;2903;0105
12095;0200-0230;;G;BBC;PS;AFG;/OMA-a;0;;
12095;0230-0300;;G;BBC;DR;AFG;/OMA-a;0;;
12095;0300-0330;;G;BBC;PS;AFG;/OMA-a;0;;
12095;0400-0500;Mo-Sa;G;BBC;E;EAf;/MDG;0;;
12095;0400-0500;Su;G;BBC;E;EAf;/MDG;0;;
12095;0629-0700;;G;BBC;HA;WAf;/ASC;0;;
12095;0700-0729;;G;BBC;F;WAf;/ASC;0;;
12095;1400-1500;Mo-Fr;G;BBC;SO;EAf;/OMA-a;0;;
12095;1500-1530;Mo-Fr;G;BBC;E;EAf;/OMA-a;0;;
12095;1530-1700;Mo-Fr;G;BBC;E;EAf;/OMA-a;0;;
12095;1530-1730;Su;G;BBC;E;EAf;/OMA-a;0;;
12095;1600-1900;Sa;G;BBC;SO;EAf;/OMA-a;6;2504;1605
12095;1000-1030;Mo-Fr;PHL;FEBC Manila;HMW;SEA;b;1;;[0224]
12095;1030-1100;;PHL;FEBC Manila;TL;SEA;b;1;;[0424]
12095;1100-1130;SaSu;PHL;FEBC Manila;HMB;SEA;b;1;;
12095;1100-1130;Mo-Fr;PHL;FEBC Manila;HMW;SEA;b;1;;[0526]
12095;1130-1200;;PHL;FEBC Manila;LAO;SEA;b;1;;[0425]
12095;1200-1230;;PHL;FEBC Manila;MIE;SEA;b;1;;[0923]
12095;1245-1300;;PHL;FEBC Manila;BT;SEA;b;1;;[1125]
12095;1300-1330;;PHL;FEBC Manila;HMQ;SEA;b;1;;[1124]
12095;1330-1400;;PHL;FEBC Manila;KHM;SEA;b;1;;[0626]
12095;2230-2330;Mo-Fr;PHL;FEBC Manila;HMW;SEA;b;1;;[0526]
12095;2300-2330;SaSu;PHL;FEBC Manila;HMB;SEA;b;1;;[0526]
12105;1200-1230;Sa;USA;Trans World R. DIGITAL;M;FE;/UZB;1;;
12105;1230-1300;Sa;USA;Trans World R. DIGITAL;J;FE;/UZB;1;;
12110;0900-1300;;CHN;CNR1 Jammer/Firedrake;M;FE;;0;;
12110;0900-1300;;USA;Voice of America;M;FE;/PHL-t;0;;
12115;1400-1500;;CHN;CNR1 Jammer/Firedrake;M;FE;;0;;
12115;1400-1500;;USA;Voice of America;TB;FE;/KWT;0;;
12120;1300-1330;;HKG;FEBC Radio Liangyou;LIS;SEA;/PHL-b;1;;[1125]
12120;1200-1215;;PHL;FEBC Manila;RWG;SEA;b;1;;[0626]
12120;1215-1245;;PHL;FEBC Manila;AK;SEA;b;1;;[0526]
12120;1245-1300;;PHL;FEBC Manila;C-D;SEA;b;1;;[1025]
12120;1330-1400;Mo-Fr;PHL;FEBC Manila;BR;SEA;b;1;;[1225]
12120;1730-2030;;PHL;Radyo Pilipinas;TAG;ME;t;0;;
12120;0000-2400;;PTR;NAU US Navy;-TY;NAm;i;1;;[0726]
12120;0030-0100;Mo-Fr;USA;Trans World Radio;E;FE;/PHL-b;1;;
12127;0740-0750;Su;RUS;V07 Russian Spy Numbers;S;FE;kh;1;0106;3006
12130;1230-1600;;USA;Voice of America;K;FE;/PHL-t;6;0807;0807
12130;2030-0130;Mo-Fr;USA;Voice of America;K;FE;/PHL-t;6;2506;1007
12130;2300-0100;;USA;Voice of America;K;FE;/PHL-t;6;0407;0407
12131;1120-1130;Tu,Fr;RUS;E07 Russian Spy Numbers;E;RUS;m;1;0109;3009
12137;1540-1550;Tu,Fr;RUS;E07 Russian Spy Numbers;E;RUS;m;1;0111;3011
12139;1140-1150;Tu,Fr;RUS;E07 Russian Spy Numbers;E;RUS;m;1;0103;3103
12139;1520-1530;Tu,Fr;RUS;E07 Russian Spy Numbers;E;RUS;m;1;0112;3112[1222]
12140;1400-1430;;USA;VoA Radio Ashna;DR;AFG;/KWT;0;;
12140;1430-1500;;USA;VoA Radio Ashna;PS;AFG;/KWT;0;;
12140;1500-1530;;USA;VoA Radio Ashna;DR;AFG;/KWT;0;;
12140;1530-1600;;USA;VoA Radio Ashna;PS;AFG;/KWT;0;;
12140;1600-1630;;USA;VoA Radio Ashna;DR;AFG;/KWT;0;;
12140;1630-1700;;USA;VoA Radio Ashna;PS;AFG;/KWT;0;;
12140;1700-1730;;USA;VoA Radio Ashna;DR;AFG;/KWT;0;;
12140;0500-1500;Mo-Fr;USA;Voice of America;K;FE;/PHL-t;6;2407;2410
12140;0930-1530;Mo-Fr;USA;Voice of America;K;FE;/PHL-t;6;1307;2307
12140;2130-0330;Mo-Fr;USA;Voice of America;K;FE;/PHL-t;6;1307;2307
12147;1100-1110;Tu,Fr;RUS;E07 Russian Spy Numbers;E;RUS;m;1;0102;2802
12150;1100-1200;;CHN;CNR1 Jammer/Firedrake;M;FE;;0;;
12150;1200-1300;;CHN;CNR1 Jammer/Firedrake;M;FE;;0;;
12150;2130-1700;;CHN;CNR1 Jammer/Firedrake;M;CHN;;1;;[1220]
12150.1;0000-0100;;TWN;Sound of Hope;M;FE;;1;;
12150.1;0100-0200;;TWN;Sound of Hope;M;FE;;1;;
12150.1;0200-1200;;TWN;Sound of Hope;M;FE;;1;;[0423]
12150.1;1200-1300;;TWN;Sound of Hope;M;FE;;1;;[0521]
12150.1;1300-1400;;TWN;Sound of Hope;M;FE;;1;;
12150.1;1400-1500;;TWN;Sound of Hope;M;FE;;1;;
12150.1;1500-1600;;TWN;Sound of Hope;M;FE;;1;;
12150.1;1600-1700;;TWN;Sound of Hope;M;FE;;1;;
12150.1;2130-2200;;TWN;Sound of Hope;M;FE;;1;;
12150.1;2200-2300;;TWN;Sound of Hope;M;FE;;1;;
12150.1;2300-2400;;TWN;Sound of Hope;M;FE;;1;;
12150;1100-1200;;USA;Voice of America;M;FE;/PHL-t;0;;
12150;1200-1300;;USA;Voice of America;M;FE;/PHL-t;0;;
12153;0505-0515;Tu,Th;POL;E11 Polish Spy Numbers;E;;p;1;0111;2802
12153;1000-1010;Tu,Fr;POL;E11 Polish Spy Numbers;E;;p;1;0105;3108[0822]
12157;0400-0410;Th;RUS;E06 Russian Spy Numbers;E;RUS;c;1;0105;3105
12158;1140-1150;Tu,Fr;RUS;E07 Russian Spy Numbers;E;RUS;m;1;0107;3107
12158;1540-1550;Tu,Fr;RUS;E07 Russian Spy Numbers;E;RUS;m;1;0102;2802
12160;0000-0100;;TWN;Sound of Hope;M;FE;;1;;
12160;0100-0200;;TWN;Sound of Hope;M;FE;;1;;
12160;0200-1200;;TWN;Sound of Hope;M;FE;;1;;
12160;1200-1300;;TWN;Sound of Hope;M;FE;;1;;
12160;1300-1400;;TWN;Sound of Hope;M;FE;;1;;
12160;1400-1500;;TWN;Sound of Hope;M;FE;;1;;
12160;1500-1600;;TWN;Sound of Hope;M;FE;;1;;
12160;2100-2130;;TWN;Sound of Hope;M;FE;;1;;
12160;2130-2200;;TWN;Sound of Hope;M;FE;;1;;
12160;2200-2300;;TWN;Sound of Hope;M;FE;;1;;
12160;2300-2400;;TWN;Sound of Hope;M;FE;;1;;
12160;0900-0930;Mo-Fr;USA;Trans World Radio;M;FE;/PHL-b;1;;[0925]
12160;0930-0945;;USA;Trans World Radio;M;FE;/PHL-b;1;;
12160;0945-1000;Mo-Fr;USA;Trans World Radio;M;FE;/PHL-b;1;;
12160;1500-2000;;USA;WWCR 2 Nashville, TN;E;NAm;n;2;;
12168;1430-1440;Th,Sa;RUS;E07 Russian Spy Numbers;E;RUS;m;1;0102;2802[0223]
12169;0740-0750;Su;RUS;V07 Russian Spy Numbers;S;FE;kh;1;0105;3105
12175;1520-1530;Tu,Fr;RUS;E07 Russian Spy Numbers;E;RUS;m;1;0101;3101[0123]
12177;0400-0410;Th;RUS;E06 Russian Spy Numbers;E;RUS;c;1;0112;3112
12178;0740-0750;Su;RUS;V07 Russian Spy Numbers;S;FE;kh;1;0107;3107
12187;1120-1130;Tu,Fr;RUS;E07 Russian Spy Numbers;E;RUS;m;1;0108;3108
12188;0930-0940;We;RUS;E06 Russian Spy Numbers;E;RUS;or;1;0103;3103
12189;0400-0410;Th;RUS;E06 Russian Spy Numbers;E;RUS;c;1;0107;3107
12190;2200-1600;;CHN;CNR1 Jammer/Firedrake;M;CHN;;1;;[1220]
12190;0000-0100;;TWN;Sound of Hope;M;FE;;1;;[1123]
12190;0100-0200;;TWN;Sound of Hope;M;FE;;1;;[1223]
12190;0200-1200;;TWN;Sound of Hope;M;FE;;1;;[0423]
12190;1200-1300;;TWN;Sound of Hope;M;FE;;1;;[1224]
12190;1300-1400;;TWN;Sound of Hope;M;FE;;1;;
12190;1400-1500;;TWN;Sound of Hope;M;FE;;1;;
12190;1500-1600;;TWN;Sound of Hope;CA;FE;;1;;[0223]
12190;2200-2300;;TWN;Sound of Hope;M;FE;;1;;
12190;2300-2400;;TWN;Sound of Hope;M;FE;;1;;
12202;0845-0855;Mo,We;POL;E11 Polish Spy Numbers;E;;p;1;0103;3004
12202;0845-0855;Mo,We;POL;E11 Polish Spy Numbers;E;;p;1;0109;3110[0924]
12207;1000-1010;Su;RUS;E06 Russian Spy Numbers;E;RUS;or;1;0105;3105
12208;0720-0730;Su;RUS;V07 Russian Spy Numbers;S;FE;kh;1;0108;3108
12210;2100-1500;;CHN;CNR1 Jammer/Firedrake;M;CHN;;1;;[1220]
12210;0000-0100;;TWN;Sound of Hope;M;FE;;1;;[1123]
12210;0100-0200;;TWN;Sound of Hope;M;FE;;1;;[1223]
12210;0200-1200;;TWN;Sound of Hope;M;FE;;1;;[0925]
12210;1200-1300;;TWN;Sound of Hope;M;FE;;1;;[1224]
12210;1300-1400;;TWN;Sound of Hope;M;FE;;1;;[0223]
12210;1400-1500;;TWN;Sound of Hope;M;FE;;1;;
12210;2100-2130;;TWN;Sound of Hope;M;FE;;1;;
12210;2130-2200;;TWN;Sound of Hope;M;FE;;1;;
12210;2200-2300;;TWN;Sound of Hope;M;FE;;1;;
12210;2300-2400;;TWN;Sound of Hope;M;FE;;1;;
12212;0400-0410;Th;RUS;E06 Russian Spy Numbers;E;RUS;c;1;0106;3006
12218;0400-0410;Th;RUS;E06 Russian Spy Numbers;E;RUS;c;1;0101;3101
12229;1815-1825;Fr,Su;POL;E11 Polish Spy Numbers;E;;p;1;0105;3108[0723]
12230;2130-1700;;CHN;CNR1 Jammer/Firedrake;M;CHN;;1;;[0223]
12230;0000-0100;;TWN;Sound of Hope;M;FE;;1;;
12230;0100-0200;;TWN;Sound of Hope;M;FE;;1;;[1223]
12230;0200-1200;;TWN;Sound of Hope;M;FE;;1;;[0925]
12230;1200-1300;;TWN;Sound of Hope;M;FE;;1;;[1224]
12230;1300-1400;;TWN;Sound of Hope;M;FE;;1;;[0223]
12230;1400-1500;;TWN;Sound of Hope;M;FE;;1;;
12230;1500-1600;;TWN;Sound of Hope;M;FE;;1;;[0125]
12230;1600-1700;;TWN;Sound of Hope;M;FE;;1;;
12230;2130-2200;;TWN;Sound of Hope;M;FE;;1;;
12230;2200-2300;;TWN;Sound of Hope;M;FE;;1;;
12230;2300-2400;;TWN;Sound of Hope;M;FE;;1;;
12280;0000-0100;;TWN;Sound of Hope;M;FE;;1;;
12280;0100-0200;;TWN;Sound of Hope;M;FE;;1;;[1223]
12280;0200-1200;;TWN;Sound of Hope;M;FE;;1;;[0925]
12280;1200-1300;;TWN;Sound of Hope;M;FE;;1;;
12280;1300-1400;;TWN;Sound of Hope;M;FE;;1;;[0223]
12280;1400-1500;;TWN;Sound of Hope;M;FE;;1;;
12280;2130-2200;;TWN;Sound of Hope;M;FE;;1;;
12280;2200-2300;;TWN;Sound of Hope;M;FE;;1;;
12280;2300-2400;;TWN;Sound of Hope;M;FE;;1;;
12290;0000-2400;;CAN;VFF Iqaluit Radio;E;NAm;i;1;1505;2012
12345;0000-0100;;TWN;Sound of Hope;M;FE;;1;;
12345;0100-0200;;TWN;Sound of Hope;M;FE;;1;;
12345;0200-1200;;TWN;Sound of Hope;M;FE;;1;;[0925]
12345;1200-1300;;TWN;Sound of Hope;M;FE;;1;;[1122]
12345;1300-1400;;TWN;Sound of Hope;M;FE;;1;;
12345;1400-1500;;TWN;Sound of Hope;M;FE;;1;;
12345;2130-2200;;TWN;Sound of Hope;M;FE;;1;;
12345;2200-2300;;TWN;Sound of Hope;M;FE;;1;;
12345;2300-2400;;TWN;Sound of Hope;M;FE;;1;;
12356;0303-0340;;NZL;ZLM Taupo Maritime R.;E;Oc;t;1;;[0824]
12356;0903-0940;;NZL;ZLM Taupo Maritime R.;E;Oc;t;1;;[0526]
12356;1503-1540;;NZL;ZLM Taupo Maritime R.;E;Oc;t;1;;[0125]
12356;2103-2145;;NZL;ZLM Taupo Maritime R.;E;Oc;t;1;;[0526]
12359;0803-0813;;VTN;Da Nang Radio XVT;VN;SEA;dn;1;;
12359;1803-1813;;VTN;Da Nang Radio XVT;VN;SEA;dn;1;;[0616]
12359;0133-0143;;VTN;Hai Phong Radio XVG;VN;SEA;hp;1;;
12359;0733-0743;;VTN;Hai Phong Radio XVG;VN;SEA;hp;1;;
12359;0933-0943;;VTN;Hai Phong Radio XVG;VN;SEA;hp;1;;
12359;1533-1543;;VTN;Hai Phong Radio XVG;VN;SEA;hp;1;;
12359;1733-1743;;VTN;Hai Phong Radio XVG;VN;SEA;hp;1;;[0616]
12359;2333-2343;;VTN;Hai Phong Radio XVG;VN;SEA;hp;1;;
12359;0833-0843;;VTN;Ho Chi Minh City R.XVS;VN;SEA;vt;1;;
12359;1833-1843;;VTN;Ho Chi Minh City R.XVS;E;SEA;vt;1;;[0616]
12362;1000-2300;;AUS;VMW Wiluna WA;E;AUS;w;1;;[0526]
12362;2300-1000;;AUS;VMW Wiluna WA;E;AUS;w;1;;[0526]
12365;0800-2100;;AUS;VMC Charleville QL;E;AUS;c;1;;[0526]
12365;2100-0800;;AUS;VMC Charleville QL;E;AUS;c;1;;[0526]
12365;0000-0100;;TWN;Sound of Hope;M;FE;;1;;
12365;0100-0200;;TWN;Sound of Hope;M;FE;;1;;[1223]
12365;0200-1200;;TWN;Sound of Hope;M;FE;;1;;[0925]
12365;1200-1300;;TWN;Sound of Hope;M;FE;;1;;[1224]
12365;1300-1400;;TWN;Sound of Hope;M;FE;;1;;[0621]
12365;1400-1500;;TWN;Sound of Hope;M;FE;;1;;
12365;1500-1600;;TWN;Sound of Hope;M;FE;;1;;[1123]
12365;2100-2130;;TWN;Sound of Hope;M;FE;;1;;
12365;2130-2200;;TWN;Sound of Hope;M;FE;;1;;
12365;2200-2300;;TWN;Sound of Hope;M;FE;;1;;
12365;2300-2400;;TWN;Sound of Hope;M;FE;;1;;
12375.5;0000-0540;;CHN;XSQ Guangzhou Meteo Fax;E;FE;gx;1;;[1020]
12375.5;0815-0840;irr;CHN;XSQ Guangzhou Meteo Fax;E;FE;gx;1;;
12375.5;1225-1715;;CHN;XSQ Guangzhou Meteo Fax;E;FE;gx;1;;[0421]
12375.5;2015-2040;irr;CHN;XSQ Guangzhou Meteo Fax;E;FE;gx;1;;
12382;0000-0155;;CHN;XSG Shanghai Radio Fax;M;FE;sh;1;;
12382;0230-0655;;CHN;XSG Shanghai Radio Fax;M;FE;sh;1;;
12382;0730-1030;;CHN;XSG Shanghai Radio Fax;M;FE;sh;1;;
12382;1425-1450;;CHN;XSG Shanghai Radio Fax;M;FE;sh;1;;
12382;2025-2050;;CHN;XSG Shanghai Radio Fax;M;FE;sh;1;;
12385;1045-1055;Mo,We;POL;E11 Polish Spy Numbers;E;;p;1;0103;3004
12385;1045-1055;Mo,We;POL;E11 Polish Spy Numbers;E;;p;1;0109;3110[0924]
12412.5;0340-0610;;ALS;NOJ Fax Kodiak;;WNA;k;1;;[0721]
12412.5;0950-1210;;ALS;NOJ Fax Kodiak;;WNA;k;1;;[0721]
12412.5;1540-1820;;ALS;NOJ Fax Kodiak;;WNA;k;1;;[0217]
12412.5;2150-0030;;ALS;NOJ Fax Kodiak;;WNA;k;1;;[0416]
12430;2100-1700;;CHN;CNR1 Jammer/Firedrake;M;CHN;;1;;[0120]
12430;0000-0100;;TWN;Sound of Hope;M;FE;;1;;
12430;0100-0200;;TWN;Sound of Hope;M;FE;;1;;
12430;0200-1200;;TWN;Sound of Hope;M;FE;;1;;[0423]
12430;1200-1300;;TWN;Sound of Hope;M;FE;;1;;[1224]
12430;1300-1400;;TWN;Sound of Hope;M;FE;;1;;[0223]
12430;1400-1500;;TWN;Sound of Hope;M;FE;;1;;
12430;1500-1600;;TWN;Sound of Hope;M;FE;;1;;[1123]
12430;1600-1700;;TWN;Sound of Hope;M;FE;;1;;
12430;2100-2130;;TWN;Sound of Hope;M;FE;;1;;
12430;2130-2200;;TWN;Sound of Hope;M;FE;;1;;
12430;2200-2300;;TWN;Sound of Hope;M;FE;;1;;
12430;2300-2400;;TWN;Sound of Hope;M;FE;;1;;
12457;1850-1900;We,Sa;POL;S11a Polish Spy Numbers;R;;p;1;0105;3108[0821]
12500;2130-1700;;CHN;CNR1 Jammer/Firedrake;M;CHN;;1;;[0621]
12500;0000-0100;;TWN;Sound of Hope;M;FE;;1;;
12500;0100-0200;;TWN;Sound of Hope;M;FE;;1;;[1223]
12500;0200-1200;;TWN;Sound of Hope;M;FE;;1;;[0925]
12500;1200-1300;;TWN;Sound of Hope;M;FE;;1;;[1224]
12500;1300-1400;;TWN;Sound of Hope;M;FE;;1;;
12500;1400-1500;;TWN;Sound of Hope;M;FE;;1;;
12500;1500-1600;;TWN;Sound of Hope;M;FE;;1;;[1123]
12500;1600-1700;;TWN;Sound of Hope;M;FE;;1;;
12500;2130-2200;;TWN;Sound of Hope;M;FE;;1;;
12500;2200-2300;;TWN;Sound of Hope;M;FE;;1;;
12500;2300-2400;;TWN;Sound of Hope;M;FE;;1;;
12520;0000-2400;;CAN;VFF Iqaluit Radio;-TY;NAm;i;1;1505;2012
12530;1230-1240;Tu,Th;POL;E11 Polish Spy Numbers;E;;p;1;0103;3004[0421]
12530;1230-1240;Tu,Th;POL;E11 Polish Spy Numbers;E;;p;1;0109;3110[0924]
12549.5;2100-1700;;TWN;Sound of Hope;CA;FE;;1;;[0925]
12557;0000-2400;;TUR;TAH Turk Radio Istanbul;-TY;ME;is;1;;[1119]
12577;0000-2400;;CAN;VFF Iqaluit Radio;-TY;NAm;i;1;1505;2012
12580.5;0000-2400;;CHN;XSV Tianjin Radio;-TY;FE;tj;1;;
12581.5;0000-2400;;CHN;XSV Tianjin Radio;-TY;FE;tj;1;;
12603.5;0000-2400;;GRC;SVO Olimpia Radio;-TY;SEu;o;1;;[0725]
12613;0000-2400;;CHN;XSQ Guangzhou Radio;-TY;FE;gx;1;;[0425]
12624;0000-2400;;TUR;TAH Turk Radio Istanbul;-CW;ME;is;1;;[0519]
12629;0000-2400;;TUR;TAH Turk Radio Istanbul;-CW;ME;is;1;;[0716]
12637.5;0000-2400;;CHN;XSG Shanghai Radio;-TY;FE;sh;1;;[1125]
12648.5;0000-2400;;CHN;XSQ Guangzhou Radio;-TY;FE;gx;1;;[0425]
12654;0000-2400;;TUR;TAH Turk Radio Istanbul;-CW;ME;is;1;;[0625]
12700;0000-2400;;CHN;XSQ Guangzhou Radio x30;M;FE;gx;1;;
12750;1400-1600;;USA;NMF Fax Boston MA;;ENA;bo;1;;[0421]
12750;1720-2251;;USA;NMF Fax Boston MA;;ENA;bo;1;;[1123]
12775;0000-0100;;TWN;Sound of Hope;M;FE;;1;;
12775;0100-0200;;TWN;Sound of Hope;M;FE;;1;;
12775;0200-1200;;TWN;Sound of Hope;M;FE;;1;;
12775;1200-1300;;TWN;Sound of Hope;M;FE;;1;;
12775;1300-1400;;TWN;Sound of Hope;M;FE;;1;;
12775;2130-2200;;TWN;Sound of Hope;M;FE;;1;;
12775;2200-2300;;TWN;Sound of Hope;M;FE;;1;;
12775;2300-2400;;TWN;Sound of Hope;M;FE;;1;;
12786;0140-0415;;USA;NMC Fax Pt Reyes CA;;WNA;pr;1;;[0422]
12786;0655-1015;;USA;NMC Fax Pt Reyes CA;;WNA;pr;1;;[0721]
12786;1120-1235;;USA;NMC Fax Pt Reyes CA;;WNA;pr;1;;
12786;1400-1615;;USA;NMC Fax Pt Reyes CA;;WNA;pr;1;;[0521]
12786;1820-1840;;USA;NMC Fax Pt Reyes CA;;WNA;pr;1;;
12786;1840-2215;;USA;NMC Fax Pt Reyes CA;;WNA;pr;1;;[0217]
12786;2320-2400;;USA;NMC Fax Pt Reyes CA;;WNA;pr;1;;
12788;0330-0410;;USA;NMG USCG New Orleans;E;NAm;nm;1;;
12788;0515-0550;;USA;NMG USCG New Orleans;E;NAm;nm;1;;
12788;0930-1015;;USA;NMG USCG New Orleans;E;NAm;nm;1;;[0814]
12788;1115-1150;;USA;NMG USCG New Orleans;E;NAm;nm;1;;[0314]
12788;1530-1605;;USA;NMG USCG New Orleans;E;NAm;nm;1;;[0721]
12788;1715-1750;;USA;NMG USCG New Orleans;E;NAm;nm;1;;[1118]
12788;2130-2245;;USA;NMG USCG New Orleans;E;NAm;nm;1;;[0220]
12788;2315-2350;;USA;NMG USCG New Orleans;E;NAm;nm;1;;[0224]
12789.9;0000-0305;;USA;NMG Fax New Orleans;;Car;nm;1;;[0621]
12789.9;0600-0855;;USA;NMG Fax New Orleans;;Car;nm;1;;
12789.9;1200-1505;;USA;NMG Fax New Orleans;;Car;nm;1;;[0422]
12789.9;1800-2105;;USA;NMG Fax New Orleans;;Car;nm;1;;[1123]
12795;2130-1600;;CHN;CNR1 Jammer/Firedrake;M;CHN;;1;;[0620]
12795;0000-0100;;TWN;Sound of Hope;M;FE;;1;;
12795;0100-0200;;TWN;Sound of Hope;M;FE;;1;;[1223]
12795;0200-1200;;TWN;Sound of Hope;M;FE;;1;;[0925]
12795;1200-1300;;TWN;Sound of Hope;M;FE;;1;;[1122]
12795;1300-1400;;TWN;Sound of Hope;M;FE;;1;;
12795;1400-1500;;TWN;Sound of Hope;M;FE;;1;;
12795;1500-1600;;TWN;Sound of Hope;M;FE;;1;;[0125]
12795;2130-2200;;TWN;Sound of Hope;M;FE;;1;;
12795;2200-2300;;TWN;Sound of Hope;M;FE;;1;;
12795;2300-2400;;TWN;Sound of Hope;M;FE;;1;;
12815;0845-0855;Mo,We;POL;E11 Polish Spy Numbers;E;;p;1;0105;3108[0521]
12820;2130-1600;;CHN;CNR1 Jammer/Firedrake;M;CHN;;1;;[0621]
12820;0000-0100;;TWN;Sound of Hope;M;FE;;1;;
12820;0100-0200;;TWN;Sound of Hope;M;FE;;1;;[1223]
12820;0200-1200;;TWN;Sound of Hope;M;FE;;1;;[0925]
12820;1200-1300;;TWN;Sound of Hope;M;FE;;1;;[1224]
12820;1300-1400;;TWN;Sound of Hope;M;FE;;1;;[0422]
12820;1400-1500;;TWN;Sound of Hope;M;FE;;1;;
12820;1500-1600;;TWN;Sound of Hope;M;FE;;1;;[0223]
12820;2130-2200;;TWN;Sound of Hope;M;FE;;1;;
12820;2200-2300;;TWN;Sound of Hope;M;FE;;1;;
12820;2300-2400;;TWN;Sound of Hope;M;FE;;1;;
12822;0000-2400;;CHN;XSV Tianjin Radio;-TY;FE;tj;1;;
12835;0000-0100;;TWN;Sound of Hope;M;FE;;1;;
12835;0100-0200;;TWN;Sound of Hope;M;FE;;1;;[1223]
12835;0200-1200;;TWN;Sound of Hope;M;FE;;1;;[0925]
12835;1200-1300;;TWN;Sound of Hope;M;FE;;1;;[1224]
12835;2200-2300;;TWN;Sound of Hope;M;FE;;1;;
12835;2300-2400;;TWN;Sound of Hope;M;FE;;1;;
12843;0000-0900;;KOR;HLO Seoul Radio;-CW;FE;;1;;[0219]
12843;0900-2400;;KOR;HLO Seoul Radio;-CW;FE;;1;;[1021]
12856;0000-2400;;CHN;XSG Shanghai Radio;-TY;FE;sh;1;;
12865;0000-0100;;TWN;Sound of Hope;M;FE;;1;;
12865;0100-0200;;TWN;Sound of Hope;M;FE;;1;;[1223]
12865;0200-1200;;TWN;Sound of Hope;M;FE;;1;;[0925]
12865;1200-1300;;TWN;Sound of Hope;M;FE;;1;;[1224]
12865;1300-1400;;TWN;Sound of Hope;M;FE;;1;;
12865;1400-1500;;TWN;Sound of Hope;M;FE;;1;;
12865;1500-1600;;TWN;Sound of Hope;M;FE;;1;;[0125]
12865;2130-2200;;TWN;Sound of Hope;M;FE;;1;;
12865;2200-2300;;TWN;Sound of Hope;M;FE;;1;;
12865;2300-2400;;TWN;Sound of Hope;M;FE;;1;;
12870;0000-0100;;TWN;Sound of Hope;M;FE;;1;;
12870;0100-0200;;TWN;Sound of Hope;M;FE;;1;;
12870;0200-1200;;TWN;Sound of Hope;M;FE;;1;;
12870;1200-1300;;TWN;Sound of Hope;M;FE;;1;;
12870;1300-1400;;TWN;Sound of Hope;M;FE;;1;;
12870;1400-1500;;TWN;Sound of Hope;M;FE;;1;;
12870;1500-1600;;TWN;Sound of Hope;M;FE;;1;;
12870;2130-2200;;TWN;Sound of Hope;M;FE;;1;;
12870;2200-2300;;TWN;Sound of Hope;M;FE;;1;;
12870;2300-2400;;TWN;Sound of Hope;M;FE;;1;;
12880;2130-1700;;CHN;CNR1 Jammer/Firedrake;M;CHN;;1;;[0521]
12880;0000-0100;;TWN;Sound of Hope;M;FE;;1;;[0422]
12880;0100-0200;;TWN;Sound of Hope;M;FE;;1;;[1223]
12880;0200-1200;;TWN;Sound of Hope;M;FE;;1;;[0925]
12880;1200-1300;;TWN;Sound of Hope;M;FE;;1;;[1224]
12880;1300-1400;;TWN;Sound of Hope;M;FE;;1;;
12880;1400-1500;;TWN;Sound of Hope;M;FE;;1;;
12880;1500-1600;;TWN;Sound of Hope;M;FE;;1;;[0822]
12880;1600-1700;;TWN;Sound of Hope;M;FE;;1;;
12880;2130-2200;;TWN;Sound of Hope;M;FE;;1;;
12880;2200-2300;;TWN;Sound of Hope;M;FE;;1;;
12880;2300-2400;;TWN;Sound of Hope;M;FE;;1;;
12916.5;0000-0900;;KOR;HLF Seoul Radio;-CW;FE;;1;;[1219]
12916.5;0900-2400;;KOR;HLF Seoul Radio;-CW;FE;;1;;[1021]
12920;0000-0100;;TWN;Sound of Hope;M;FE;;1;;
12920;0100-0200;;TWN;Sound of Hope;M;FE;;1;;
12920;0200-1200;;TWN;Sound of Hope;M;FE;;1;;
12920;1200-1300;;TWN;Sound of Hope;M;FE;;1;;
12920;1300-1400;;TWN;Sound of Hope;M;FE;;1;;
12920;1400-1500;;TWN;Sound of Hope;M;FE;;1;;
12920;1500-1600;;TWN;Sound of Hope;M;FE;;1;;
12920;1600-1700;;TWN;Sound of Hope;M;FE;;1;;
12920;2200-2300;;TWN;Sound of Hope;M;FE;;1;;
12920;2300-2400;;TWN;Sound of Hope;M;FE;;1;;
12923;0000-0900;;KOR;HLW Seoul Radio;-CW;FE;;1;;[1021]
12923;0900-2400;;KOR;HLW Seoul Radio;-CW;FE;;1;;[0120]
12924;1745-1755;Mo,Su;POL;E11 Polish Spy Numbers;E;;p;1;0111;2802[0120]
12935;0000-0900;;KOR;HLG Seoul Radio;-CW;FE;;1;;[1219]
12935;0900-2400;;KOR;HLG Seoul Radio;-CW;FE;;1;;[0722]
12950;0000-0100;;TWN;Sound of Hope;M;FE;;1;;
12950;0100-0200;;TWN;Sound of Hope;M;FE;;1;;
12950;0200-1200;;TWN;Sound of Hope;M;FE;;1;;
12950;1200-1300;;TWN;Sound of Hope;M;FE;;1;;
12950;1300-1400;;TWN;Sound of Hope;M;FE;;1;;
12950;1400-1500;;TWN;Sound of Hope;M;FE;;1;;
12950;2130-2200;;TWN;Sound of Hope;M;FE;;1;;
12950;2200-2300;;TWN;Sound of Hope;M;FE;;1;;
12950;2300-2400;;TWN;Sound of Hope;M;FE;;1;;
12984;1430-1440;Tu,Sa;POL;E11 Polish Spy Numbers;E;;p;1;0105;3108
13020;2100-1700;;CHN;CNR1 Jammer/Firedrake;M;CHN;;1;;[0925]
13019.8;0000-0100;;TWN;Sound of Hope;M;FE;;1;;
13019.8;0100-0200;;TWN;Sound of Hope;M;FE;;1;;
13019.8;0200-1200;;TWN;Sound of Hope;M;FE;;1;;[0925]
13019.8;1200-1300;;TWN;Sound of Hope;M;FE;;1;;[1224]
13019.8;1300-1400;;TWN;Sound of Hope;M;FE;;1;;[0422]
13019.8;1400-1500;;TWN;Sound of Hope;M;FE;;1;;
13019.8;1500-1600;;TWN;Sound of Hope;M;FE;;1;;
13019.8;1600-1700;;TWN;Sound of Hope;M;FE;;1;;
13019.8;2100-2130;;TWN;Sound of Hope;M;FE;;1;;
13019.8;2130-2200;;TWN;Sound of Hope;M;FE;;1;;
13019.8;2200-2300;;TWN;Sound of Hope;M;FE;;1;;
13019.8;2300-2400;;TWN;Sound of Hope;M;FE;;1;;
13070;2200-1700;;CHN;CNR1 Jammer/Firedrake;M;CHN;;1;;[1220]
13070.1;0000-0100;;TWN;Sound of Hope;M;FE;;1;;
13070.1;0100-0200;;TWN;Sound of Hope;M;FE;;1;;[1223]
13070.1;0200-1200;;TWN;Sound of Hope;M;FE;;1;;[0525]
13070.1;1200-1300;;TWN;Sound of Hope;M;FE;;1;;[1224]
13070.1;1300-1400;;TWN;Sound of Hope;M;FE;;1;;[0422]
13070.1;1400-1500;;TWN;Sound of Hope;M;FE;;1;;
13070.1;1500-1600;;TWN;Sound of Hope;M;FE;;1;;
13070.1;1600-1700;;TWN;Sound of Hope;M;FE;;1;;
13070.1;2200-2300;;TWN;Sound of Hope;M;FE;;1;;
13070.1;2300-2400;;TWN;Sound of Hope;M;FE;;1;;
13074;0020-0035;;J;JFX Kagoshima Fish.Fax;;WOc;m;1;;
13074;0110-0125;Mo;J;JFX Kagoshima Fish.Fax;;WOc;m;1;;
13074;0330-0345;;J;JFX Kagoshima Fish.Fax;;WOc;m;1;;
13074;0440-0455;irr;J;JFX Kagoshima Fish.Fax;;WOc;m;1;;
13074;0700-0715;Tu,Fr;J;JFX Kagoshima Fish.Fax;;WOc;m;1;;
13074;0730-0745;Tu,Fr;J;JFX Kagoshima Fish.Fax;;WOc;m;1;;
13074;0800-0815;;J;JFX Kagoshima Fish.Fax;;WOc;m;1;0108;3112
13074;0830-0845;;J;JFX Kagoshima Fish.Fax;;WOc;m;1;;[0119]
13074;0930-0945;;J;JFX Kagoshima Fish.Fax;;WOc;m;1;;
13077;0000-2400;;CAN;VFF Iqaluit Radio;E;NAm;ch;1;0107;3110
13077;0000-2400;;CAN;VFF Iqaluit Radio;E;NAm;i;1;1505;2012
13077;0000-2400;;CAN;VFF Iqaluit Radio;E;NAm;in;1;1505;3110
13089;0330-0415;;GUM;NRV USCG Guam;E;WOc;;1;;
13089;2130-2215;;GUM;NRV USCG Guam;E;WOc;;1;;[0226]
13089;0005-0040;;HWA;NMO USCG Honolulu;E;Oc;nm;1;;[0124]
13089;1800-1835;;HWA;NMO USCG Honolulu;E;Oc;nm;1;;
13089;0430-0505;;USA;NMC USCG Point Reyes;E;NAm;pr;1;;
13089;1030-1105;;USA;NMC USCG Point Reyes;E;NAm;pr;1;;
13089;1630-1705;;USA;NMC USCG Point Reyes;E;NAm;pr;1;;[0726]
13089;2230-2305;;USA;NMC USCG Point Reyes;E;NAm;pr;1;;[0126]
13089;1115-1215;;USA;NMN USCG Chesapeake;E;NAm;ch;1;;[0922]
13089;1530-1630;;USA;NMN USCG Chesapeake;E;NAm;ch;1;;[0521]
13089;1715-1815;;USA;NMN USCG Chesapeake;E;NAm;ch;1;;[0126]
13089;2130-2156;;USA;NMN USCG Chesapeake;E;NAm;ch;1;;[0726]
13089;2315-0015;;USA;NMN USCG Chesapeake;E;NAm;ch;1;;[0322]
13092;0000-2400;;CHN;XSV Tianjin Radio;M;FE;tj;1;;
13092;0600-0605;;CHN;XSV Tianjin Radio;M;NAs;tj;1;0107;3110
13092;1400-1405;;CHN;XSV Tianjin Radio;M;NAs;tj;1;0107;3110
13107;0000-2400;;CHN;XSQ Guangzhou Radio;M;FE;gx;1;;
13117;0900-0910;Mo,We;POL;E11 Polish Spy Numbers;E;;p;1;0103;3004
13117;0900-0910;Mo,We;POL;E11 Polish Spy Numbers;E;;p;1;0109;3110[0924]
13122;0000-2400;;CHN;XSV Tianjin Radio;M;FE;tj;1;;
13128;0955-1020;;TUR;TAH Turk Radio Istanbul;TU;ME;is;1;;[0426]
13128;1020-1030;;TUR;TAH Turk Radio Istanbul;E;ME;is;1;;[1125]
13128;1100-1130;;TUR;TAH Turk Radio Istanbul;TU;ME;is;1;;[1120]
13128;1700-1730;;TUR;TAH Turk Radio Istanbul;TU;ME;is;1;;[1116]
13128;1755-1820;;TUR;TAH Turk Radio Istanbul;TU;ME;is;1;;[0425]
13128;1820-1840;;TUR;TAH Turk Radio Istanbul;E;ME;is;1;;[0526]
13134;1145-1245;;GRC;SVO Olimpia Radio;GR;SEu;o;1;;[1125]
13134;1945-2005;;GRC;SVO Olimpia Radio;GR;SEu;o;1;;
13137;0000-2400;;I;Romaradio IAR;I;SEu;r;1;;
13140;0000-2400;;TUR;TAH Turk Radio Istanbul;E;ME;is;1;;
13146;1815-1845;;AFS;ZSC Cape Town Radio;E;SAf;ct;1;;[0626]
13149;0000-2400;;CHN;XSQ Guangzhou Radio;M;FE;gx;1;;
13149;0000-2400;;USA;KLN Riverhead Radio;E;ENA;rh;1;;[0525]
13158;0000-2400;;USA;KPH Rio Vista, CA;E;WNA;rv;1;;[0425]
13158;0000-2400;;USA;WLO Mobile Radio;E;Car;mo;1;;[1024]
13160;2200-1700;;CHN;CNR1 Jammer/Firedrake;M;CHN;;1;;[1020]
13160;0000-0100;;TWN;Sound of Hope;M;FE;;1;;
13160;0100-0200;;TWN;Sound of Hope;M;FE;;1;;[1223]
13160;0200-1200;;TWN;Sound of Hope;M;FE;;1;;[1123]
13160;1200-1300;;TWN;Sound of Hope;M;FE;;1;;[1224]
13160;1300-1400;;TWN;Sound of Hope;M;FE;;1;;[0621]
13160;1400-1500;;TWN;Sound of Hope;M;FE;;1;;[0621]
13160;1500-1600;;TWN;Sound of Hope;M;FE;;1;;
13160;1600-1700;;TWN;Sound of Hope;M;FE;;1;;
13160;2200-2300;;TWN;Sound of Hope;M;FE;;1;;
13160;2300-2400;;TWN;Sound of Hope;M;FE;;1;;
13173;0000-2400;;TUR;TAH Turk Radio Istanbul;E;ME;is;1;;
13182;0000-2400;;CHN;XSQ Guangzhou Radio;M;FE;gx;1;;
13191;0000-2400;;TUR;TAH Turk Radio Istanbul;E;ME;is;1;;
13229;0000-2400;;PTR;NAU US Navy;-TY;NAm;i;1;;
13261;0000-2400;;AUS;Brisbane Radio;E;Oc;ae;1;;[0925]
13261;0000-2400;;FJI;Nadi Radio;E;Oc;n;1;;
13261;0000-2400;;NZL;Auckland Radio;E;Oc;a;1;;
13261;0000-2400;;OCE;Tahiti Radio;E;Oc;fa;1;;[1119]
13261;0000-2400;;USA;San Francisco Radio SP;E;Oc;/HWA-m;1;;
13264;0000-2400;;IRL;Shannon Volmet;E;Eu;s;1;;[0425]
13264;0000-2400;;PNR;Albrook HFDL (ID11);-HF;CAm;al;1;;
13270;0000-2400;;THA;Hat Yai HFDL (ID6);-HF;SEA;hy;1;;[0422]
13276;0000-2400;;HWA;Moloka'i HFDL (ID2);-HF;Oc;m;1;;
13276;0000-2400;;USA;Riverhead HFDL (ID4);-HF;ENA;rh;1;;[0724]
13276;0000-2400;;USA;San Francisco HFDL(ID1);-HF;WNA;dx;1;;[0521]
13282;0000-2400;;HKG;Hongkong Volmet x15,x45;E;FE;a;1;;[0626]
13282;0000-2400;;J;Tokyo Volmet x10,x40;E;FE;tv;1;;[0626]
13282;0000-2400;;NZL;Auckland Volmet x20,x50;E;FE;a;1;;[0726]
13285;0000-2400;LSB;CHN;Beijing Volmet x15,x45;E;FE;;1;;
13285;0000-0745;USB;CHN;Guangzhou Volmet x00,30;E;FE;;1;;[1118]
13288;0000-2400;;USA;San Francisco Radio CEP;E;EOc;dx;1;;
13291;0000-2400;;CAN;Gander Radio F;E;NAO;g;1;;
13291;0000-2400;;IRL;Shannon Aeradio B;E;NAO;s;1;;
13291;0000-2400;;IRL;Shannon Aeradio F;E;NAO;s;1;;
13297;0000-2400;;TRD;Piarco Radio CAR-B;E;Car;;1;;
13297;0000-2400;;USA;New York Radio;E;Car;bg;1;;[1025]
13300;0000-2400;;USA;San Francisco Radio CWP;E;WOc;/GUM-b;1;;
13300;0000-2400;;USA;San Francisco Radio CWP;E;WOc;/HWA-m;1;;
13303;0000-2400;;CNR;Canarias HFDL (ID17);-HF;WAf;gc;1;;[0521]
13306;0000-2400;;AUS;Brisbane Radio;E;Oc;ae;1;;[1021]
13306;1000-2100;;AZR;Santa Maria Radio A;E;NAO;sm;1;;[1220]
13306;0000-2400;;CAN;Gander Radio A;E;NAO;g;1;;
13306;0000-2400;;IRL;Shannon Aeradio A;E;NAO;s;1;;
13306;0000-2400;;IRL;Shannon Aeradio C;E;NAO;s;1;;
13306;0000-2400;;ISL;Iceland Radio C;E;NAO;;1;;
13306;0000-2400;;USA;New York Radio;E;NAO;bg;1;;[0323]
13312;0000-2400;;BHR;Al Muharraq HFDL (ID15);-HF;ME;m;1;;[0425]
13312;0000-2400;;GUM;Agana Guam HFDL (ID16);-HF;WOc;h;1;;
13312;0000-2400;;HWA;Moloka'i HFDL (ID2);-HF;Oc;m;1;;
13315;0000-2400;;BOL;Santa Cruz HFDL (ID13);-HF;SAm;sz;1;;[0525]
13321;0000-2400;;AFS;Johannesburg HFDL (ID8);-HF;SAf;j;1;;[0420]
13324;0000-2400;;HWA;Moloka'i HFDL (ID2);-HF;Oc;m;1;;[0724]
13339;0000-2400;;USA;San Francisco Radio NP;E;NOc;/ALS-ba;1;;
13339;0000-2400;;USA;San Francisco Radio NP;E;NOc;/HWA-m;1;;
13342;0000-2400;;KOR;Seoul Muan HFDL (ID10);-HF;FE;m;1;;[1021]
13348;0000-2400;;USA;New York Radio;E;NAO;bg;1;;
13348;0000-2400;;USA;San Francisco R. LDOC;E;Oc;dx;1;;
13351;0000-2400;;NZL;Auckland HFDL (ID5);-HF;SOc;a;1;;
13354;0000-2400;;AZR;Santa Maria Radio E;E;NAO;sm;1;;
13354;0000-2400;;USA;New York Radio;E;NAO;bg;1;;[0118]
13354;0000-2400;;USA;San Francisco Radio CEP;E;EOc;dx;1;;
13357;0000-2400;;SEN;Dakar Radio;E;WAf;y;1;;[0616]
13363;1430-1440;Tu,Sa;POL;E11 Polish Spy Numbers;E;;p;1;0111;2802[1121]
13368;1410-1420;Th,Sa;RUS;E07 Russian Spy Numbers;E;RUS;m;1;0102;2802[0223]
13369;0720-0730;Su;RUS;V07 Russian Spy Numbers;S;FE;kh;1;0105;3105
13373;0400-0410;Th;RUS;E06 Russian Spy Numbers;E;RUS;c;1;0102;2802
13374;1140-1150;Tu,Fr;RUS;E07 Russian Spy Numbers;E;RUS;m;1;0106;3006
13375;1500-1510;Tu,Fr;RUS;E07 Russian Spy Numbers;E;RUS;m;1;0101;3101[0123]
13378;0720-0730;Su;RUS;V07 Russian Spy Numbers;S;FE;kh;1;0107;3107
13384;0400-0410;Th;RUS;E06 Russian Spy Numbers;E;RUS;c;1;0103;3103
13384;1450-1500;Th,Sa;RUS;E07 Russian Spy Numbers;E;RUS;m;1;0103;3103
13392;0400-0410;Th;RUS;E06 Russian Spy Numbers;E;RUS;c;1;0104;3004
13408;0700-0710;Su;RUS;V07 Russian Spy Numbers;S;FE;kh;1;0108;3108
13413;0310-0320;Mo;RUS;E06 Russian Spy Numbers;E;RUS;c;1;0101;3101[0119]
13417.8;0600-1800;;F;FUG French Navy FSK;F;Eu;sa;1;;[0725]
13417.8;1800-0600;;F;FUG French Navy FSK;F;Eu;sa;1;;[0425]
13417;1410-1420;Th,Sa;RUS;E07 Russian Spy Numbers;E;RUS;m;1;0106;3006[0621]
13426;0310-0320;Mo;RUS;E06 Russian Spy Numbers;E;RUS;c;1;0112;3112
13427;0720-0730;Su;RUS;V07 Russian Spy Numbers;S;FE;kh;1;0106;3006
13431;1100-1110;Tu,Fr;RUS;E07 Russian Spy Numbers;E;RUS;m;1;0109;3009
13436;0240-0250;Su;RUS;V07 Russian Spy Numbers;S;FE;kh;1;0101;3101
13437;1120-1130;Tu,Fr;RUS;E07 Russian Spy Numbers;E;RUS;m;1;0110;3110
13449;1450-1500;Th,Sa;RUS;E07 Russian Spy Numbers;E;RUS;m;1;0110;3110
13459;1140-1150;Tu,Fr;RUS;E07 Russian Spy Numbers;E;RUS;m;1;0105;3105
13470;2100-1500;;CHN;CNR1 Jammer/Firedrake;M;CHN;;1;;[0424]
13470;0645-0655;Tu,Th;POL;E11 Polish Spy Numbers;E;;p;1;0103;3004
13470;0645-0655;Tu,Th;POL;E11 Polish Spy Numbers;E;;p;1;0109;3110[0924]
13470;1745-1755;Mo,Su;POL;E11 Polish Spy Numbers;E;;p;1;0103;3004[0323]
13470;1745-1755;Mo,Su;POL;E11 Polish Spy Numbers;E;;p;1;0109;3110[0924]
13470;0000-0100;;TWN;Sound of Hope;M;FE;;1;;
13470;0100-0200;;TWN;Sound of Hope;M;FE;;1;;
13470;0200-1200;;TWN;Sound of Hope;M;FE;;1;;[1123]
13470;1200-1300;;TWN;Sound of Hope;M;FE;;1;;[1224]
13470;1300-1400;;TWN;Sound of Hope;M;FE;;1;;
13470;1400-1500;;TWN;Sound of Hope;M;FE;;1;;
13470;2130-2200;;TWN;Sound of Hope;M;FE;;1;;
13470;2200-2300;;TWN;Sound of Hope;M;FE;;1;;
13470;2300-2400;;TWN;Sound of Hope;M;FE;;1;;
13495;2200-1700;;CHN;CNR1 Jammer/Firedrake;M;CHN;;1;;
13495;0000-0100;;TWN;Sound of Hope;M;FE;;1;;
13495;0100-0200;;TWN;Sound of Hope;M;FE;;1;;
13495;0200-1200;;TWN;Sound of Hope;M;FE;;1;;[1123]
13495;1200-1300;;TWN;Sound of Hope;M;FE;;1;;[1224]
13495;1300-1400;;TWN;Sound of Hope;M;FE;;1;;
13495;1400-1500;;TWN;Sound of Hope;M;FE;;1;;
13495;1500-1600;;TWN;Sound of Hope;M;FE;;1;;
13495;1600-1700;;TWN;Sound of Hope;M;FE;;1;;
13495;2200-2300;;TWN;Sound of Hope;M;FE;;1;;[0424]
13495;2300-2400;;TWN;Sound of Hope;M;FE;;1;;
13510;1000-2200;;CAN;CFH Halifax Radio;-TY;NAm;hx;1;;
13519;1410-1420;Th,Sa;RUS;E07 Russian Spy Numbers;E;RUS;m;1;0108;3108[0821]
13525;0000-2400;irr;B;Rádio Tury;P;B;xx;1;;
13527.7;0000-2400;;RUS;Channel Marker D;-CW;EEu;se;1;;[1125]
13527.8;0000-2400;;RUS;Channel Marker P;-CW;RUS;kl;1;;[0522]
13527.9;0000-2400;;RUS;Channel Marker S;-CW;RUS;sm;1;;[0425]
13528;0000-2400;;RUS;Channel Marker C;-CW;RUS;m;1;;[0123]
13528.1;0000-2400;;RUS;Channel Marker A;-CW;RUS;as;1;;[0423]
13528.2;0000-2400;;RUS;Channel Marker F;-CW;FE;vl;1;;[0221]
13528.3;0000-2400;;RUS;Channel Marker K;-CW;FE;pk;1;;[1025]
13528.4;0000-2400;;RUS;Channel Marker M;-CW;FE;mg;1;;[0723]
13530;2100-1600;;CHN;CNR1 Jammer/Firedrake;M;FE;;1;;[0626]
13530;0000-0100;;TWN;Sound of Hope;M;FE;;1;;
13530;0100-0200;;TWN;Sound of Hope;M;FE;;1;;[1223]
13530;0200-1200;;TWN;Sound of Hope;M;FE;;1;;[0925]
13530;1200-1300;;TWN;Sound of Hope;M;FE;;1;;[1224]
13530;1300-1400;;TWN;Sound of Hope;M;FE;;1;;
13530;1400-1500;;TWN;Sound of Hope;M;FE;;1;;
13530;1500-1600;;TWN;Sound of Hope;M;FE;;1;;[0125]
13530;2100-2130;;TWN;Sound of Hope;M;FE;;1;;
13530;2130-2200;;TWN;Sound of Hope;M;FE;;1;;
13530;2200-2300;;TWN;Sound of Hope;M;FE;;1;;[0424]
13530;2300-2400;;TWN;Sound of Hope;M;FE;;1;;
13536;1450-1500;Th,Sa;RUS;E07 Russian Spy Numbers;E;RUS;m;1;0105;3105
13537;1520-1530;Tu,Fr;RUS;E07 Russian Spy Numbers;E;RUS;m;1;0111;3011
13539;1120-1130;Tu,Fr;RUS;E07 Russian Spy Numbers;E;RUS;m;1;0103;3103
13539;1500-1510;Tu,Fr;RUS;E07 Russian Spy Numbers;E;RUS;m;1;0112;3112[1222]
13540;0500-0510;Th;RUS;E06 Russian Spy Numbers;E;RUS;xx;1;0108;3108[0817]
13545;0400-0410;Th;RUS;E06 Russian Spy Numbers;E;RUS;c;1;0110;3110
13547;0930-0940;We;RUS;E06 Russian Spy Numbers;E;RUS;or;1;0104;3004
13547;1300-1310;Sa;RUS;E06 Russian Spy Numbers;E;RUS;or;1;0105;3105
13550;0000-0100;;TWN;Sound of Hope;M;FE;;1;;
13550;0100-0200;;TWN;Sound of Hope;M;FE;;1;;[1223]
13550;0200-1200;;TWN;Sound of Hope;M;FE;;1;;[0925]
13550;1200-1300;;TWN;Sound of Hope;M;FE;;1;;[1224]
13550;1300-1400;;TWN;Sound of Hope;M;FE;;1;;
13550;1400-1500;;TWN;Sound of Hope;M;FE;;1;;
13550;1500-1600;;TWN;Sound of Hope;M;FE;;1;;[0822]
13550;2100-2130;;TWN;Sound of Hope;M;FE;;1;;
13550;2130-2200;;TWN;Sound of Hope;M;FE;;1;;
13550;2200-2300;;TWN;Sound of Hope;M;FE;;1;;[0424]
13550;2300-2400;;TWN;Sound of Hope;M;FE;;1;;
13557;0300-0310;Th;RUS;E06 Russian Spy Numbers;E;RUS;c;1;0109;3009
13560;0000-2400;;XUU;RFID devices;;;/XUU;1;;
13562;0310-0320;Mo;RUS;E06 Russian Spy Numbers;E;RUS;c;1;0105;3105
13562;1410-1420;Th,Sa;RUS;E07 Russian Spy Numbers;E;RUS;m;1;0107;3107[0721]
13570;0000-1200;;KOR;HLL Seoul Meteo Fax;;FE;sg;1;;[1025]
13570;1400-0100;;USA;Radio Marti;S;CUB;g;0;;
13575;1200-1300;;CHN;China Radio Int.;R;EEu;u;0;;
13580;0000-0100;;CHN;China Radio Int.;M;SEA;b;0;;
13580;0100-0200;;CHN;China Radio Int.;M;SEA;b;0;;
13580;1000-1100;;CHN;China Radio Int.;E;Oc;k;0;;
13580;0500-0530;;ROU;Radio Romania Int.;F;Af;t;0;;
13580;2200-2300;;ROU;Radio Romania Int.;E;FE;t;0;;
13580;1530-1545;Mo,Fr;SWZ;Trans World Radio;JU;EAf;;8;;
13580;1557-1627;Su;SWZ;Trans World Radio;KNK;EAf;;1;;[0425]
13584;0310-0320;Mo;RUS;E06 Russian Spy Numbers;E;RUS;c;1;0108;3108
13585;0000-2400;;HOL;Radio Piepzender;NL;Eu;zw;8;;
13590;0300-0400;;CHN;China Radio Int.;E;FE;b;0;;
13590;0400-0500;;CHN;China Radio Int.;E;FE;b;0;;
13590;1000-1100;;CHN;China Radio Int.;E;SEA;b;0;;
13590;1100-1200;;CHN;China Radio Int.;E;SEA;b;0;;
13590;1400-1500;;CHN;CNR1 Jammer/Firedrake;M;FE;;0;;
13590;2200-1700;;CHN;CNR1 Jammer/Firedrake;M;FE;;1;;[1122]
13590;0000-0100;;TWN;Sound of Hope;M;FE;;1;;
13590;0100-0200;;TWN;Sound of Hope;M;FE;;1;;
13590;0200-1200;;TWN;Sound of Hope;M;FE;;1;;
13590;1200-1300;;TWN;Sound of Hope;M;FE;;1;;[0222]
13590;1300-1400;;TWN;Sound of Hope;M;FE;;1;;
13590;1400-1500;;TWN;Sound of Hope;M;FE;;1;;[0621]
13590;1500-1600;;TWN;Sound of Hope;M;FE;;1;;
13590;1600-1700;;TWN;Sound of Hope;M;FE;;1;;
13590;2200-2300;;TWN;Sound of Hope;M;FE;;1;;
13590;2300-2400;;TWN;Sound of Hope;M;FE;;1;;[0621]
13590;1400-1500;;USA;Voice of America;TB;FE;/KWT;0;;
13600;0100-0200;;CHN;China Radio Int.;R;CAs;x;0;;
13600;0200-0300;;CHN;China Radio Int.;TAM;SAs;ka;0;;
13600;0300-0400;;CHN;China Radio Int.;TAM;SAs;ka;0;;
13600;1200-1300;;CHN;China Radio Int.;R;CAs;x;0;;
13600;1300-1400;;CHN;China Radio Int.;R;CAs;x;0;;
13600;1400-1500;;CHN;China Radio Int.;TAM;SAs;ka;0;;
13600;0000-0020;;J;NHK Radio Japan;IN;SEA;y;0;;
13600;0030-0050;;J;NHK Radio Japan;BR;SEA;y;0;;
13600;1610-1630;;J;NHK Radio Japan;A;ME;y;0;;
13600;1630-1650;;J;NHK Radio Japan;FS;ME;y;0;;
13600;2310-2330;;J;NHK Radio Japan;T;SEA;y;0;;
13600;2330-2340;Tu-Sa;J;NHK Radio Japan;VN;SEA;y;0;;
13600;2330-2350;Su-Mo;J;NHK Radio Japan;VN;SEA;y;0;;
13600;1900-2000;;ROU;Radio Romania Int.;S;E;t;0;;
13610;0600-0900;We-Mo;CHN;China National Radio 1;M;CHN;n;1;;[0423]
13610;0900-1300;;CHN;China National Radio 1;M;CHN;n;1;;[0421]
13610;2300-0600;;CHN;China National Radio 1;M;CHN;n;1;;[0126]
13610;1100-1200;;CHN;China Radio Int.;M;SAs;ka;0;;
13610;1200-1300;;CHN;China Radio Int.;M;SAs;ka;0;;
13610;0700-0800;;KOR;KBS World Radio;K;Eu;/G-w;0;;
13630;0030-1130;;CHN;China National Radio 1;M;CHN;n;1;;
13630;1500-1600;;CHN;China Radio Int.;E;ME;u;0;;
13630;1930-2000;;CHN;China Radio Int.;P;EAf;/MLI;0;;
13630;2000-2100;;CHN;China Radio Int.;E;EAf;/MLI;0;;
13630;2100-2130;;CHN;China Radio Int.;E;EAf;/MLI;0;;
13630;2130-2230;;CHN;China Radio Int.;F;EAf;/MLI;0;;
13630;2100-1300;;CHN;CNR1 Jammer/Firedrake;M;FE;;1;;[0626]
13630;0000-0100;;TWN;Sound of Hope;M;FE;;1;;
13630;0100-0200;;TWN;Sound of Hope;M;FE;;1;;
13630;0200-1200;;TWN;Sound of Hope;M;FE;;1;;[0423]
13630;1200-1300;;TWN;Sound of Hope;M;FE;;1;;[1122]
13630;2100-2130;;TWN;Sound of Hope;M;FE;;1;;
13630;2130-2200;;TWN;Sound of Hope;M;FE;;1;;
13630;2200-2300;;TWN;Sound of Hope;M;FE;;1;;[0424]
13630;2300-2400;;TWN;Sound of Hope;M;FE;;1;;
13635;0600-1300;;TUR;Voice of Turkey;TU;Eu;e;0;;
13635;1330-1400;;TUR;Voice of Turkey;KZ;CAs;e;0;;
13640;1900-0300;;ALG;Ifrikya FM;A;CAf;b;0;;
13640;0100-0200;;CHN;China Radio Int.;E;Eu;ka;0;;
13640;0200-0300;;CHN;China Radio Int.;E;SAs;ka;0;;
13640;0400-0500;;CHN;China Radio Int.;M;SAs;ka;0;;
13640;1500-1600;;CHN;China Radio Int.;E;Eu;ka;0;;
13640;2200-2300;;CHN;China Radio Int.;J;FE;j;0;;
13640;2300-2400;;CHN;China Radio Int.;J;FE;j;0;;
13640;2200-1600;;CHN;CNR1 Jammer/Firedrake;M;FE;;1;;[0925]
13640;0000-0100;;TWN;Sound of Hope;M;FE;;1;;
13640;0100-0200;;TWN;Sound of Hope;M;FE;;1;;
13640;0200-1200;;TWN;Sound of Hope;M;FE;;1;;[0423]
13640;1200-1300;;TWN;Sound of Hope;M;FE;;1;;[1224]
13640;1300-1400;;TWN;Sound of Hope;M;FE;;1;;
13640;1400-1500;;TWN;Sound of Hope;M;FE;;1;;
13640;1500-1600;;TWN;Sound of Hope;M;FE;;1;;
13640;2200-2300;;TWN;Sound of Hope;M;FE;;1;;
13640;2300-2400;;TWN;Sound of Hope;M;FE;;1;;
13645;0600-0700;;CHN;China Radio Int.;E;SEA;x;0;;
13645;1700-1800;;CHN;China Radio Int.;SWA;EAf;/MLI;0;;
13645;1800-1830;;CHN;China Radio Int.;HA;NIG;/MLI;0;;
13645;0900-1200;;J;NHK Radio Japan;J;ME;y;6;2903;3006
13650;1300-1400;;CHN;China Radio Int.;M;CAs;u;0;;
13650;2300-2400;;CHN;China Radio Int.;P;SAm;/CUB;0;;
13650;1500-1700;;J;NHK Radio Japan;J;ME;y;6;2903;3107
13650;0300-0400;;KRE;Voice of Korea;M;SEA;u;1;;[0223]
13650;0400-0500;;KRE;Voice of Korea;F;SEA;u;1;;[0326]
13650;0500-0600;;KRE;Voice of Korea;E;SEA;u;1;;
13650;0600-0700;;KRE;Voice of Korea;M;SEA;u;1;;
13650;1000-1100;;KRE;Voice of Korea;E;SEA;u;5;;[0925]
13650;1100-1200;;KRE;Voice of Korea;F;SEA;u;5;;[0423]
13650;1200-1250;;KRE;Voice of Korea KCBS;K;SEA;u;5;;[0726]
13650;1300-1400;;KRE;Voice of Korea;M;SEA;u;5;;[0725]
13650;1400-1450;;KRE;Voice of Korea KCBS;K;SEA;u;5;;[0724]
13655;0000-0100;;CHN;China Radio Int.;M;FE;x;0;;
13655;0100-0200;;CHN;China Radio Int.;M;FE;x;0;;
13655;0200-0300;;CHN;China Radio Int.;M;FE;x;0;;
13655;1100-1200;;CHN;China Radio Int.;EO;FE;u;0;;
13655;0830-0900;;TUR;Voice of Turkey;I;SEu;e;0;;
13660;0700-0800;;CHN;China Radio Int.;E;SEA;x;0;;
13660;1730-1830;;CHN;China Radio Int.;HA;NIG;ka;0;;
13660;1830-2030;;CHN;China Radio Int.;F;WAf;ka;0;;
13670;0200-0500;;CHN;China National Radio 6;AM;TWN;n;1;;
13670;0500-0600;;CHN;China National Radio 6;HK;TWN;n;1;;
13670;0600-0900;Th-Tu;CHN;China National Radio 6;HK;TWN;n;1;;
13670;0900-1000;;CHN;China National Radio 6;HK;TWN;n;1;;
13670;1300-1400;;CHN;China Radio Int.;E;Eu;ka;0;;
13670;1700-1800;;CHN;China Radio Int.;EO;Eu;b;0;;
13670;2000-2100;;CHN;China Radio Int.;M;Eu;b;0;;
13670;2100-2200;;CHN;China Radio Int.;HR;SEu;b;0;;
13670;2100-1500;;CHN;CNR1 Jammer/Firedrake;M;FE;;1;;[0626]
13670;0200-0300;;CHN;PBS Xinjiang;UI;CHN;uc;5;;[1025]
13670;0300-0800;;CHN;PBS Xinjiang;UI;CHN;uc;1;;[1125]
13670;0800-1100;We-Mo;CHN;PBS Xinjiang;UI;CHN;uc;1;;[0423]
13670;1100-1200;;CHN;PBS Xinjiang;UI;CHN;uc;1;;[1018]
13670;1200-1225;;CHN;PBS Xinjiang;UI;CHN;uc;4;;
13670;1200-1400;;CHN;PBS Xinjiang;UI;CHN;uc;5;;[0522]
13670;1800-1900;;MDG;MWV African Pathways R.;E;CAf;m;1;;[0426]
13670;1900-2000;;MDG;MWV Radio Feda;A;ME;m;1;;[0726]
13670;0000-0100;;TWN;Sound of Hope;M;FE;;1;;
13670;0100-0200;;TWN;Sound of Hope;M;FE;;1;;[1223]
13670;0200-1200;;TWN;Sound of Hope;M;FE;;1;;[0925]
13670;1200-1300;;TWN;Sound of Hope;M;FE;;1;;[0525]
13670;1300-1400;;TWN;Sound of Hope;M;FE;;1;;[0522]
13670;1400-1500;;TWN;Sound of Hope;M;FE;;1;;
13670;2100-2130;;TWN;Sound of Hope;M;FE;;1;;
13670;2130-2200;;TWN;Sound of Hope;M;FE;;1;;
13670;2200-2300;;TWN;Sound of Hope;M;FE;;1;;
13670;2300-2400;;TWN;Sound of Hope;M;FE;;1;;
13680;2200-1300;;CHN;CNR1 Jammer/Firedrake;M;FE;;1;;[0424]
13680;0000-0100;;TWN;Sound of Hope;M;FE;;1;;
13680;0100-0200;;TWN;Sound of Hope;M;FE;;1;;
13680;0200-1200;;TWN;Sound of Hope;M;FE;;1;;[0423]
13680;1200-1300;;TWN;Sound of Hope;M;FE;;1;;[1122]
13680;2130-2200;;TWN;Sound of Hope;M;FE;;1;;
13680;2200-2300;;TWN;Sound of Hope;M;FE;;1;;[0424]
13680;2300-2400;;TWN;Sound of Hope;M;FE;;1;;
13685;1300-1400;;CHN;China Radio Int.;F;EAf;/MLI;0;;
13685;1430-1500;;CHN;China Radio Int.;E;EAf;/MLI;0;;
13685;1500-1600;;CHN;China Radio Int.;E;EAf;/MLI;0;;
13685;1830-1930;;CHN;China Radio Int.;A;NAf;/MLI;0;;
13685;0700-0800;;TUR;Voice of Turkey;AZ;Cau;e;0;;
13685;0230-0530;;USA;VoA Radio Ashna;DR;AFG;/KWT;6;2805;2510
13690;2000-2100;;CHN;China Radio Int.;M;Eu;s;0;;
13690;2100-2300;;CHN;China Radio Int.;S;SEu;s;0;;
13690;0600-0658;Mo-Fr;G;BBC;E;Oc;/NZL-r;0;;
13690;0459-0658;;NZL;RNZ Pacific;E;Oc;r;0;;
13690;1859-1958;;NZL;RNZ Pacific;E;Oc;r;6;2903;0706
13690;1940-1950;Su-Th;NZL;RNZ Pacific;TO;Oc;r;6;2903;0706
13690;1600-1700;Su;ROU;Radio Romania DIGITAL;HB;WEu;s;0;;
13690;1600-1700;Mo-Sa;ROU;Radio Romania DIGITAL;RO;WEu;s;0;;
13695;0500-0600;;F;Radio France Int.;F;CAf;i;0;;
13695;0600-0700;;F;Radio France Int.;F;WAf;i;0;;
13695;0700-0800;;F;Radio France Int.;F;WAf;i;0;;
13700;0200-0600;;CHN;China National Radio 13;UI;CHN;L;4;;[0223]
13700;0600-0800;We-Mo;CHN;China National Radio 13;UI;CHN;L;1;;[0426]
13700;0800-0900;We-Mo;CHN;China National Radio 13;UI;CHN;L;1;;[0426]
13700;0900-1000;;CHN;China National Radio 13;M;CHN;L;1;;[0824]
13700;1000-1100;;CHN;China National Radio 13;UI;CHN;L;1;;
13700;1100-1400;;CHN;China National Radio 13;UI;CHN;L;5;;[0626]
13700;2355-0600;;CHN;China National Radio 13;UI;CHN;L;5;;[0426]
13700;1800-1900;;CHN;China Radio Int.;AM;SEu;u;0;;
13710;1400-1500;;CHN;China Radio Int.;E;Eu;ka;0;;
13710;1500-1600;;CHN;China Radio Int.;TU;ME;k;0;;
13710;1600-1700;;CHN;China Radio Int.;TU;ME;k;0;;
13710;1730-1830;;CHN;China Radio Int.;M;ME;k;0;;
13710;1830-1900;;CHN;China Radio Int.;BU;SEE;k;0;;
13710;1900-2000;;CHN;China Radio Int.;TU;ME;k;0;;
13710;2000-2100;;MDG;MWV Radio Feda;A;ME;m;1;;[1225]
13710;0700-1300;Tu,Th;USA;Voice of America;E;ME;/D-L;6;2306;2510
13720;0300-0400;;CHN;China Radio Int.;HI;SAs;ka;0;;
13720;1000-1100;;CHN;China Radio Int.;E;SEA;x;0;;
13720;1100-1200;;CHN;China Radio Int.;E;SEA;x;0;;
13720;2000-2030;;F;Radio France Int.;HA;CAf;i;0;;
13720;1400-0100;;USA;Radio Marti;S;CUB;g;0;;
13725;1630-1730;;TUR;Voice of Turkey;S;SEu;e;0;;
13730;0500-0515;Fr;CAN;Bible Voice;A;ME;/D-n;0;;
13730;0100-0130;;CHN;CRI DIGITAL;M;Oc;k;0;;
13730;0200-0230;;CHN;CRI DIGITAL;M;Oc;k;0;;
13730;0300-0400;;CHN;China Radio Int.;TAM;SAs;k;0;;
13730;0400-0430;;CHN;CRI DIGITAL;M;Oc;k;0;;
13730;0530-0600;;CHN;CRI DIGITAL;M;Oc;k;0;;
13730;0700-0730;;CHN;CRI DIGITAL;M;Oc;k;0;;
13730;0830-0900;;CHN;CRI DIGITAL;M;Oc;k;0;;
13730;0900-1000;;CHN;China Radio Int.;M;Oc;k;0;;
13730;2130-1500;;CHN;CNR1 Jammer/Firedrake;M;FE;;1;;[0925]
13730;1800-1900;Tu,Th;D;Music 4 Joy DIGITAL;;EAf;n;0;;
13730.1;0000-0100;;TWN;Sound of Hope;M;FE;;1;;
13730.1;0100-0200;;TWN;Sound of Hope;M;FE;;1;;
13730.1;0200-1200;;TWN;Sound of Hope;M;FE;;1;;[0925]
13730.1;1200-1300;;TWN;Sound of Hope;M;FE;;1;;[0525]
13730.1;1300-1400;;TWN;Sound of Hope;M;FE;;1;;
13730.1;1400-1500;;TWN;Sound of Hope;M;FE;;1;;
13730.1;2130-2200;;TWN;Sound of Hope;M;FE;;1;;
13730.1;2200-2300;;TWN;Sound of Hope;M;FE;;1;;
13730.1;2300-2400;;TWN;Sound of Hope;M;FE;;1;;
13740;0100-0300;;CHN;China Radio Int.;S;SAm;ka;0;;
13740;2300-0100;;CHN;China Radio Int.;S;SAm;ka;0;;
13740;0600-0630;;F;Radio France Int.;HA;WAf;i;0;;
13740;2200-2300;irr;F;TDF DIGITAL;F;EAf;i;0;;
13740;1330-1400;;G;BBC;BR;SEA;/UZB;0;;
13740;1630-1700;Mo-Fr;G;BBC;KNK;EAf;/UAE;0;;
13750;0000-0100;;CHN;China Radio Int.;E;FE;b;0;;
13750;2030-2230;;CHN;China Radio Int.;F;SEu;u;0;;
13750;0400-0500;;J;NHK Radio Japan;J;ME;/D-n;0;;
13750;1700-1800;;ROU;Radio Romania DIGITAL;E;WEu;t;0;;
13755;1100-1200;;CHN;China Radio Int.;M;SAs;ka;0;;
13755;1200-1300;;CHN;China Radio Int.;M;SAs;ka;0;;
13755;1300-1400;;CHN;China Radio Int.;E;SAs;ka;0;;
13755;1500-1600;;CHN;China Radio Int.;M;Eu;ka;0;;
13755;0900-1100;;CHN;CNR1 Jammer/Firedrake;M;FE;;0;;
13755;0900-1100;;USA;Voice of America;M;FE;/PHL-t;0;;
13760;1600-1700;;CHN;China Radio Int.;E;Eu;ka;0;;
13760;1700-1800;;CHN;China Radio Int.;E;Eu;ka;0;;
13760;1800-1900;;CHN;China Radio Int.;E;Eu;ka;0;;
13760;0300-0400;;KRE;Voice of Korea;S;LAm;u;1;;
13760;0400-0500;;KRE;Voice of Korea;E;LAm;u;1;;[0326]
13760;0500-0600;;KRE;Voice of Korea;S;LAm;u;1;;[0624]
13760;0600-0700;;KRE;Voice of Korea;F;LAm;u;1;;[0522]
13760;0700-0900;;KRE;Voice of Korea;R;Eu;u;1;;[0124]
13760;0900-1000;;KRE;Voice of Korea;K;Eu;u;8;;
13760.4;1300-1400;;KRE;Voice of Korea;E;Eu;u;5;;[0626]
13760.4;1400-1500;;KRE;Voice of Korea;F;Eu;u;5;;[0924]
13760.4;1500-1600;;KRE;Voice of Korea;E;Eu;u;5;;[0626]
13760.4;1600-1700;;KRE;Voice of Korea;F;Eu;u;5;;[0626]
13760.4;1700-1750;;KRE;Voice of Korea KCBS;K;Eu;u;5;;[0626]
13760.4;1800-1900;;KRE;Voice of Korea;E;Eu;u;5;;[0424]
13760.4;1900-2000;;KRE;Voice of Korea;S;Eu;u;5;;[0726]
13760.4;2000-2100;;KRE;Voice of Korea;F;Eu;u;5;;[0726]
13760.4;2100-2200;;KRE;Voice of Korea;E;Eu;u;5;;[0726]
13760.4;2200-2300;;KRE;Voice of Korea;S;Eu;u;5;;[0726]
13760.4;2300-2350;;KRE;Voice of Korea KCBS;K;Eu;u;5;;[0624]
13760;0200-0400;;MDG;MWV New Life Station;E;IND;m;1;;[0226]
13760;0800-1100;Tu,Th;USA;Voice of America;E;EEu;/D-L;6;2306;2510
13770;0000-0100;;CHN;China Radio Int.;VN;SEA;x;0;;
13770;2300-2400;;CHN;China Radio Int.;VN;SEA;x;0;;
13770;0100-1100;;CHN;CNR 7 Greater Bay Area;CA;CHN;ka;1;;[0526]
13770;1100-1805;;CHN;CNR 7 Greater Bay Area;CA;CHN;ka;1;;[0526]
13775;0000-0100;;TWN;Sound of Hope;M;FE;;1;;
13775;0100-0200;;TWN;Sound of Hope;M;FE;;1;;
13775;0200-1200;;TWN;Sound of Hope;M;FE;;1;;
13775;1200-1300;;TWN;Sound of Hope;M;FE;;1;;
13775;1300-1400;;TWN;Sound of Hope;M;FE;;1;;
13775;1400-1500;;TWN;Sound of Hope;M;FE;;1;;
13775;2130-2200;;TWN;Sound of Hope;M;FE;;1;;
13775;2200-2300;;TWN;Sound of Hope;M;FE;;1;;
13775;2300-2400;;TWN;Sound of Hope;M;FE;;1;;
13780;0130-0230;;CHN;China Radio Int.;NE;FE;k;0;;
13780;0230-0330;;CHN;China Radio Int.;NE;FE;k;0;;
13790;1600-1800;;CHN;China Radio Int.;A;NAf;ka;0;;
13790;0000-1000;;CHN;CNR1 DIGITAL;M;CHN;qq;1;;[0226]
13790;1400-1500;;CHN;CNR1 Jammer/Firedrake;M;FE;;0;;
13790;2130-1600;;CHN;CNR1 Jammer/Firedrake;M;FE;;1;;[0925]
13790;0400-0430;Mo-Fr;G;BBC;SO;EAf;/MDG;0;;
13790;1800-1830;;G;BBC;F;CAf;/MDG;0;;
13790;0000-0100;;TWN;Sound of Hope;M;FE;;1;;
13790;0100-0200;;TWN;Sound of Hope;M;FE;;1;;[1223]
13790;0200-1200;;TWN;Sound of Hope;M;FE;;1;;[0925]
13790;1200-1300;;TWN;Sound of Hope;M;FE;;1;;[0525]
13790;1300-1400;;TWN;Sound of Hope;M;FE;;1;;
13790;1400-1500;;TWN;Sound of Hope;M;FE;;1;;
13790;2130-2200;;TWN;Sound of Hope;M;FE;;1;;
13790;2200-2300;;TWN;Sound of Hope;M;FE;;1;;
13790;2300-2400;;TWN;Sound of Hope;M;FE;;1;;
13790;1400-1500;;USA;Voice of America;TB;FE;/KWT;0;;
13795;1230-1330;;CHN;China Radio Int.;ML;INS;k;0;;
13800;0900-1000;;CHN;China Radio Int.;E;Oc;k;0;;
13800;1802-1832;Sa;SWZ;Trans World Radio;JU;EAf;;1;;
13800;1802-1902;Mo-Fr;SWZ;Trans World Radio;A;EAf;;1;;[0226]
13800;1905-1935;;SWZ;Trans World Radio;LIN;COD;;5;;[0726]
13800;1935-1950;Sa;SWZ;Trans World Radio;F;COD;;5;;
13800;1935-2005;Mo-Fr;SWZ;Trans World Radio;LIN;COD;;5;;
13800;1000-1200;;USA;Brother Stair;E;ME;/BUL-s;8;;
13803;0310-0320;Mo;RUS;E06 Russian Spy Numbers;E;RUS;c;1;0106;3006
13805;2130-1500;;CHN;CNR1 Jammer/Firedrake;M;FE;u;1;;[0726]
13805;0000-0100;;TWN;Sound of Hope;M;FE;;1;;
13805;0100-0200;;TWN;Sound of Hope;M;FE;;1;;
13805;0200-1200;;TWN;Sound of Hope;M;FE;;1;;
13805;1200-1300;;TWN;Sound of Hope;M;FE;;1;;
13805;1300-1400;;TWN;Sound of Hope;M;FE;;1;;
13805;1400-1500;;TWN;Sound of Hope;M;FE;;1;;
13805;2130-2200;;TWN;Sound of Hope;M;FE;;1;;
13805;2200-2300;;TWN;Sound of Hope;M;FE;;1;;
13805;2300-2400;;TWN;Sound of Hope;M;FE;;1;;
13810;1200-1400;;CHN;China Radio Int.;M;EAf;ka;0;;
13810;1800-2000;;CHN;China Radio Int.;D;WEu;ka;0;;
13810;0400-1100;;CHN;CNR1 DIGITAL;M;FE;k;5;;[0925]
13810;0330-0400;;CHN;CRI DIGITAL;M;Oc;k;0;;
13810;0600-0630;;G;BBC;F;NAf;w;6;2903;0608
13825;0100-0900;;CHN;CNR1 DIGITAL;M;FE;b;1;;[0226]
13825;1000-1030;;CHN;CNR1 Jammer/Firedrake;M;FE;u;1;;
13825;1200-1300;;CLA;Mizzima Radio;BR;SEA;/UZB;5;;[1024]
13825;2200-2400;;G;BBC;E;INS;/OMA-a;0;;
13825;0500-0510;Th;RUS;E06 Russian Spy Numbers;E;RUS;xx;1;0107;3107[0719]
13825;1000-1030;;TWN;Radio Taiwan Int.;CA;SEA;p;1;;[0422]
13825;1030-1100;;TWN;Radio Taiwan Int.;HK;SEA;p;1;;[0423]
13827;0310-0320;Mo;RUS;E06 Russian Spy Numbers;E;RUS;c;1;0107;3107
13830;1530-1600;;CVA;Radio Vaticana;AH;EAf;;1;;
13830;1600-1615;Sa;CVA;Radio Vaticana;SWA;EAf;/MDG;1;;
13830;1600-1630;Su-Mo;CVA;Radio Vaticana;SWA;EAf;/MDG;1;;
13830;1615-1630;Sa;CVA;Radio Vaticana;SO;EAf;/MDG;1;;
13830;1630-1700;;CVA;Radio Vaticana;E;EAf;/MDG;1;;
13830;1700-1730;;CVA;Radio Vaticana;F;CAf;;1;;
13830;1730-1800;;CVA;Radio Vaticana;TIG;EAf;;1;;
13830;1840-1900;Su;CVA;Radio Vaticana;Ros;Af;;5;;
13835;1000-1200;;CHN;CNR1 DIGITAL;M;CHN;qq;1;;[0925]
13840;2130-1400;;CHN;CNR1 Jammer/Firedrake;M;FE;;1;;[0626]
13840;1959-2058;Su-Fr;NZL;RNZ Pacific DIGITAL;E;Oc;r;0;;
13840;0000-0100;;TWN;Sound of Hope;M;FE;;1;;
13840;0100-0200;;TWN;Sound of Hope;M;FE;;1;;
13840;0200-1200;;TWN;Sound of Hope;M;FE;;1;;[0626]
13840;1200-1300;;TWN;Sound of Hope;M;FE;;1;;
13840;1300-1400;;TWN;Sound of Hope;M;FE;;1;;
13840;2130-2200;;TWN;Sound of Hope;M;FE;;1;;
13840;2200-2300;;TWN;Sound of Hope;M;FE;;1;;
13840;2300-2400;;TWN;Sound of Hope;M;FE;;1;;
13845;1200-2400;;USA;WWCR 3 Nashville, TN;E;NAm;n;5;;
13845;1300-0100;;USA;WWCR 3 Nashville, TN;E;NAm;n;4;;
13845;1300-1330;Su;USA;WWCR 3 Nashville, TN;L;NAm;n;2;;
13845;1600-1700;Sa;USA;WWCR 3 Nashville, TN;S;NAm;n;5;;
13850;0900-1100;;CHN;China Radio Int.;M;SEA;b;0;;
13850;0300-0330;;G;BBC;PS;AFG;/OMA-a;0;;
13855;1900-0100;;ALG;Ifrikya FM;A;WAf;o;0;;[0626]
13855;2145-2155;;ALG;Ifrikya FM;E;WAf;o;0;;[0626]
13860;1100-1200;;CHN;China Radio Int.;R;Sib;b;0;;
13860;1500-1600;;CHN;China Radio Int.;R;EEu;s;0;;
13860;2100-1100;;CHN;CNR1 DIGITAL;M;FE;b;6;0306;0606
13860;1400-1500;;CHN;CNR1 Jammer/Firedrake;M;FE;;0;;
13860;1200-1300;;J;NHK Radio Japan;J;ME;y;6;2903;3006
13860;1400-1500;;USA;Voice of America;TB;FE;/KWT;0;;
13863;0400-0410;Th;RUS;E06 Russian Spy Numbers;E;RUS;c;1;0111;3011
13870;1630-1730;;CHN;China Radio Int.;HA;NIG;ka;0;;
13870;2130-1500;;CHN;CNR1 Jammer/Firedrake;M;CHN;;1;;[0621]
13870;0100-0130;Mo-Fr;PHL;FEBC Manila;BR;SEA;b;1;;[0126]
13870;0130-0145;Fr-Su;PHL;FEBC Manila;SHT;SEA;b;1;;[0526]
13870;1000-1030;Mo-Fr;PHL;FEBC Manila;SHA;SEA;b;1;;
13870;1030-1100;Mo-Fr;PHL;FEBC Manila;MIE;SEA;b;6;2903;2108[0123]
13870;1030-1100;Fr-Su;PHL;FEBC Manila;RAK;SEA;b;1;2208;
13870;1100-1300;;PHL;FEBC Manila;KH;SEA;b;1;;[1025]
13870;0000-0100;;TWN;Sound of Hope;M;FE;;1;;
13870;0100-0200;;TWN;Sound of Hope;M;FE;;1;;
13870;0200-1200;;TWN;Sound of Hope;M;FE;;1;;
13870;1200-1300;;TWN;Sound of Hope;M;FE;;1;;[0422]
13870;1300-1400;;TWN;Sound of Hope;M;FE;;1;;
13870;1400-1500;;TWN;Sound of Hope;M;FE;;1;;
13870;2130-2200;;TWN;Sound of Hope;M;FE;;1;;
13870;2200-2300;;TWN;Sound of Hope;M;FE;;1;;[0621]
13870;2300-2400;;TWN;Sound of Hope;M;FE;;1;;
13882.5;0430-0545;;D;DWD Pinneberg Met Fax;;Eu;pi;1;;
13882.5;0638-1155;;D;DWD Pinneberg Met Fax;;Eu;pi;1;;[0525]
13882.5;1236-1551;;D;DWD Pinneberg Met Fax;;Eu;pi;1;;[1218]
13882.5;1636-1655;;D;DWD Pinneberg Met Fax;;Eu;pi;1;;
13882.5;1800-1947;;D;DWD Pinneberg Met Fax;;Eu;pi;1;;[0126]
13882.5;2035-2300;;D;DWD Pinneberg Met Fax;;Eu;pi;1;;[0822]
13887;1100-1110;Tu,Fr;RUS;E07 Russian Spy Numbers;E;RUS;m;1;0108;3108
13890;2200-1700;;CHN;CNR1 Jammer/Firedrake;M;CHN;;1;;[1220]
13890;0000-0100;;TWN;Sound of Hope;M;FE;;1;;
13890;0100-0200;;TWN;Sound of Hope;M;FE;;1;;[1223]
13890;0200-1200;;TWN;Sound of Hope;M;FE;;1;;[0925]
13890;1200-1300;;TWN;Sound of Hope;M;FE;;1;;[0525]
13890;1300-1400;;TWN;Sound of Hope;M;FE;;1;;[1224]
13890;1400-1500;;TWN;Sound of Hope;M;FE;;1;;
13890;1500-1600;;TWN;Sound of Hope;M;FE;;1;;[1123]
13890;1600-1700;;TWN;Sound of Hope;M;FE;;1;;
13890;2200-2300;;TWN;Sound of Hope;M;FE;;1;;[0621]
13890;2300-2400;;TWN;Sound of Hope;M;FE;;1;;
13908;0745-0755;Tu,Th;POL;E11 Polish Spy Numbers;E;;p;1;0111;2802
13920;0015-0215;;AUS;VMC Charleville Met Fax;;Oc;c;1;;
13920;0245-0330;;AUS;VMC Charleville Met Fax;;Oc;c;1;;
13920;0400-0500;;AUS;VMC Charleville Met Fax;;Oc;c;1;;
13920;0600-0855;;AUS;VMC Charleville Met Fax;;Oc;c;1;;[0721]
13920;0900-0955;;AUS;VMC Charleville Met Fax;;Oc;c;1;;
13920;1015-1715;;AUS;VMC Charleville Met Fax;;Oc;c;1;;[1023]
13920;1800-1845;;AUS;VMC Charleville Met Fax;;Oc;c;1;;[1122]
13920;1915-2045;;AUS;VMC Charleville Met Fax;;Oc;c;1;;
13920;2215-2400;;AUS;VMC Charleville Met Fax;;Oc;c;1;;
13920;2200-1500;;CHN;CNR1 Jammer/Firedrake;M;CHN;xz;1;;[0626]
13920;0000-0100;;TWN;Sound of Hope;M;FE;;1;;
13920;0100-0200;;TWN;Sound of Hope;M;FE;;1;;[1223]
13920;0200-1200;;TWN;Sound of Hope;M;FE;;1;;[0626]
13920;1200-1300;;TWN;Sound of Hope;M;FE;;1;;[0525]
13920;1300-1400;;TWN;Sound of Hope;M;FE;;1;;[1224]
13920;1400-1500;;TWN;Sound of Hope;M;FE;;1;;[0422]
13920;2200-2300;;TWN;Sound of Hope;M;FE;;1;;[0621]
13920;2300-2400;;TWN;Sound of Hope;M;FE;;1;;
13927;0700-0710;Su;RUS;V07 Russian Spy Numbers;S;FE;kh;1;0106;3006
13941;1140-1150;Tu,Fr;RUS;E07 Russian Spy Numbers;E;RUS;m;1;0104;3004
13945;0600-0610;Th;RUS;E06 Russian Spy Numbers;E;RUS;xx;1;0101;3101
13945;0930-0940;Su;RUS;E06 Russian Spy Numbers;E;RUS;or;1;0104;3004
13958;1120-1130;Tu,Fr;RUS;E07 Russian Spy Numbers;E;RUS;m;1;0107;3107
13960;2130-1500;;CHN;CNR1 Jammer/Firedrake;M;FE;;1;;[0223]
13960;0000-0100;;TWN;Sound of Hope;M;FE;;1;;
13960;0100-0200;;TWN;Sound of Hope;M;FE;;1;;[1223]
13960;0200-1200;;TWN;Sound of Hope;M;FE;;1;;[0925]
13960;1200-1300;;TWN;Sound of Hope;M;FE;;1;;[0525]
13960;1300-1400;;TWN;Sound of Hope;M;FE;;1;;[1224]
13960;1400-1500;;TWN;Sound of Hope;M;FE;;1;;[0422]
13960;2130-2200;;TWN;Sound of Hope;M;FE;;1;;
13960;2200-2300;;TWN;Sound of Hope;M;FE;;1;;[0621]
13960;2300-2400;;TWN;Sound of Hope;M;FE;;1;;
13974;0200-0300;;TWN;Star-Star Bc.Station;M;CHN;y;1;;
13974;0300-0400;;TWN;Star-Star Bc.Station;M;CHN;y;1;;
13974;1100-1200;;TWN;Star-Star Bc.Station;M;CHN;y;1;;
13974;1200-1300;;TWN;Star-Star Bc.Station;M;CHN;y;1;;[0925]
13978;0700-0710;Su;RUS;V07 Russian Spy Numbers;S;FE;kh;1;0107;3107
13980;2300-1500;;CHN;CNR1 Jammer/Firedrake;M;FE;;1;;
13980;0000-0100;;TWN;Sound of Hope;M;FE;;1;;
13980;0100-0200;;TWN;Sound of Hope;M;FE;;1;;[1223]
13980;0200-1200;;TWN;Sound of Hope;M;FE;;1;;[0925]
13980;1200-1300;;TWN;Sound of Hope;M;FE;;1;;
13980;1300-1400;;TWN;Sound of Hope;M;FE;;1;;
13980;1400-1500;;TWN;Sound of Hope;M;FE;;1;;
13980;2300-2400;;TWN;Sound of Hope;M;FE;;1;;
13985;0500-0510;Th;RUS;E06 Russian Spy Numbers;E;RUS;xx;1;0106;3006[0619]
13986;1700-1710;Tu;RUS;F06 Russian Spy Numbers;-TY;RUS;m;1;0103;3103
13988.5;0000-2400;;J;JMH Japan Meteo Fax;;FE;k;1;;[1025]
14359;1120-1130;Tu,Fr;RUS;E07 Russian Spy Numbers;E;RUS;m;1;0105;3105
14361;1540-1550;Tu,Fr;RUS;E07 Russian Spy Numbers;E;RUS;m;1;0110;3110
14364;0310-0320;Mo;RUS;E06 Russian Spy Numbers;E;RUS;c;1;0102;2802[0219]
14365;0000-2400;;CHN;BAF Beijing Meteo Fax;;FE;bm;1;;
14370;2300-1500;;CHN;CNR1 Jammer/Firedrake;M;CHN;;1;;[1220]
14370;0500-0510;Th;RUS;E06 Russian Spy Numbers;E;RUS;xx;1;0109;3009
14370;0000-0100;;TWN;Sound of Hope;M;FE;;1;;
14370;0100-0200;;TWN;Sound of Hope;M;FE;;1;;[1223]
14370;0200-1200;;TWN;Sound of Hope;M;FE;;1;;[1224]
14370;1200-1300;;TWN;Sound of Hope;M;FE;;1;;[0223]
14370;1300-1400;;TWN;Sound of Hope;M;FE;;1;;[1224]
14370;1400-1500;;TWN;Sound of Hope;M;FE;;1;;
14370;2300-2400;;TWN;Sound of Hope;M;FE;;1;;
14398;0310-0320;Mo;RUS;E06 Russian Spy Numbers;E;RUS;c;1;0111;3011
14410;1745-1755;Mo,Su;POL;E11 Polish Spy Numbers;E;;p;1;0105;3108[0723]
14430;2100-1700;;CHN;CNR1 Jammer/Firedrake;M;CHN;;1;;[0222]
14430;0000-0100;;TWN;Sound of Hope;M;FE;;1;;
14430;0100-0200;;TWN;Sound of Hope;M;FE;;1;;
14430;0200-1200;;TWN;Sound of Hope;M;FE;;1;;[0925]
14430;1200-1300;;TWN;Sound of Hope;M;FE;;1;;[0223]
14430;1300-1400;;TWN;Sound of Hope;M;FE;;1;;
14430;1400-1500;;TWN;Sound of Hope;M;FE;;1;;[1224]
14430;1500-1600;;TWN;Sound of Hope;M;FE;;1;;[0822]
14430;1600-1700;;TWN;Sound of Hope;M;FE;;1;;
14430;2100-2130;;TWN;Sound of Hope;M;FE;;1;;
14430;2130-2200;;TWN;Sound of Hope;M;FE;;1;;
14430;2200-2300;;TWN;Sound of Hope;M;FE;;1;;
14430;2300-2400;;TWN;Sound of Hope;M;FE;;1;;
14431;0240-0250;Su;RUS;V07 Russian Spy Numbers;S;FE;kh;1;0104;3004
14431;0240-0250;Su;RUS;V07 Russian Spy Numbers;S;FE;kh;1;0109;3009
14431;0240-0250;Su;RUS;V07 Russian Spy Numbers;S;FE;kh;1;0111;3011
14456;0310-0320;Mo;RUS;E06 Russian Spy Numbers;E;RUS;c;1;0104;3004
14458;1520-1530;Tu,Fr;RUS;E07 Russian Spy Numbers;E;RUS;m;1;0102;2802
14467.3;0000-2400;;D;DWD 2 Pinneberg RTTY;E;Eu;pi;1;;[0725]
14469;0700-0710;Su;RUS;V07 Russian Spy Numbers;S;FE;kh;1;0105;3105
14474;1120-1130;Tu,Fr;RUS;E07 Russian Spy Numbers;E;RUS;m;1;0106;3006
14477;0310-0320;Mo;RUS;E06 Russian Spy Numbers;E;RUS;c;1;0109;3009
14536;1430-1440;Th,Sa;RUS;E07 Russian Spy Numbers;E;RUS;m;1;0105;3105[0521]
14537;1100-1110;Tu,Fr;RUS;E07 Russian Spy Numbers;E;RUS;m;1;0110;3110
14549;0240-0250;Su;RUS;V07 Russian Spy Numbers;S;FE;kh;1;0112;3112
14560;2200-1500;;CHN;CNR1 Jammer/Firedrake;M;CHN;;1;;[0521]
14560;0000-0100;;TWN;Sound of Hope;M;FE;;1;;
14560;0100-0200;;TWN;Sound of Hope;M;FE;;1;;
14560;0200-1200;;TWN;Sound of Hope;M;FE;;1;;
14560;1200-1300;;TWN;Sound of Hope;M;FE;;1;;[0422]
14560;1300-1400;;TWN;Sound of Hope;M;FE;;1;;
14560;1400-1500;;TWN;Sound of Hope;M;FE;;1;;
14560;2200-2300;;TWN;Sound of Hope;M;FE;;1;;
14560;2300-2400;;TWN;Sound of Hope;M;FE;;1;;
14565;0500-0510;Th;RUS;E06 Russian Spy Numbers;E;RUS;xx;1;0105;3105[0521]
14568;0310-0320;Mo;RUS;E06 Russian Spy Numbers;E;RUS;c;1;0103;3103
14571;1500-1510;Tu,Fr;RUS;E07 Russian Spy Numbers;E;RUS;m;1;0103;3103
14575;1645-1655;Tu,Th;POL;E11 Polish Spy Numbers;E;;p;1;0105;3108[0724]
14575;0600-0610;Th;RUS;E06 Russian Spy Numbers;E;RUS;xx;1;0112;3112[1218]
14580;0000-0100;;TWN;Sound of Hope;M;FE;;1;;
14580;0100-0200;;TWN;Sound of Hope;M;FE;;1;;
14580;0200-1200;;TWN;Sound of Hope;M;FE;;1;;[0626]
14580;1200-1300;;TWN;Sound of Hope;M;FE;;1;;
14580;1300-1400;;TWN;Sound of Hope;M;FE;;1;;
14580;1400-1500;;TWN;Sound of Hope;M;FE;;1;;
14580;2200-2300;;TWN;Sound of Hope;M;FE;;1;;
14580;2300-2400;;TWN;Sound of Hope;M;FE;;1;;
14611;0820-0830;Tu,We;POL;E11 Polish Spy Numbers;E;;p;1;0111;2802
14613;0310-0320;Mo;RUS;E06 Russian Spy Numbers;E;RUS;c;1;0110;3110
14635;2200-1500;;CHN;CNR1 Jammer/Firedrake;M;FE;;1;;[1220]
14635;0000-0100;;TWN;Sound of Hope;M;FE;;1;;
14635;0100-0200;;TWN;Sound of Hope;M;FE;;1;;
14635;0200-1200;;TWN;Sound of Hope;M;FE;;1;;[0925]
14635;1200-1300;;TWN;Sound of Hope;M;FE;;1;;[0223]
14635;1300-1400;;TWN;Sound of Hope;M;FE;;1;;
14635;1400-1500;;TWN;Sound of Hope;M;FE;;1;;
14635;2200-2300;;TWN;Sound of Hope;M;FE;;1;;
14635;2300-2400;;TWN;Sound of Hope;M;FE;;1;;
14636;0220-0230;Su;RUS;V07 Russian Spy Numbers;S;FE;kh;1;0101;3101
14638;0000-2400;;ISR;4XZ Israeli Navy Haifa;-CW;;;1;;[0725]
14639;1100-1110;Tu,Fr;RUS;E07 Russian Spy Numbers;E;RUS;m;1;0103;3103
14648;0300-0310;Th;RUS;E06 Russian Spy Numbers;E;RUS;c;1;0108;3108
14654;0300-0310;Th;RUS;E06 Russian Spy Numbers;E;RUS;c;1;0112;3112
14670;0000-2400;;CAN;CHU Ottawa;-TS;NAm;o;6;2903;2106[0626]
14670;0000-1410;22Jun;CAN;CHU Ottawa;-TS;NAm;o;6;1306;2206
14690;2200-1500;;CHN;CNR1 Jammer/Firedrake;M;FE;;1;;[1224]
14690;0000-0100;;TWN;Sound of Hope;M;FE;;1;;
14690;0100-0200;;TWN;Sound of Hope;M;FE;;1;;
14690;0200-1200;;TWN;Sound of Hope;M;FE;;1;;[0925]
14690;1200-1300;;TWN;Sound of Hope;M;FE;;1;;[0223]
14690;1300-1400;;TWN;Sound of Hope;M;FE;;1;;
14690;1400-1500;;TWN;Sound of Hope;M;FE;;1;;
14690;2200-2300;;TWN;Sound of Hope;M;FE;;1;;
14690;2300-2400;;TWN;Sound of Hope;M;FE;;1;;
14717;1430-1440;Th,Sa;RUS;E07 Russian Spy Numbers;E;RUS;m;1;0106;3006[0621]
14725;0000-0100;;TWN;Sound of Hope;M;FE;;1;;
14725;0100-0200;;TWN;Sound of Hope;M;FE;;1;;
14725;0200-1200;;TWN;Sound of Hope;M;FE;;1;;
14725;1200-1300;;TWN;Sound of Hope;M;FE;;1;;
14725;1300-1400;;TWN;Sound of Hope;M;FE;;1;;
14725;1400-1500;;TWN;Sound of Hope;M;FE;;1;;
14725;1500-1600;;TWN;Sound of Hope;M;FE;;1;;
14725;2200-2300;;TWN;Sound of Hope;M;FE;;1;;
14725;2300-2400;;TWN;Sound of Hope;M;FE;;1;;
14735;0930-0940;Su;RUS;E06 Russian Spy Numbers;E;RUS;or;1;0105;3105
14737;1500-1510;Tu,Fr;RUS;E07 Russian Spy Numbers;E;RUS;m;1;0111;3011
14767;0300-0310;Th;RUS;E06 Russian Spy Numbers;E;RUS;c;1;0105;3105
14774.8;0000-0100;;TWN;Sound of Hope;M;FE;;1;;
14774.8;0100-0200;;TWN;Sound of Hope;M;FE;;1;;
14774.8;0200-1200;;TWN;Sound of Hope;M;FE;;1;;[1123]
14774.8;1200-1300;;TWN;Sound of Hope;M;FE;;1;;[0222]
14774.8;1300-1400;;TWN;Sound of Hope;M;FE;;1;;
14774.8;1400-1500;;TWN;Sound of Hope;M;FE;;1;;
14774.8;2200-2300;;TWN;Sound of Hope;M;FE;;1;;
14774.8;2300-2400;;TWN;Sound of Hope;M;FE;;1;;[0422]
14800;0000-0100;;TWN;Sound of Hope;M;FE;;1;;
14800;0100-0200;;TWN;Sound of Hope;M;FE;;1;;
14800;0200-1200;;TWN;Sound of Hope;M;FE;;1;;
14800;1200-1300;;TWN;Sound of Hope;M;FE;;1;;
14800;1300-1400;;TWN;Sound of Hope;M;FE;;1;;
14800;1400-1500;;TWN;Sound of Hope;M;FE;;1;;
14800;2130-2200;;TWN;Sound of Hope;M;FE;;1;;
14800;2200-2300;;TWN;Sound of Hope;M;FE;;1;;
14800;2300-2400;;TWN;Sound of Hope;M;FE;;1;;[0422]
14819;1430-1440;Th,Sa;RUS;E07 Russian Spy Numbers;E;RUS;m;1;0108;3108[0821]
14820;2100-1500;;CHN;CNR1 Jammer/Firedrake;M;CHN;;1;;[1220]
14820.1;0000-0100;;TWN;Sound of Hope;M;FE;;1;;
14820.1;0100-0200;;TWN;Sound of Hope;M;FE;;1;;
14820.1;0200-1200;;TWN;Sound of Hope;M;FE;;1;;
14820.1;1200-1300;;TWN;Sound of Hope;M;FE;;1;;[0222]
14820.1;1300-1400;;TWN;Sound of Hope;M;FE;;1;;
14820.1;1400-1500;;TWN;Sound of Hope;M;FE;;1;;
14820.1;2100-2130;;TWN;Sound of Hope;M;FE;;1;;
14820.1;2130-2200;;TWN;Sound of Hope;M;FE;;1;;
14820.1;2200-2300;;TWN;Sound of Hope;M;FE;;1;;
14820.1;2300-2400;;TWN;Sound of Hope;M;FE;;1;;
14831;1450-1500;Th,Sa;RUS;E07 Russian Spy Numbers;E;RUS;m;1;0104;3004[0421]
14841;1120-1130;Tu,Fr;RUS;E07 Russian Spy Numbers;E;RUS;m;1;0104;3004
14845;0300-0310;Th;RUS;E06 Russian Spy Numbers;E;RUS;c;1;0107;3107
14849;1430-1440;Th,Sa;RUS;E07 Russian Spy Numbers;E;RUS;m;1;0110;3110
14854;1430-1440;Th,Sa;RUS;E07 Russian Spy Numbers;E;RUS;m;1;0103;3103[0321]
14862;1430-1440;Th,Sa;RUS;E07 Russian Spy Numbers;E;RUS;m;1;0107;3107[0721]
14865;0745-0755;Tu,Th;POL;E11 Polish Spy Numbers;E;;p;1;0103;3004
14865;0745-0755;Tu,Th;POL;E11 Polish Spy Numbers;E;;p;1;0109;3110[0924]
14870;2200-1600;;CHN;CNR1 Jammer/Firedrake;M;CHN;;1;;[0925]
14870.1;0100-0200;;TWN;Sound of Hope;M;FE;;1;;
14870.1;0200-1200;;TWN;Sound of Hope;M;FE;;1;;[0925]
14870.1;1200-1300;;TWN;Sound of Hope;M;FE;;1;;[0223]
14870.1;1300-1400;;TWN;Sound of Hope;M;FE;;1;;
14870.1;1400-1500;;TWN;Sound of Hope;M;FE;;1;;[1224]
14870.1;1500-1600;;TWN;Sound of Hope;M;FE;;1;;
14870.1;2200-2300;;TWN;Sound of Hope;M;FE;;1;;
14870.1;2300-2400;;TWN;Sound of Hope;M;FE;;1;;
14875;1540-1550;Tu,Fr;RUS;E07 Russian Spy Numbers;E;RUS;m;1;0109;3009
14900;0100-1600;;CHN;CNR1 Jammer/Firedrake;M;CHN;;1;;[0222]
14900;0100-0200;;TWN;Sound of Hope;M;FE;;1;;
14900;0200-1200;;TWN;Sound of Hope;M;FE;;1;;[0925]
14900;1200-1300;;TWN;Sound of Hope;M;FE;;1;;[0223]
14900;1300-1400;;TWN;Sound of Hope;M;FE;;1;;
14900;1400-1500;;TWN;Sound of Hope;CA;FE;;1;;
14900;1500-1600;;TWN;Sound of Hope;M;FE;;1;;[1123]
14918;0300-0310;Th;RUS;E06 Russian Spy Numbers;E;RUS;c;1;0101;3101
14920;2130-1500;;CHN;CNR1 Jammer/Firedrake;M;CHN;;1;;[0626]
14920;0000-0100;;TWN;Sound of Hope;M;FE;;1;;[0521]
14920;0100-0200;;TWN;Sound of Hope;M;FE;;1;;
14920;0200-1200;;TWN;Sound of Hope;M;FE;;1;;[0925]
14920;1200-1300;;TWN;Sound of Hope;M;FE;;1;;[0223]
14920;1300-1400;;TWN;Sound of Hope;M;FE;;1;;
14920;1400-1500;;TWN;Sound of Hope;M;FE;;1;;
14920;2130-2200;;TWN;Sound of Hope;M;FE;;1;;
14920;2200-2300;;TWN;Sound of Hope;M;FE;;1;;
14920;2300-2400;;TWN;Sound of Hope;M;FE;;1;;
14928;1450-1500;Th,Sa;RUS;E07 Russian Spy Numbers;E;RUS;m;1;0109;3009[0922]
14932;0300-0310;Th;RUS;E06 Russian Spy Numbers;E;RUS;c;1;0106;3006
14940;2200-1600;;CHN;CNR1 Jammer/Firedrake;M;CHN;;1;;[0525]
14940;0745-0755;Tu,Th;POL;E11 Polish Spy Numbers;E;;p;1;0105;3108
14940;0000-0100;;TWN;Sound of Hope;M;FE;;1;;[0521]
14940;0100-0200;;TWN;Sound of Hope;M;FE;;1;;
14940;0200-1200;;TWN;Sound of Hope;M;FE;;1;;[0925]
14940;1200-1300;;TWN;Sound of Hope;M;FE;;1;;[0223]
14940;1300-1400;;TWN;Sound of Hope;M;FE;;1;;
14940;1400-1500;;TWN;Sound of Hope;M;FE;;1;;[0422]
14940;1500-1600;;TWN;Sound of Hope;M;FE;;1;;
14940;2200-2300;;TWN;Sound of Hope;M;FE;;1;;
14940;2300-2400;;TWN;Sound of Hope;M;FE;;1;;
14944;1200-1300;;TWN;Star-Star Bc.Station;M;CHN;y;1;;
14944;1300-1400;;TWN;Star-Star Bc.Station;M;CHN;y;1;;[0724]
14945;1500-1510;Tu,Fr;RUS;E07 Russian Spy Numbers;E;RUS;m;1;0106;3006
14958;1100-1110;Tu,Fr;RUS;E07 Russian Spy Numbers;E;RUS;m;1;0107;3107
14972;0315-0325;Mo,We;POL;E11 Polish Spy Numbers;E;;p;1;0105;3108
14972;1430-1440;Tu,Sa;POL;E11 Polish Spy Numbers;E;;p;1;0103;3004[0425]
14972;1430-1440;Tu,Sa;POL;E11 Polish Spy Numbers;E;;p;1;0109;3110[0924]
14975;0930-0940;We;RUS;E06 Russian Spy Numbers;E;RUS;or;1;0105;3105
14980;2200-1500;;CHN;CNR1 Jammer/Firedrake;M;CHN;;1;;[1125]
14980;0000-0100;;TWN;Sound of Hope;M;FE;;1;;[0521]
14980;0100-0200;;TWN;Sound of Hope;M;FE;;1;;
14980;0200-1200;;TWN;Sound of Hope;M;FE;;1;;[0925]
14980;1200-1300;;TWN;Sound of Hope;M;FE;;1;;[0422]
14980;1300-1400;;TWN;Sound of Hope;M;FE;;1;;
14980;1400-1500;;TWN;Sound of Hope;M;FE;;1;;
14980;2200-2300;;TWN;Sound of Hope;M;FE;;1;;
14980;2300-2400;;TWN;Sound of Hope;M;FE;;1;;
14996;0000-2400;;RUS;RWM Moscow;-TS;RUS;t;1;;[0525]
15000;0100-0900;;CHN;BPM Xian;-TS;CHN;p;1;;[1118]
15000;0000-2400;;HWA;WWVH Hawaii (f.ann.);-TS;USA;d;1;;[0426]
15000;0000-2400;;I;ItalCable;-TS;SEu;v;1;;
15000;0000-2400;;USA;WWV Colorado (m.ann.);-TS;USA;fd;1;;[0426]
15016;0000-2400;;USA;US Air Force Messages;E;NAm;;1;;[0726]
15025;0000-2400;;ISL;Reykjavik HFDL (ID3);-HF;NAO;r;1;;[1025]
15034;0200-0300;;CAN;Trenton Volmet;E;NAm;tr;6;0208;0208
15034;1100-0200;;CAN;Trenton Volmet;E;NAm;tr;1;;[0626]
15105;0300-0400;;KRE;Voice of Korea;M;SEA;u;1;;
15105;0400-0500;;KRE;Voice of Korea;F;SEA;u;1;;[0326]
15105;0500-0600;;KRE;Voice of Korea;E;SEA;u;1;;[0524]
15105;0600-0700;;KRE;Voice of Korea;M;SEA;u;1;;[1123]
15105;1442-1457;Th-Su;SWZ;Trans World Radio;AFA;EAf;;1;;[1125]
15105;1534-1619;Mo-Fr;SWZ;Trans World Radio;TIG;EAf;;1;;[0726]
15105;1549-1619;SaSu;SWZ;Trans World Radio;KUN;EAf;;1;;[0825]
15105;1905-1935;;SWZ;Trans World Radio;LIN;COD;;4;;[0126]
15105;1935-1950;Sa;SWZ;Trans World Radio;F;COD;;4;;
15105;1935-2005;Mo-Fr;SWZ;Trans World Radio;LIN;COD;;4;;[0226]
15110;0030-0200;;CHN;China Radio Int.;E;SAs;ka;6;0107;0107
15110;0200-0300;;CHN;China Radio Int.;E;SAs;ka;6;1706;1706
15110;0300-0400;;CHN;China Radio Int.;E;SAs;ka;0;;
15110;0400-0500;;CHN;China Radio Int.;M;SAs;ka;0;;
15110;0500-0600;;CHN;China Radio Int.;M;SAs;ka;0;;
15110;1100-1200;;CHN;China Radio Int.;EO;FE;u;0;;
15110;1200-1300;;CHN;China Radio Int.;M;CAs;u;0;;
15110;1400-1500;;CHN;CNR1 Jammer/Firedrake;M;FE;;0;;
15110;1400-1500;;USA;Voice of America;M;FE;/PHL-t;0;;
15120;0450-0550;;IRN;IRIB Voice of I.R.Iran;SWA;EAf;s;0;;
15120;0550-0650;;IRN;IRIB Voice of I.R.Iran;HA;WAf;s;0;;
15120;1900-2000;;ROU;Radio Romania Int.;S;E;t;0;;
15120;1030-1045;Mo-Sa;USA;Trans World Radio;MO;MNG;/UZB;5;;
15120;1045-1100;;USA;Trans World Radio;MO;MNG;/UZB;5;;
15120;0330-0930;Mo-Fr;USA;Voice of America;K;FE;/PHL-t;6;1307;2307
15125;0000-0100;;CHN;China Radio Int.;E;SEA;b;0;;
15125;0100-0200;;CHN;China Radio Int.;E;SEA;b;0;;
15125;1600-1700;;CHN;China Radio Int.;A;EAf;/MLI;0;;
15125;1700-1800;;CHN;China Radio Int.;SWA;EAf;/MLI;0;;
15130;1300-1400;;CHN;CNR1 Jammer/Firedrake;M;FE;;0;;
15130;0400-0530;;IND;AIR Akashvani Ext.Sce;FS;IRN;b;1;;
15130;0530-0630;;IND;AIR Akashvani Ext.Sce;A;ME;b;1;;[0426]
15130;0610-0625;irr;IND;AIR Akashvani Ext.Sce;E;ME;b;1;;
15130;0630-0700;;ROU;Radio Romania Int.;A;NAf;g;0;;
15130;1100-1200;;ROU;Radio Romania Int.;E;WEu;g;0;;
15130;1200-1230;;ROU;Radio Romania Int.;A;ME;t;0;;
15130;1530-1600;;ROU;Radio Romania Int.;A;NAf;g;0;;
15130;2030-2100;;ROU;Radio Romania Int.;E;ENA;t;0;;
15130;1300-1400;;USA;Voice of America;M;FE;/PHL-t;0;;
15135;0830-0930;;CHN;China Radio Int.;IN;INS;k;0;;
15135;0930-1030;;CHN;China Radio Int.;ML;INS;k;0;;
15135;1030-1130;;CHN;China Radio Int.;IN;INS;k;0;;
15140;0700-1900;;ALG;Ifrikya FM;A;WAf;o;0;;[0726]
15140;0000-0100;;CUB;Radio Habana Cuba;E;NAm;b;2;;[0626]
15140;0100-0200;;CUB;Radio Habana Cuba;CR;NAm;b;2;;[0526]
15140;0200-0300;;CUB;Radio Habana Cuba;P;NAm;b;2;;[0526]
15140;0300-0400;;CUB;Radio Habana Cuba;E;NAm;b;2;;
15140;0400-0500;;CUB;Radio Habana Cuba;P;NAm;b;2;;[0526]
15140;0500-0600;;CUB;Radio Habana Cuba;E;NAm;b;2;;[0526]
15140;1300-1500;;CUB;Radio Habana Cuba;S;NAm;b;2;;[0426]
15140;1500-1530;Su;CUB;Radio Habana Cuba;EO;NAm;b;2;;[0226]
15140;1500-1800;;CUB;Radio Habana Cuba;S;NAm;b;2;;[0126]
15140;1800-1830;;CUB;Radio Habana Cuba;F;NAm;b;2;;[0126]
15140;1830-1900;;CUB;Radio Habana Cuba;CR;NAm;b;2;;[0326]
15140;1900-2000;;CUB;Radio Habana Cuba;E;NAm;b;2;;[0526]
15140;0000-0500;Mo-Fr;USA;Voice of America;K;FE;/PHL-t;6;2407;2410
15140;2200-2400;Su-Th;USA;Voice of America;K;FE;/PHL-t;6;2407;2410
15145;0150-0155;Tu-Sa;B;Rádio Nacional Amazônia;E;B;b;6;2004;2104[0426]
15145;0155-0200;Tu-Sa;B;Rádio Nacional Amazônia;S;B;b;6;2004;2104
15145;0625-0207;;B;Rádio Nacional Amazônia;P;B;b;6;2004;2104[0426]
15145;0625-2130;;B;Rádio Nacional Amazônia;P;B;b;6;2304;2304[0426]
15145;0600-0700;;CHN;China Radio Int.;E;ME;ka;0;;
15145;0700-0800;;CHN;China Radio Int.;AM;SEA;x;0;;
15145;0400-0500;irr;F;TDF DIGITAL;F;Af;i;0;;[0626]
15145;1700-1710;20Jun;TWN;Radio Taiwan Int.;D;Eu;s;6;1406;2106
15145;1700-1710;21Jun;TWN;Radio Taiwan Int.;F;Eu;s;6;1406;2106
15145;1700-1730;Fr-Su;TWN;Radio Taiwan Int.;D;Eu;s;6;0307;2607
15145;1700-1730;Fr-Su;TWN;Radio Taiwan Int.;F;Eu;s;6;0708;3108
15150;0150-0155;Tu-Sa;B;Rádio Nacional Amazônia;E;B;b;1;2404;
15150;0155-0200;Tu-Sa;B;Rádio Nacional Amazônia;S;B;b;1;2404;
15150;0625-0207;;B;Rádio Nacional Amazônia;P;B;b;1;2404;
15150;2130-0207;;B;Rádio Nacional Amazônia;P;B;b;6;2304;2304
15150;0930-1130;;IRN;IRIB Voice of I.R.Iran;A;ME;s;0;;
15150;1150-1220;;IRN;IRIB Voice of I.R.Iran;HB;ME;s;0;;
15150;0900-1000;Su;ROU;Radio Romania Int.;RO;WEu;g;0;;
15150;1000-1100;;ROU;Radio Romania Int.;F;WEu;g;0;;
15150;1200-1700;Su-Fr;USA;WMLK Bethel, PA;E;Eu;;1;;[0726]
15160;0030-0100;;CHN;China Radio Int.;E;FE;j;6;0107;0107
15160;0100-0200;;CHN;China Radio Int.;M;FE;j;0;;
15160;0200-0300;;CHN;China Radio Int.;M;FE;j;0;;
15160;0300-0400;;CHN;China Radio Int.;M;FE;j;0;;
15160;0400-0500;;CHN;China Radio Int.;CA;FE;j;0;;
15160;0500-0600;;CHN;China Radio Int.;CA;FE;j;0;;
15160;0600-0700;;CHN;China Radio Int.;M;FE;j;0;;
15160;1030-1130;;CHN;China Radio Int.;KH;SEA;n;0;;
15160;0900-1000;;KOR;KBS World Radio;K;ME;k;1;;[0726]
15160;1530-1600;;ROU;Radio Romania Int.;A;ME;t;0;;
15160;1600-1700;Su;ROU;Radio Romania Int.;HB;ISR;t;0;;
15160;1600-1700;Mo-Sa;ROU;Radio Romania Int.;RO;ISR;t;0;;
15165;1300-1400;;CHN;CNR1 Jammer/Firedrake;M;FE;;0;;
15165;1300-1400;;USA;Voice of America;M;FE;/PHL-t;0;;
15170;0800-0900;Su;ROU;Radio Romania Int.;RO;ME;t;0;;
15170;1300-1500;;ROU;Radio Romania Int.;RO;WEu;g;0;;
15170;2300-2400;;ROU;Radio Romania Int.;S;SAm;t;0;;
15180;1100-1200;;CHN;China Radio Int.;BU;Eu;ka;0;;
15180;1200-1300;;CHN;China Radio Int.;SR;Eu;ka;0;;
15180;0100-0400;;CHN;CNR1 DIGITAL;M;FE;k;1;;[0626]
15180;0800-1100;;CHN;CNR1 DIGITAL;M;FE;k;4;;
15180;0300-0400;;KRE;Voice of Korea;S;LAm;u;1;;[0425]
15180;0400-0500;;KRE;Voice of Korea;E;LAm;u;1;;[0625]
15180;0500-0600;;KRE;Voice of Korea;S;LAm;u;1;;[0825]
15180;0600-0700;;KRE;Voice of Korea;F;LAm;u;1;;[1123]
15180;1000-1100;;KRE;Voice of Korea;E;LAm;u;5;;[0525]
15180;1100-1200;;KRE;Voice of Korea;F;LAm;u;5;;[0925]
15180;1200-1250;;KRE;Voice of Korea KCBS;K;LAm;u;5;;
15180;1700-1800;;ROU;Radio Romania Int.;E;WEu;t;0;;
15185;0430-0600;;IND;AIR Akashvani Ext.Sce;PS;AFG;b;1;;[0925]
15190;0000-2400;;B;Rádio Inconfidência;P;B;c;1;;[0726]
15190;0000-2400;;BEL;Radio Onda;P;WEu;;8;;
15190;1730-2030;;PHL;Radyo Pilipinas;TAG;ME;t;0;;
15195;0200-0450;;J;NHK Radio Japan;J;FE;y;0;;
15195;0510-0530;;J;NHK Radio Japan;K;FE;y;0;;
15195;0610-0630;;J;NHK Radio Japan;M;FE;y;0;;
15195;0630-0650;;J;NHK Radio Japan;K;FE;y;0;;
15200;0630-0700;;ROU;Radio Romania Int.;A;ME;t;0;;
15200;0800-0900;Su;ROU;Radio Romania Int.;RO;EGY;g;0;;
15200;1700-1800;;ROU;Radio Romania Int.;RO;WEu;g;0;;
15205;0100-0200;Tu,Th;USA;Voice of America;E;AFG;/THA-u;6;1606;2510
15205;0230-0530;;USA;VoA Radio Ashna;DR;AFG;/KWT;6;2805;2510
15210;1300-1400;;ROU;Radio Romania Int.;R;Sib;t;0;;
15215;1700-1800;We,Sa;CLA;Voice of Fano;AH;ETH;/F-i;1;;
15215.1;1200-1230;Su-Tu;IND;Gaweylon Tibetan Radio;TB;SAs;/UAE;1;;[1025]
15215;1500-1530;;USA;Adventist World Radio;KAN;SAs;/GUM-a;0;;
15215;1530-1600;;USA;Adventist World Radio;HI;SAs;/GUM-a;0;;
15220;1000-1100;;CHN;China Radio Int.;HU;Eu;ka;0;;
15220;1100-1200;;CHN;China Radio Int.;CZ;WEu;ka;0;;
15230;0300-0400;;CHN;China Radio Int.;M;FE;x;0;;
15230;0400-0500;;CHN;China Radio Int.;CA;FE;x;0;;
15230;0500-0600;;CHN;China Radio Int.;CA;FE;x;0;;
15230;0600-0700;;CHN;China Radio Int.;M;FE;x;0;;
15230;0700-0800;;CHN;China Radio Int.;CA;FE;x;0;;
15230;0800-0900;;CHN;China Radio Int.;M;FE;x;0;;
15230;1100-1300;;CUB;Radio Habana Cuba;S;WNA;q;2;;[1025]
15230;1300-1500;;CUB;Radio Habana Cuba;S;WNA;q;2;;[0226]
15230;1500-1530;Su;CUB;Radio Habana Cuba;EO;WNA;q;2;;[0226]
15230;1500-1800;;CUB;Radio Habana Cuba;S;WNA;q;2;;[1225]
15230;2100-2200;;CUB;Radio Habana Cuba;P;SAm;q;2;;[0624]
15230;2200-2300;;CUB;Radio Habana Cuba;S;SAm;q;5;;[1125]
15230;2300-2400;;CUB;Radio Habana Cuba;S;SAm;q;5;;[0823]
15230;0550-0820;;IRN;IRIB Voice of I.R.Iran;DR;CAs;s;0;;
15230;0920-1250;;IRN;IRIB Voice of I.R.Iran;DR;CAs;s;0;;
15235;1430-1730;;IRN;IRIB Voice of I.R.Iran;A;ME;s;0;;
15240;0420-0550;;IRN;IRIB Voice of I.R.Iran;TU;ME;s;0;;
15240;0600-0830;;IRN;IRIB Voice of I.R.Iran;A;ME;s;0;;[0526]
15240;0930-1130;;IRN;IRIB Voice of I.R.Iran;A;ME;s;0;;
15240;1130-1430;;IRN;IRIB Voice of I.R.Iran;A;ME;s;0;;
15240;1430-1730;;IRN;IRIB Voice of I.R.Iran;A;ME;s;0;;
15245;1500-1600;;CHN;China Radio Int.;E;Eu;ka;0;;
15245.2;0700-0900;;KRE;Voice of Korea;R;Eu;u;1;;[0726]
15245.2;0900-1000;;KRE;Voice of Korea;K;Eu;u;8;;
15245.2;1300-1400;;KRE;Voice of Korea;E;Eu;u;5;;[0626]
15245.2;1400-1500;;KRE;Voice of Korea;F;Eu;u;5;;[0825]
15245.2;1500-1600;;KRE;Voice of Korea;E;Eu;u;5;;[0624]
15245.2;1600-1700;;KRE;Voice of Korea;F;Eu;u;5;;[0825]
15245.2;1700-1750;;KRE;Voice of Korea KCBS;K;Eu;u;5;;[0626]
15245.2;1800-1900;;KRE;Voice of Korea;E;Eu;u;5;;[0726]
15245.2;1900-2000;;KRE;Voice of Korea;S;Eu;u;5;;[0726]
15245.2;2000-2100;;KRE;Voice of Korea;F;Eu;u;5;;[0626]
15245.2;2100-2200;;KRE;Voice of Korea;E;Eu;u;5;;[0925]
15245.2;2200-2300;;KRE;Voice of Korea;S;Eu;u;5;;[1025]
15245.2;2300-2350;;KRE;Voice of Korea KCBS;K;Eu;u;5;;[0425]
15250;0900-1100;;CHN;China Radio Int.;M;PHL;k;0;;
15250;1600-1700;;CHN;China Radio Int.;E;ME;u;0;;
15250;1100-1200;;CHN;CNR1 Jammer/Firedrake;M;FE;;0;;
15250;1200-1300;;CHN;CNR1 Jammer/Firedrake;M;FE;;0;;
15250;0550-0820;;IRN;IRIB Voice of I.R.Iran;DR;CAs;s;0;;
15250;0900-1000;Su;ROU;Radio Romania Int.;RO;WEu;g;0;;
15250;1000-1100;;ROU;Radio Romania Int.;F;WEu;g;0;;
15250;1100-1200;;USA;Voice of America;M;FE;/PHL-t;0;;
15250;1200-1300;;USA;Voice of America;M;FE;/PHL-t;0;;
15260;0900-1000;;CHN;China Radio Int.;M;FE;x;0;;
15260;1000-1100;;CHN;China Radio Int.;E;FE;x;0;;
15260;1100-1200;;CHN;China Radio Int.;K;FE;x;0;;
15260;1200-1300;;CHN;China Radio Int.;K;FE;x;0;;
15260;0130-0230;;IND;AIR Akashvani Ext.Sce;IN;SEA;b;1;;[1125]
15260;0155-0210;irr;IND;AIR Akashvani Ext.Sce;E;SEA;b;1;;[0725]
15260;0550-0650;;IRN;IRIB Voice of I.R.Iran;HA;WAf;s;0;;
15260;1700-1800;;S;IBRA Radio Sama;A;ME;/G-w;1;;[0526]
15265;1800-1900;;KOR;KBS World Radio;R;EEu;/G-w;0;;
15265;1330-1400;;USA;Adventist World Radio;KBO;SAs;/GUM-a;0;;
15270;0000-0600;;CHN;CNR 2 China Business R.;M;CHN;B;5;;
15270;0200-0600;;CHN;CNR 2 China Business R.;M;CHN;B;4;;
15270;0600-0900;Th-Tu;CHN;CNR 2 China Business R.;M;CHN;B;1;;[0222]
15270;0900-1100;;CHN;CNR 2 China Business R.;M;CHN;B;5;;
15280;2100-1700;;CHN;CNR1 Jammer/Firedrake;M;FE;;1;;[0326]
15280;1500-1530;Su-Th;G;BBC;A;ME;/MDG;0;;
15280;0700-0950;;J;NHK Radio Japan;J;SEA;y;0;;
15280;1530-1600;;ROU;Radio Romania Int.;A;NAf;g;0;;
15280;0000-0100;;TWN;Sound of Hope;M;FE;;1;;[0521]
15280;0100-0200;;TWN;Sound of Hope;M;FE;;1;;
15280;0200-1200;;TWN;Sound of Hope;M;FE;;1;;[0423]
15280;1200-1300;;TWN;Sound of Hope;M;FE;;1;;[0822]
15280;1300-1400;;TWN;Sound of Hope;M;FE;;1;;
15280;1400-1500;;TWN;Sound of Hope;M;FE;;1;;
15280;1500-1600;;TWN;Sound of Hope;M;FE;;1;;
15280;1600-1700;;TWN;Sound of Hope;M;FE;;1;;
15280;2100-2130;;TWN;Sound of Hope;M;FE;;1;;
15280;2130-2200;;TWN;Sound of Hope;M;FE;;1;;
15280;2200-2300;;TWN;Sound of Hope;M;FE;;1;;
15280;2300-2400;;TWN;Sound of Hope;M;FE;;1;;
15280;0200-0300;Tu,Th;USA;Voice of America;E;AFG;/THA-u;6;1606;2510
15290;1500-1900;;USA;Brother Stair;E;ME;/BUL-s;8;;
15295;1200-1400;;G;BBC;E;SAs;/OMA-a;0;;
15295;0000-2400;;MLA;RTM Nasional FM;ML;MLA;ka;1;;[0726]
15295;0000-0100;;TWN;Sound of Hope;M;FE;;1;;
15295;0100-0200;;TWN;Sound of Hope;M;FE;;1;;
15295;0200-1200;;TWN;Sound of Hope;M;FE;;1;;
15295;1200-1300;;TWN;Sound of Hope;M;FE;;1;;
15295;1300-1400;;TWN;Sound of Hope;M;FE;;1;;
15295;1400-1500;;TWN;Sound of Hope;M;FE;;1;;
15295;1500-1600;;TWN;Sound of Hope;M;FE;;1;;
15295;1600-1700;;TWN;Sound of Hope;M;FE;;1;;
15295;2300-2400;;TWN;Sound of Hope;M;FE;;1;;
15300;1430-1500;;CAN;Bible Voice;NU;EAf;/D-n;0;;
15300;0400-0500;;F;Radio France Int.;F;EAf;i;0;;
15300;0500-0600;;F;Radio France Int.;F;CAf;i;0;;
15300;0600-0700;;F;Radio France Int.;F;CAf;i;0;;
15300;0700-0800;;F;Radio France Int.;F;WAf;i;0;;
15300;0800-0900;;F;Radio France Int.;F;WAf;i;0;;
15300;0900-1000;;F;Radio France Int.;F;WAf;i;0;;
15300;1800-1900;;F;Radio France Int.;F;WAf;i;0;;
15300;1900-2000;;F;Radio France Int.;F;WAf;i;0;;
15310;1600-1630;Su-Tu;CAN;Bible Voice;OO;EAf;/D-n;0;;
15310;1600-1630;Th-Fr;CAN;Bible Voice;TIG;EAf;/D-n;0;;
15310;1630-1700;SaSu;CAN;Bible Voice;SO;EAf;/D-n;0;;
15310;1700-1730;Tu-Th;CAN;Bible Voice;AH;EAf;/D-n;0;;
15310;1700-1730;SaSu;CAN;Bible Voice;TIG;EAf;/D-n;0;;
15310;1730-1800;Sa;CAN;Bible Voice;KUN;EAf;/D-n;0;;
15310;0430-0500;;G;BBC;DR;AFG;/OMA-a;0;;
15310;0500-0530;;G;BBC;PS;AFG;/OMA-a;0;;
15310;0830-0930;;G;BBC;DR;AFG;/OMA-a;0;;
15310;0930-1030;;G;BBC;PS;AFG;/OMA-a;0;;
15310;1030-1100;;G;BBC;DR;AFG;/OMA-a;0;;
15310;1100-1130;;G;BBC;PS;AFG;/OMA-a;0;;
15310;1400-1600;Sa;G;BBC;E;EAf;/OMA-a;0;;
15310;0550-0820;;IRN;IRIB Voice of I.R.Iran;DR;CAs;s;0;;
15310;1130-1145;Su;USA;Trans World Radio;E;FE;/TJK;5;2806;
15310;1145-1245;Su;USA;Trans World Radio;M;CHN;/TJK;5;2806;
15310;1230-1245;Mo-Fr;USA;Trans World Radio;YUN;CHN;/TJK;5;2806;
15310;1245-1300;;USA;Trans World Radio;HUI;CHN;/TJK;5;2806;
15310;1300-1330;Su;USA;Trans World Radio;M;CHN;/TJK;5;2806;
15310;1300-1340;Mo-Fr;USA;Trans World Radio;M;CHN;/TJK;5;2806;
15310;1300-1345;Sa;USA;Trans World Radio;M;CHN;/TJK;5;2806;
15320;0400-0430;;CHN;China National Radio 1;M;CHN;u;1;;
15320;1100-1200;;ROU;Radio Romania Int.;E;WEu;g;0;;
15320;1200-1230;;ROU;Radio Romania Int.;A;NAf;g;0;;
15320;0500-0600;;TUR;Voice of Turkey;SWA;EAf;e;0;;
15320;0600-0700;;TUR;Voice of Turkey;HA;NIG;e;0;;
15320;1300-1600;;TUR;Voice of Turkey;TU;Eu;e;0;;
15320;0400-0430;;TWN;Radio Taiwan Int.;CA;SEA;p;1;;
15320;0430-0500;;TWN;Radio Taiwan Int.;HK;SEA;p;1;;
15325;0700-0730;;F;Radio France Int.;HA;WAf;i;0;;
15330;0730-0800;;F;Radio France Int.;FU;WAf;i;0;;
15330;1115-1145;;PHL;FEBC Manila;MON;SEA;b;1;;[0925]
15330;1145-1200;;PHL;FEBC Manila;K-P;SEA;b;1;;
15330;0300-0400;;ROU;Radio Romania Int.;E;SAs;g;0;;
15330;1300-1900;;USA;Brother Stair;E;EAf;/BUL-s;8;;
15335;0800-0900;;CHN;China Radio Int.;R;EEu;ka;0;;
15335;0900-1000;;CHN;China Radio Int.;R;EEu;ka;0;;
15335;1200-1300;;CHN;China Radio Int.;R;EEu;s;0;;
15340;0000-0100;;CHN;CNR1 Jammer/Firedrake;M;FE;;0;;
15340;0000-2400;;CHN;CNR1 Jammer/Firedrake;M;FE;;1;;[0626]
15340;0420-0550;;IRN;IRIB Voice of I.R.Iran;TU;ME;s;0;;
15340;0550-0650;;IRN;IRIB Voice of I.R.Iran;HA;WAf;s;0;;
15340;1300-1500;;ROU;Radio Romania Int.;RO;WEu;g;0;;
15340;0000-0100;;TWN;Sound of Hope;M;FE;;1;;
15340;0100-0200;;TWN;Sound of Hope;M;FE;;1;;
15340;0200-1200;;TWN;Sound of Hope;M;FE;;1;;[0925]
15340;1200-1300;;TWN;Sound of Hope;M;FE;;1;;[0824]
15340;1300-1400;;TWN;Sound of Hope;M;FE;;1;;[0223]
15340;1400-1500;;TWN;Sound of Hope;M;FE;;1;;[0422]
15340;1500-1600;;TWN;Sound of Hope;M;FE;;1;;
15340;1600-1700;;TWN;Sound of Hope;M;FE;;1;;
15340;2130-2400;;TWN;Sound of Hope-RFA;M;FE;;1;;[0925]
15340;0000-0100;;USA;Voice of America;M;FE;/PHL-t;0;;
15350;0300-0400;;CHN;China Radio Int.;HI;SAs;ka;0;;
15350;0400-0500;;CHN;China Radio Int.;HK;SAs;ka;0;;
15350;0500-0600;;CHN;China Radio Int.;E;SAs;ka;0;;
15350;0600-0700;;CHN;China Radio Int.;E;SAs;ka;0;;
15350;0700-0900;;CHN;China Radio Int.;E;SAs;ka;0;;
15350;0900-1000;;CHN;China Radio Int.;E;SAs;ka;0;;
15350;1000-1100;;CHN;China Radio Int.;E;SAs;ka;0;;
15350;1130-1230;;TUR;Voice of Turkey;D;Eu;e;0;;
15360;2100-1500;;CHN;CNR1 Jammer/Firedrake;M;FE;;1;;[0726]
15360;1530-1600;;ROU;Radio Romania Int.;A;ME;t;0;;
15360;0000-0100;;TWN;Sound of Hope;M;FE;;1;;
15360;0100-0200;;TWN;Sound of Hope;M;FE;;1;;
15360;0200-1200;;TWN;Sound of Hope;M;FE;;1;;[0626]
15360;1200-1300;;TWN;Sound of Hope;M;FE;;1;;[1122]
15360;1300-1400;;TWN;Sound of Hope;M;FE;;1;;[0223]
15360;1400-1500;;TWN;Sound of Hope;M;FE;;1;;[0422]
15360;2100-2130;;TWN;Sound of Hope;M;FE;;1;;
15360;2130-2200;;TWN;Sound of Hope;M;FE;;1;;[0724]
15360;2200-2300;;TWN;Sound of Hope;M;FE;;1;;[1222]
15360;2300-2400;;TWN;Sound of Hope;M;FE;;1;;
15360;1630-1700;135;USA;Adventist World Radio;PS;SAs;/GUM-a;0;;
15360;1630-1700;2467;USA;Adventist World Radio;SD;SAs;/GUM-a;0;;
15365;0600-1300;;TUR;Voice of Turkey;TU;Eu;e;0;;
15370;0100-0600;;CHN;China National Radio 1;M;CHN;s;1;;[0423]
15370;0600-0900;We-Mo;CHN;China National Radio 1;M;CHN;s;1;;[0222]
15370;0900-1100;;CHN;China National Radio 1;M;CHN;s;1;;[0420]
15370;2330-0100;;CHN;China National Radio 1;M;CHN;s;1;;
15370;1130-1500;;USA;Voice of America;DR;AFG;/KWT;6;1706;1706
15370;1300-1430;;USA;Voice of America;AFG;AFG;/KWT;6;0407;0407
15370;1430-1500;;USA;Voice of America;PS;AFG;/KWT;6;1906;1906
15375;0600-1100;Mo-Fr;TWN;Fu Hsing Bc.Sta.;M;FE;y;1;;[0525]
15380;0030-0600;;CHN;China National Radio 1;M;CHN;b;4;;
15380;0600-0900;We-Mo;CHN;China National Radio 1;M;CHN;b;1;;[0625]
15380;0900-1100;;CHN;China National Radio 1;M;CHN;b;1;;[0420]
15380;2300-0600;;CHN;China National Radio 1;M;CHN;b;5;;[0426]
15380;1130-1430;;IRN;IRIB Voice of I.R.Iran;A;ME;s;0;;
15388;1200-1300;;TWN;Star-Star Bc.Station;M;CHN;y;1;;
15388;1300-1400;;TWN;Star-Star Bc.Station;M;CHN;y;1;;[0724]
15390;0100-0200;;CHN;China National Radio 13;UI;CHN;L;4;;[0226]
15390;0200-0600;;CHN;China National Radio 13;UI;CHN;L;4;;[0326]
15390;0600-0800;We-Mo;CHN;China National Radio 13;UI;CHN;L;1;;[0625]
15390;0800-0900;We-Mo;CHN;China National Radio 13;UI;CHN;L;1;;[0625]
15390;0900-1000;;CHN;China National Radio 13;M;CHN;L;1;;
15390;1000-1100;;CHN;China National Radio 13;UI;CHN;L;1;;
15390;2355-0100;;CHN;China National Radio 13;UI;CHN;L;4;;[0319]
15390;2355-0600;;CHN;China National Radio 13;UI;CHN;L;5;;[0526]
15390;1400-2200;SaSu;E;Radio Exterior España;S;Af;n;5;;
15390;1500-1800;Mo-Fr;E;Radio Exterior España;S;Af;n;5;;
15390;1800-2000;Mo-Fr;E;Radio Exterior España;S;Af;n;5;;
15390;2000-2030;Tu-Th;E;Radio Exterior España;S;Af;n;5;;
15390;2000-2030;Mo;E;Radio Exterior España;SEF;Af;n;5;;
15390;2000-2100;Fr;E;Radio Exterior España;A;Af;n;5;;
15390;2030-2100;Mo;E;Radio Exterior España;M;Af;n;5;;
15390;2030-2100;Tu-Th;E;Radio Exterior España;S;Af;n;5;;
15390;2100-2200;Mo-Fr;E;Radio Exterior España;S;Af;n;5;;
15390;2200-2230;Sa;E;Radio Exterior España;R;Af;n;5;;
15390;2200-2230;157;E;Radio Exterior España;S;Af;n;5;;
15390;2200-2300;We;E;Radio Exterior España;E;Af;n;5;;
15390;2200-2300;Tu;E;Radio Exterior España;F;Af;n;5;;
15390;2200-2300;Th;E;Radio Exterior España;P;Af;n;5;;
15390;2230-2300;Fr-Mo;E;Radio Exterior España;S;Af;n;5;;
15400;1230-1245;Sa;AUS;Reach Beyond Australia;MAR;NIn;ku;0;;
15400;1230-1245;1235;AUS;Reach Beyond Australia;OR;NIn;ku;0;;
15400;1230-1245;Th;AUS;Reach Beyond Australia;TEL;NIn;ku;0;;
15400;1230-1300;Su;AUS;Reach Beyond Australia;E;NIn;ku;0;;
15400;1245-1315;Mo-Sa;AUS;Reach Beyond Australia;HI;NIn;ku;0;;
15400;1300-1330;Su;AUS;Reach Beyond Australia;HI;NIn;ku;0;;
15400;1315-1330;Th-Fr;AUS;Reach Beyond Australia;HI;NIn;ku;0;;
15400;1315-1330;We;AUS;Reach Beyond Australia;HIM;NIn;ku;0;;
15400;1315-1330;Tu,Sa;AUS;Reach Beyond Australia;PJ;NIn;ku;0;;
15400;1315-1330;Mo;AUS;Reach Beyond Australia;UR;NIn;ku;0;;
15400;1330-1345;Mo-Fr;AUS;Reach Beyond Australia;NE;NIn;ku;0;;
15400;1330-1400;SaSu;AUS;Reach Beyond Australia;E;NIn;ku;0;;
15400;1345-1400;Mo;AUS;Reach Beyond Australia;PJ;NIn;ku;0;;
15400;1345-1400;We-Th;AUS;Reach Beyond Australia;ROH;NIn;ku;0;;
15400;1345-1400;Tu,Fr;AUS;Reach Beyond Australia;TB;NIn;ku;0;;
15400;0030-0330;;CHN;China Radio Int.;E;ME;u;6;0107;0107
15400;0500-0600;Sa;G;BBC;KNK;EAf;/MDG;0;;
15400;0530-0600;Su;G;BBC;KNK;EAf;/MDG;0;;
15400;1800-1900;Mo-Fr;G;BBC;E;WAf;/ASC;0;;
15400;1930-2000;Sa-Th;G;BBC;HA;WAf;w;0;;
15400;1930-2030;Fr;G;BBC;HA;WAf;w;0;;
15400;1000-1100;;USA;Adventist World Radio;M;FE;/GUM-a;0;;
15400;1100-1200;;USA;Adventist World Radio;M;FE;/GUM-a;0;;
15400;1500-1800;;USA;Brother Stair;E;Af;/BUL-s;8;;
15410;1400-1500;;CHN;China Radio Int.;M;Eu;ka;0;;
15410;1030-1200;;CHN;CNR1 Jammer/Firedrake;M;FE;;1;;[0626]
15410;2300-1400;;CHN;CNR1 Jammer/Firedrake;M;FE;;1;;[0726]
15410;2345-0115;;CHN;CNR1 Jammer/Firedrake;M;FE;;1;;
15410;0045-0100;irr;IND;AIR Akashvani Ext.Sce;E;FE;b;1;;
15410;0145-0230;;IND;AIR Akashvani Ext.Sce;NE;NPL;b;1;;[1125]
15410;0230-0245;;IND;AIR Akashvani Ext.Sce;HI;NPL;b;1;;[0726]
15410;0245-0300;;IND;AIR Akashvani Ext.Sce;E;NPL;b;1;;[0126]
15410;0300-0315;;IND;AIR Akashvani Ext.Sce;NE;NPL;b;1;;
15410;0315-0415;;IND;AIR Akashvani Ext.Sce;BR;SEA;b;1;;[0126]
15410;0330-0345;irr;IND;AIR Akashvani Ext.Sce;E;SEA;b;1;;
15410;0900-1030;;IND;AIR Akashvani Ext.Sce;NE;NPL;b;1;;[0726]
15410;1030-1200;;IND;AIR Akashvani Ext.Sce;M;FE;b;1;;[0626]
15410;1130-1145;irr;IND;AIR Akashvani Ext.Sce;E;FE;b;1;;
15410;1215-1315;;IND;AIR Akashvani Ext.Sce;SWA;EAf;b;1;;[0425]
15410;1240-1255;irr;IND;AIR Akashvani Ext.Sce;E;EAf;b;1;;[0424]
15410;2345-0115;;IND;AIR Akashvani Ext.Sce;M;FE;b;1;;[0526]
15410;0630-0700;;ROU;Radio Romania Int.;A;NAf;g;0;;
15410;0800-0900;Su;ROU;Radio Romania Int.;RO;EGY;g;0;;
15410;0000-0100;;TWN;Sound of Hope;M;FE;;1;;
15410;0100-0200;;TWN;Sound of Hope;M;FE;;1;;
15410;0200-1200;;TWN;Sound of Hope;M;FE;;1;;[0925]
15410;1200-1300;;TWN;Sound of Hope;M;FE;;1;;
15410;1300-1400;;TWN;Sound of Hope;M;FE;;1;;
15410;2300-2400;;TWN;Sound of Hope;M;FE;;1;;[0925]
15420;1700-1730;135;CLA;V.o.Oromo Liberation;OO;EAf;/D-n;5;;[0823]
15420;0700-0730;;F;Radio France Int.;MAN;WAf;i;0;;
15420;1400-1500;Mo-Fr;G;BBC;SO;EAf;/MDG;0;;
15420;0930-1000;;PHL;FEBC Manila;MKB;INS;b;1;;[1224]
15420;2030-2100;;ROU;Radio Romania Int.;E;ENA;t;0;;
15420;1800-1900;;TCD;Radio Ndarason Int.;KNU;WAf;/G-w;0;;
15425;0100-0200;;CHN;China Radio Int.;AM;SEA;x;0;;
15425;0200-0300;;CHN;China Radio Int.;AM;SEA;x;0;;
15425;1500-1545;12356;ETH;Noise Jammer;;EAf;;2;;[0326]
15425;1500-1530;12356;I;IRRS Oromia Nat.Media;OO;EAf;/ROU-g;2;;[0326]
15430;0450-0550;;IRN;IRIB Voice of I.R.Iran;SWA;EAf;s;0;;
15430;0550-0650;;IRN;IRIB Voice of I.R.Iran;HA;WAf;s;0;;[0426]
15430;0600-0830;;IRN;IRIB Voice of I.R.Iran;A;ME;s;0;;
15430;0830-1030;;IRN;IRIB Voice of I.R.Iran;A;ME;s;0;;[0726]
15430;1020-1150;;IRN;IRIB Voice of I.R.Iran;HA;WAf;s;0;;
15430;1150-1220;;IRN;IRIB Voice of I.R.Iran;HB;ME;s;0;;
15430;1000-1100;;USA;Adventist World Radio;M;FE;/GUM-a;0;;
15430;1300-1330;;USA;Adventist World Radio;BE;SAs;/GUM-a;0;;
15435;0200-0230;;CHN;China Radio Int.;PS;AFG;x;0;;
15435;0300-0400;;CHN;China Radio Int.;R;CAs;u;0;;
15435;0000-0045;;PHL;FEBC Manila;SHA;SEA;b;1;;[1225]
15435;0045-0100;;PHL;FEBC Manila;TN;SEA;b;1;;[0126]
15435;0100-0130;Mo-Fr;PHL;FEBC Manila;KA;SEA;b;1;;[0126]
15440;0920-1250;;IRN;IRIB Voice of I.R.Iran;DR;CAs;s;0;;
15440;1400-1430;;USA;Adventist World Radio;M;FE;/GUM-a;0;;
15440;1730-1800;;USA;Adventist World Radio;OO;EAf;/D-n;0;;
15440;1800-1830;;USA;Adventist World Radio;TIG;EAf;/D-n;0;;
15440;1830-1900;;USA;Adventist World Radio;AH;EAf;/D-n;0;;
15440;1900-1930;;USA;Adventist World Radio;HA;CAf;/D-n;0;;
15440;1930-2000;;USA;Adventist World Radio;IG;WAf;/D-n;0;;
15440;2000-2030;;USA;Adventist World Radio;YO;WAf;/D-n;0;;
15440;1430-1500;;USA;Trans World Radio;UR;SAs;/MDG;4;;
15445;0400-0500;;CHN;China Radio Int.;R;EEu;ka;0;;
15445;0500-0600;;CHN;China Radio Int.;R;EEu;ka;0;;
15445;0800-0900;;CHN;CRI DIGITAL;M;Oc;k;0;;
15445;1500-1545;12356;ETH;Noise Jammer;;EAf;;2;;
15445;1500-1530;12356;I;IRRS Oromia Nat.Media;OO;EAf;/ROU-g;2;;
15450;0030-0045;Fr-Su;PHL;FEBC Manila;RUM;SEA;b;1;;[0526]
15450;0045-0100;Fr-Su;PHL;FEBC Manila;RAK;SEA;b;6;2903;2108[0526]
15450;0900-0930;;PHL;FEBC Manila;KHA;SEA;b;1;;[0125]
15450;0930-1000;;PHL;FEBC Manila;MO;FE;i;1;;[0725]
15450;1100-1115;Fr-Su;PHL;FEBC Manila;RAK;SEA;b;6;2903;2108
15450;1400-1430;Mo-Fr;PHL;FEBC Manila;KA;SEA;b;1;;[0326]
15450;2330-0030;;PHL;FEBC Manila;BR;SEA;b;1;;[0726]
15450;1530-1600;;USA;Trans World Radio;UR;SAs;/MDG;5;;
15460;1100-1200;SaSu;AUS;Reach Beyond Australia;J;J;ku;0;;
15460;1130-1200;Mo-Fr;AUS;Reach Beyond Australia;E;J;ku;0;;
15460;1300-1330;;AUS;Reach Beyond Australia;DZ;BTN;ku;0;;
15460;0200-0300;;CHN;CRI DIGITAL;M;Oc;k;0;;
15460;0900-1000;irr;F;TDF DIGITAL;F;WAf;i;6;1404;2410
15460;1400-1500;;TUR;Voice of Turkey;A;NAf;e;0;;
15465;0500-0600;;CHN;China Radio Int.;E;SAs;ka;0;;
15465;0600-0700;;CHN;China Radio Int.;E;SAs;ka;0;;
15465;0700-0900;;CHN;China Radio Int.;E;SAs;ka;0;;
15470;0920-1250;;IRN;IRIB Voice of I.R.Iran;DR;CAs;s;0;;
15475;1330-1400;;CLA;Furusato no Kaze;J;KRE;/UZB;5;;[0625]
15475;1300-1330;;CLA;Nippon no Kaze;K;KRE;/UZB;5;;[0925]
15475;1400-1430;;UZB;Filler music;;KRE;/UZB;5;;
15480;0100-0600;;CHN;China National Radio 1;M;CHN;b;4;;
15480;0600-0900;We-Mo;CHN;China National Radio 1;M;CHN;b;1;;[0222]
15480;0900-1000;;CHN;China National Radio 1;M;CHN;b;4;;
15480;0900-1300;;CHN;China National Radio 1;M;CHN;b;5;;[0424]
15480;2300-0600;;CHN;China National Radio 1;M;CHN;b;5;;[0423]
15490;1430-1450;;CVA;Radio Vaticana;HI;SAs;;0;;
15490;1450-1510;;CVA;Radio Vaticana;TAM;SAs;;0;;
15490;1510-1530;;CVA;Radio Vaticana;MAL;SAs;;0;;
15490;0500-0600;;G;BBC;E;CAf;w;0;;
15490;0700-0730;;G;BBC;F;CAf;/ASC;0;;
15490;1200-1230;;G;BBC;F;NAf;w;0;;
15490;1800-1830;;G;BBC;F;WAf;/ASC;0;;
15500;0300-0900;;CHN;China National Radio 17;KZ;CHN;f;6;1105;1505
15500;0100-0600;;CHN;CNR 2 China Business R.;M;CHN;d;4;;
15500;0600-0900;Th-Tu;CHN;CNR 2 China Business R.;M;CHN;d;4;;
15500;0900-1100;;CHN;CNR 2 China Business R.;M;CHN;d;4;;
15500;0000-0200;Tu-Sa;E;Radio Exterior España;S;NAm;n;5;;
15500;1400-2200;SaSu;E;Radio Exterior España;S;NAm;n;5;;
15500;1800-2000;Mo-Fr;E;Radio Exterior España;S;NAm;n;5;;
15500;2000-2030;Tu-Th;E;Radio Exterior España;S;NAm;n;5;;
15500;2000-2030;Mo;E;Radio Exterior España;SEF;NAm;n;5;;
15500;2000-2100;Fr;E;Radio Exterior España;A;NAm;n;5;;
15500;2030-2100;Mo;E;Radio Exterior España;M;NAm;n;5;;
15500;2030-2100;Tu-Th;E;Radio Exterior España;S;NAm;n;5;;
15500;2100-2200;Mo-Fr;E;Radio Exterior España;S;NAm;n;5;;
15500;2200-2230;Sa;E;Radio Exterior España;R;NAm;n;5;;
15500;2200-2230;157;E;Radio Exterior España;S;NAm;n;5;;
15500;2200-2300;We;E;Radio Exterior España;E;NAm;n;5;;
15500;2200-2300;Tu;E;Radio Exterior España;F;NAm;n;5;;
15500;2200-2300;Th;E;Radio Exterior España;P;NAm;n;5;;
15500;2230-2300;Fr-Mo;E;Radio Exterior España;S;NAm;n;5;;
15500;2300-2400;Mo-Fr;E;Radio Exterior España;S;NAm;n;5;;
15500;0830-0930;;F;Radio for Peace Int.;FS;IRN;/UZB;6;0305;0106[0526]
15500;1030-1130;;F;Radio for Peace Int.;FS;IRN;/UZB;1;0206;[0626]
15500;1100-1130;;USA;Adventist World Radio;IN;INS;/GUM-a;0;;
15500;1130-1200;135;USA;Adventist World Radio;JV;INS;/GUM-a;0;;
15500;1130-1200;2467;USA;Adventist World Radio;SUN;INS;/GUM-a;0;;
15505;0900-0930;irr;F;TDF DIGITAL;F;Af;i;0;;
15505;0600-0700;;TCD;Radio Ndarason Int.;KNU;WAf;/G-w;0;;
15505;1200-1230;;USA;Adventist World Radio;RAK;SEA;/GUM-a;0;;
15505;1230-1300;;USA;Adventist World Radio;KA;SEA;/GUM-a;0;;
15505;1330-1400;;USA;Adventist World Radio;LIS;SEA;/GUM-a;0;;
15505;1400-1430;;USA;Adventist World Radio;C-A;SEA;/GUM-a;0;;
15505;1430-1500;;USA;Adventist World Radio;BR;SEA;/GUM-a;0;;
15510;1730-1800;;G;FEBA Radio Sama;TGR;EAf;/G-w;4;;[1225]
15510;1800-1830;;G;FEBA Radio Sama;FUR;EAf;/G-w;4;;[1123]
15510;1830-1900;;G;FEBA Radio Sama;A;EAf;/G-w;4;;[0126]
15510;0500-0530;;ROU;Radio Romania Int.;F;Af;t;0;;
15515;1000-1600;;PHL;FEBC Manila;M;FE;b;1;;[0726]
15520;1400-2200;SaSu;E;Radio Exterior España;S;ME;n;5;;
15520;1500-1800;Mo-Fr;E;Radio Exterior España;S;ME;n;5;;
15520;1800-2000;Mo-Fr;E;Radio Exterior España;S;ME;n;5;;
15520;2000-2030;Tu-Th;E;Radio Exterior España;S;ME;n;5;;
15520;2000-2030;Mo;E;Radio Exterior España;SEF;ME;n;5;;
15520;2000-2100;Fr;E;Radio Exterior España;A;ME;n;5;;
15520;2030-2100;Mo;E;Radio Exterior España;M;ME;n;5;;
15520;2030-2100;Tu-Th;E;Radio Exterior España;S;ME;n;5;;
15520;2100-2200;Mo-Fr;E;Radio Exterior España;S;ME;n;5;;
15520;2200-2230;Sa;E;Radio Exterior España;R;ME;n;5;;
15520;2200-2230;157;E;Radio Exterior España;S;ME;n;5;;
15520;2200-2300;We;E;Radio Exterior España;E;ME;n;5;;
15520;2200-2300;Tu;E;Radio Exterior España;F;ME;n;5;;
15520;2200-2300;Th;E;Radio Exterior España;P;ME;n;5;;
15520;2230-2300;Fr-Mo;E;Radio Exterior España;S;ME;n;5;;
15520;0800-0900;Su;ROU;Radio Romania Int.;RO;ME;t;0;;
15525;0900-1100;;CHN;China Radio Int.;M;PAK;u;0;;
15530;1300-1400;;ROU;Radio Romania Int.;R;Sib;t;0;;
15530;1130-1200;;USA;Adventist World Radio;SHA;SEA;/GUM-a;0;;
15530;1200-1230;Su-Th;USA;Adventist World Radio;AM;FE;/GUM-a;0;;
15530;1200-1230;Fr-Sa;USA;Adventist World Radio;M;FE;/GUM-a;0;;
15530;1230-1300;Sa-Th;USA;Adventist World Radio;CA;FE;/GUM-a;0;;
15530;1230-1300;Fr;USA;Adventist World Radio;M;FE;/GUM-a;0;;
15530;1300-1330;;USA;Adventist World Radio;KC;SEA;/GUM-a;0;;
15530;1400-1430;;USA;Adventist World Radio;KA;SEA;/GUM-a;0;;
15530;1430-1500;;USA;Adventist World Radio;KA;SEA;/GUM-a;0;;
15530;1500-1530;;USA;Adventist World Radio;TAM;SAs;/GUM-a;0;;
15540;0100-0600;;CHN;CNR 2 China Business R.;M;CHN;L;1;;[0326]
15540;0600-0900;We-Mo;CHN;CNR 2 China Business R.;M;CHN;L;1;;[0625]
15540;0900-1100;;CHN;CNR 2 China Business R.;M;CHN;L;1;;
15540;1800-1900;Fr;CLA;Radio Mellat Iran;FS;ME;/F-i;6;2903;1704[0925]
15540;1430-1500;;PHL;FEBC Manila;UI;FE;b;1;;[0526]
15550;0000-0100;;CHN;CNR 7 Greater Bay Area;CA;CHN;h;1;;[0825]
15550;0100-1100;;CHN;CNR 7 Greater Bay Area;CA;CHN;h;1;;[0326]
15550;1700-1800;;HOL;Radio Dabanga;SUD;SDN;/CVA;0;;
15550;1020-1150;;IRN;IRIB Voice of I.R.Iran;HA;WAf;s;0;;
15550;1330-1400;We,Su;USA;Adventist World Radio;ASS;SAs;/GUM-a;0;;
15555;1200-1300;;CHN;China Radio Int.;E;CAs;x;0;;
15555;1358-2200;;USA;WJHR Milton, FL (USB);E;NAm;mi;1;;[0726]
15560;0800-0900;;CHN;China Radio Int.;M;CAs;x;0;;
15560;0900-1000;;CHN;China Radio Int.;M;CAs;x;0;;
15560;1020-1150;;IRN;IRIB Voice of I.R.Iran;HA;WAf;s;0;;
15560;0100-0130;;PHL;FEBC Manila;JV;INS;b;1;;[0526]
15565;0700-1000;irr;CVA;Radio Vaticana;P;SAf;;0;;
15565;0805-0940;5Apr;CVA;Radio Vaticana;P;SAf;;6;0104;0504
15565;0950-1030;5Apr;CVA;Radio Vaticana;P;SAf;;6;0104;0504
15565;1850-2145;4Apr;CVA;Radio Vaticana;P;SAf;;6;0104;0404
15565;1905-2045;3Apr;CVA;Radio Vaticana;P;SAf;;6;0104;0304
15565;1530-1600;;CVA;Radio Vaticana;AH;EAf;;1;;
15565;1600-1615;Sa;CVA;Radio Vaticana;SWA;EAf;;1;;
15565;1600-1630;Su-Mo;CVA;Radio Vaticana;SWA;EAf;;1;;
15565;1615-1630;Sa;CVA;Radio Vaticana;SO;EAf;;1;;
15565;1630-1700;;CVA;Radio Vaticana;E;SAf;;1;;
15565;1700-1730;;CVA;Radio Vaticana;F;CAf;;1;;
15565;1730-1800;;CVA;Radio Vaticana;TIG;EAf;;1;;
15565;1800-1830;;CVA;Radio Vaticana;P;SAf;;1;;
15570;0000-0600;;CHN;China National Radio 11;TB;CHN;as;1;;[0326]
15570;0600-0700;Th-Tu;CHN;China National Radio 11;TB;CHN;as;1;;
15570;0700-0800;Th-Tu;CHN;China National Radio 11;M;CHN;as;1;;
15570;0800-0900;Th-Tu;CHN;China National Radio 11;TB;CHN;as;1;;[0420]
15570;0900-1000;;CHN;China National Radio 11;TB;CHN;as;4;;
15570;0900-1300;;CHN;China National Radio 11;TB;CHN;as;5;;
15575;0200-0300;;KOR;KBS World Radio;S;NAm;k;1;;[0626]
15575;1300-1400;;KOR;KBS World Radio;E;NAm;k;1;;[0726]
15575;1400-1500;;KOR;KBS World Radio;K;NAm;k;1;;[0724]
15580;2300-1700;;CHN;CNR1 Jammer/Firedrake;M;FE;;1;;[0925]
15580;0900-0930;;PHL;FEBC Manila;MKS;INS;b;1;;[0125]
15580;0930-1000;;PHL;FEBC Manila;BUG;INS;b;1;;[1224]
15580;1000-1030;;PHL;FEBC Manila;SUN;INS;b;1;;[0624]
15580;1030-1058;;PHL;FEBC Manila;SAS;INS;b;1;;[0626]
15580;0000-0100;;TWN;Sound of Hope;M;FE;;1;;
15580;0100-0200;;TWN;Sound of Hope;M;FE;;1;;
15580;0200-1200;;TWN;Sound of Hope;M;FE;;1;;
15580;1200-1300;;TWN;Sound of Hope;M;FE;;1;;
15580;1300-1400;;TWN;Sound of Hope;M;FE;;1;;
15580;1400-1500;;TWN;Sound of Hope;M;FE;;1;;
15580;1500-1600;;TWN;Sound of Hope;M;FE;;1;;
15580;1600-1700;;TWN;Sound of Hope;M;FE;;1;;
15580;2300-2400;;TWN;Sound of Hope;M;FE;;1;;
15585;1200-1230;;CLA;Voice of Martyrs;K;KRE;/UZB;5;;[0925]
15590;1200-1300;;CHN;China Radio Int.;E;Eu;u;0;;
15590;1300-1400;;CHN;China Radio Int.;E;Eu;u;0;;
15590;1400-1500;;CHN;China Radio Int.;E;Eu;u;0;;
15590;0300-0400;;CHN;CRI DIGITAL;M;Oc;k;0;;
15595;0520-0600;Su;CVA;Radio Vaticana;L;ME;;2;;
15595;0600-0610;Mo-Sa;CVA;Radio Vaticana;I;ME;;2;;
15595;0610-0630;Mo-Sa;CVA;Radio Vaticana;A;ME;;2;;
15595;0630-0645;Sa;CVA;Radio Vaticana;E;ME;;2;;
15595;0630-0645;Mo-Fr;CVA;Radio Vaticana;F;ME;;2;;
15595;0830-0950;Su;CVA;Radio Vaticana;LTO;EEu;;2;;
15595;0830-0950;1.Su;CVA;Radio Vaticana;GZ;EAf;;2;;
15595;1130-1200;Fr;CVA;Radio Vaticana;E;ME;;1;;
15595;1530-1600;;CVA;Radio Vaticana;A;ME;;5;;
15595;1600-1615;;CVA;Radio Vaticana;F;ME;;5;;
15595;1615-1630;;CVA;Radio Vaticana;E;ME;;5;;
15595;1630-1700;;CVA;Radio Vaticana;A;ME;;4;;
15595;1840-1900;Su;CVA;Radio Vaticana;Ros;ME;;5;;
15600;1230-1300;SaSu;USA;Adventist World Radio;UI;FE;/GUM-a;0;;
15600;1300-1400;;USA;Adventist World Radio;M;FE;/GUM-a;0;;
15610;0000-2400;;CHN;CNR1 Jammer/Firedrake;M;FE;;1;;[0726]
15610;0000-0100;;TWN;Sound of Hope;M;FE;;1;;
15610;0100-0200;;TWN;Sound of Hope;M;FE;;1;;
15610;0200-1200;;TWN;Sound of Hope;M;FE;;1;;
15610;1200-1300;;TWN;Sound of Hope;M;FE;;1;;
15610;1300-1400;;TWN;Sound of Hope;M;FE;;1;;
15610;1400-1500;;TWN;Sound of Hope;M;FE;;1;;
15610;1500-1600;;TWN;Sound of Hope;M;FE;;1;;
15610;2200-2300;;TWN;Sound of Hope;M;FE;;1;;
15610;2300-2400;;TWN;Sound of Hope;M;FE;;1;;
15610;0600-1400;Tu,Fr;USA;Voice of America;E;Af;/BOT;6;2205;2510
15610;1300-1600;;USA;Voice of America;M;FE;/KWT;6;0807;0807
15610;1900-0600;;USA;WEWN EWTN Catholic R.;E;Af;b;8;;[1123]
15615;0015-0215;;AUS;VMW Wiluna Met Fax;;Oc;w;1;;
15615;0245-0330;;AUS;VMW Wiluna Met Fax;;Oc;w;1;;
15615;0400-0945;;AUS;VMW Wiluna Met Fax;;Oc;w;1;;[0717]
15615;1015-1100;;AUS;VMW Wiluna Met Fax;;Oc;w;1;;
15615;1100-1730;;AUS;VMW Wiluna Met Fax;;Oc;w;1;;
15615;1800-1845;;AUS;VMW Wiluna Met Fax;;Oc;w;1;;[1222]
15615;1915-2045;;AUS;VMW Wiluna Met Fax;;Oc;w;1;;
15615;2215-2400;;AUS;VMW Wiluna Met Fax;;Oc;w;1;;[1124]
15615;1700-2100;;CLA;Radio Payam;FS;IRN;/G-w;6;0106;1606[0626]
15615;1730-1930;;CLA;Radio Payam;FS;IRN;/G-w;1;1107;[0726]
15615;0600-0610;Th;RUS;E06 Russian Spy Numbers;E;RUS;xx;1;0107;3107[0719]
15620;0920-1250;;IRN;IRIB Voice of I.R.Iran;DR;CAs;s;0;;
15620;1400-1430;;PHL;FEBC Manila;JV;INS;b;1;;[1125]
15625;2100-2200;;USA;Adventist World Radio;M;FE;/GUM-a;0;;
15625;2200-2300;;USA;Adventist World Radio;M;FE;/GUM-a;0;;
15625;1700-1800;;XUU;Unknown Station DIGITAL;;;/XUU;6;1305;1305
15630;0000-1100;;CHN;China National Radio 11;TB;CHN;d;0;;[0726]
15630;1200-1230;;USA;Adventist World Radio;MON;SEA;/GUM-a;0;;
15630;1300-1330;;USA;Adventist World Radio;NJ;INS;/GUM-a;0;;
15630;1100-1200;Su-Fr;USA;Trans World Radio;K;FE;/UZB;0;;
15635;1430-1700;;USA;Radio Farda;FS;IRN;/UAE;6;0206;2510
15640;0400-0500;;CHN;CRI DIGITAL;M;Oc;k;0;;
15640;0500-0530;;F;Radio for Peace Int.;FS;IRN;/UZB;1;;
15640;0000-0100;;J;NHK Radio Japan;J;ME;y;6;2903;3107
15640;0200-0330;;PHL;Radyo Pilipinas;E;ME;t;0;;
15641;0300-0310;Th;RUS;E06 Russian Spy Numbers;E;RUS;c;1;0104;3004
15645;0500-0510;Th;RUS;E06 Russian Spy Numbers;E;RUS;xx;1;0104;3004[0419]
15660;1100-1300;;CHN;China Radio Int.;E;SAs;ka;0;;
15660;1330-1630;;USA;VoA Radio Ashna;DR;AFG;/KWT;6;2805;2510
15665;0400-0500;;CHN;China Radio Int.;R;EEu;u;0;;
15665;0500-0600;;CHN;China Radio Int.;R;EEu;u;0;;
15665;0800-0900;;CHN;China Radio Int.;R;EEu;u;0;;
15665;0900-1000;;CHN;China Radio Int.;R;EEu;u;0;;
15670;0100-0200;;CHN;CRI DIGITAL;M;Oc;k;0;;
15670;0600-0700;;CHN;CRI DIGITAL;M;Oc;k;0;;
15670;0700-0730;;CHN;CRI DIGITAL;M;Oc;k;0;;
15680;0700-0800;Su;ROU;Radio Romania Int.;RO;ME;t;0;;
15680;1530-1600;;USA;Adventist World Radio;KAN;SAs;/GUM-a;0;;
15680;1600-1630;;USA;Adventist World Radio;TEL;SAs;/GUM-a;0;;
15680;0110-0230;Sa;USA;Hope Radio 4;E;SEA;/PLW;1;;
15680;0110-0350;Su;USA;Hope Radio 4;E;SEA;/PLW;1;;[1125]
15680;0230-0300;Sa;USA;Hope Radio 4;M;SEA;/PLW;1;;
15680;0300-0320;Sa;USA;Hope Radio 4;E;SEA;/PLW;1;;
15683;0300-0310;Th;RUS;E06 Russian Spy Numbers;E;RUS;c;1;0102;2802
15690;0700-1100;Tu,Th;USA;Voice of America;E;EEu;/D-L;6;2306;2510
15700;0130-0400;;USA;Voice of America;PS;AFG;/KWT;6;0507;0507
15710;0100-0200;;CHN;China National Radio 6;AM;TWN;B;1;;[0525]
15710;0200-0500;;CHN;China National Radio 6;AM;TWN;B;1;;
15710;0500-0600;;CHN;China National Radio 6;HK;TWN;B;1;;
15710;0600-0900;Th-Tu;CHN;China National Radio 6;HK;TWN;B;1;;[0125]
15710;1600-1630;Sa;CLA;Hope of Israel;E;EAf;/F-i;1;;[0626]
15710;0630-0700;;ROU;Radio Romania Int.;A;ME;t;0;;
15710;1400-1500;;USA;Adventist World Radio;M;FE;/GUM-a;0;;
15720;0730-0800;;CHN;CRI DIGITAL;M;Oc;k;0;;
15720;1959-2058;;NZL;RNZ Pacific;E;Oc;r;0;;
15720;0715-0725;Tu,Fr;POL;E11 Polish Spy Numbers;E;;p;1;0103;3004
15720;0715-0725;Tu,Fr;POL;E11 Polish Spy Numbers;E;;p;1;0109;3110[0924]
15720;0745-0755;We,Fr;POL;E11 Polish Spy Numbers;E;;p;1;0105;3108[0822]
15720;0830-1000;;TUR;Voice of Turkey;FS;ME;e;0;;
15726;0300-0310;Th;RUS;E06 Russian Spy Numbers;E;RUS;c;1;0103;3103
15730;0000-1200;;CHN;China National Radio;M;CHN;xy;0;;
15730;0500-0600;;CHN;CRI DIGITAL;M;Oc;k;0;;
15730;0400-1900;;CLA;Iran International TV;FS;IRN;/BUL-s;1;;[0726]
15730;0000-0100;;TWN;Sound of Hope;M;FE;;1;;
15730;0100-0200;;TWN;Sound of Hope;M;FE;;1;;
15730;0200-1200;;TWN;Sound of Hope;M;FE;;1;;
15730;1200-1300;;TWN;Sound of Hope;M;FE;;1;;[0824]
15730;1300-1400;;TWN;Sound of Hope;M;FE;;1;;
15730;1400-1500;;TWN;Sound of Hope;M;FE;;1;;[0822]
15730;1500-1600;;TWN;Sound of Hope;M;FE;;1;;
15730;2130-2200;;TWN;Sound of Hope;M;FE;;1;;
15730;2200-2300;;TWN;Sound of Hope;M;FE;;1;;
15730;2300-2400;;TWN;Sound of Hope;M;FE;;1;;
15730;0700-1100;Tu,Th;USA;Voice of America;E;NEu;/D-L;6;2306;2510
15740;1100-1605;;CHN;China National Radio 11;TB;CHN;d;0;;
15740;2130-1600;;CHN;CNR1 Jammer/Firedrake;M;FE;;1;;[0326]
15740;0000-0100;;TWN;Sound of Hope;M;FE;;1;;[0521]
15740;0100-0200;;TWN;Sound of Hope;M;FE;;1;;
15740;0200-1200;;TWN;Sound of Hope;M;FE;;1;;[1123]
15740;1200-1300;;TWN;Sound of Hope;M;FE;;1;;
15740;1300-1400;;TWN;Sound of Hope;M;FE;;1;;
15740;1400-1500;;TWN;Sound of Hope;M;FE;;1;;
15740;1500-1600;;TWN;Sound of Hope;M;FE;;1;;
15740;2130-2200;;TWN;Sound of Hope;M;FE;;1;;
15740;2200-2300;;TWN;Sound of Hope;M;FE;;1;;[1222]
15740;2300-2400;;TWN;Sound of Hope;M;FE;;1;;[0925]
15745;0000-1200;;CHN;China National Radio;M;CHN;L;0;;
15745;0400-1900;;CLA;Iran International TV;FS;IRN;/BUL-s;1;0206;[0626]
15750.3;0400-1900;;CLA;Iran International TV;FS;IRN;/BUL-s;6;0804;1205[0526]
15760;2100-1700;;CHN;CNR1 DIGITAL;M;CHN;qq;1;;[0325]
15760;0000-2400;;CHN;CNR1 Jammer/Firedrake;M;FE;;1;;[0626]
15760;0000-0100;;TWN;Sound of Hope;M;FE;;1;;
15760;0100-0200;;TWN;Sound of Hope;M;FE;;1;;[0521]
15760;0200-1200;;TWN;Sound of Hope;M;FE;;1;;[0626]
15760;1200-1300;;TWN;Sound of Hope;M;FE;;1;;[1122]
15760;1300-1400;;TWN;Sound of Hope;M;FE;;1;;[0822]
15760;1400-1500;;TWN;Sound of Hope;M;FE;;1;;
15760;2130-2200;;TWN;Sound of Hope;M;FE;;1;;[0724]
15760;2200-2300;;TWN;Sound of Hope;M;FE;;1;;[1222]
15760;2300-2400;;TWN;Sound of Hope;M;FE;;1;;[0925]
15765;0400-1900;;CLA;Iran International TV;FS;IRN;/BUL-s;6;1305;0106[0526]
15770;2230-2300;;CZE;Radio Prague;E;ENA;/USA-o;1;;
15770;2300-2330;;KOR;KBS World Radio;E;ENA;/USA-o;0;;
15770;0000-0030;;SVK;Radio Slovakia Int.;SK;ENA;/USA-o;1;;[0726]
15770;0030-0100;;SVK;Radio Slovakia Int.;E;ENA;/USA-o;1;;[0426]
15770;0630-0700;;SVK;Radio Slovakia Int.;S;ENA;/USA-o;1;;[0723]
15770;2200-2230;;TWN;Radio Taiwan Int.;S;ENA;/USA-o;1;;[0726]
15770;0730-0930;;USA;Radio Farda;FS;IRN;o;0;;
15770;0400-0500;Mo-Fr;USA;Radio Liberty;R;ENA;o;1;;[0725]
15770;0000-2400;;USA;WRMI Radio Miami Int.;E;ENA;o;1;;[0724]
15775;2130-1600;;CHN;CNR1 Jammer/Firedrake;M;FE;;1;;[0626]
15775;0000-0100;;TWN;Sound of Hope;M;FE;;1;;
15775;0100-0200;;TWN;Sound of Hope;M;FE;;1;;[0521]
15775;0200-1200;;TWN;Sound of Hope;M;FE;;1;;[0626]
15775;1200-1300;;TWN;Sound of Hope;M;FE;;1;;
15775;1300-1400;;TWN;Sound of Hope;M;FE;;1;;
15775;1400-1500;;TWN;Sound of Hope;M;FE;;1;;
15775;1500-1600;;TWN;Sound of Hope;M;FE;;1;;
15775;2130-2200;;TWN;Sound of Hope;M;FE;;1;;
15775;2200-2300;;TWN;Sound of Hope;M;FE;;1;;
15775;2300-2400;;TWN;Sound of Hope;M;FE;;1;;[1222]
15785;0300-0400;;CHN;China Radio Int.;E;Sib;x;0;;
15785;0400-0500;;CHN;China Radio Int.;E;Sib;x;0;;
15785;0500-0600;;CHN;China Radio Int.;M;Sib;x;0;;
15785;0600-0700;;CHN;China Radio Int.;M;Sib;x;0;;
15785;0000-2400;;D;funklust DIGITAL;D;CEu;e;1;;[0624]
15800;0000-1600;;CHN;CNR1 Jammer/Firedrake;M;FE;;1;;[0726]
15800;0000-0100;;TWN;Sound of Hope;M;FE;;1;;
15800;0100-0200;;TWN;Sound of Hope;M;FE;;1;;[0521]
15800;0200-1200;;TWN;Sound of Hope;M;FE;;1;;[0626]
15800;1200-1300;;TWN;Sound of Hope;M;FE;;1;;[0824]
15800;1300-1400;;TWN;Sound of Hope;M;FE;;1;;[0724]
15800;1400-1500;;TWN;Sound of Hope;M;FE;;1;;[0425]
15800;1500-1600;;TWN;Sound of Hope;M;FE;;1;;
15817;1450-1500;Th,Sa;RUS;E07 Russian Spy Numbers;E;RUS;m;1;0106;3006
15817;0240-0250;Su;RUS;V07 Russian Spy Numbers;S;FE;kh;1;0102;2802
15817;0240-0250;Su;RUS;V07 Russian Spy Numbers;S;FE;kh;1;0110;3110
15820;0000-0100;;TWN;Sound of Hope;M;FE;;1;;
15820;0100-0200;;TWN;Sound of Hope;M;FE;;1;;
15820;0200-1200;;TWN;Sound of Hope;M;FE;;1;;[0626]
15820;1200-1300;;TWN;Sound of Hope;M;FE;;1;;
15820;1300-1400;;TWN;Sound of Hope;M;FE;;1;;
15820;2200-2300;;TWN;Sound of Hope;M;FE;;1;;
15820;2300-2400;;TWN;Sound of Hope;M;FE;;1;;
15830;0600-0610;Th;RUS;E06 Russian Spy Numbers;E;RUS;xx;1;0106;3006[0620]
15831;1430-1440;Th,Sa;RUS;E07 Russian Spy Numbers;E;RUS;m;1;0104;3004[0421]
15836;1410-1420;Th,Sa;RUS;E07 Russian Spy Numbers;E;RUS;m;1;0105;3105[0521]
15840;0000-0100;;TWN;Sound of Hope;M;FE;;1;;
15840;0100-0200;;TWN;Sound of Hope;M;FE;;1;;
15840;0200-1200;;TWN;Sound of Hope;M;FE;;1;;[0626]
15840;1200-1300;;TWN;Sound of Hope;M;FE;;1;;
15840;1300-1400;;TWN;Sound of Hope;M;FE;;1;;
15840;2200-2300;;TWN;Sound of Hope;M;FE;;1;;
15840;2300-2400;;TWN;Sound of Hope;M;FE;;1;;
15849;1410-1420;Th,Sa;RUS;E07 Russian Spy Numbers;E;RUS;m;1;0110;3110[1022]
15851;1520-1530;Tu,Fr;RUS;E07 Russian Spy Numbers;E;RUS;m;1;0103;3103
15858;1500-1510;Tu,Fr;RUS;E07 Russian Spy Numbers;E;RUS;m;1;0102;2802
15870;2100-1700;;CHN;CNR1 Jammer/Firedrake;M;FE;;1;;[1020]
15870;0000-0100;;TWN;Sound of Hope;M;FE;;1;;
15870;0100-0200;;TWN;Sound of Hope;M;FE;;1;;
15870;0200-1200;;TWN;Sound of Hope;M;FE;;1;;[1123]
15870;1200-1300;;TWN;Sound of Hope;M;FE;;1;;[1122]
15870;1300-1400;;TWN;Sound of Hope;M;FE;;1;;[0724]
15870;1400-1500;;TWN;Sound of Hope;M;FE;;1;;
15870;1500-1600;;TWN;Sound of Hope;M;FE;;1;;
15870;1600-1700;;TWN;Sound of Hope;M;FE;;1;;
15870;2100-2130;;TWN;Sound of Hope;M;FE;;1;;
15870;2130-2200;;TWN;Sound of Hope;M;FE;;1;;
15870;2200-2300;;TWN;Sound of Hope;M;FE;;1;;
15870;2300-2400;;TWN;Sound of Hope;M;FE;;1;;
15874;1100-1110;Tu,Fr;RUS;E07 Russian Spy Numbers;E;RUS;m;1;0106;3006
15890;2300-1700;;CHN;CNR1 Jammer/Firedrake;M;FE;;1;;[0925]
15890;0000-0100;;TWN;Sound of Hope;M;FE;;1;;
15890;0100-0200;;TWN;Sound of Hope;M;FE;;1;;
15890;0200-1200;;TWN;Sound of Hope;M;FE;;1;;[0626]
15890;1000-1200;;TWN;Sound of Hope;M;FE;;1;;[0822]
15890;1200-1300;;TWN;Sound of Hope;M;FE;;1;;
15890;1300-1400;;TWN;Sound of Hope;M;FE;;1;;
15890;0000-0100;;TWN;Star-Star Bc.Station;M;CHN;y;1;;[0126]
15919;1450-1500;Th,Sa;RUS;E07 Russian Spy Numbers;E;RUS;m;1;0108;3108[0821]
15920;0000-2400;;CHN;CNR1 Jammer/Firedrake;M;FE;;1;;[1125]
15920;0000-0100;;TWN;Sound of Hope;M;FE;;1;;
15920;0100-0200;;TWN;Sound of Hope;M;FE;;1;;
15920;0200-1200;;TWN;Sound of Hope;M;FE;;1;;[1224]
15920;1200-1300;;TWN;Sound of Hope;M;FE;;1;;[0824]
15920;1300-1400;;TWN;Sound of Hope;M;FE;;1;;[0724]
15920;2100-2130;;TWN;Sound of Hope;M;FE;;1;;
15920;2130-2200;;TWN;Sound of Hope;M;FE;;1;;
15920;2200-2300;;TWN;Sound of Hope;M;FE;;1;;
15920;2300-2400;;TWN;Sound of Hope;M;FE;;1;;[1222]
15928;1430-1440;Th,Sa;RUS;E07 Russian Spy Numbers;E;RUS;m;1;0109;3009[0922]
15940;2300-1700;;CHN;CNR1 Jammer/Firedrake;M;FE;;1;;[0925]
15940;0000-0100;;TWN;Sound of Hope;M;FE;;1;;
15940;0100-0200;;TWN;Sound of Hope;M;FE;;1;;[0521]
15940;0200-1200;;TWN;Sound of Hope;M;FE;;1;;[0925]
15940;1200-1300;;TWN;Sound of Hope;M;FE;;1;;[0222]
15940;1300-1400;;TWN;Sound of Hope;M;FE;;1;;
15940;2200-2300;;TWN;Sound of Hope;M;FE;;1;;
15940;2300-2400;;TWN;Sound of Hope;M;FE;;1;;[1222]
15949;0220-0230;Su;RUS;V07 Russian Spy Numbers;S;FE;kh;1;0112;3112
15959;0000-2400;;USA;NSS US Navy;-TY;NAm;a;1;;
15970;2100-1600;;CHN;CNR1 Jammer/Firedrake;M;CHN;;1;;[0626]
15970;0000-0100;;TWN;Sound of Hope;M;FE;;1;;
15970;0100-0200;;TWN;Sound of Hope;M;FE;;1;;
15970;0200-1200;;TWN;Sound of Hope;M;FE;;1;;[0626]
15970;1200-1300;;TWN;Sound of Hope;M;FE;;1;;
15970;1300-1400;;TWN;Sound of Hope;M;FE;;1;;
15970;1400-1500;;TWN;Sound of Hope;M;FE;;1;;
15970;1500-1600;;TWN;Sound of Hope;M;FE;;1;;
15970;2100-2130;;TWN;Sound of Hope;M;FE;;1;;
15970;2130-2200;;TWN;Sound of Hope;M;FE;;1;;
15970;2200-2300;;TWN;Sound of Hope;M;FE;;1;;
15970;2300-2400;;TWN;Sound of Hope;M;FE;;1;;
15988;0000-2400;irr;D;DWD Polarstern Fax/RTTY;;Eu;pi;1;;[0722]
16024;0000-2400;;CHN;BAF Beijing Meteo Fax;;FE;bm;1;;
16100;2130-1700;;CHN;CNR1 Jammer/Firedrake;M;CHN;;1;;[0726]
16100;0000-0100;;TWN;Sound of Hope;M;FE;;1;;
16100;0100-0200;;TWN;Sound of Hope;M;FE;;1;;
16100;0200-1200;;TWN;Sound of Hope;M;FE;;1;;[0726]
16100;1200-1300;;TWN;Sound of Hope;M;FE;;1;;[0122]
16100;1300-1400;;TWN;Sound of Hope;M;FE;;1;;[0724]
16100;1400-1500;;TWN;Sound of Hope;M;FE;;1;;
16100;2100-2130;;TWN;Sound of Hope;M;FE;;1;;
16100;2130-2200;;TWN;Sound of Hope;M;FE;;1;;
16100;2200-2300;;TWN;Sound of Hope;M;FE;;1;;
16100;2300-2400;;TWN;Sound of Hope;M;FE;;1;;
16115;0600-0610;Th;RUS;E06 Russian Spy Numbers;E;RUS;xx;1;0108;3108[0818]
16123;0000-2400;;PTR;NAU US Navy;-TY;NAm;i;1;;
16125;0600-0610;Th;RUS;E06 Russian Spy Numbers;E;RUS;xx;1;0105;3105[0519]
16131;0220-0230;Su;RUS;V07 Russian Spy Numbers;S;FE;kh;1;0104;3004
16131;0220-0230;Su;RUS;V07 Russian Spy Numbers;S;FE;kh;1;0109;3009
16131;0220-0230;Su;RUS;V07 Russian Spy Numbers;S;FE;kh;1;0111;3011
16132;1500-1510;Tu,Fr;RUS;E07 Russian Spy Numbers;E;RUS;m;1;0105;3105
16135;1719-0400;;HWA;KVM70 Fax Honolulu;;Oc;nm;1;;[0825]
16145;1520-1530;Tu,Fr;RUS;E07 Russian Spy Numbers;E;RUS;m;1;0106;3006
16159;1100-1110;Tu,Fr;RUS;E07 Russian Spy Numbers;E;RUS;m;1;0105;3105
16160;2130-1500;;CHN;CNR1 Jammer/Firedrake;M;CHN;;1;;[0726]
16160;0000-0100;;TWN;Sound of Hope;M;FE;;1;;
16160;0100-0200;;TWN;Sound of Hope;M;FE;;1;;
16160;0200-1200;;TWN;Sound of Hope;M;FE;;1;;[0726]
16160;1200-1300;;TWN;Sound of Hope;M;FE;;1;;[1122]
16160;1300-1400;;TWN;Sound of Hope;M;FE;;1;;
16160;1400-1500;;TWN;Sound of Hope;M;FE;;1;;
16160;2130-2200;;TWN;Sound of Hope;M;FE;;1;;
16160;2200-2300;;TWN;Sound of Hope;M;FE;;1;;
16160;2300-2400;;TWN;Sound of Hope;M;FE;;1;;[1222]
16161;1520-1530;Tu,Fr;RUS;E07 Russian Spy Numbers;E;RUS;m;1;0110;3110
16162;1450-1500;Th,Sa;RUS;E07 Russian Spy Numbers;E;RUS;m;1;0107;3107
16163;0300-0310;Th;RUS;E06 Russian Spy Numbers;E;RUS;c;1;0111;3011
16213;0000-2400;;PTR;NAU US Navy;-TY;NAm;i;1;;
16219;0300-0310;Th;RUS;E06 Russian Spy Numbers;E;RUS;c;1;0110;3110
16228;1410-1420;Th,Sa;RUS;E07 Russian Spy Numbers;E;RUS;m;1;0109;3009[0922]
16230;0600-0610;Th;RUS;E06 Russian Spy Numbers;E;RUS;xx;1;0103;3103
16232;1500-1510;Tu,Fr;RUS;E07 Russian Spy Numbers;E;RUS;m;1;0107;3107
16249.7;0000-0100;;TWN;Sound of Hope;M;FE;;1;;
16249.7;0100-0200;;TWN;Sound of Hope;M;FE;;1;;
16249.7;0200-1200;;TWN;Sound of Hope;M;FE;;1;;[1123]
16249.7;1200-1300;;TWN;Sound of Hope;M;FE;;1;;
16249.7;1300-1400;;TWN;Sound of Hope;M;FE;;1;;
16249.7;1400-1500;;TWN;Sound of Hope;M;FE;;1;;
16249.7;1500-1600;;TWN;Sound of Hope;M;FE;;1;;
16249.7;1600-1700;;TWN;Sound of Hope;M;FE;;1;;
16249.7;2130-2200;;TWN;Sound of Hope;M;FE;;1;;
16249.7;2200-2300;;TWN;Sound of Hope;M;FE;;1;;
16249.7;2300-2400;;TWN;Sound of Hope;M;FE;;1;;
16250;2130-1700;;CHN;CNR1 Jammer/Firedrake;M;CHN;;1;;[1020]
16257;1500-1510;Tu,Fr;RUS;E07 Russian Spy Numbers;E;RUS;m;1;0104;3004[0423]
16265;0600-0610;Th;RUS;E06 Russian Spy Numbers;E;RUS;xx;1;0109;3009
16272;1520-1530;Tu,Fr;RUS;E07 Russian Spy Numbers;E;RUS;m;1;0109;3009
16272;0240-0250;Su;RUS;V07 Russian Spy Numbers;S;FE;kh;1;0103;3103
16284;1410-1420;Th,Sa;RUS;E07 Russian Spy Numbers;E;RUS;m;1;0103;3103[0321]
16300;2200-1600;;CHN;CNR1 Jammer/Firedrake;M;CHN;;1;;[0422]
16300;0000-0100;;TWN;Sound of Hope;M;FE;;1;;
16300;0100-0200;;TWN;Sound of Hope;M;FE;;1;;
16300;0200-1200;;TWN;Sound of Hope;M;FE;;1;;[0626]
16300;1200-1300;;TWN;Sound of Hope;M;FE;;1;;[0525]
16300;1300-1400;;TWN;Sound of Hope;M;FE;;1;;[0724]
16300;1400-1500;;TWN;Sound of Hope;M;FE;;1;;[0422]
16300;1500-1600;;TWN;Sound of Hope;M;FE;;1;;
16300;2200-2300;;TWN;Sound of Hope;M;FE;;1;;
16300;2300-2400;;TWN;Sound of Hope;M;FE;;1;;
16317;0220-0230;Su;RUS;V07 Russian Spy Numbers;S;FE;kh;1;0102;2802
16317;0220-0230;Su;RUS;V07 Russian Spy Numbers;S;FE;kh;1;0110;3110
16331.7;0000-2400;;RUS;Channel Marker D;-CW;EEu;se;1;;[0326]
16331.8;0000-2400;;RUS;Channel Marker P;-CW;RUS;kl;1;;[0925]
16331.9;0000-2400;;RUS;Channel Marker S;-CW;RUS;sm;1;;[1025]
16331;1410-1420;Th,Sa;RUS;E07 Russian Spy Numbers;E;RUS;m;1;0104;3004[0421]
16332;0000-2400;;RUS;Channel Marker C;-CW;RUS;m;1;;[0825]
16332.1;0000-2400;;RUS;Channel Marker A;-CW;RUS;as;1;;[0825]
16332.2;0000-2400;;RUS;Channel Marker F;-CW;FE;vl;1;;[0825]
16332.3;0000-2400;;RUS;Channel Marker K;-CW;FE;pk;1;;[1025]
16332.4;0000-2400;;RUS;Channel Marker M;-CW;FE;mg;1;;[0825]
16335;0830-0840;Mo,Fr;POL;E11 Polish Spy Numbers;E;;p;1;0105;3108[0523]
16341;1100-1110;Tu,Fr;RUS;E07 Russian Spy Numbers;E;RUS;m;1;0104;3004
16350;0700-0710;Th;RUS;E06 Russian Spy Numbers;E;RUS;xx;1;0101;3101
16420;0000-2400;;CAN;VFF Iqaluit Radio;E;NAm;i;1;1505;2012
16528;2300-1000;;AUS;VMW Wiluna WA;E;AUS;w;1;;[0626]
16531;0333-0410;;NZL;ZLM Taupo Maritime R.;E;Oc;t;1;;
16531;1003-1040;;NZL;ZLM Taupo Maritime R.;E;Oc;t;1;;[1225]
16531;1533-1610;;NZL;ZLM Taupo Maritime R.;E;Oc;t;1;;[0914]
16531;2203-2245;;NZL;ZLM Taupo Maritime R.;E;Oc;t;1;;[0326]
16546;2100-0800;;AUS;VMC Charleville QL;E;AUS;c;1;;[0626]
16559;0000-0155;;CHN;XSG Shanghai Radio Fax;M;FE;sh;1;;
16559;0230-0655;;CHN;XSG Shanghai Radio Fax;M;FE;sh;1;;[0721]
16559;0730-1030;;CHN;XSG Shanghai Radio Fax;M;FE;sh;1;;
16559;1425-1450;;CHN;XSG Shanghai Radio Fax;M;FE;sh;1;;
16559;2025-2050;;CHN;XSG Shanghai Radio Fax;M;FE;sh;1;;
16562.5;0000-0540;;CHN;XSQ Guangzhou Meteo Fax;E;FE;gx;1;;[1020]
16562.5;0815-0840;irr;CHN;XSQ Guangzhou Meteo Fax;E;FE;gx;1;;
16562.5;1225-1715;;CHN;XSQ Guangzhou Meteo Fax;E;FE;gx;1;;[0421]
16562.5;2015-2040;irr;CHN;XSQ Guangzhou Meteo Fax;E;FE;gx;1;;
16600;0000-0100;;TWN;Sound of Hope;M;FE;;1;;
16600;0100-0200;;TWN;Sound of Hope;M;FE;;1;;
16600;0200-1200;;TWN;Sound of Hope;M;FE;;1;;[0626]
16600;1200-1300;;TWN;Sound of Hope;M;FE;;1;;[0525]
16600;1300-1400;;TWN;Sound of Hope;M;FE;;1;;[0724]
16600;1400-1500;;TWN;Sound of Hope;M;FE;;1;;[1025]
16600;2200-2300;;TWN;Sound of Hope;M;FE;;1;;
16600;2300-2400;;TWN;Sound of Hope;M;FE;;1;;
16680.3;0000-0100;;TWN;Sound of Hope;M;FE;;1;;
16680.3;0100-0200;;TWN;Sound of Hope;M;FE;;1;;
16680.3;0200-1200;;TWN;Sound of Hope;M;FE;;1;;[0626]
16680.3;1200-1300;;TWN;Sound of Hope;M;FE;;1;;
16680.3;1300-1400;;TWN;Sound of Hope;M;FE;;1;;
16680.3;1400-1500;;TWN;Sound of Hope;M;FE;;1;;
16680.3;2100-2130;;TWN;Sound of Hope;M;FE;;1;;
16680.3;2130-2200;;TWN;Sound of Hope;M;FE;;1;;
16680.3;2200-2300;;TWN;Sound of Hope;M;FE;;1;;
16680.3;2300-2400;;TWN;Sound of Hope;M;FE;;1;;
16695;0000-2400;;CAN;VFF Iqaluit Radio;-TY;NAm;i;1;1505;2012
16790;2100-1500;;CHN;CNR1 Jammer/Firedrake;M;CHN;;1;;[1020]
16790;0000-0100;;TWN;Sound of Hope;M;FE;;1;;
16790;0100-0200;;TWN;Sound of Hope;M;FE;;1;;
16790;0200-1200;;TWN;Sound of Hope;M;FE;;1;;[0626]
16790;1200-1300;;TWN;Sound of Hope;M;FE;;1;;[0122]
16790;1300-1400;;TWN;Sound of Hope;M;FE;;1;;
16790;1400-1500;;TWN;Sound of Hope;M;FE;;1;;
16790;2100-2130;;TWN;Sound of Hope;M;FE;;1;;
16790;2130-2200;;TWN;Sound of Hope;M;FE;;1;;
16790;2200-2300;;TWN;Sound of Hope;M;FE;;1;;
16790;2300-2400;;TWN;Sound of Hope;M;FE;;1;;[1222]
16804.5;0000-2400;;CAN;VFF Iqaluit Radio;-TY;NAm;i;1;1505;2012
16808;0000-2400;;CHN;XSV Tianjin Radio;-TY;FE;tj;1;;
16808.5;0000-2400;;CHN;XSV Tianjin Radio;-TY;FE;tj;1;;
16830.5;0000-2400;;GRC;SVO Olimpia Radio;-CW;SEu;o;1;;[0725]
16851;0000-2400;;CHN;XSQ Guangzhou Radio;-TY;FE;gx;1;;[0925]
16880;0000-2400;;CHN;XSQ Guangzhou Radio;-TY;FE;gx;1;;[0925]
16886;0000-2400;;TUR;TAH Turk Radio Istanbul;-CW;ME;is;1;;[1116]
16898.5;0000-2400;;CHN;XSG Shanghai Radio;-TY;FE;sh;1;;[0525]
16907.5;0310-0325;;J;JFX Kagoshima Fish.Fax;;WOc;m;1;;
16907.5;0400-0415;;J;JFX Kagoshima Fish.Fax;;WOc;m;1;;
16907.5;0610-0625;;J;JFX Kagoshima Fish.Fax;;WOc;m;1;;[0321]
16907.5;0700-0715;Mo,We;J;JFX Kagoshima Fish.Fax;;WOc;m;1;;
16907.5;0800-0815;;J;JFX Kagoshima Fish.Fax;;WOc;m;1;0108;3112
16907.5;1030-1055;;J;JFX Kagoshima Fish.Fax;;WOc;m;1;;
16910;0000-0900;;KOR;HLJ Seoul Radio;-CW;FE;;1;;[0219]
16980;2100-1600;;CHN;CNR1 Jammer/Firedrake;M;CHN;;1;;[1020]
16980;0000-0100;;TWN;Sound of Hope;M;FE;;1;;
16980;0100-0200;;TWN;Sound of Hope;M;FE;;1;;
16980;0200-1200;;TWN;Sound of Hope;M;FE;;1;;[0422]
16980;1200-1300;;TWN;Sound of Hope;M;FE;;1;;
16980;1300-1400;;TWN;Sound of Hope;M;FE;;1;;
16980;1400-1500;;TWN;Sound of Hope;M;FE;;1;;
16980;1500-1600;;TWN;Sound of Hope;M;FE;;1;;
16980;2100-2200;;TWN;Sound of Hope;M;FE;;1;;
16980;2200-2300;;TWN;Sound of Hope;M;FE;;1;;
16980;2300-2400;;TWN;Sound of Hope;M;FE;;1;;
16990;0000-0900;;KOR;HLO Seoul Radio;-CW;FE;;1;;[1221]
17000;2100-1600;;CHN;CNR1 Jammer/Firedrake;M;CHN;;1;;[0626]
17000;0000-0100;;TWN;Sound of Hope;M;FE;;1;;
17000;0100-0200;;TWN;Sound of Hope;M;FE;;1;;
17000;0200-1200;;TWN;Sound of Hope;M;FE;;1;;[0626]
17000;1200-1300;;TWN;Sound of Hope;M;FE;;1;;
17000;1300-1400;;TWN;Sound of Hope;M;FE;;1;;
17000;1400-1500;;TWN;Sound of Hope;M;FE;;1;;
17000;1500-1600;;TWN;Sound of Hope;M;FE;;1;;
17000;2100-2200;;TWN;Sound of Hope;M;FE;;1;;
17000;2200-2300;;TWN;Sound of Hope;M;FE;;1;;
17000;2300-2400;;TWN;Sound of Hope;M;FE;;1;;
17130;0000-0900;;KOR;HLW Seoul Radio;-CW;FE;;1;;[1221]
17132;0000-2400;;CHN;XSV Tianjin Radio;-TY;FE;tj;1;;[0524]
17146.4;1115-1200;;CHL;CBV Valparaiso Met Fax;;SAm;v;1;;
17146.4;1630-1715;;CHL;CBV Valparaiso Met Fax;;SAm;v;1;;
17146.4;1915-2100;;CHL;CBV Valparaiso Met Fax;;SAm;v;1;;[0922]
17146.4;2200-2355;;CHL;CBV Valparaiso Met Fax;;SAm;v;1;;
17146.4;0600-0855;;USA;NMG Fax New Orleans;;Car;nm;1;;[0325]
17146.4;1200-1505;;USA;NMG Fax New Orleans;;Car;nm;1;;
17146.4;1800-2105;;USA;NMG Fax New Orleans;;Car;nm;1;;[0822]
17150;2100-1500;;CHN;CNR1 Jammer/Firedrake;M;CHN;;1;;
17150;0000-0100;;TWN;Sound of Hope;M;FE;;1;;
17150;0100-0200;;TWN;Sound of Hope;M;FE;;1;;
17150;0200-1200;;TWN;Sound of Hope;M;FE;;1;;[0626]
17150;1200-1300;;TWN;Sound of Hope;M;FE;;1;;[0122]
17150;1300-1400;;TWN;Sound of Hope;M;FE;;1;;
17150;1400-1500;;TWN;Sound of Hope;M;FE;;1;;
17150;2100-2130;;TWN;Sound of Hope;M;FE;;1;;
17150;2130-2200;;TWN;Sound of Hope;M;FE;;1;;
17150;2200-2300;;TWN;Sound of Hope;M;FE;;1;;
17150;2300-2400;;TWN;Sound of Hope;M;FE;;1;;[1222]
17151.2;0140-0415;;USA;NMC Fax Pt Reyes CA;;WNA;pr;1;;[0422]
17151.2;0655-1015;;USA;NMC Fax Pt Reyes CA;;WNA;pr;1;;
17151.2;1120-1235;;USA;NMC Fax Pt Reyes CA;;WNA;pr;1;;
17151.2;1400-1615;;USA;NMC Fax Pt Reyes CA;;WNA;pr;1;;
17151.2;1820-1840;;USA;NMC Fax Pt Reyes CA;;WNA;pr;1;;
17151.2;1840-2215;;USA;NMC Fax Pt Reyes CA;;WNA;pr;1;;[0125]
17151.2;2320-2400;;USA;NMC Fax Pt Reyes CA;;WNA;pr;1;;
17170;0000-0100;;TWN;Sound of Hope;M;FE;;1;;
17170;0100-0200;;TWN;Sound of Hope;M;FE;;1;;
17170;0200-1200;;TWN;Sound of Hope;M;FE;;1;;[0626]
17170;1200-1300;;TWN;Sound of Hope;M;FE;;1;;
17170;1300-1400;;TWN;Sound of Hope;M;FE;;1;;
17170;2300-2400;;TWN;Sound of Hope;M;FE;;1;;[1222]
17238.9;0000-2400;;CHN;XSV Tianjin Radio;-TY;FE;tj;1;;
17257;0000-2400;;TUR;TAH Turk Radio Istanbul;E;ME;is;1;;
17269;0000-2400;;CHN;XSV Tianjin Radio;M;FE;tj;1;;
17272;0000-2400;;TUR;TAH Turk Radio Istanbul;E;ME;is;1;;
17293;0000-2400;;TUR;TAH Turk Radio Istanbul;E;ME;is;1;;
17302;0000-2400;;I;Romaradio IAR;I;SEu;r;1;;
17314;1630-1705;;USA;NMC USCG Point Reyes;E;NAm;pr;1;;[0125]
17314;2230-2305;;USA;NMC USCG Point Reyes;E;NAm;pr;1;;[1023]
17314;1715-1815;;USA;NMN USCG Chesapeake;E;NAm;ch;1;;[0126]
17314;2315-0015;;USA;NMN USCG Chesapeake;E;NAm;ch;1;;[1025]
17341;0000-2400;;CHN;XSV Tianjin Radio;M;FE;tj;1;;
17341;1145-1245;;GRC;SVO Olimpia Radio;GR;SEu;o;1;;
17341;1945-2005;;GRC;SVO Olimpia Radio;GR;SEu;o;1;;
17378;0745-0755;We,Fr;POL;E11 Polish Spy Numbers;E;;p;1;0111;2802[1221]
17378;0820-0830;Tu,We;POL;E11 Polish Spy Numbers;E;;p;1;0105;3108[0822]
17378;0845-0855;Tu,Th;POL;E11 Polish Spy Numbers;E;;p;1;0111;2802
17392;0000-2400;;CHN;XSV Tianjin Radio;M;FE;tj;1;;
17392;0040-0056;;CHN;XSV Tianjin Radio;M;FE;tj;1;;
17392;0340-0356;;CHN;XSV Tianjin Radio;M;FE;tj;1;;
17392;0600-0605;;CHN;XSV Tianjin Radio;M;NAs;tj;1;0107;3110
17392;0740-0756;;CHN;XSV Tianjin Radio;M;FE;tj;1;;
17392;1040-1056;;CHN;XSV Tianjin Radio;M;FE;tj;1;;
17392;1400-1405;;CHN;XSV Tianjin Radio;M;NAs;tj;1;0107;3110
17392;1540-1556;;CHN;XSV Tianjin Radio;M;FE;tj;1;;
17398;0000-2400;;CHN;XSQ Guangzhou Radio;M;FE;gx;1;;[0626]
17400;2200-1400;;CHN;CNR1 Jammer/Firedrake;M;CHN;;1;;[1220]
17400.2;0000-0100;;TWN;Sound of Hope;M;FE;;1;;
17400.2;0100-0200;;TWN;Sound of Hope;M;FE;;1;;
17400.2;0200-1200;;TWN;Sound of Hope;M;FE;;1;;[1123]
17400.2;1200-1300;;TWN;Sound of Hope;M;FE;;1;;
17400.2;1300-1400;;TWN;Sound of Hope;M;FE;;1;;
17400.2;2200-2300;;TWN;Sound of Hope;M;FE;;1;;
17400.2;2300-2400;;TWN;Sound of Hope;M;FE;;1;;
17410;0745-0755;We,Fr;POL;E11 Polish Spy Numbers;E;;p;1;0103;3004[0322]
17410;0745-0755;We,Fr;POL;E11 Polish Spy Numbers;E;;p;1;0109;3110[0924]
17420;0700-0710;Th;RUS;E06 Russian Spy Numbers;E;RUS;xx;1;0112;3112[1215]
17431;0200-0210;Su;RUS;V07 Russian Spy Numbers;S;FE;kh;1;0104;3004
17431;0200-0210;Su;RUS;V07 Russian Spy Numbers;S;FE;kh;1;0109;3009
17431;0200-0210;Su;RUS;V07 Russian Spy Numbers;S;FE;kh;1;0111;3011
17436;0200-0210;Su;RUS;V07 Russian Spy Numbers;S;FE;kh;1;0101;3101
17440;2130-1300;;CHN;CNR1 Jammer/Firedrake;M;FE;;1;;[1020]
17440.1;0000-0100;;TWN;Sound of Hope;M;FE;;1;;
17440.1;0100-0200;;TWN;Sound of Hope;M;FE;;1;;
17440.1;0200-1200;;TWN;Sound of Hope;M;FE;;1;;[0525]
17440.1;1200-1300;;TWN;Sound of Hope;M;FE;;1;;[0122]
17440.1;2130-2200;;TWN;Sound of Hope;M;FE;;1;;
17440.1;2200-2300;;TWN;Sound of Hope;M;FE;;1;;
17440.1;2300-2400;;TWN;Sound of Hope;M;FE;;1;;[1222]
17451;1540-1550;Tu,Fr;RUS;E07 Russian Spy Numbers;E;RUS;m;1;0103;3103
17452;1500-1510;Tu,Fr;RUS;E07 Russian Spy Numbers;E;RUS;m;1;0109;3009
17453;1500-1510;Tu,Fr;RUS;E07 Russian Spy Numbers;E;RUS;m;1;0108;3108
17461;1500-1510;Tu,Fr;RUS;E07 Russian Spy Numbers;E;RUS;m;1;0110;3110
17470;0600-0610;Th;RUS;E06 Russian Spy Numbers;E;RUS;xx;1;0102;2802
17470;0600-0610;Th;RUS;E06 Russian Spy Numbers;E;RUS;xx;1;0104;3004[0419]
17472;0220-0230;Su;RUS;V07 Russian Spy Numbers;S;FE;kh;1;0103;3103
17485;0500-0700;;CHN;China Radio Int.;A;NAf;ka;0;;
17490;0000-0100;;CHN;China Radio Int.;CA;SEA;b;0;;
17490;0100-0200;;CHN;China Radio Int.;AM;INS;b;0;;
17490;0200-0300;;CHN;China Radio Int.;AM;INS;b;0;;
17490;0300-0400;;CHN;CRI DIGITAL;M;Oc;k;0;;
17490;0400-0500;;CHN;CRI DIGITAL;M;Oc;k;0;;
17490;0700-0900;;CHN;China Radio Int.;E;Eu;ka;0;;
17490;0900-1000;;CHN;China Radio Int.;E;Eu;ka;0;;
17490;1000-1100;;CHN;China Radio Int.;E;Eu;ka;0;;
17490;1100-1300;;CHN;China Radio Int.;E;Eu;ka;0;;
17490.1;0000-0100;;TWN;Sound of Hope;M;FE;;1;;
17490.1;0100-0200;;TWN;Sound of Hope;M;FE;;1;;
17490.1;0200-1200;;TWN;Sound of Hope;M;FE;;1;;[1224]
17490.1;1200-1300;;TWN;Sound of Hope;M;FE;;1;;
17490.1;1300-1400;;TWN;Sound of Hope;M;FE;;1;;
17490.1;2200-2300;;TWN;Sound of Hope;M;FE;;1;;
17490.1;2300-2400;;TWN;Sound of Hope;M;FE;;1;;
17510;0400-0500;;CHN;China Radio Int.;HK;SEA;k;0;;
17510;0400-0500;;CHN;China Radio Int.;HK;SEA;x;0;;
17510;0500-0600;;CHN;China Radio Int.;E;NAf;ka;0;;
17510;0600-0700;;CHN;China Radio Int.;E;NAf;ka;0;;
17510;1200-1230;;CHN;China Radio Int.;TAG;PHL;n;0;;
17510;0900-1100;;CHN;CNR1 Jammer/Firedrake;M;FE;;0;;
17510;1500-1800;irr;CVA;Radio Vaticana;P;SAf;;6;1906;2410
17510;1520-1700;2Apr;CVA;Radio Vaticana;P;Af;;6;0104;0204
17510;0130-0400;;USA;Voice of America;M;FE;/PHL-t;6;0507;0507
17510;0900-1100;;USA;Voice of America;M;FE;/PHL-t;0;;
17515;1330-1400;;G;BBC;BR;SEA;/UAE;0;;
17520;0600-0700;;CHN;China Radio Int.;I;SEu;ka;0;;
17520;0805-0940;5Apr;CVA;Radio Vaticana;F;WAf;;6;0104;0504
17520;0950-1030;5Apr;CVA;Radio Vaticana;F;WAf;;6;0104;0504
17520;1520-1700;2Apr;CVA;Radio Vaticana;F;WAf;;6;0104;0204
17520;0200-0300;;ROU;Radio Romania Int.;S;SAm;t;0;;
17520;2100-2200;;ROU;Radio Romania Int.;S;SAm;t;0;;
17520;2300-2400;;ROU;Radio Romania Int.;S;SAm;t;0;;
17520;0050-0605;;THA;HSW64 Bangkok Meteo Fax;;SEA;u;1;;
17520;0700-0755;;THA;HSW64 Bangkok Meteo Fax;;SEA;u;1;;
17520;0800-0805;;THA;HSW64 Bangkok Meteo Fax;;SEA;u;1;;
17520;0840-0845;;THA;HSW64 Bangkok Meteo Fax;;SEA;u;1;;
17520;1000-1005;;THA;HSW64 Bangkok Meteo Fax;;SEA;u;1;;
17520;1020-1100;;THA;HSW64 Bangkok Meteo Fax;;SEA;u;1;;
17520;1300-1320;;THA;HSW64 Bangkok Meteo Fax;;SEA;u;1;;
17520;1700-1705;;THA;HSW64 Bangkok Meteo Fax;;SEA;u;1;;
17520;1720-1740;;THA;HSW64 Bangkok Meteo Fax;;SEA;u;1;;
17520;2300-2340;;THA;HSW64 Bangkok Meteo Fax;;SEA;u;1;;
17525;0700-1000;irr;CVA;Radio Vaticana;F;WAf;;0;;
17525;1020-1200;;CVA;Radio Vaticana;F;WAf;;6;0606;0606
17525;1500-1800;irr;CVA;Radio Vaticana;F;WAf;;0;;
17525;1730-2230;Su-Fr;USA;WMLK Bethel, PA;E;Eu;;1;;[0526]
17530;0900-1100;;CHN;China Radio Int.;M;SEA;x;0;;
17530;1100-1200;;CHN;China Radio Int.;VN;SEA;x;0;;
17530;0400-0500;;MDG;MWV The Light of Life;M;CHN;m;1;;[0526]
17530;1230-1300;;ROU;Radio Romania Int.;M;FE;t;0;;
17530;2300-2400;;USA;Adventist World Radio;M;FE;/GUM-a;0;;
17540;0000-0100;;CHN;China Radio Int.;HK;PHL;b;0;;
17540;0100-0200;;CHN;China Radio Int.;AM;PHL;b;0;;
17540;0300-0400;;CHN;China Radio Int.;M;SAs;b;0;;
17540;0400-0500;;CHN;China Radio Int.;HK;SAs;ka;0;;
17540;0500-0600;;CHN;China Radio Int.;E;SAs;ka;0;;
17540;0600-0700;;CHN;China Radio Int.;E;SAs;ka;0;;
17540;0700-0900;;CHN;China Radio Int.;E;SAs;ka;0;;
17540;2300-2400;;CHN;China Radio Int.;CA;PHL;b;0;;
17540;0700-1000;irr;CVA;Radio Vaticana;E;CAf;;0;;
17540;0805-0940;5Apr;CVA;Radio Vaticana;E;WAf;;6;0104;0504
17540;0950-1030;5Apr;CVA;Radio Vaticana;E;WAf;;6;0104;0504
17540;1020-1200;;CVA;Radio Vaticana;E;CAf;;6;0606;0606
17540;1500-1800;irr;CVA;Radio Vaticana;E;CAf;;0;;
17540;1520-1700;2Apr;CVA;Radio Vaticana;E;WAf;;6;0104;0204
17545;1500-1600;;F;Mini Atlantique Weather;F,E;NAO;i;6;0107;0308
17545;1500-1600;;F;Mini Atlantique Weather;F,E;NAO;i;6;0808;3108
17550;0000-0600;;CHN;China National Radio 1;M;CHN;b;5;;
17550;0100-0600;;CHN;China National Radio 1;M;CHN;b;4;;[1125]
17550;0600-0900;We-Mo;CHN;China National Radio 1;M;CHN;b;1;;[0222]
17550;0900-1030;;CHN;China National Radio 1;M;CHN;b;4;;[0319]
17550;0900-1200;;CHN;China National Radio 1;M;CHN;b;5;;[0420]
17560;0800-0900;;CHN;China Radio Int.;M;CAs;x;0;;
17560;0900-1000;;CHN;China Radio Int.;M;CAs;x;0;;
17560;1200-1400;;CHN;China Radio Int.;F;SEu;ka;0;;
17560;2200-2300;;CHN;China Radio Int.;J;FE;x;0;;
17560;2300-2400;;CHN;China Radio Int.;J;FE;x;0;;
17560;0000-0100;;CHN;CNR1 Jammer/Firedrake;M;FE;;0;;
17560;0000-0100;;USA;Voice of America;M;FE;/PHL-t;0;;
17565;0100-0600;;CHN;China National Radio 1;M;CHN;h;1;;[1125]
17565;0600-0730;We-Mo;CHN;China National Radio 1;M;CHN;h;1;;[0625]
17570;0900-1000;;CHN;China Radio Int.;E;Eu;u;0;;
17570;1000-1100;;CHN;China Radio Int.;HU;Eu;ka;0;;
17570;1100-1200;;CHN;China Radio Int.;CZ;WEu;ka;0;;
17570;0500-0800;;J;NHK Radio Japan;J;ME;y;6;2903;3006
17575;1500-1600;;G;BBC DIGITAL;E;SAs;w;0;;
17580;0200-0600;;CHN;China National Radio 1;M;CHN;L;4;;[1125]
17580;0600-0900;We-Mo;CHN;China National Radio 1;M;CHN;L;1;;[0625]
17580;0900-1000;;CHN;China National Radio 1;M;CHN;L;4;;[1125]
17580;0900-1200;;CHN;China National Radio 1;M;CHN;L;5;;[0420]
17580;2330-0600;;CHN;China National Radio 1;M;CHN;L;5;;[0625]
17580;2100-2200;;ROU;Radio Romania Int.;S;SAm;t;0;;
17580;1200-1300;;TUR;Voice of Turkey;UR;PAK;e;0;;
17590;1130-1145;Su;USA;Trans World Radio;E;FE;/TJK;6;2903;2706
17590;1145-1245;Su;USA;Trans World Radio;M;CHN;/TJK;6;2903;2706
17590;1230-1245;Mo-Fr;USA;Trans World Radio;YUN;CHN;/TJK;6;2903;2706
17590;1245-1300;;USA;Trans World Radio;HUI;CHN;/TJK;6;2903;2706
17590;1300-1330;Su;USA;Trans World Radio;M;CHN;/TJK;6;2903;2706
17590;1300-1340;Mo-Fr;USA;Trans World Radio;M;CHN;/TJK;6;2903;2706
17590;1300-1345;Sa;USA;Trans World Radio;M;CHN;/TJK;6;2903;2706
17595;0600-0900;We-Mo;CHN;China National Radio 1;M;CHN;s;5;;[0625]
17595;0900-1100;;CHN;China National Radio 1;M;CHN;s;5;;[0420]
17595;2300-0600;;CHN;China National Radio 1;M;CHN;s;5;;[0723]
17600;0700-0100;;ALG;Ifrikya FM;A;CAf;b;0;;[0726]
17600;1115-1130;;ALG;Ifrikya FM;SWA;CAf;b;0;;[0626]
17605;0200-0300;;CHN;CRI DIGITAL;M;Oc;k;0;;
17605;1030-1130;;CHN;China Radio Int.;IN;INS;k;0;;
17615;0500-0700;;CHN;China Radio Int.;D;WEu;u;0;;
17615;0600-0700;;CHN;China Radio Int.;M;SEA;k;0;;
17615;0700-0800;;CHN;China Radio Int.;M;SEA;k;0;;
17615;1000-1030;;TUR;Voice of Turkey;TT;EEu;e;0;;
17620;0900-1000;;CHN;China Radio Int.;RO;Eu;ka;0;;
17620;0700-0730;;F;Radio France Int.;HA;WAf;i;0;;
17620;0800-0830;;F;Radio France Int.;MAN;WAf;i;0;;
17620;0830-0900;;F;Radio France Int.;FU;WAf;i;0;;
17620;1200-1230;;F;Radio France Int.;MAN;WAf;i;0;;
17620;1600-1700;;F;Radio France Int.;HA;WAf;i;0;;
17620;1700-1800;;F;Radio France Int.;F;WAf;i;0;;
17620;1800-1900;;F;Radio France Int.;F;WAf;i;0;;
17620;1900-2000;;F;Radio France Int.;F;WAf;i;0;;
17620;1100-1200;;TUR;Voice of Turkey;M;FE;e;0;;
17620;1230-1330;;TUR;Voice of Turkey;E;CEu;e;0;;
17620;2300-2400;;USA;Adventist World Radio;M;FE;/GUM-a;0;;
17625;0000-0600;;CHN;CNR 2 China Business R.;M;CHN;B;1;;
17625;0600-0900;Th-Tu;CHN;CNR 2 China Business R.;M;CHN;B;1;;[0222]
17630;1430-1500;;CHN;China Radio Int.;E;EAf;/MLI;0;;
17630;1500-1600;;CHN;China Radio Int.;E;EAf;/MLI;0;;
17630;0700-0800;Su;ROU;Radio Romania Int.;RO;ME;t;0;;
17630;0900-1000;Su;ROU;Radio Romania Int.;RO;NAf;t;0;;
17630;1000-1100;;ROU;Radio Romania Int.;F;NAf;t;0;;
17640;0100-0200;;CHN;China Radio Int.;E;Eu;ka;0;;
17640;0200-0300;;CHN;China Radio Int.;R;CAs;x;0;;
17640;0300-0400;;CHN;China Radio Int.;R;CAs;x;0;;
17640;0400-0500;;CHN;China Radio Int.;R;CAs;x;0;;
17640;0700-0800;;CHN;CRI DIGITAL;M;Oc;k;0;;
17640;1200-1230;;G;BBC;F;WAf;/ASC;0;;
17640;1400-1500;Sa;G;BBC;E;WAf;/UAE;6;1904;2404
17640;1400-1600;Sa;G;BBC;E;WAf;/ASC;6;2903;1204
17640;1400-1600;Sa;G;BBC;E;WAf;/UAE;6;1304;1804
17640;1400-1600;Sa;G;BBC;E;WAf;/ASC;6;2504;2510
17640;1500-1600;Sa;G;BBC;E;WAf;/ASC;6;1804;2404
17640;1530-1730;Su;G;BBC;E;WAf;/ASC;0;;
17640;1730-1750;Mo-Fr;G;BBC;AH;EAf;w;0;;
17640;1750-1810;Mo-Fr;G;BBC;OO;EAf;w;0;;
17640;1810-1830;Mo-Fr;G;BBC;TIG;EAf;w;0;;
17640;1830-1850;Mo-Fr;G;BBC;AH;EAf;w;0;;
17640;1850-1910;Mo-Fr;G;BBC;OO;EAf;w;0;;
17640;1910-1930;Mo-Fr;G;BBC;TIG;EAf;w;0;;
17650;2230-2300;;AUS;Reach Beyond Australia;J;J;ku;0;;
17650;1430-1500;Sa;CAN;Bible Voice;E;IND;/D-n;0;;
17650;0600-0700;;CHN;China Radio Int.;M;Eu;ka;0;;
17650;0700-0800;;CHN;China Radio Int.;M;Eu;ka;0;;
17650;0800-0900;;CHN;China Radio Int.;M;Eu;ka;0;;
17650;0900-1000;;CHN;China Radio Int.;E;Eu;ka;0;;
17650;1000-1100;;CHN;China Radio Int.;M;Eu;ka;0;;
17650;1100-1200;;CHN;China Radio Int.;M;Eu;ka;0;;
17650;1200-1300;;CHN;China Radio Int.;M;Eu;ka;0;;
17650;1300-1400;;CHN;China Radio Int.;F;SEu;ka;0;;
17650;0000-0030;;USA;Adventist World Radio;BR;SEA;/GUM-a;0;;
17655;0200-0300;;CHN;China Radio Int.;TAM;SAs;ka;0;;
17655;0300-0400;;CHN;China Radio Int.;HI;SAs;ka;0;;
17660;0530-0600;;F;Radio France Int.;SWA;EAf;i;0;;
17660;0800-0900;;F;Radio France Int.;F;WAf;i;0;;
17660;0900-1000;;F;Radio France Int.;F;WAf;i;0;;
17660;1300-1330;;F;Radio France Int.;FU;WAf;i;0;;
17665;2055-0600;;CHN;China National Radio 8;MO;CHN;u;5;;[0726]
17670;1230-1245;Su;CAN;Bible Voice;IN;INS;/UZB;0;;
17670;0700-0900;;CHN;China Radio Int.;E;NAf;ka;0;;
17670;1300-1400;Tu,Th;D;Music 4 Joy DIGITAL;;FE;n;0;;
17670;1730-1800;;S;IBRA Radio Sama;TGR;EAf;/G-w;5;;[0825]
17670;1800-1830;;S;IBRA Radio Sama;FUR;EAf;/G-w;5;;[0426]
17670;1830-1900;;S;IBRA Radio Sama;A;EAf;/G-w;5;;[0526]
17670;1030-1100;;TUR;Voice of Turkey;UZ;CAs;e;0;;
17675;2210-2240;Mo-Th;AUS;ABC Wantok;TP;Oc;/NZL-r;0;;
17675;0125-0135;Th;NZL;RNZ Pacific;F;Oc;r;0;;
17675;0325-0335;Th;NZL;RNZ Pacific;F;Oc;r;0;;
17675;2059-0458;;NZL;RNZ Pacific;E;Oc;r;0;;
17675;2110-2120;Mo,Th;NZL;RNZ Pacific;SLM;Oc;r;0;;
17675;2240-2250;We;NZL;RNZ Pacific;F;Oc;r;0;;
17680;0600-0700;;CHN;China Radio Int.;S;SEu;ka;0;;
17680;0700-0800;;CHN;China Radio Int.;S;SEu;ka;0;;
17680;0930-1030;;CHN;China Radio Int.;ML;INS;k;0;;
17680;0530-0600;;ROU;Radio Romania DIGITAL;E;SAs;t;0;;
17690;0000-0100;;CHN;China Radio Int.;M;SEA;x;0;;
17690;0100-0200;;CHN;China Radio Int.;M;SEA;x;0;;
17690;0200-0330;;CHN;China Radio Int.;M;SEA;x;6;0107;0107
17690;0200-0400;;CHN;China Radio Int.;E;SEA;x;6;1706;1706
17690;0600-1400;Tu,Fr;USA;Voice of America;E;Af;/BOT;6;2205;2510
17700;0000-0900;;CHN;CRI DIGITAL;M;Oc;k;6;1306;2510
17700;0100-0900;;CHN;CRI DIGITAL;M;Oc;k;6;1006;1206
17700;0800-0900;;CHN;CRI DIGITAL;M;Oc;k;6;2903;0906
17700;1600-1900;Sa;G;BBC;HA;WAf;/ASC;6;2504;1605
17700;1400-1415;Tu;USA;Trans World Radio;BON;SAs;/MDG;1;;
17700;1400-1415;Sa;USA;Trans World Radio;BUN;SAs;/MDG;1;;
17700;1400-1415;Su;USA;Trans World Radio;HAR;SAs;/MDG;1;;
17700;1400-1415;Mo;USA;Trans World Radio;HO;SAs;/MDG;1;;
17700;1400-1415;Th;USA;Trans World Radio;KUI;SAs;/MDG;1;;
17700;1400-1415;We;USA;Trans World Radio;KUR;SAs;/MDG;1;;
17700;1400-1415;Fr;USA;Trans World Radio;SNT;SAs;/MDG;1;;
17700;1415-1430;Mo;USA;Trans World Radio;AW;SAs;/MDG;1;;
17700;1415-1430;Su;USA;Trans World Radio;BB;SAs;/MDG;1;;
17700;1415-1430;Fr;USA;Trans World Radio;E;SAs;/MDG;1;;
17700;1415-1430;Tu,Th;USA;Trans World Radio;HI;SAs;/MDG;1;;
17700;1415-1430;We;USA;Trans World Radio;MW;SAs;/MDG;1;;
17700;1415-1445;Sa;USA;Trans World Radio;HI;SAs;/MDG;1;;
17700;1430-1445;Fr;USA;Trans World Radio;BE;SAs;/MDG;1;;
17700;1430-1445;Th;USA;Trans World Radio;DZ;SAs;/MDG;1;;
17700;1430-1445;Mo-We;USA;Trans World Radio;E;SAs;/MDG;1;;
17700;1430-1445;Su;USA;Trans World Radio;MEI;SAs;/MDG;1;;
17700;1445-1446;Mo-Fr;USA;Trans World Radio;E;SAs;/MDG;1;;
17700;1445-1500;Su;USA;Trans World Radio;BHT;SAs;/MDG;1;;
17700;1445-1500;Sa;USA;Trans World Radio;DES;SAs;/MDG;1;;
17700;1446-1500;Mo-Fr;USA;Trans World Radio;HI;SAs;/MDG;1;;
17710;0030-0330;;CHN;China Radio Int.;M;Eu;ka;6;0107;0107
17710;0400-0500;;CHN;China Radio Int.;HK;INS;b;0;;
17710;0600-0700;;CHN;China Radio Int.;E;SEA;b;0;;
17710;0700-0800;;CHN;China Radio Int.;E;SEA;b;0;;
17710;0700-1000;irr;CVA;Radio Vaticana;A;ME;;0;;
17710;1500-1800;irr;CVA;Radio Vaticana;P;SAf;;6;2903;1806
17715;0000-0300;Tu-Sa;E;Radio Exterior España;S;SAm;n;4;;
17715;1500-2300;SaSu;E;Radio Exterior España;S;SAm;n;4;;
17715;1900-2100;Mo-Fr;E;Radio Exterior España;S;SAm;n;4;;
17715;2100-2130;Tu-Th;E;Radio Exterior España;S;SAm;n;4;;
17715;2100-2130;Mo;E;Radio Exterior España;SEF;SAm;n;4;;
17715;2100-2200;Fr;E;Radio Exterior España;A;SAm;n;4;;
17715;2130-2200;Mo;E;Radio Exterior España;M;SAm;n;4;;
17715;2130-2200;Tu-Th;E;Radio Exterior España;S;SAm;n;4;;
17715;2200-2300;Mo-Fr;E;Radio Exterior España;S;SAm;n;4;;
17715;2300-2330;Sa;E;Radio Exterior España;R;SAm;n;4;;
17715;2300-2330;157;E;Radio Exterior España;S;SAm;n;4;;
17715;2300-2400;We;E;Radio Exterior España;E;SAm;n;4;;
17715;2300-2400;Tu;E;Radio Exterior España;F;SAm;n;4;;
17715;2300-2400;Th;E;Radio Exterior España;P;SAm;n;4;;
17715;2330-2400;Fr-Mo;E;Radio Exterior España;S;SAm;n;4;;
17715;0000-0200;Tu-Sa;E;Radio Exterior España;S;SAm;n;5;;
17715;1400-2200;SaSu;E;Radio Exterior España;S;SAm;n;5;;
17715;1800-2000;Mo-Fr;E;Radio Exterior España;S;SAm;n;5;;
17715;2000-2030;Tu-Th;E;Radio Exterior España;S;SAm;n;5;;
17715;2000-2030;Mo;E;Radio Exterior España;SEF;SAm;n;5;;
17715;2000-2100;Fr;E;Radio Exterior España;A;SAm;n;5;;
17715;2030-2100;Mo;E;Radio Exterior España;M;SAm;n;5;;
17715;2030-2100;Tu-Th;E;Radio Exterior España;S;SAm;n;5;;
17715;2100-2200;Mo-Fr;E;Radio Exterior España;S;SAm;n;5;;
17715;2200-2230;Sa;E;Radio Exterior España;R;SAm;n;5;;
17715;2200-2230;157;E;Radio Exterior España;S;SAm;n;5;;
17715;2200-2300;We;E;Radio Exterior España;E;SAm;n;5;;
17715;2200-2300;Tu;E;Radio Exterior España;F;SAm;n;5;;
17715;2200-2300;Th;E;Radio Exterior España;P;SAm;n;5;;
17715;2230-2300;Fr-Mo;E;Radio Exterior España;S;SAm;n;5;;
17715;2300-2400;Mo-Fr;E;Radio Exterior España;S;SAm;n;5;;
17720;0500-0700;;CHN;China Radio Int.;D;WEu;ka;0;;
17720;1300-1350;Mo-Sa;CLA;Shan News Radio;BR;MYA;/UAE;1;;[0326]
17720;0200-0300;;ROU;Radio Romania Int.;S;SAm;t;0;;
17720;0400-0500;;TUR;Voice of Turkey;ML;SEA;e;0;;
17730;0030-0330;;CHN;China Radio Int.;M;SAs;u;6;0107;0107
17730;0400-0500;;CHN;China Radio Int.;E;CAs;x;0;;
17730;0500-0600;;CHN;China Radio Int.;E;CAs;x;0;;
17730;1700-1730;;F;Radio France Int.;MAN;WAf;i;0;;
17730;1730-1800;;F;Radio France Int.;FU;WAf;i;0;;
17730;0800-0830;;TUR;Voice of Turkey;TK;CAs;e;0;;
17735;0830-0930;;CHN;China Radio Int.;IN;INS;k;0;;
17735;1300-1400;;CHN;China Radio Int.;M;Eu;ka;0;;
17735;1400-1500;;CHN;China Radio Int.;M;Eu;ka;0;;
17735;1500-1600;;CHN;China Radio Int.;M;Eu;ka;0;;
17740;0000-0100;;CHN;China Radio Int.;E;SEA;x;0;;
17740;0100-0200;;CHN;China Radio Int.;E;SEA;x;0;;
17740;0200-0330;;CHN;China Radio Int.;E;SEA;x;6;0107;0107
17740;0400-0500;;CHN;China Radio Int.;VN;SEA;x;0;;
17740;0500-0600;;CHN;China Radio Int.;VN;SEA;x;0;;
17740;0600-0700;;CHN;China Radio Int.;M;SEA;x;0;;
17740;0700-0800;;CHN;China Radio Int.;M;SEA;x;0;;
17740;1000-1100;;TUR;Voice of Turkey;F;SEu;e;0;;
17745;0400-0430;Mo-Fr;G;BBC;SO;EAf;/UAE;0;;
17745;1100-1400;Sa;G;BBC;SO;EAf;/UAE;6;1104;1804
17745;1100-1400;Su;G;BBC;SO;EAf;/UAE;6;1705;0106
17745;1100-1800;SaSu;G;BBC;SO;EAf;/UAE;8;;
17745;1200-1300;;G;BBC;E;NIn;/OMA-a;6;1306;2510
17745;1330-1600;Sa;G;BBC;SO;EAf;/UAE;6;1804;2504
17745;1400-1700;Su;G;BBC;SO;EAf;/UAE;6;0305;1605
17745;1500-1800;Su;G;BBC;SO;EAf;/UAE;6;1204;2604
17745;1500-1800;Su;G;BBC;SO;EAf;/UAE;6;1005;1705
17745;1600-1630;Sa;G;BBC;SO;EAf;/OMA-a;6;1804;2504
17745;1600-1900;SaSu;G;BBC;SO;EAf;/OMA-a;8;;
17745;1630-1700;Mo-Fr;G;BBC;KNK;EAf;/MDG;0;;
17750;0700-0800;;CHN;China Radio Int.;AM;SEA;x;0;;
17750;0900-1000;;CHN;China Radio Int.;E;SAs;ka;0;;
17750;1000-1100;;CHN;China Radio Int.;E;SAs;ka;0;;
17750;0500-0600;Sa;G;BBC;KNK;EAf;/CVA;0;;
17750;0529-0600;Su;G;BBC;KNK;EAf;/CVA;0;;
17750;0200-0330;;PHL;Radyo Pilipinas;E;ME;t;0;;
17755;1500-2300;SaSu;E;Radio Exterior España;S;Af;n;4;;
17755;1600-1900;Mo-Fr;E;Radio Exterior España;S;Af;n;4;;
17755;1900-2100;Mo-Fr;E;Radio Exterior España;S;Af;n;4;;
17755;2100-2130;Tu-Th;E;Radio Exterior España;S;Af;n;4;;
17755;2100-2130;Mo;E;Radio Exterior España;SEF;Af;n;4;;
17755;2100-2200;Fr;E;Radio Exterior España;A;Af;n;4;;
17755;2130-2200;Mo;E;Radio Exterior España;M;Af;n;4;;
17755;2130-2200;Tu-Th;E;Radio Exterior España;S;Af;n;4;;
17755;2200-2300;Mo-Fr;E;Radio Exterior España;S;Af;n;4;;
17755;2300-2330;Sa;E;Radio Exterior España;R;Af;n;4;;
17755;2300-2330;157;E;Radio Exterior España;S;Af;n;4;;
17755;2300-2400;We;E;Radio Exterior España;E;Af;n;4;;
17755;2300-2400;Tu;E;Radio Exterior España;F;Af;n;4;;
17755;2300-2400;Th;E;Radio Exterior España;P;Af;n;4;;
17755;2330-2400;Fr-Mo;E;Radio Exterior España;S;Af;n;4;;
17760;0500-0600;;CHN;CRI DIGITAL;M;Oc;k;0;;
17760;0600-0700;;CHN;CRI DIGITAL;M;Oc;k;0;;
17760;0400-0430;;ROU;Radio Romania Int.;M;FE;t;0;;
17760;0530-0600;;ROU;Radio Romania Int.;E;SAs;g;0;;
17760;1230-1300;;ROU;Radio Romania DIGITAL;M;FE;t;0;;
17760;0000-0100;;TWN;Sound of Hope;M;FE;;1;;
17760;0100-0200;;TWN;Sound of Hope;M;FE;;1;;
17760;0200-1200;;TWN;Sound of Hope;M;FE;;1;;[0626]
17760;2300-2400;;TWN;Sound of Hope;M;FE;;1;;
17765;1600-1800;;CHN;China Radio Int.;F;SEu;ka;0;;
17770;0100-0900;;CHN;CNR1 DIGITAL;M;CHN;d;1;;[0626]
17780;2300-1400;;CHN;CNR1 Jammer/Firedrake;M;FE;;1;;[0626]
17780;0900-1300;;CHN;CNR 2 China Business R.;M;CHN;k;6;1105;1505
17780;2300-0600;;CHN;CNR 2 China Business R.;M;CHN;k;6;1105;1505
17780;1700-1730;Mo-Fr;G;BBC;E;WAf;/ASC;0;;
17780;1730-1800;Mo-Fr;G;BBC;E;WAf;/ASC;0;;
17780;1000-1100;;ROU;Radio Romania Int.;F;NAf;t;0;;
17780;1200-1230;;ROU;Radio Romania Int.;A;NAf;t;0;;
17780.3;0000-0100;;TWN;Sound of Hope;M;FE;;1;;
17780.3;0100-0200;;TWN;Sound of Hope;M;FE;;1;;
17780.3;0200-1200;;TWN;Sound of Hope;M;FE;;1;;[0626]
17780.3;1200-1300;;TWN;Sound of Hope;M;FE;;1;;
17780.3;1300-1400;;TWN;Sound of Hope;M;FE;;1;;
17780.3;2300-2400;;TWN;Sound of Hope;M;FE;;1;;
17780;0300-0400;Tu,Th;USA;Voice of America;E;SAs;/THA-u;6;1606;2510
17790;0830-0950;Su;CVA;Radio Vaticana;LTO;Cau;;2;;
17790;0830-0950;1.Su;CVA;Radio Vaticana;GZ;EAf;;2;;
17790;1130-1200;Fr;CVA;Radio Vaticana;E;ME;;1;;
17790;1230-1250;;CVA;Radio Vaticana;R;Sib;;0;;
17790;1430-1450;;CVA;Radio Vaticana;HI;SAs;;0;;
17790;1450-1510;;CVA;Radio Vaticana;TAM;SAs;;0;;
17790;1510-1530;;CVA;Radio Vaticana;MAL;SAs;;0;;
17790;1530-1600;;CVA;Radio Vaticana;A;ME;;5;;
17790;0000-0030;;CZE;Radio Prague;S;LAm;/USA-o;1;;
17790;2230-2300;;CZE;Radio Prague;E;LAm;/USA-o;1;;[0626]
17790;2300-2330;;CZE;Radio Prague;F;LAm;/USA-o;1;;[0626]
17790;2330-2400;;CZE;Radio Prague;E;LAm;/USA-o;1;;
17790;0500-0650;;J;NHK Radio Japan;J;CAm;y;0;;
17790;0300-0400;;ROU;Radio Romania DIGITAL;E;SAs;t;0;;
17790;0700-0800;Su;ROU;Radio Romania Int.;RO;ME;g;0;;
17790;0030-0100;;SVK;Radio Slovakia Int.;S;LAm;/USA-o;1;;
17790;0130-0200;;SVK;Radio Slovakia Int.;E;LAm;/USA-o;1;;
17790;0100-0130;;TWN;Radio Taiwan Int.;S;LAm;/USA-o;1;;[0426]
17790;2200-2230;;TWN;Radio Taiwan Int.;S;LAm;/USA-o;1;;[1125]
17790;1500-2130;;USA;PAB Radio Africa;E;SAm;o;1;;
17790;2130-2200;;USA;WRMI Radio Miami Int.;E;ENA;o;1;;
17800;2300-0600;;CHN;China National Radio 8;MO;CHN;qq;1;;[0726]
17800;2200-2400;;J;NHK Radio Japan;J;ME;y;6;2903;3107
17800;2200-2350;;J;NHK Radio Japan;J;ME;y;6;0108;2510
17810;0430-0500;;G;BBC;DR;AFG;/OMA-a;0;;
17810;0500-0530;;G;BBC;PS;AFG;/OMA-a;0;;
17810;0700-0730;Su-Th;G;BBC;A;EAf;/OMA-a;6;2903;2107
17810;0700-0730;Su-Th;G;BBC;A;EAf;/UAE;6;2207;2510
17810;0830-0930;;G;BBC;DR;AFG;/OMA-a;0;;
17810;0930-1030;;G;BBC;PS;AFG;/OMA-a;0;;
17810;1030-1100;;G;BBC;DR;AFG;/OMA-a;0;;
17810;1100-1130;;G;BBC;PS;AFG;/OMA-a;0;;
17810;0200-0500;;J;NHK Radio Japan;J;SEA;y;0;;
17810;1530-1630;Mo;USA;VoRW;E;SAs;/F-i;1;;[0625]
17815;1200-1300;;F;Radio France Int.;F;WAf;i;0;;
17815;0600-0700;;G;BBC DIGITAL;E;EAf;/OMA-a;6;2903;1605
17820;0555-1600;;CHN;China National Radio;TB;CHN;d;6;1105;3005
17820;1600-0205;;CHN;China National Radio;UI;CHN;d;6;1105;3005
17820;0800-0900;We-Mo;CHN;China National Radio 13;UI;CHN;d;1;1105;
17820;0900-1000;;CHN;China National Radio 13;M;CHN;d;1;1105;
17820;1000-1100;;CHN;China National Radio 13;UI;CHN;d;1;1105;
17820;1100-1400;;CHN;China National Radio 13;UI;CHN;d;1;1105;
17820;1400-1500;;CHN;China National Radio 13;UI;CHN;d;1;1105;
17820;1500-1600;;CHN;China National Radio 13;M;CHN;d;1;1105;
17820;1600-1805;;CHN;China National Radio 13;UI;CHN;d;1;1105;[0526]
17820;0030-0330;;CHN;China Radio Int.;M;Oc;k;6;0107;0107
17825;0500-0600;Su;G;BBC;E;EAf;/OMA-a;0;;
17825;0500-0600;Mo-Sa;G;BBC;E;EAf;/OMA-a;0;;
17825;1200-1300;;G;BBC;E;SAs;/OMA-a;6;2903;1206
17825;1400-1600;;G;BBC DIGITAL;E;SAs;/OMA-a;6;2903;1605
17830;0100-0800;;CHN;CNR1 DIGITAL;M;CHN;u;5;;[0426]
17830;1900-2000;Su;TWN;Radio Taiwan Int.;F;WAf;/F-i;0;;
17830;1700-1730;Mo-Fr;G;BBC;E;CAf;/ASC;0;;
17830;1730-1900;Mo-Fr;G;BBC;E;CAf;/ASC;0;;
17840;0200-0300;;CHN;China Radio Int.;M;SAm;b;0;;
17840;0300-0400;;CHN;China Radio Int.;E;Sib;b;0;;
17840;0400-0500;;CHN;China Radio Int.;E;Sib;b;0;;
17840;0500-0600;;CHN;China Radio Int.;M;Sib;b;0;;
17840;0600-0700;;CHN;China Radio Int.;M;Sib;b;0;;
17840;0700-0800;;CHN;China Radio Int.;M;SAs;ka;0;;
17840;0800-0900;;CHN;China Radio Int.;M;SAs;ka;0;;
17840;0900-1100;;CHN;China Radio Int.;M;SAs;ka;0;;
17850;0600-0700;;F;Radio France Int.;F;CAf;i;0;;
17850;0700-0800;;F;Radio France Int.;F;CAf;i;0;;
17850;0800-0900;;F;Radio France Int.;F;CAf;i;0;;
17850;0900-1000;;F;Radio France Int.;F;CAf;i;0;;
17850;1200-1300;;F;Radio France Int.;F;WAf;i;0;;
17850;1800-1900;;F;Radio France Int.;F;CAf;i;0;;
17850;1900-2000;;F;Radio France Int.;F;CAf;i;0;;
17855;0400-0500;;CHN;China Radio Int.;E;CAs;b;0;;
17855;0500-0600;;CHN;China Radio Int.;E;CAs;b;0;;
17860;1100-1200;;ROU;Radio Romania Int.;E;EAf;t;0;;
17865;0600-0700;;CHN;China Radio Int.;F;SEu;ka;0;;
17865;0700-0800;;CHN;China Radio Int.;F;SEu;ka;0;;
17865;0830-0900;;S;IBRA Radio;DR;AFG;/UAE;0;;
17865;0900-1030;;S;IBRA Radio;DR;AFG;/UAE;0;;[0726]
17865;0130-0400;;USA;Voice of America;K;FE;/PHL-t;6;0507;0507
17870;0100-0200;;CHN;CRI DIGITAL;M;Oc;k;0;;
17880;0000-0100;;CHN;China Radio Int.;P;SAm;b;0;;
17880;1300-1400;;CHN;China Radio Int.;F;EAf;/MLI;0;;
17880;1600-1700;;CHN;China Radio Int.;A;NAf;/MLI;0;;
17880;2200-2300;;CHN;China Radio Int.;S;SAm;b;0;;
17880;2300-2400;;CHN;China Radio Int.;P;SAm;b;0;;
17880;0400-0500;Tu,Th;USA;Voice of America;E;FE;/THA-u;6;1606;2510
17880;0700-1300;Tu,Th;USA;Voice of America;E;EEu;/D-L;6;2306;2510
17890;0000-0600;;CHN;China National Radio 1;M;CHN;b;4;;
17890;0100-0600;;CHN;China National Radio 1;M;CHN;b;5;;[0526]
17890;0600-0900;We-Mo;CHN;China National Radio 1;M;CHN;b;1;;[0625]
17890;0900-0930;;CHN;China National Radio 1;M;CHN;b;4;;
17890;0900-1000;;CHN;China National Radio 1;M;CHN;b;5;;[0420]
17895;0800-0900;;J;NHK Radio Japan;J;ME;y;6;2903;3006
17900;0400-1500;;CLA;Iran International TV;FS;IRN;/BUL-s;1;;[0726]
17901;0000-2400;;PNR;Albrook HFDL (ID11);-HF;CAm;al;1;;
17904;0000-2400;;AUS;Brisbane Radio;E;Oc;ae;1;;
17904;0000-2400;;FJI;Nadi Radio;E;Oc;n;1;;
17904;0000-2400;;NZL;Auckland Radio;E;Oc;a;1;;[0319]
17904;0000-2400;;OCE;Tahiti Radio;E;Oc;fa;1;;
17904;0000-2400;;USA;San Francisco Radio CWP;E;WOc;/GUM-b;1;;
17904;0000-2400;;USA;San Francisco Radio CWP;E;WOc;/HWA-m;1;;
17904;0000-2400;;USA;San Francisco Radio SP;E;Oc;/HWA-m;1;;[1021]
17907;0000-2400;;TRD;Piarco Radio CAR-B;E;Car;;1;;
17907;0000-2400;;USA;New York Radio;E;Car;bg;1;;[0324]
17916;0000-2400;;BOL;Santa Cruz HFDL (ID13);-HF;SAm;sz;1;;[0724]
17916;0000-2400;;NZL;Auckland Radio;E;Oc;a;1;;[0216]
17916;0000-2400;;NZL;Auckland HFDL (ID5);-HF;SOc;a;1;;
17919;0000-2400;;ALS;Barrow HFDL (ID9);-HF;NOc;ba;1;;
17919;0000-2400;;GUM;Agana Guam HFDL (ID16);-HF;WOc;h;1;;[0122]
17919;0000-2400;;HWA;Moloka'i HFDL (ID2);-HF;Oc;m;1;;
17919;0000-2400;;USA;Riverhead HFDL (ID4);-HF;ENA;rh;1;;
17919;0000-2400;;USA;San Francisco HFDL(ID1);-HF;WNA;dx;1;;
17922;0000-2400;;AFS;Johannesburg HFDL (ID8);-HF;SAf;j;1;;
17925;0000-2400;;USA;San Francisco R. LDOC;E;Oc;dx;1;;
17928;0000-2400;;CNR;Canarias HFDL (ID17);-HF;WAf;gc;1;;[0724]
17928;0000-2400;;THA;Hat Yai HFDL (ID6);-HF;SEA;hy;1;;
17934;0000-2400;;ALS;Barrow HFDL (ID9);-HF;NOc;ba;1;;
17946;1200-1800;;AZR;Santa Maria Radio A;E;NAO;sm;1;;[0425]
17946;0000-2400;;IRL;Shannon Aeradio F;E;NAO;s;1;;
17946;0000-2400;;USA;New York Radio;E;NAO;bg;1;;[0226]
17946;0000-2400;;USA;San Francisco Radio NP;E;NOc;/ALS-ba;1;;
17946;0000-2400;;USA;San Francisco Radio NP;E;NOc;/HWA-m;1;;[1225]
17952;0000-2400;;USA;New York Radio;E;NAO;bg;1;;
17958;0000-2400;;KOR;Seoul Muan HFDL (ID10);-HF;FE;m;1;;[0521]
17967;0000-2400;;BHR;Al Muharraq HFDL (ID15);-HF;ME;m;1;;[0424]
17985;0000-2400;;ISL;Reykjavik HFDL (ID3);-HF;NAO;r;1;;
18030;0715-0725;Mo,We;POL;E11 Polish Spy Numbers;E;;p;1;0105;3108[0621]
18030;0000-2400;;RUS;AF Transport Davlenie;R;EEu;tc;1;;
18030;0000-2400;;RUS;AF Transport Kasta;R;EEu;to;1;;
18030;0000-2400;;RUS;AF Transport Klarnetist;R;EEu;to;1;;
18030;0000-2400;;RUS;AF Transport Korsar;R;EEu;m;1;;
18030;0000-2400;;RUS;AF Transport Magnetron;R;EEu;sc;1;;
18030;0000-2400;;RUS;AF Transport Polis;R;EEu;o2;1;;
18030;0000-2400;;RUS;AF Transport Proselok;R;EEu;ps;1;;
18040;0000-0100;;TWN;Star-Star Bc.Station;M;CHN;y;1;;[0924]
18040;0100-0200;;TWN;Star-Star Bc.Station;M;CHN;y;1;;[0124]
18060;0015-0215;;AUS;VMW Wiluna Met Fax;;Oc;w;1;;
18060;0245-0330;;AUS;VMW Wiluna Met Fax;;Oc;w;1;;
18060;0400-0945;;AUS;VMW Wiluna Met Fax;;Oc;w;1;;[0524]
18060;1015-1100;;AUS;VMW Wiluna Met Fax;;Oc;w;1;;[0319]
18060;2215-2400;;AUS;VMW Wiluna Met Fax;;Oc;w;1;;
18168;0845-0855;Tu,Th;POL;E11 Polish Spy Numbers;E;;p;1;0103;3004
18168;0845-0855;Tu,Th;POL;E11 Polish Spy Numbers;E;;p;1;0109;3110[0924]
18180;2300-1200;;CHN;CNR1 Jammer/Firedrake;M;FE;;1;;[1119]
18180;0000-0100;;TWN;Sound of Hope;M;FE;;1;;[1021]
18180;0100-0200;;TWN;Sound of Hope;M;FE;;1;;
18180;0200-1200;;TWN;Sound of Hope;M;FE;;1;;[1224]
18180;2300-2400;;TWN;Sound of Hope;M;FE;;1;;
18200;2300-1300;;CHN;CNR1 Jammer/Firedrake;M;FE;;1;;[0925]
18200;0000-0100;;TWN;Sound of Hope;M;FE;;1;;
18200;0100-0200;;TWN;Sound of Hope;M;FE;;1;;
18200;0200-1200;;TWN;Sound of Hope;M;FE;;1;;
18200;1200-1300;;TWN;Sound of Hope;M;FE;;1;;
18200;2300-2400;;TWN;Sound of Hope;M;FE;;1;;
18217;0200-0210;Su;RUS;V07 Russian Spy Numbers;S;FE;kh;1;0102;2802
18217;0200-0210;Su;RUS;V07 Russian Spy Numbers;S;FE;kh;1;0110;3110
18232;1520-1530;Tu,Fr;RUS;E07 Russian Spy Numbers;E;RUS;m;1;0105;3105
18235;0000-2400;;CHN;BAF Beijing Meteo Fax;;FE;bm;1;;
18245;1540-1550;Tu,Fr;RUS;E07 Russian Spy Numbers;E;RUS;m;1;0106;3006
18249;0200-0210;Su;RUS;V07 Russian Spy Numbers;S;FE;kh;1;0112;3112
18257;1520-1530;Tu,Fr;RUS;E07 Russian Spy Numbers;E;RUS;m;1;0104;3004[0423]
18285;0600-0610;Th;RUS;E06 Russian Spy Numbers;E;RUS;xx;1;0111;3011[1119]
18332;1520-1530;Tu,Fr;RUS;E07 Russian Spy Numbers;E;RUS;m;1;0107;3107
18353;1520-1530;Tu,Fr;RUS;E07 Russian Spy Numbers;E;RUS;m;1;0108;3108
18425;0600-0610;Th;RUS;E06 Russian Spy Numbers;E;RUS;xx;1;0110;3110[1019]
18950;2200-1200;;CHN;CNR1 Jammer/Firedrake;M;CHN;;1;;[0726]
18950;0000-0100;;TWN;Sound of Hope;M;FE;;1;;
18950;0100-0200;;TWN;Sound of Hope;M;FE;;1;;
18950;0200-1200;;TWN;Sound of Hope;M;FE;;1;;
18950;2200-2300;;TWN;Sound of Hope;M;FE;;1;;
18950;2300-2400;;TWN;Sound of Hope;M;FE;;1;;
18970;2200-1500;;CHN;CNR1 Jammer/Firedrake;M;CHN;;1;;[0726]
18970;0000-0100;;TWN;Sound of Hope;M;FE;;1;;[0822]
18970;0100-0200;;TWN;Sound of Hope;M;FE;;1;;[1021]
18970;0200-1200;;TWN;Sound of Hope;M;FE;;1;;[0525]
18970;2200-2300;;TWN;Sound of Hope;M;FE;;1;;
18970;2300-2400;;TWN;Sound of Hope;M;FE;;1;;[1222]
18975;0700-0730;;CHN;CRI DIGITAL;M;Oc;k;0;;
18985;0200-0300;;CHN;CRI DIGITAL;M;Oc;k;0;;
18985;0500-0600;;CHN;CRI DIGITAL;M;Oc;k;0;;
19005;0330-0400;;CHN;CRI DIGITAL;M;Oc;k;0;;
19015;0130-0200;;CHN;CRI DIGITAL;M;Oc;k;0;;
19015;0300-0330;;CHN;CRI DIGITAL;M;Oc;k;0;;
19015;0400-0500;;CHN;CRI DIGITAL;M;Oc;k;0;;
19015;0600-0700;;CHN;CRI DIGITAL;M;Oc;k;0;;
19015;0800-0830;;CHN;CRI DIGITAL;M;Oc;k;0;;
19052;0100-0200;;TWN;Star-Star Bc.Station;M;CHN;y;1;;
19052;1000-1100;;TWN;Star-Star Bc.Station;M;CHN;y;1;;
19052;1100-1200;;TWN;Star-Star Bc.Station;M;CHN;y;1;;
19052;1300-1400;;TWN;Star-Star Bc.Station;M;CHN;y;1;;
19132;1540-1550;Tu,Fr;RUS;E07 Russian Spy Numbers;E;RUS;m;1;0107;3107f
19157;1540-1550;Tu,Fr;RUS;E07 Russian Spy Numbers;E;RUS;m;1;0104;3004
19172;0200-0210;Su;RUS;V07 Russian Spy Numbers;S;FE;kh;1;0103;3103
19184;0820-0830;Tu,We;POL;E11 Polish Spy Numbers;E;;p;1;0103;3004
19184;0820-0830;Tu,We;POL;E11 Polish Spy Numbers;E;;p;1;0109;3110[0924]
19184;0845-0855;Tu,Th;POL;E11 Polish Spy Numbers;E;;p;1;0105;3108
19253;1540-1550;Tu,Fr;RUS;E07 Russian Spy Numbers;E;RUS;m;1;0108;3108
19325;0700-0710;Th;RUS;E06 Russian Spy Numbers;E;RUS;xx;1;0103;3103
19432;1540-1550;Tu,Fr;RUS;E07 Russian Spy Numbers;E;RUS;m;1;0105;3105
19515;0600-0610;Mo,We;POL;E11 Polish Spy Numbers;E;;p;1;0103;3004
19515;0600-0610;Mo,We;POL;E11 Polish Spy Numbers;E;;p;1;0109;3110[0924]
19515;0715-0725;Mo,We;POL;E11 Polish Spy Numbers;E;;p;1;0103;3004
19515;0715-0725;Mo,We;POL;E11 Polish Spy Numbers;E;;p;1;0109;3110[0924]
19770;0000-2400;;CHN;XSQ Guangzhou Radio;M;FE;gx;1;;[1023]
19770;0000-2400;;I;Romaradio IAR;I;SEu;r;1;;
19779;0000-2400;;CHN;XSQ Guangzhou Radio;M;FE;gx;1;;
19794;0000-2400;;CHN;XSQ Guangzhou Radio;M;FE;gx;1;;[0525]
20000;0000-2400;;USA;WWV Colorado (m.ann.);-TS;USA;fe;1;;[0726]
20025;0100-0200;;TWN;Star-Star Bc.Station;M;CHN;y;1;;
20025;1000-1100;;TWN;Star-Star Bc.Station;M;CHN;y;1;;
20025;1100-1200;;TWN;Star-Star Bc.Station;M;CHN;y;1;;[1224]
20047.7;0000-2400;;RUS;Channel Marker D;-CW;EEu;se;1;;[0126]
20047.8;0000-2400;;RUS;Channel Marker P;-CW;RUS;kl;1;;[0822]
20047.9;0000-2400;;RUS;Channel Marker S;-CW;RUS;sm;1;;[0425]
20048;0000-2400;;RUS;Channel Marker C;-CW;RUS;m;1;;[1219]
20048.1;0000-2400;;RUS;Channel Marker A;-CW;RUS;as;1;;[1025]
20048.2;0000-2400;;RUS;Channel Marker F;-CW;FE;vl;1;;[0217]
20048.3;0000-2400;;RUS;Channel Marker K;-CW;FE;pk;1;;[1122]
20048.4;0000-2400;;RUS;Channel Marker M;-CW;FE;mg;1;;[0325]
20085;0700-0710;Th;RUS;E06 Russian Spy Numbers;E;RUS;xx;1;0102;2802[0219]
20095;1000-1100;;TWN;Star-Star Bc.Station;M;CHN;y;1;;
20095;1100-1200;;TWN;Star-Star Bc.Station;M;CHN;y;1;;[1224]
20095;1400-1500;;TWN;Star-Star Bc.Station;M;CHN;y;1;;[0325]
20095;1500-1600;;TWN;Star-Star Bc.Station;M;CHN;y;1;;
20140;0700-0710;Th;RUS;E06 Russian Spy Numbers;E;RUS;xx;1;0111;3011[1119]
20170;0830-0840;Mo,Fr;POL;E11 Polish Spy Numbers;E;;p;1;0103;3004[0423]
20170;0830-0840;Mo,Fr;POL;E11 Polish Spy Numbers;E;;p;1;0109;3110[0924]
20230;0700-0710;Th;RUS;E06 Russian Spy Numbers;E;RUS;xx;1;0110;3110[1019]
20469;0015-0215;;AUS;VMC Charleville Met Fax;;Oc;c;1;;
20469;0245-0330;;AUS;VMC Charleville Met Fax;;Oc;c;1;;
20469;0400-0500;;AUS;VMC Charleville Met Fax;;Oc;c;1;;
20469;0600-0855;;AUS;VMC Charleville Met Fax;;Oc;c;1;;[1221]
20469;1915-2045;;AUS;VMC Charleville Met Fax;;Oc;c;1;;
20469;2215-2400;;AUS;VMC Charleville Met Fax;;Oc;c;1;;
20905;0725-0735;We,Fr;POL;S11a Polish Spy Numbers;R;;p;1;0105;3108
21470;1400-1430;Mo-Fr;G;BBC;HA;WAf;/UAE;0;;
21470;1400-1600;Sa;G;BBC;E;CAf;/UAE;0;;
21470;1530-1730;Su;G;BBC;E;CAf;/CVA;0;;
21470;0400-0430;;ROU;Radio Romania Int.;M;FE;t;6;3103;2510
21470;0900-1000;Su;ROU;Radio Romania Int.;RO;NAf;t;0;;
21480;2030-2100;;ROU;Radio Romania Int.;E;ENA;t;0;;
21490;0000-2400;;CHN;CNR1 Jammer/Firedrake;M;CHN;;1;;[0126]
21490.1;0000-0100;;TWN;Sound of Hope;M;FE;;1;;
21490.1;0100-0200;;TWN;Sound of Hope;M;FE;;1;;
21490.1;0200-1200;;TWN;Sound of Hope;M;FE;;1;;[0925]
21490.1;1200-1300;;TWN;Sound of Hope;M;FE;;1;;
21490.1;1300-1400;;TWN;Sound of Hope;M;FE;;1;;
21490.1;1400-1500;;TWN;Sound of Hope;M;FE;;1;;
21490.1;1500-1600;;TWN;Sound of Hope;M;FE;;1;;
21490.1;1600-1700;;TWN;Sound of Hope;M;FE;;1;;
21490.1;1700-2000;;TWN;Sound of Hope;M;FE;;1;;
21490.1;2000-2100;;TWN;Sound of Hope;M;FE;;1;;
21490.1;2100-2130;;TWN;Sound of Hope;M;FE;;1;;
21490.1;2130-2200;;TWN;Sound of Hope;M;FE;;1;;
21490.1;2200-2300;;TWN;Sound of Hope;M;FE;;1;;
21490.1;2300-2400;;TWN;Sound of Hope;M;FE;;1;;[1222]
21500;0200-0400;;J;NHK Radio Japan;J;SAm;y;0;;
21500;0500-0520;;J;NHK Radio Japan;F;WAf;y;0;;
21500;0700-0900;;J;NHK Radio Japan;J;WAf;y;0;;
21510;1100-1200;;ROU;Radio Romania Int.;E;EAf;t;0;;
21520;1200-1230;;G;BBC;F;CAf;/UAE;6;2903;3105
21520;1200-1230;;G;BBC;F;CAf;/ASC;6;0106;2510
21530;2300-1300;;CHN;CNR1 Jammer/Firedrake;M;FE;;1;;[0126]
21530;0000-0100;;TWN;Sound of Hope;M;FE;;1;;
21530;0100-0200;;TWN;Sound of Hope;M;FE;;1;;
21530;0200-1200;;TWN;Sound of Hope;M;FE;;1;;
21530;1200-1300;;TWN;Sound of Hope;M;FE;;1;;
21530;2300-2400;;TWN;Sound of Hope;M;FE;;1;;
21550;2130-1500;;CHN;CNR1 Jammer/Firedrake;M;CHN;d;1;;[0726]
21550;1200-1300;;F;Radio France Int.;F;CAf;i;0;;
21550;0400-0430;;ROU;Radio Romania Int.;M;FE;t;6;2903;3003
21550;0000-0100;;TWN;Sound of Hope;M;FE;;1;;
21550;0100-0200;;TWN;Sound of Hope;M;FE;;1;;
21550;0200-1200;;TWN;Sound of Hope;M;FE;;1;;[0626]
21550;1200-1300;;TWN;Sound of Hope;M;FE;;1;;
21550;1300-1400;;TWN;Sound of Hope;M;FE;;1;;
21550;1400-1500;;TWN;Sound of Hope;M;FE;;1;;
21550;2130-2200;;TWN;Sound of Hope;M;FE;;1;;
21550;2200-2300;;TWN;Sound of Hope;M;FE;;1;;
21550;2300-2400;;TWN;Sound of Hope;M;FE;;1;;[0925]
21550;0500-0600;Tu,Th;USA;Voice of America;E;FE;/THA-u;6;1606;2510
21565;1200-1400;;G;BBC;E;INS;/MDG;0;;
21580;0700-0800;;F;Radio France Int.;F;CAf;i;0;;
21580;0800-0900;;F;Radio France Int.;F;CAf;i;0;;
21580;0900-1000;;F;Radio France Int.;F;CAf;i;0;;
21580;1700-1800;;F;Radio France Int.;F;CAf;i;0;;
21580;1900-2000;;F;Radio France Int.;F;CAf;i;0;;
21590;2200-1200;;CHN;CNR1 DIGITAL;M;FE;u;5;;[0925]
21595.1;1200-1230;;KEN;Radio Ergo;SO;EAf;/UAE;1;;
21630;2200-1300;;CHN;CNR1 Jammer/Firedrake;M;FE;;1;;[0925]
21630;0400-1100;;G;BBC DIGITAL;E;SAs;/OMA-a;6;2903;1605
21630;1100-1400;Sa;G;BBC;HA;WAf;/ASC;6;1104;1804
21630;1100-1400;Su;G;BBC;HA;WAf;/ASC;6;1705;0106
21630;1100-1430;Sa;G;BBC;HA;WAf;/ASC;8;;
21630;1400-1430;Mo-Fr;G;BBC;HA;WAf;/ASC;6;2903;1204
21630;1400-1430;Mo-Fr;G;BBC;HA;WAf;/UAE;6;1304;2404
21630;1400-1430;Mo-Fr;G;BBC;HA;WAf;/ASC;6;2504;2510
21630;0000-0100;;TWN;Sound of Hope;M;FE;;1;;
21630;0100-0200;;TWN;Sound of Hope;M;FE;;1;;
21630;0200-1200;;TWN;Sound of Hope;M;FE;;1;;
21630;1200-1300;;TWN;Sound of Hope;M;FE;;1;;
21630;2200-2300;;TWN;Sound of Hope;M;FE;;1;;
21630;2300-2400;;TWN;Sound of Hope;M;FE;;1;;[0925]
21645;2200-1300;;CHN;CNR1 Jammer/Firedrake;M;FE;;1;;[0726]
21645;1300-1700;Sa;G;BBC;HA;WAf;/ASC;8;;
21645;1330-1500;Sa;G;BBC;HA;WAf;w;6;1804;2504
21645;1500-1630;Sa;G;BBC;HA;WAf;/ASC;6;1804;2504
21645;0000-0100;;TWN;Sound of Hope;M;FE;;1;;
21645;0100-0200;;TWN;Sound of Hope;M;FE;;1;;
21645;0200-1200;;TWN;Sound of Hope;M;FE;;1;;
21645;1200-1300;;TWN;Sound of Hope;M;FE;;1;;
21645;2200-2300;;TWN;Sound of Hope;M;FE;;1;;
21645;2300-2400;;TWN;Sound of Hope;M;FE;;1;;[0925]
21650;0300-0330;;CHN;CRI DIGITAL;M;Oc;k;0;;
21650;0630-0700;;CHN;CRI DIGITAL;M;Oc;k;0;;
21655;0730-0800;;CHN;CRI DIGITAL;M;Oc;k;0;;
21660;1700-1730;Su;USA;Follow the Bible Min.;SWA;EAf;/ASC;1;;[0825]
21680;0900-1000;;F;Radio France Int.;F;CAf;i;0;;
21680;1200-1300;;F;Radio France Int.;F;CAf;i;0;;
21680;1500-1600;;F;Radio France Int.;SWA;EAf;i;0;;
21680;1700-1800;;F;Radio France Int.;F;CAf;i;0;;
21680;1800-1900;;F;Radio France Int.;F;CAf;i;0;;
21695;0900-1100;;CHN;CNR1 Jammer/Firedrake;M;FE;;0;;
21695;0130-0400;;USA;Voice of America;M;FE;/PHL-t;6;0507;0507
21695;0900-1100;;USA;Voice of America;M;FE;/PHL-t;0;;
21700;1300-1334;;D;Radio DARC;D;As;/UAE;6;3005;3005
21700;1334-1400;;SUI;C.M.Obrecht;E;As;/UAE;6;3005;3005
21720;0200-0330;;PHL;Radyo Pilipinas;E;ME;t;0;;
21730;1130-1145;;CVA;Radio Vaticana;S;Car;;0;;
21745;1100-1145;Sa;CVA;Radio Vaticana;M;FE;;0;;
21760;1100-1145;Sa;CVA;Radio Vaticana;M;FE;;0;;
21760;1230-1250;;CVA;Radio Vaticana;R;Sib;;0;;
21775;1100-1145;Sa;CVA;Radio Vaticana;M;FE;;0;;
21780;2300-1400;;CHN;CNR1 Jammer/Firedrake;M;FE;;1;;
21780;0000-0100;;TWN;Sound of Hope;M;FE;;1;;
21780;0100-0200;;TWN;Sound of Hope;M;FE;;1;;
21780;0200-1200;;TWN;Sound of Hope;M;FE;;1;;[0726]
21780;1200-1300;;TWN;Sound of Hope;M;FE;;1;;
21780;1300-1400;;TWN;Sound of Hope;M;FE;;1;;
21780;2300-2400;;TWN;Sound of Hope;M;FE;;1;;
21830;0430-0500;;CHN;CRI DIGITAL;M;Oc;k;0;;
21830;0500-0530;;CHN;CRI DIGITAL;M;Oc;k;0;;
21854;0725-0735;We,Fr;POL;S11a Polish Spy Numbers;R;;p;1;0103;3004
21854;0725-0735;We,Fr;POL;S11a Polish Spy Numbers;R;;p;1;0109;3110
21906;0510-0520;Mo,We;POL;S11a Polish Spy Numbers;R;;p;1;0111;2802
21925;0000-2400;;USA;New York Radio;E;NAO;bg;1;;
21925;0000-2400;;USA;San Francisco Radio NP;E;NOc;/ALS-ba;1;;
21925;0000-2400;;USA;San Francisco Radio NP;E;NOc;/HWA-m;1;;
21928;0000-2400;;ALS;Barrow HFDL (ID9);-HF;NOc;ba;1;;
21928;0000-2400;;GUM;Agana Guam HFDL (ID16);-HF;WOc;h;1;;[0724]
21931;0000-2400;;KOR;Seoul Muan HFDL (ID10);-HF;FE;m;1;;[0419]
21931;0000-2400;;USA;Riverhead HFDL (ID4);-HF;ENA;rh;1;;[0724]
21934;0000-2400;;USA;San Francisco HFDL(ID1);-HF;WNA;dx;1;;
21937;0000-2400;;ALS;Barrow HFDL (ID9);-HF;NOc;ba;1;;
21937;0000-2400;;HWA;Moloka'i HFDL (ID2);-HF;Oc;m;1;;[0724]
21946;0000-2400;;USA;New York Radio;E;NAO;bg;1;;
21949;0000-2400;;AFS;Johannesburg HFDL (ID8);-HF;SAf;j;1;;[0420]
21949;0000-2400;;THA;Hat Yai HFDL (ID6);-HF;SEA;hy;1;;[0122]
21955;0000-2400;;CNR;Canarias HFDL (ID17);-HF;WAf;gc;1;;[0724]
21964;0000-2400;;USA;New York Radio;E;NAO;bg;1;;[1114]
21964;0000-2400;;USA;San Francisco Radio CEP;E;EOc;dx;1;;[1016]
21964;0000-2400;;USA;San Francisco R. LDOC;E;Oc;dx;1;;
21982;0000-2400;;BHR;Al Muharraq HFDL (ID15);-HF;ME;m;1;;[0424]
21985;0000-2400;;USA;New York Radio CAR-B;E;Car;bg;1;;
21985;0000-2400;;USA;San Francisco Radio CWP;E;WOc;/GUM-b;1;;
21997;0000-2400;;BOL;Santa Cruz HFDL (ID13);-HF;SAm;sz;1;;[0325]
22376;0230-0240;;GUM;NRV NAVTEX Guam;E;WOc;;1;;
22376;0500-0510;;GUM;NRV NAVTEX Guam;E;WOc;;1;;
22376;0900-0910;;GUM;NRV NAVTEX Guam;E;WOc;;1;;
22376;1500-1510;;GUM;NRV NAVTEX Guam;E;WOc;;1;;
22376;1900-1910;;GUM;NRV NAVTEX Guam;E;WOc;;1;;
22376;2315-2325;;GUM;NRV NAVTEX Guam;E;WOc;;1;;
22376;0130-0140;;HWA;NMO NAVTEX Honolulu;E;Oc;nm;1;;
22376;2030-2040;;HWA;NMO NAVTEX Honolulu;E;Oc;nm;1;;
22442;0000-2400;;CHN;XSV Tianjin Radio;-TY;FE;tj;1;;
22527;1840-2215;;USA;NMC Fax Pt Reyes CA;;WNA;pr;1;;[0922]
22527;2320-2400;;USA;NMC Fax Pt Reyes CA;;WNA;pr;1;;
22559.6;0700-0715;Mo,We;J;JFX Kagoshima Fish.Fax;;WOc;m;1;;
22611.5;0000-0900;;KOR;HLF Seoul Radio;-CW;FE;;1;;[0421]
22688;0000-2400;;CHN;XSV Tianjin Radio;-TY;FE;tj;1;;
22696;0000-2400;;CHN;XSV Tianjin Radio;M;FE;tj;1;;
22720;1145-1245;;GRC;SVO Olimpia Radio;GR;SEu;o;1;;
22720;1945-2005;;GRC;SVO Olimpia Radio;GR;SEu;o;1;;
22735;0000-2400;;CHN;XSQ Guangzhou Radio;M;FE;gx;1;;
22735;0000-2400;;TUR;TAH Turk Radio Istanbul;E;ME;is;1;;
22738;0000-2400;;CHN;XSV Tianjin Radio;M;FE;tj;1;;
22753;0000-2400;;CHN;XSQ Guangzhou Radio;M;FE;gx;1;;
22756;0000-2400;;I;Romaradio IAR;I;SEu;r;1;;
22762;0000-2400;;TUR;TAH Turk Radio Istanbul;E;ME;is;1;;
22783;0000-2400;;TUR;TAH Turk Radio Istanbul;E;ME;is;1;;
22837;0000-2400;;CHN;XSV Tianjin Radio;M;FE;tj;1;;
23004;0600-0610;Mo,We;POL;E11 Polish Spy Numbers;E;;p;1;0111;2802
23004;0510-0520;Mo,We;POL;S11a Polish Spy Numbers;R;;p;1;0103;3004
23004;0510-0520;Mo,We;POL;S11a Polish Spy Numbers;R;;p;1;0109;3110
23353;0830-0840;Mo,Fr;POL;E11 Polish Spy Numbers;E;;p;1;0111;2802
23486;0725-0735;We,Fr;POL;S11a Polish Spy Numbers;R;;p;1;0111;2802
25000;0000-2400;;FIN;MIKES Espoo (1 W);-TS;FIN;o;1;;[0126]
25000;0000-2400;;USA;WWV Colorado (m.ann.);-TS;USA;fg;1;;[0126]
25800;0000-2400;;DNK;World Music Radio;E;Eu;a;1;;[0726]
26151;0000-2400;;CHN;XSV Tianjin Radio;M;FE;tj;1;;
26163;0000-2400;;GRC;SVO Olimpia Radio;-TY;SEu;o;1;;[0817]
26172;0000-2400;;I;Romaradio IAR;I;SEu;r;1;;
27184;0000-2400;irr;USA;K-LOVE/Air1 Pirate Enid;E;CNA;en;1;;[0726]
